ISO-10303-21;
HEADER;
/* Generated by software containing ST-Developer
 * from STEP Tools, Inc. (www.steptools.com) 
 */

FILE_DESCRIPTION(
/* description */ (''),
/* implementation_level */ '2;1');

FILE_NAME(
/* name */ 'proton3onlyhull.step',
/* time_stamp */ '2026-03-04T21:15:03+01:00',
/* author */ (''),
/* organization */ (''),
/* preprocessor_version */ 'ST-DEVELOPER v20.1',
/* originating_system */ 'Autodesk Translation Framework v14.24.0.0',
/* authorisation */ '');

FILE_SCHEMA (('AUTOMOTIVE_DESIGN { 1 0 10303 214 3 1 1 }'));
ENDSEC;

DATA;
#10=MECHANICAL_DESIGN_GEOMETRIC_PRESENTATION_REPRESENTATION('',(#31,#32,
#33,#34),#11798);
#11=ITEM_DEFINED_TRANSFORMATION($,$,#5815,#6335);
#12=ITEM_DEFINED_TRANSFORMATION($,$,#5862,#6336);
#13=(
REPRESENTATION_RELATIONSHIP($,$,#11812,#11811)
REPRESENTATION_RELATIONSHIP_WITH_TRANSFORMATION(#11)
SHAPE_REPRESENTATION_RELATIONSHIP()
);
#14=(
REPRESENTATION_RELATIONSHIP($,$,#11813,#11811)
REPRESENTATION_RELATIONSHIP_WITH_TRANSFORMATION(#12)
SHAPE_REPRESENTATION_RELATIONSHIP()
);
#15=CONTEXT_DEPENDENT_SHAPE_REPRESENTATION(#13,#11809);
#16=CONTEXT_DEPENDENT_SHAPE_REPRESENTATION(#14,#11810);
#17=NEXT_ASSEMBLY_USAGE_OCCURRENCE('Door:1','Door:1','Door:1',#11815,#11816,
'Door:1');
#18=NEXT_ASSEMBLY_USAGE_OCCURRENCE('Backbone:1','Backbone:1',
'Backbone:1',#11815,#11817,'Backbone:1');
#19=ORIENTED_CLOSED_SHELL('',*,#5789,.F.);
#20=ORIENTED_CLOSED_SHELL('',*,#5790,.F.);
#21=TOROIDAL_SURFACE('',#5962,27.5,7.);
#22=TOROIDAL_SURFACE('',#5965,27.5,7.);
#23=TOROIDAL_SURFACE('',#6250,5.87298334620742,4.);
#24=TOROIDAL_SURFACE('',#6256,5.87298334620742,4.);
#25=(
BOUNDED_CURVE()
B_SPLINE_CURVE(2,(#8960,#8961,#8962),.UNSPECIFIED.,.F.,.F.)
B_SPLINE_CURVE_WITH_KNOTS((3,3),(-0.548985701781801,-0.276461250006354),
 .UNSPECIFIED.)
CURVE()
GEOMETRIC_REPRESENTATION_ITEM()
RATIONAL_B_SPLINE_CURVE((1.,0.980025884800688,0.978484618518919))
REPRESENTATION_ITEM('')
);
#26=BREP_WITH_VOIDS('K\X\F6rper1',#5788,(#19,#20));
#27=SHAPE_REPRESENTATION_RELATIONSHIP('SRR','None',#11812,#29);
#28=SHAPE_REPRESENTATION_RELATIONSHIP('SRR','None',#11813,#30);
#29=ADVANCED_BREP_SHAPE_REPRESENTATION('',(#35,#36,#37),#11796);
#30=ADVANCED_BREP_SHAPE_REPRESENTATION('',(#26),#11797);
#31=STYLED_ITEM('',(#11831),#35);
#32=STYLED_ITEM('',(#11832),#36);
#33=STYLED_ITEM('',(#11832),#37);
#34=STYLED_ITEM('',(#11833),#26);
#35=MANIFOLD_SOLID_BREP('K\X\F6rper1',#5785);
#36=MANIFOLD_SOLID_BREP('K\X\F6rper2',#5786);
#37=MANIFOLD_SOLID_BREP('K\X\F6rper3',#5787);
#38=(
BOUNDED_SURFACE()
B_SPLINE_SURFACE(2,2,((#8639,#8640,#8641,#8642,#8643),(#8644,#8645,#8646,
#8647,#8648),(#8649,#8650,#8651,#8652,#8653)),.UNSPECIFIED.,.F.,.F.,.F.)
B_SPLINE_SURFACE_WITH_KNOTS((3,3),(3,2,3),(-0.0424433619085417,0.430289261862075),
(-3.13197863700733,-1.5707963267949,-0.00961401658246403),.UNSPECIFIED.)
GEOMETRIC_REPRESENTATION_ITEM()
RATIONAL_B_SPLINE_SURFACE(((1.,0.710497666597266,1.,0.710497666597266,1.),
(0.972195297544405,0.690742490382135,0.972195297544405,0.690742490382135,
0.972195297544405),(1.,0.710497666597266,1.,0.710497666597266,1.)))
REPRESENTATION_ITEM('')
SURFACE()
);
#39=(
BOUNDED_SURFACE()
B_SPLINE_SURFACE(2,2,((#8654,#8655,#8656,#8657,#8658),(#8659,#8660,#8661,
#8662,#8663),(#8664,#8665,#8666,#8667,#8668)),.UNSPECIFIED.,.F.,.F.,.F.)
B_SPLINE_SURFACE_WITH_KNOTS((3,3),(3,2,3),(-0.0416375720739049,0.425671395114281),
(-3.13170321534219,-1.5707963267949,-0.00988943824760585),.UNSPECIFIED.)
GEOMETRIC_REPRESENTATION_ITEM()
RATIONAL_B_SPLINE_SURFACE(((1.,0.710594566911724,1.,0.710594566911724,1.),
(0.97282675496827,0.691285406626815,0.97282675496827,0.691285406626815,
0.97282675496827),(1.,0.710594566911724,1.,0.710594566911724,1.)))
REPRESENTATION_ITEM('')
SURFACE()
);
#40=(
BOUNDED_SURFACE()
B_SPLINE_SURFACE(2,2,((#8858,#8859,#8860),(#8861,#8862,#8863),(#8864,#8865,
#8866)),.UNSPECIFIED.,.F.,.F.,.F.)
B_SPLINE_SURFACE_WITH_KNOTS((3,3),(3,3),(-0.041637572866894,0.2584500498955),
(-0.0876314912785263,0.087631491278527),.UNSPECIFIED.)
GEOMETRIC_REPRESENTATION_ITEM()
RATIONAL_B_SPLINE_SURFACE(((1.,0.996162817377379,1.),(0.98876452989612,
0.984970459824139,0.98876452989612),(1.,0.996162817377379,1.)))
REPRESENTATION_ITEM('')
SURFACE()
);
#41=(
BOUNDED_SURFACE()
B_SPLINE_SURFACE(2,2,((#8908,#8909,#8910,#8911,#8912,#8913,#8914,#8915,
#8916),(#8917,#8918,#8919,#8920,#8921,#8922,#8923,#8924,#8925),(#8926,#8927,
#8928,#8929,#8930,#8931,#8932,#8933,#8934)),.UNSPECIFIED.,.F.,.T.,.F.)
B_SPLINE_SURFACE_WITH_KNOTS((3,3),(3,2,2,2,3),(-0.041637572866894,0.548985701781801),
(-3.14159265358979,-1.5707963267949,0.,1.5707963267949,3.14159265358979),
 .UNSPECIFIED.)
GEOMETRIC_REPRESENTATION_ITEM()
RATIONAL_B_SPLINE_SURFACE(((1.,0.707106781186548,1.,0.707106781186548,1.,
0.707106781186548,1.,0.707106781186548,1.),(0.956711490472244,0.676497182552013,
0.956711490472244,0.676497182552013,0.956711490472244,0.676497182552013,
0.956711490472244,0.676497182552013,0.956711490472244),(1.,0.707106781186548,
1.,0.707106781186548,1.,0.707106781186548,1.,0.707106781186548,1.)))
REPRESENTATION_ITEM('')
SURFACE()
);
#42=(
BOUNDED_SURFACE()
B_SPLINE_SURFACE(2,2,((#9097,#9098,#9099),(#9100,#9101,#9102),(#9103,#9104,
#9105)),.UNSPECIFIED.,.F.,.F.,.F.)
B_SPLINE_SURFACE_WITH_KNOTS((3,3),(3,3),(-0.041637572866894,0.2584500498955),
(-0.130363563535441,0.0450983121809578),.UNSPECIFIED.)
GEOMETRIC_REPRESENTATION_ITEM()
RATIONAL_B_SPLINE_SURFACE(((1.,0.996154108948902,1.),(0.988764529896096,
0.984961849238926,0.988764529896096),(1.,0.996154108948902,1.)))
REPRESENTATION_ITEM('')
SURFACE()
);
#43=(
BOUNDED_SURFACE()
B_SPLINE_SURFACE(2,2,((#10279,#10280,#10281,#10282,#10283,#10284,#10285,
#10286,#10287),(#10288,#10289,#10290,#10291,#10292,#10293,#10294,#10295,
#10296),(#10297,#10298,#10299,#10300,#10301,#10302,#10303,#10304,#10305)),
 .UNSPECIFIED.,.F.,.T.,.F.)
B_SPLINE_SURFACE_WITH_KNOTS((3,3),(3,2,2,2,3),(-0.0424433635533412,0.556372142941655),
(-3.14159265358979,-1.5707963267949,0.,1.5707963267949,3.14159265358979),
 .UNSPECIFIED.)
GEOMETRIC_REPRESENTATION_ITEM()
RATIONAL_B_SPLINE_SURFACE(((1.,0.707106781186548,1.,0.707106781186548,1.,
0.707106781186548,1.,0.707106781186548,1.),(0.95551134245297,0.675648549749157,
0.95551134245297,0.675648549749157,0.95551134245297,0.675648549749157,0.95551134245297,
0.675648549749157,0.95551134245297),(1.,0.707106781186548,1.,0.707106781186548,
1.,0.707106781186548,1.,0.707106781186548,1.)))
REPRESENTATION_ITEM('')
SURFACE()
);
#44=(
BOUNDED_SURFACE()
B_SPLINE_SURFACE(2,2,((#10468,#10469,#10470),(#10471,#10472,#10473),(#10474,
#10475,#10476)),.UNSPECIFIED.,.F.,.F.,.F.)
B_SPLINE_SURFACE_WITH_KNOTS((3,3),(3,3),(0.256942576509552,0.274034700858192),
(-0.161475783323831,-0.125352269749936),.UNSPECIFIED.)
GEOMETRIC_REPRESENTATION_ITEM()
RATIONAL_B_SPLINE_SURFACE(((1.,0.999836890905174,1.),(0.999963482632911,
0.9998003794944,0.999963482632911),(1.,0.999836890905174,1.)))
REPRESENTATION_ITEM('')
SURFACE()
);
#45=(
BOUNDED_SURFACE()
B_SPLINE_SURFACE(2,2,((#10479,#10480,#10481),(#10482,#10483,#10484),(#10485,
#10486,#10487)),.UNSPECIFIED.,.F.,.F.,.F.)
B_SPLINE_SURFACE_WITH_KNOTS((3,3),(3,3),(0.259439936729623,0.275072326142192),
(-3.01128258473967,-2.97751590992429),.UNSPECIFIED.)
GEOMETRIC_REPRESENTATION_ITEM()
RATIONAL_B_SPLINE_SURFACE(((1.,0.99985747984445,1.),(0.999969453705671,
0.999826937903583,0.999969453705671),(1.,0.99985747984445,1.)))
REPRESENTATION_ITEM('')
SURFACE()
);
#46=PLANE('',#5823);
#47=PLANE('',#5832);
#48=PLANE('',#5833);
#49=PLANE('',#5834);
#50=PLANE('',#5835);
#51=PLANE('',#5836);
#52=PLANE('',#5840);
#53=PLANE('',#5841);
#54=PLANE('',#5842);
#55=PLANE('',#5847);
#56=PLANE('',#5850);
#57=PLANE('',#5851);
#58=PLANE('',#5852);
#59=PLANE('',#5853);
#60=PLANE('',#5855);
#61=PLANE('',#5860);
#62=PLANE('',#5861);
#63=PLANE('',#5863);
#64=PLANE('',#5865);
#65=PLANE('',#5867);
#66=PLANE('',#5882);
#67=PLANE('',#5883);
#68=PLANE('',#5884);
#69=PLANE('',#5886);
#70=PLANE('',#5891);
#71=PLANE('',#5892);
#72=PLANE('',#5897);
#73=PLANE('',#5910);
#74=PLANE('',#5911);
#75=PLANE('',#5920);
#76=PLANE('',#5929);
#77=PLANE('',#5931);
#78=PLANE('',#5953);
#79=PLANE('',#5964);
#80=PLANE('',#5967);
#81=PLANE('',#5968);
#82=PLANE('',#5969);
#83=PLANE('',#5970);
#84=PLANE('',#5972);
#85=PLANE('',#5973);
#86=PLANE('',#5975);
#87=PLANE('',#5976);
#88=PLANE('',#5977);
#89=PLANE('',#5980);
#90=PLANE('',#5985);
#91=PLANE('',#5990);
#92=PLANE('',#5992);
#93=PLANE('',#5993);
#94=PLANE('',#5994);
#95=PLANE('',#5995);
#96=PLANE('',#5996);
#97=PLANE('',#5998);
#98=PLANE('',#5999);
#99=PLANE('',#6003);
#100=PLANE('',#6008);
#101=PLANE('',#6009);
#102=PLANE('',#6010);
#103=PLANE('',#6011);
#104=PLANE('',#6012);
#105=PLANE('',#6016);
#106=PLANE('',#6017);
#107=PLANE('',#6018);
#108=PLANE('',#6019);
#109=PLANE('',#6020);
#110=PLANE('',#6024);
#111=PLANE('',#6025);
#112=PLANE('',#6026);
#113=PLANE('',#6028);
#114=PLANE('',#6030);
#115=PLANE('',#6037);
#116=PLANE('',#6040);
#117=PLANE('',#6048);
#118=PLANE('',#6052);
#119=PLANE('',#6056);
#120=PLANE('',#6060);
#121=PLANE('',#6062);
#122=PLANE('',#6064);
#123=PLANE('',#6071);
#124=PLANE('',#6072);
#125=PLANE('',#6073);
#126=PLANE('',#6074);
#127=PLANE('',#6075);
#128=PLANE('',#6076);
#129=PLANE('',#6078);
#130=PLANE('',#6080);
#131=PLANE('',#6081);
#132=PLANE('',#6083);
#133=PLANE('',#6084);
#134=PLANE('',#6085);
#135=PLANE('',#6086);
#136=PLANE('',#6087);
#137=PLANE('',#6088);
#138=PLANE('',#6090);
#139=PLANE('',#6091);
#140=PLANE('',#6092);
#141=PLANE('',#6093);
#142=PLANE('',#6095);
#143=PLANE('',#6097);
#144=PLANE('',#6102);
#145=PLANE('',#6105);
#146=PLANE('',#6106);
#147=PLANE('',#6108);
#148=PLANE('',#6109);
#149=PLANE('',#6110);
#150=PLANE('',#6113);
#151=PLANE('',#6167);
#152=PLANE('',#6172);
#153=PLANE('',#6175);
#154=PLANE('',#6180);
#155=PLANE('',#6181);
#156=PLANE('',#6182);
#157=PLANE('',#6186);
#158=PLANE('',#6191);
#159=PLANE('',#6193);
#160=PLANE('',#6195);
#161=PLANE('',#6200);
#162=PLANE('',#6201);
#163=PLANE('',#6202);
#164=PLANE('',#6208);
#165=PLANE('',#6217);
#166=PLANE('',#6220);
#167=PLANE('',#6221);
#168=PLANE('',#6224);
#169=PLANE('',#6226);
#170=PLANE('',#6228);
#171=PLANE('',#6230);
#172=PLANE('',#6231);
#173=PLANE('',#6232);
#174=PLANE('',#6233);
#175=PLANE('',#6234);
#176=PLANE('',#6237);
#177=PLANE('',#6238);
#178=PLANE('',#6239);
#179=PLANE('',#6240);
#180=PLANE('',#6241);
#181=PLANE('',#6245);
#182=PLANE('',#6246);
#183=PLANE('',#6247);
#184=PLANE('',#6253);
#185=PLANE('',#6268);
#186=PLANE('',#6270);
#187=PLANE('',#6272);
#188=PLANE('',#6273);
#189=PLANE('',#6276);
#190=PLANE('',#6278);
#191=PLANE('',#6279);
#192=PLANE('',#6282);
#193=PLANE('',#6285);
#194=PLANE('',#6288);
#195=PLANE('',#6294);
#196=PLANE('',#6295);
#197=PLANE('',#6296);
#198=PLANE('',#6297);
#199=PLANE('',#6298);
#200=PLANE('',#6299);
#201=PLANE('',#6302);
#202=PLANE('',#6303);
#203=PLANE('',#6304);
#204=PLANE('',#6306);
#205=PLANE('',#6308);
#206=PLANE('',#6309);
#207=PLANE('',#6311);
#208=PLANE('',#6313);
#209=PLANE('',#6314);
#210=PLANE('',#6316);
#211=PLANE('',#6317);
#212=PLANE('',#6319);
#213=PLANE('',#6320);
#214=PLANE('',#6321);
#215=PLANE('',#6322);
#216=PLANE('',#6323);
#217=PLANE('',#6327);
#218=PLANE('',#6330);
#219=PLANE('',#6334);
#220=FACE_BOUND('',#906,.T.);
#221=FACE_BOUND('',#907,.T.);
#222=FACE_BOUND('',#910,.T.);
#223=FACE_BOUND('',#912,.T.);
#224=FACE_BOUND('',#913,.T.);
#225=FACE_BOUND('',#914,.T.);
#226=FACE_BOUND('',#915,.T.);
#227=FACE_BOUND('',#920,.T.);
#228=FACE_BOUND('',#933,.T.);
#229=FACE_BOUND('',#939,.T.);
#230=FACE_BOUND('',#944,.T.);
#231=FACE_BOUND('',#947,.T.);
#232=FACE_BOUND('',#950,.T.);
#233=FACE_BOUND('',#965,.T.);
#234=FACE_BOUND('',#966,.T.);
#235=FACE_BOUND('',#967,.T.);
#236=FACE_BOUND('',#970,.T.);
#237=FACE_BOUND('',#980,.T.);
#238=FACE_BOUND('',#981,.T.);
#239=FACE_BOUND('',#982,.T.);
#240=FACE_BOUND('',#983,.T.);
#241=FACE_BOUND('',#984,.T.);
#242=FACE_BOUND('',#1003,.T.);
#243=FACE_BOUND('',#1006,.T.);
#244=FACE_BOUND('',#1009,.T.);
#245=FACE_BOUND('',#1020,.T.);
#246=FACE_BOUND('',#1032,.T.);
#247=FACE_BOUND('',#1039,.T.);
#248=FACE_BOUND('',#1052,.T.);
#249=FACE_BOUND('',#1053,.T.);
#250=FACE_BOUND('',#1054,.T.);
#251=FACE_BOUND('',#1055,.T.);
#252=FACE_BOUND('',#1082,.T.);
#253=FACE_BOUND('',#1143,.T.);
#254=FACE_BOUND('',#1153,.T.);
#255=FACE_BOUND('',#1198,.T.);
#256=FACE_BOUND('',#1199,.T.);
#257=FACE_BOUND('',#1200,.T.);
#258=FACE_BOUND('',#1201,.T.);
#259=FACE_BOUND('',#1222,.T.);
#260=FACE_BOUND('',#1233,.T.);
#261=CIRCLE('',#5817,35.);
#262=CIRCLE('',#5818,35.);
#263=CIRCLE('',#5819,35.);
#264=CIRCLE('',#5820,35.);
#265=CIRCLE('',#5821,35.);
#266=CIRCLE('',#5822,35.);
#267=CIRCLE('',#5824,1.5625);
#268=CIRCLE('',#5826,36.0000005364418);
#269=CIRCLE('',#5827,36.0000005364418);
#270=CIRCLE('',#5828,36.0000005364418);
#271=CIRCLE('',#5829,36.0000005364418);
#272=CIRCLE('',#5831,1.5625);
#273=CIRCLE('',#5845,38.7484870583545);
#274=CIRCLE('',#5846,38.7484870583545);
#275=CIRCLE('',#5849,2.325);
#276=CIRCLE('',#5854,38.7484870583545);
#277=CIRCLE('',#5857,2.5);
#278=CIRCLE('',#5859,38.7484870583545);
#279=CIRCLE('',#5864,2.);
#280=CIRCLE('',#5866,2.325);
#281=CIRCLE('',#5868,27.4599729677741);
#282=CIRCLE('',#5869,27.2500132811421);
#283=CIRCLE('',#5870,34.999995435562);
#284=CIRCLE('',#5871,27.9721280630227);
#285=CIRCLE('',#5872,26.0986944339014);
#286=CIRCLE('',#5873,26.0986944339014);
#287=CIRCLE('',#5874,26.5883667233333);
#288=CIRCLE('',#5875,27.4599729677741);
#289=CIRCLE('',#5876,27.9721280630227);
#290=CIRCLE('',#5877,34.999995435562);
#291=CIRCLE('',#5878,27.9721280630227);
#292=CIRCLE('',#5879,27.4599729677741);
#293=CIRCLE('',#5880,26.5883667233333);
#294=CIRCLE('',#5881,26.0986944339014);
#295=CIRCLE('',#5885,2.);
#296=CIRCLE('',#5887,27.9721280630227);
#297=CIRCLE('',#5888,34.999995435562);
#298=CIRCLE('',#5889,27.2500132811421);
#299=CIRCLE('',#5890,27.4599729677741);
#300=CIRCLE('',#5894,6.00000000000001);
#301=CIRCLE('',#5895,6.);
#302=CIRCLE('',#5898,6.5);
#303=CIRCLE('',#5899,9.);
#304=CIRCLE('',#5900,9.);
#305=CIRCLE('',#5901,9.);
#306=CIRCLE('',#5902,9.);
#307=CIRCLE('',#5903,6.5);
#308=CIRCLE('',#5904,5.87298334620742);
#309=CIRCLE('',#5905,6.);
#310=CIRCLE('',#5906,6.);
#311=CIRCLE('',#5907,6.);
#312=CIRCLE('',#5908,6.);
#313=CIRCLE('',#5909,5.87298334620742);
#314=CIRCLE('',#5912,2.325);
#315=CIRCLE('',#5914,6.00000000000001);
#316=CIRCLE('',#5915,6.00000000000001);
#317=CIRCLE('',#5918,4.5);
#318=CIRCLE('',#5919,4.5);
#319=CIRCLE('',#5922,4.5);
#320=CIRCLE('',#5923,4.5);
#321=CIRCLE('',#5925,34.5);
#322=CIRCLE('',#5926,34.5);
#323=CIRCLE('',#5927,34.5);
#324=CIRCLE('',#5928,34.5);
#325=CIRCLE('',#5930,34.5);
#326=CIRCLE('',#5932,2.325);
#327=CIRCLE('',#5933,2.);
#328=CIRCLE('',#5934,3.25);
#329=CIRCLE('',#5935,6.5);
#330=CIRCLE('',#5936,9.);
#331=CIRCLE('',#5937,9.);
#332=CIRCLE('',#5938,9.);
#333=CIRCLE('',#5939,9.);
#334=CIRCLE('',#5940,6.5);
#335=CIRCLE('',#5941,3.25);
#336=CIRCLE('',#5942,2.);
#337=CIRCLE('',#5943,2.325);
#338=CIRCLE('',#5944,1.562503175006);
#339=CIRCLE('',#5945,1.5);
#340=CIRCLE('',#5946,1.562503175006);
#341=CIRCLE('',#5947,1.5);
#342=CIRCLE('',#5948,6.);
#343=CIRCLE('',#5949,6.);
#344=CIRCLE('',#5950,6.);
#345=CIRCLE('',#5951,6.);
#346=CIRCLE('',#5952,1.55);
#347=CIRCLE('',#5954,34.5);
#348=CIRCLE('',#5956,34.5);
#349=CIRCLE('',#5957,34.5);
#350=CIRCLE('',#5958,34.5);
#351=CIRCLE('',#5959,34.5);
#352=CIRCLE('',#5960,34.5);
#353=CIRCLE('',#5961,34.5);
#354=CIRCLE('',#5963,27.5);
#355=CIRCLE('',#5966,27.5);
#356=CIRCLE('',#5971,27.1889401024309);
#357=CIRCLE('',#5974,10.);
#358=CIRCLE('',#5978,10.);
#359=CIRCLE('',#5979,28.3333471474084);
#360=CIRCLE('',#5982,36.);
#361=CIRCLE('',#5983,36.);
#362=CIRCLE('',#5984,36.);
#363=CIRCLE('',#5986,2.5000000372529);
#364=CIRCLE('',#5987,1.5625);
#365=CIRCLE('',#5989,1.5625);
#366=CIRCLE('',#5991,2.54950979478705);
#367=CIRCLE('',#5997,34.5);
#368=CIRCLE('',#6001,38.7484870583545);
#369=CIRCLE('',#6002,38.7484870583545);
#370=CIRCLE('',#6005,2.5);
#371=CIRCLE('',#6006,2.5);
#372=CIRCLE('',#6007,2.5);
#373=CIRCLE('',#6014,2.325);
#374=CIRCLE('',#6015,2.325);
#375=CIRCLE('',#6022,38.7484870583545);
#376=CIRCLE('',#6023,38.7484870583545);
#377=CIRCLE('',#6027,34.5);
#378=CIRCLE('',#6029,4.);
#379=CIRCLE('',#6031,4.);
#380=CIRCLE('',#6033,1.55686228592954);
#381=CIRCLE('',#6034,1.55686228592954);
#382=CIRCLE('',#6035,1.55686228592954);
#383=CIRCLE('',#6036,1.55686228592954);
#384=CIRCLE('',#6038,2.);
#385=CIRCLE('',#6039,1.562503175006);
#386=CIRCLE('',#6041,1.5);
#387=CIRCLE('',#6043,1.562503175006);
#388=CIRCLE('',#6044,1.562503175006);
#389=CIRCLE('',#6046,3.99999999999999);
#390=CIRCLE('',#6047,3.99999999999999);
#391=CIRCLE('',#6050,4.00000000000002);
#392=CIRCLE('',#6051,4.00000000000002);
#393=CIRCLE('',#6054,4.00000000000002);
#394=CIRCLE('',#6055,4.00000000000002);
#395=CIRCLE('',#6058,4.00000000000006);
#396=CIRCLE('',#6059,4.00000000000006);
#397=CIRCLE('',#6061,5.4);
#398=CIRCLE('',#6063,5.4);
#399=CIRCLE('',#6065,3.65);
#400=CIRCLE('',#6066,3.65);
#401=CIRCLE('',#6067,2.325);
#402=CIRCLE('',#6068,2.325);
#403=CIRCLE('',#6069,2.325);
#404=CIRCLE('',#6070,2.325);
#405=CIRCLE('',#6077,10.);
#406=CIRCLE('',#6079,240.123560207321);
#407=CIRCLE('',#6082,34.5);
#408=CIRCLE('',#6089,3.25);
#409=CIRCLE('',#6094,3.25);
#410=CIRCLE('',#6096,4.);
#411=CIRCLE('',#6098,4.);
#412=CIRCLE('',#6100,1.562503175006);
#413=CIRCLE('',#6101,1.562503175006);
#414=CIRCLE('',#6103,2.);
#415=CIRCLE('',#6104,1.562503175006);
#416=CIRCLE('',#6112,1.5);
#417=CIRCLE('',#6115,10.);
#418=CIRCLE('',#6116,10.);
#419=CIRCLE('',#6117,10.);
#420=CIRCLE('',#6118,10.);
#421=CIRCLE('',#6119,10.);
#422=CIRCLE('',#6120,10.);
#423=CIRCLE('',#6122,10.);
#424=CIRCLE('',#6123,10.);
#425=CIRCLE('',#6124,10.);
#426=CIRCLE('',#6126,10.);
#427=CIRCLE('',#6127,10.);
#428=CIRCLE('',#6128,10.);
#429=CIRCLE('',#6130,1.5);
#430=CIRCLE('',#6131,15.5);
#431=CIRCLE('',#6132,15.5);
#432=CIRCLE('',#6134,15.5);
#433=CIRCLE('',#6135,15.5);
#434=CIRCLE('',#6136,1.5);
#435=CIRCLE('',#6137,15.5);
#436=CIRCLE('',#6138,15.5);
#437=CIRCLE('',#6139,1.5);
#438=CIRCLE('',#6140,15.5);
#439=CIRCLE('',#6142,15.5);
#440=CIRCLE('',#6143,15.5);
#441=CIRCLE('',#6144,15.5);
#442=CIRCLE('',#6145,15.5);
#443=CIRCLE('',#6146,1.5);
#444=CIRCLE('',#6147,15.5);
#445=CIRCLE('',#6148,15.5);
#446=CIRCLE('',#6149,1.5);
#447=CIRCLE('',#6150,15.5);
#448=CIRCLE('',#6151,15.5);
#449=CIRCLE('',#6153,15.5);
#450=CIRCLE('',#6155,15.5);
#451=CIRCLE('',#6156,15.5);
#452=CIRCLE('',#6157,10.);
#453=CIRCLE('',#6158,10.);
#454=CIRCLE('',#6159,15.5);
#455=CIRCLE('',#6160,1.5);
#456=CIRCLE('',#6161,15.5);
#457=CIRCLE('',#6162,10.);
#458=CIRCLE('',#6163,10.);
#459=CIRCLE('',#6164,15.5);
#460=CIRCLE('',#6165,1.5);
#461=CIRCLE('',#6166,10.);
#462=CIRCLE('',#6168,10.);
#463=CIRCLE('',#6171,2.);
#464=CIRCLE('',#6174,2.);
#465=CIRCLE('',#6176,1.562503175006);
#466=CIRCLE('',#6177,1.5);
#467=CIRCLE('',#6178,1.562503175006);
#468=CIRCLE('',#6187,34.5);
#469=CIRCLE('',#6189,1.5);
#470=CIRCLE('',#6190,1.5);
#471=CIRCLE('',#6197,2.325);
#472=CIRCLE('',#6198,2.325);
#473=CIRCLE('',#6203,6.5);
#474=CIRCLE('',#6204,6.5);
#475=CIRCLE('',#6205,4.);
#476=CIRCLE('',#6206,4.);
#477=CIRCLE('',#6207,3.17500000000001);
#478=CIRCLE('',#6210,6.5);
#479=CIRCLE('',#6212,4.);
#480=CIRCLE('',#6214,3.17500000000001);
#481=CIRCLE('',#6216,4.);
#482=CIRCLE('',#6219,6.5);
#483=CIRCLE('',#6236,15.5);
#484=CIRCLE('',#6243,5.4);
#485=CIRCLE('',#6249,4.);
#486=CIRCLE('',#6251,4.);
#487=CIRCLE('',#6255,4.);
#488=CIRCLE('',#6257,4.);
#489=CIRCLE('',#6261,2.325);
#490=CIRCLE('',#6263,2.325);
#491=CIRCLE('',#6265,2.325);
#492=CIRCLE('',#6267,2.325);
#493=CIRCLE('',#6271,4.8);
#494=CIRCLE('',#6275,8.99999999999999);
#495=CIRCLE('',#6277,4.8);
#496=CIRCLE('',#6280,4.8);
#497=CIRCLE('',#6281,8.99999999999999);
#498=CIRCLE('',#6283,4.8);
#499=CIRCLE('',#6301,1.55);
#500=CIRCLE('',#6310,2.5000000372529);
#501=CIRCLE('',#6312,34.5);
#502=CIRCLE('',#6315,2.5000000372529);
#503=CIRCLE('',#6324,2.5000000372529);
#504=CIRCLE('',#6325,2.5000000372529);
#505=CIRCLE('',#6328,2.5000000372529);
#506=CIRCLE('',#6331,1.5625);
#507=CIRCLE('',#6333,1.5625);
#508=CYLINDRICAL_SURFACE('',#5816,35.);
#509=CYLINDRICAL_SURFACE('',#5825,36.0000005364418);
#510=CYLINDRICAL_SURFACE('',#5830,1.5625);
#511=CYLINDRICAL_SURFACE('',#5837,1.5625);
#512=CYLINDRICAL_SURFACE('',#5838,1.55);
#513=CYLINDRICAL_SURFACE('',#5839,1.55);
#514=CYLINDRICAL_SURFACE('',#5843,297.22332973429);
#515=CYLINDRICAL_SURFACE('',#5844,38.7484870583545);
#516=CYLINDRICAL_SURFACE('',#5848,2.325);
#517=CYLINDRICAL_SURFACE('',#5856,2.5);
#518=CYLINDRICAL_SURFACE('',#5858,38.7484870583545);
#519=CYLINDRICAL_SURFACE('',#5893,6.00000000000001);
#520=CYLINDRICAL_SURFACE('',#5896,6.00000000000001);
#521=CYLINDRICAL_SURFACE('',#5913,6.00000000000001);
#522=CYLINDRICAL_SURFACE('',#5916,6.00000000000001);
#523=CYLINDRICAL_SURFACE('',#5917,4.5);
#524=CYLINDRICAL_SURFACE('',#5921,4.5);
#525=CYLINDRICAL_SURFACE('',#5924,34.5);
#526=CYLINDRICAL_SURFACE('',#5955,34.5);
#527=CYLINDRICAL_SURFACE('',#5981,36.0000005364418);
#528=CYLINDRICAL_SURFACE('',#5988,1.5625);
#529=CYLINDRICAL_SURFACE('',#6000,38.7484870583545);
#530=CYLINDRICAL_SURFACE('',#6004,2.5);
#531=CYLINDRICAL_SURFACE('',#6013,2.325);
#532=CYLINDRICAL_SURFACE('',#6021,38.7484870583545);
#533=CYLINDRICAL_SURFACE('',#6032,1.55686228592954);
#534=CYLINDRICAL_SURFACE('',#6042,1.562503175006);
#535=CYLINDRICAL_SURFACE('',#6045,3.99999999999999);
#536=CYLINDRICAL_SURFACE('',#6049,4.00000000000002);
#537=CYLINDRICAL_SURFACE('',#6053,4.00000000000002);
#538=CYLINDRICAL_SURFACE('',#6057,4.00000000000006);
#539=CYLINDRICAL_SURFACE('',#6099,1.562503175006);
#540=CYLINDRICAL_SURFACE('',#6107,2.);
#541=CYLINDRICAL_SURFACE('',#6111,1.5);
#542=CYLINDRICAL_SURFACE('',#6114,10.);
#543=CYLINDRICAL_SURFACE('',#6121,10.);
#544=CYLINDRICAL_SURFACE('',#6125,10.);
#545=CYLINDRICAL_SURFACE('',#6129,1.5);
#546=CYLINDRICAL_SURFACE('',#6133,15.5);
#547=CYLINDRICAL_SURFACE('',#6141,15.5);
#548=CYLINDRICAL_SURFACE('',#6152,15.5);
#549=CYLINDRICAL_SURFACE('',#6154,15.5);
#550=CYLINDRICAL_SURFACE('',#6169,3.25);
#551=CYLINDRICAL_SURFACE('',#6170,2.);
#552=CYLINDRICAL_SURFACE('',#6173,2.);
#553=CYLINDRICAL_SURFACE('',#6179,297.22332973429);
#554=CYLINDRICAL_SURFACE('',#6183,297.22332973429);
#555=CYLINDRICAL_SURFACE('',#6184,297.22332973429);
#556=CYLINDRICAL_SURFACE('',#6185,3.25);
#557=CYLINDRICAL_SURFACE('',#6188,1.5);
#558=CYLINDRICAL_SURFACE('',#6192,1.5);
#559=CYLINDRICAL_SURFACE('',#6194,1.562503175006);
#560=CYLINDRICAL_SURFACE('',#6196,2.325);
#561=CYLINDRICAL_SURFACE('',#6199,2.325);
#562=CYLINDRICAL_SURFACE('',#6209,6.5);
#563=CYLINDRICAL_SURFACE('',#6211,4.);
#564=CYLINDRICAL_SURFACE('',#6213,3.17500000000001);
#565=CYLINDRICAL_SURFACE('',#6215,4.);
#566=CYLINDRICAL_SURFACE('',#6218,6.5);
#567=CYLINDRICAL_SURFACE('',#6222,2.5);
#568=CYLINDRICAL_SURFACE('',#6223,6.);
#569=CYLINDRICAL_SURFACE('',#6225,6.);
#570=CYLINDRICAL_SURFACE('',#6227,6.);
#571=CYLINDRICAL_SURFACE('',#6229,6.);
#572=CYLINDRICAL_SURFACE('',#6235,15.5);
#573=CYLINDRICAL_SURFACE('',#6242,5.4);
#574=CYLINDRICAL_SURFACE('',#6244,10.);
#575=CYLINDRICAL_SURFACE('',#6248,4.);
#576=CYLINDRICAL_SURFACE('',#6252,4.);
#577=CYLINDRICAL_SURFACE('',#6254,4.);
#578=CYLINDRICAL_SURFACE('',#6258,4.);
#579=CYLINDRICAL_SURFACE('',#6259,9.);
#580=CYLINDRICAL_SURFACE('',#6260,2.325);
#581=CYLINDRICAL_SURFACE('',#6262,2.325);
#582=CYLINDRICAL_SURFACE('',#6264,2.325);
#583=CYLINDRICAL_SURFACE('',#6266,2.325);
#584=CYLINDRICAL_SURFACE('',#6269,9.);
#585=CYLINDRICAL_SURFACE('',#6274,8.99999999999999);
#586=CYLINDRICAL_SURFACE('',#6284,3.65);
#587=CYLINDRICAL_SURFACE('',#6286,3.65);
#588=CYLINDRICAL_SURFACE('',#6287,9.);
#589=CYLINDRICAL_SURFACE('',#6289,4.8);
#590=CYLINDRICAL_SURFACE('',#6290,8.99999999999999);
#591=CYLINDRICAL_SURFACE('',#6291,6.5);
#592=CYLINDRICAL_SURFACE('',#6292,9.);
#593=CYLINDRICAL_SURFACE('',#6293,6.5);
#594=CYLINDRICAL_SURFACE('',#6300,1.55);
#595=CYLINDRICAL_SURFACE('',#6305,34.5);
#596=CYLINDRICAL_SURFACE('',#6307,34.5);
#597=CYLINDRICAL_SURFACE('',#6318,2.5000000372529);
#598=CYLINDRICAL_SURFACE('',#6326,34.5);
#599=CYLINDRICAL_SURFACE('',#6329,2.5000000372529);
#600=CYLINDRICAL_SURFACE('',#6332,1.5625);
#601=FACE_OUTER_BOUND('',#904,.T.);
#602=FACE_OUTER_BOUND('',#905,.T.);
#603=FACE_OUTER_BOUND('',#908,.T.);
#604=FACE_OUTER_BOUND('',#909,.T.);
#605=FACE_OUTER_BOUND('',#911,.T.);
#606=FACE_OUTER_BOUND('',#916,.T.);
#607=FACE_OUTER_BOUND('',#917,.T.);
#608=FACE_OUTER_BOUND('',#918,.T.);
#609=FACE_OUTER_BOUND('',#919,.T.);
#610=FACE_OUTER_BOUND('',#921,.T.);
#611=FACE_OUTER_BOUND('',#922,.T.);
#612=FACE_OUTER_BOUND('',#923,.T.);
#613=FACE_OUTER_BOUND('',#924,.T.);
#614=FACE_OUTER_BOUND('',#925,.T.);
#615=FACE_OUTER_BOUND('',#926,.T.);
#616=FACE_OUTER_BOUND('',#927,.T.);
#617=FACE_OUTER_BOUND('',#928,.T.);
#618=FACE_OUTER_BOUND('',#929,.T.);
#619=FACE_OUTER_BOUND('',#930,.T.);
#620=FACE_OUTER_BOUND('',#931,.T.);
#621=FACE_OUTER_BOUND('',#932,.T.);
#622=FACE_OUTER_BOUND('',#934,.T.);
#623=FACE_OUTER_BOUND('',#935,.T.);
#624=FACE_OUTER_BOUND('',#936,.T.);
#625=FACE_OUTER_BOUND('',#937,.T.);
#626=FACE_OUTER_BOUND('',#938,.T.);
#627=FACE_OUTER_BOUND('',#940,.T.);
#628=FACE_OUTER_BOUND('',#941,.T.);
#629=FACE_OUTER_BOUND('',#942,.T.);
#630=FACE_OUTER_BOUND('',#943,.T.);
#631=FACE_OUTER_BOUND('',#945,.T.);
#632=FACE_OUTER_BOUND('',#946,.T.);
#633=FACE_OUTER_BOUND('',#948,.T.);
#634=FACE_OUTER_BOUND('',#949,.T.);
#635=FACE_OUTER_BOUND('',#951,.T.);
#636=FACE_OUTER_BOUND('',#952,.T.);
#637=FACE_OUTER_BOUND('',#953,.T.);
#638=FACE_OUTER_BOUND('',#954,.T.);
#639=FACE_OUTER_BOUND('',#955,.T.);
#640=FACE_OUTER_BOUND('',#956,.T.);
#641=FACE_OUTER_BOUND('',#957,.T.);
#642=FACE_OUTER_BOUND('',#958,.T.);
#643=FACE_OUTER_BOUND('',#959,.T.);
#644=FACE_OUTER_BOUND('',#960,.T.);
#645=FACE_OUTER_BOUND('',#961,.T.);
#646=FACE_OUTER_BOUND('',#962,.T.);
#647=FACE_OUTER_BOUND('',#963,.T.);
#648=FACE_OUTER_BOUND('',#964,.T.);
#649=FACE_OUTER_BOUND('',#968,.T.);
#650=FACE_OUTER_BOUND('',#969,.T.);
#651=FACE_OUTER_BOUND('',#971,.T.);
#652=FACE_OUTER_BOUND('',#972,.T.);
#653=FACE_OUTER_BOUND('',#973,.T.);
#654=FACE_OUTER_BOUND('',#974,.T.);
#655=FACE_OUTER_BOUND('',#975,.T.);
#656=FACE_OUTER_BOUND('',#976,.T.);
#657=FACE_OUTER_BOUND('',#977,.T.);
#658=FACE_OUTER_BOUND('',#978,.T.);
#659=FACE_OUTER_BOUND('',#979,.T.);
#660=FACE_OUTER_BOUND('',#985,.T.);
#661=FACE_OUTER_BOUND('',#986,.T.);
#662=FACE_OUTER_BOUND('',#987,.T.);
#663=FACE_OUTER_BOUND('',#988,.T.);
#664=FACE_OUTER_BOUND('',#989,.T.);
#665=FACE_OUTER_BOUND('',#990,.T.);
#666=FACE_OUTER_BOUND('',#991,.T.);
#667=FACE_OUTER_BOUND('',#992,.T.);
#668=FACE_OUTER_BOUND('',#993,.T.);
#669=FACE_OUTER_BOUND('',#994,.T.);
#670=FACE_OUTER_BOUND('',#995,.T.);
#671=FACE_OUTER_BOUND('',#996,.T.);
#672=FACE_OUTER_BOUND('',#997,.T.);
#673=FACE_OUTER_BOUND('',#998,.T.);
#674=FACE_OUTER_BOUND('',#999,.T.);
#675=FACE_OUTER_BOUND('',#1000,.T.);
#676=FACE_OUTER_BOUND('',#1001,.T.);
#677=FACE_OUTER_BOUND('',#1002,.T.);
#678=FACE_OUTER_BOUND('',#1004,.T.);
#679=FACE_OUTER_BOUND('',#1005,.T.);
#680=FACE_OUTER_BOUND('',#1007,.T.);
#681=FACE_OUTER_BOUND('',#1008,.T.);
#682=FACE_OUTER_BOUND('',#1010,.T.);
#683=FACE_OUTER_BOUND('',#1011,.T.);
#684=FACE_OUTER_BOUND('',#1012,.T.);
#685=FACE_OUTER_BOUND('',#1013,.T.);
#686=FACE_OUTER_BOUND('',#1014,.T.);
#687=FACE_OUTER_BOUND('',#1015,.T.);
#688=FACE_OUTER_BOUND('',#1016,.T.);
#689=FACE_OUTER_BOUND('',#1017,.T.);
#690=FACE_OUTER_BOUND('',#1018,.T.);
#691=FACE_OUTER_BOUND('',#1019,.T.);
#692=FACE_OUTER_BOUND('',#1021,.T.);
#693=FACE_OUTER_BOUND('',#1022,.T.);
#694=FACE_OUTER_BOUND('',#1023,.T.);
#695=FACE_OUTER_BOUND('',#1024,.T.);
#696=FACE_OUTER_BOUND('',#1025,.T.);
#697=FACE_OUTER_BOUND('',#1026,.T.);
#698=FACE_OUTER_BOUND('',#1027,.T.);
#699=FACE_OUTER_BOUND('',#1028,.T.);
#700=FACE_OUTER_BOUND('',#1029,.T.);
#701=FACE_OUTER_BOUND('',#1030,.T.);
#702=FACE_OUTER_BOUND('',#1031,.T.);
#703=FACE_OUTER_BOUND('',#1033,.T.);
#704=FACE_OUTER_BOUND('',#1034,.T.);
#705=FACE_OUTER_BOUND('',#1035,.T.);
#706=FACE_OUTER_BOUND('',#1036,.T.);
#707=FACE_OUTER_BOUND('',#1037,.T.);
#708=FACE_OUTER_BOUND('',#1038,.T.);
#709=FACE_OUTER_BOUND('',#1040,.T.);
#710=FACE_OUTER_BOUND('',#1041,.T.);
#711=FACE_OUTER_BOUND('',#1042,.T.);
#712=FACE_OUTER_BOUND('',#1043,.T.);
#713=FACE_OUTER_BOUND('',#1044,.T.);
#714=FACE_OUTER_BOUND('',#1045,.T.);
#715=FACE_OUTER_BOUND('',#1046,.T.);
#716=FACE_OUTER_BOUND('',#1047,.T.);
#717=FACE_OUTER_BOUND('',#1048,.T.);
#718=FACE_OUTER_BOUND('',#1049,.T.);
#719=FACE_OUTER_BOUND('',#1050,.T.);
#720=FACE_OUTER_BOUND('',#1051,.T.);
#721=FACE_OUTER_BOUND('',#1056,.T.);
#722=FACE_OUTER_BOUND('',#1057,.T.);
#723=FACE_OUTER_BOUND('',#1058,.T.);
#724=FACE_OUTER_BOUND('',#1059,.T.);
#725=FACE_OUTER_BOUND('',#1060,.T.);
#726=FACE_OUTER_BOUND('',#1061,.T.);
#727=FACE_OUTER_BOUND('',#1062,.T.);
#728=FACE_OUTER_BOUND('',#1063,.T.);
#729=FACE_OUTER_BOUND('',#1064,.T.);
#730=FACE_OUTER_BOUND('',#1065,.T.);
#731=FACE_OUTER_BOUND('',#1066,.T.);
#732=FACE_OUTER_BOUND('',#1067,.T.);
#733=FACE_OUTER_BOUND('',#1068,.T.);
#734=FACE_OUTER_BOUND('',#1069,.T.);
#735=FACE_OUTER_BOUND('',#1070,.T.);
#736=FACE_OUTER_BOUND('',#1071,.T.);
#737=FACE_OUTER_BOUND('',#1072,.T.);
#738=FACE_OUTER_BOUND('',#1073,.T.);
#739=FACE_OUTER_BOUND('',#1074,.T.);
#740=FACE_OUTER_BOUND('',#1075,.T.);
#741=FACE_OUTER_BOUND('',#1076,.T.);
#742=FACE_OUTER_BOUND('',#1077,.T.);
#743=FACE_OUTER_BOUND('',#1078,.T.);
#744=FACE_OUTER_BOUND('',#1079,.T.);
#745=FACE_OUTER_BOUND('',#1080,.T.);
#746=FACE_OUTER_BOUND('',#1081,.T.);
#747=FACE_OUTER_BOUND('',#1083,.T.);
#748=FACE_OUTER_BOUND('',#1084,.T.);
#749=FACE_OUTER_BOUND('',#1085,.T.);
#750=FACE_OUTER_BOUND('',#1086,.T.);
#751=FACE_OUTER_BOUND('',#1087,.T.);
#752=FACE_OUTER_BOUND('',#1088,.T.);
#753=FACE_OUTER_BOUND('',#1089,.T.);
#754=FACE_OUTER_BOUND('',#1090,.T.);
#755=FACE_OUTER_BOUND('',#1091,.T.);
#756=FACE_OUTER_BOUND('',#1092,.T.);
#757=FACE_OUTER_BOUND('',#1093,.T.);
#758=FACE_OUTER_BOUND('',#1094,.T.);
#759=FACE_OUTER_BOUND('',#1095,.T.);
#760=FACE_OUTER_BOUND('',#1096,.T.);
#761=FACE_OUTER_BOUND('',#1097,.T.);
#762=FACE_OUTER_BOUND('',#1098,.T.);
#763=FACE_OUTER_BOUND('',#1099,.T.);
#764=FACE_OUTER_BOUND('',#1100,.T.);
#765=FACE_OUTER_BOUND('',#1101,.T.);
#766=FACE_OUTER_BOUND('',#1102,.T.);
#767=FACE_OUTER_BOUND('',#1103,.T.);
#768=FACE_OUTER_BOUND('',#1104,.T.);
#769=FACE_OUTER_BOUND('',#1105,.T.);
#770=FACE_OUTER_BOUND('',#1106,.T.);
#771=FACE_OUTER_BOUND('',#1107,.T.);
#772=FACE_OUTER_BOUND('',#1108,.T.);
#773=FACE_OUTER_BOUND('',#1109,.T.);
#774=FACE_OUTER_BOUND('',#1110,.T.);
#775=FACE_OUTER_BOUND('',#1111,.T.);
#776=FACE_OUTER_BOUND('',#1112,.T.);
#777=FACE_OUTER_BOUND('',#1113,.T.);
#778=FACE_OUTER_BOUND('',#1114,.T.);
#779=FACE_OUTER_BOUND('',#1115,.T.);
#780=FACE_OUTER_BOUND('',#1116,.T.);
#781=FACE_OUTER_BOUND('',#1117,.T.);
#782=FACE_OUTER_BOUND('',#1118,.T.);
#783=FACE_OUTER_BOUND('',#1119,.T.);
#784=FACE_OUTER_BOUND('',#1120,.T.);
#785=FACE_OUTER_BOUND('',#1121,.T.);
#786=FACE_OUTER_BOUND('',#1122,.T.);
#787=FACE_OUTER_BOUND('',#1123,.T.);
#788=FACE_OUTER_BOUND('',#1124,.T.);
#789=FACE_OUTER_BOUND('',#1125,.T.);
#790=FACE_OUTER_BOUND('',#1126,.T.);
#791=FACE_OUTER_BOUND('',#1127,.T.);
#792=FACE_OUTER_BOUND('',#1128,.T.);
#793=FACE_OUTER_BOUND('',#1129,.T.);
#794=FACE_OUTER_BOUND('',#1130,.T.);
#795=FACE_OUTER_BOUND('',#1131,.T.);
#796=FACE_OUTER_BOUND('',#1132,.T.);
#797=FACE_OUTER_BOUND('',#1133,.T.);
#798=FACE_OUTER_BOUND('',#1134,.T.);
#799=FACE_OUTER_BOUND('',#1135,.T.);
#800=FACE_OUTER_BOUND('',#1136,.T.);
#801=FACE_OUTER_BOUND('',#1137,.T.);
#802=FACE_OUTER_BOUND('',#1138,.T.);
#803=FACE_OUTER_BOUND('',#1139,.T.);
#804=FACE_OUTER_BOUND('',#1140,.T.);
#805=FACE_OUTER_BOUND('',#1141,.T.);
#806=FACE_OUTER_BOUND('',#1142,.T.);
#807=FACE_OUTER_BOUND('',#1144,.T.);
#808=FACE_OUTER_BOUND('',#1145,.T.);
#809=FACE_OUTER_BOUND('',#1146,.T.);
#810=FACE_OUTER_BOUND('',#1147,.T.);
#811=FACE_OUTER_BOUND('',#1148,.T.);
#812=FACE_OUTER_BOUND('',#1149,.T.);
#813=FACE_OUTER_BOUND('',#1150,.T.);
#814=FACE_OUTER_BOUND('',#1151,.T.);
#815=FACE_OUTER_BOUND('',#1152,.T.);
#816=FACE_OUTER_BOUND('',#1154,.T.);
#817=FACE_OUTER_BOUND('',#1155,.T.);
#818=FACE_OUTER_BOUND('',#1156,.T.);
#819=FACE_OUTER_BOUND('',#1157,.T.);
#820=FACE_OUTER_BOUND('',#1158,.T.);
#821=FACE_OUTER_BOUND('',#1159,.T.);
#822=FACE_OUTER_BOUND('',#1160,.T.);
#823=FACE_OUTER_BOUND('',#1161,.T.);
#824=FACE_OUTER_BOUND('',#1162,.T.);
#825=FACE_OUTER_BOUND('',#1163,.T.);
#826=FACE_OUTER_BOUND('',#1164,.T.);
#827=FACE_OUTER_BOUND('',#1165,.T.);
#828=FACE_OUTER_BOUND('',#1166,.T.);
#829=FACE_OUTER_BOUND('',#1167,.T.);
#830=FACE_OUTER_BOUND('',#1168,.T.);
#831=FACE_OUTER_BOUND('',#1169,.T.);
#832=FACE_OUTER_BOUND('',#1170,.T.);
#833=FACE_OUTER_BOUND('',#1171,.T.);
#834=FACE_OUTER_BOUND('',#1172,.T.);
#835=FACE_OUTER_BOUND('',#1173,.T.);
#836=FACE_OUTER_BOUND('',#1174,.T.);
#837=FACE_OUTER_BOUND('',#1175,.T.);
#838=FACE_OUTER_BOUND('',#1176,.T.);
#839=FACE_OUTER_BOUND('',#1177,.T.);
#840=FACE_OUTER_BOUND('',#1178,.T.);
#841=FACE_OUTER_BOUND('',#1179,.T.);
#842=FACE_OUTER_BOUND('',#1180,.T.);
#843=FACE_OUTER_BOUND('',#1181,.T.);
#844=FACE_OUTER_BOUND('',#1182,.T.);
#845=FACE_OUTER_BOUND('',#1183,.T.);
#846=FACE_OUTER_BOUND('',#1184,.T.);
#847=FACE_OUTER_BOUND('',#1185,.T.);
#848=FACE_OUTER_BOUND('',#1186,.T.);
#849=FACE_OUTER_BOUND('',#1187,.T.);
#850=FACE_OUTER_BOUND('',#1188,.T.);
#851=FACE_OUTER_BOUND('',#1189,.T.);
#852=FACE_OUTER_BOUND('',#1190,.T.);
#853=FACE_OUTER_BOUND('',#1191,.T.);
#854=FACE_OUTER_BOUND('',#1192,.T.);
#855=FACE_OUTER_BOUND('',#1193,.T.);
#856=FACE_OUTER_BOUND('',#1194,.T.);
#857=FACE_OUTER_BOUND('',#1195,.T.);
#858=FACE_OUTER_BOUND('',#1196,.T.);
#859=FACE_OUTER_BOUND('',#1197,.T.);
#860=FACE_OUTER_BOUND('',#1202,.T.);
#861=FACE_OUTER_BOUND('',#1203,.T.);
#862=FACE_OUTER_BOUND('',#1204,.T.);
#863=FACE_OUTER_BOUND('',#1205,.T.);
#864=FACE_OUTER_BOUND('',#1206,.T.);
#865=FACE_OUTER_BOUND('',#1207,.T.);
#866=FACE_OUTER_BOUND('',#1208,.T.);
#867=FACE_OUTER_BOUND('',#1209,.T.);
#868=FACE_OUTER_BOUND('',#1210,.T.);
#869=FACE_OUTER_BOUND('',#1211,.T.);
#870=FACE_OUTER_BOUND('',#1212,.T.);
#871=FACE_OUTER_BOUND('',#1213,.T.);
#872=FACE_OUTER_BOUND('',#1214,.T.);
#873=FACE_OUTER_BOUND('',#1215,.T.);
#874=FACE_OUTER_BOUND('',#1216,.T.);
#875=FACE_OUTER_BOUND('',#1217,.T.);
#876=FACE_OUTER_BOUND('',#1218,.T.);
#877=FACE_OUTER_BOUND('',#1219,.T.);
#878=FACE_OUTER_BOUND('',#1220,.T.);
#879=FACE_OUTER_BOUND('',#1221,.T.);
#880=FACE_OUTER_BOUND('',#1223,.T.);
#881=FACE_OUTER_BOUND('',#1224,.T.);
#882=FACE_OUTER_BOUND('',#1225,.T.);
#883=FACE_OUTER_BOUND('',#1226,.T.);
#884=FACE_OUTER_BOUND('',#1227,.T.);
#885=FACE_OUTER_BOUND('',#1228,.T.);
#886=FACE_OUTER_BOUND('',#1229,.T.);
#887=FACE_OUTER_BOUND('',#1230,.T.);
#888=FACE_OUTER_BOUND('',#1231,.T.);
#889=FACE_OUTER_BOUND('',#1232,.T.);
#890=FACE_OUTER_BOUND('',#1234,.T.);
#891=FACE_OUTER_BOUND('',#1235,.T.);
#892=FACE_OUTER_BOUND('',#1236,.T.);
#893=FACE_OUTER_BOUND('',#1237,.T.);
#894=FACE_OUTER_BOUND('',#1238,.T.);
#895=FACE_OUTER_BOUND('',#1239,.T.);
#896=FACE_OUTER_BOUND('',#1240,.T.);
#897=FACE_OUTER_BOUND('',#1241,.T.);
#898=FACE_OUTER_BOUND('',#1242,.T.);
#899=FACE_OUTER_BOUND('',#1243,.T.);
#900=FACE_OUTER_BOUND('',#1244,.T.);
#901=FACE_OUTER_BOUND('',#1245,.T.);
#902=FACE_OUTER_BOUND('',#1246,.T.);
#903=FACE_OUTER_BOUND('',#1247,.T.);
#904=EDGE_LOOP('',(#3756,#3757,#3758,#3759));
#905=EDGE_LOOP('',(#3760,#3761,#3762,#3763,#3764,#3765,#3766,#3767,#3768,
#3769,#3770,#3771,#3772,#3773));
#906=EDGE_LOOP('',(#3774));
#907=EDGE_LOOP('',(#3775));
#908=EDGE_LOOP('',(#3776,#3777,#3778,#3779));
#909=EDGE_LOOP('',(#3780,#3781,#3782,#3783,#3784,#3785,#3786,#3787,#3788,
#3789));
#910=EDGE_LOOP('',(#3790));
#911=EDGE_LOOP('',(#3791,#3792,#3793,#3794,#3795,#3796));
#912=EDGE_LOOP('',(#3797));
#913=EDGE_LOOP('',(#3798));
#914=EDGE_LOOP('',(#3799));
#915=EDGE_LOOP('',(#3800));
#916=EDGE_LOOP('',(#3801,#3802,#3803,#3804));
#917=EDGE_LOOP('',(#3805,#3806,#3807,#3808,#3809));
#918=EDGE_LOOP('',(#3810,#3811,#3812));
#919=EDGE_LOOP('',(#3813,#3814,#3815,#3816,#3817,#3818,#3819,#3820,#3821,
#3822));
#920=EDGE_LOOP('',(#3823));
#921=EDGE_LOOP('',(#3824,#3825,#3826,#3827,#3828));
#922=EDGE_LOOP('',(#3829,#3830,#3831));
#923=EDGE_LOOP('',(#3832,#3833,#3834,#3835));
#924=EDGE_LOOP('',(#3836,#3837,#3838,#3839));
#925=EDGE_LOOP('',(#3840,#3841,#3842,#3843));
#926=EDGE_LOOP('',(#3844,#3845,#3846,#3847));
#927=EDGE_LOOP('',(#3848,#3849,#3850,#3851));
#928=EDGE_LOOP('',(#3852,#3853,#3854,#3855));
#929=EDGE_LOOP('',(#3856,#3857,#3858,#3859));
#930=EDGE_LOOP('',(#3860,#3861,#3862,#3863));
#931=EDGE_LOOP('',(#3864,#3865,#3866,#3867));
#932=EDGE_LOOP('',(#3868,#3869,#3870,#3871));
#933=EDGE_LOOP('',(#3872));
#934=EDGE_LOOP('',(#3873,#3874,#3875));
#935=EDGE_LOOP('',(#3876,#3877,#3878,#3879));
#936=EDGE_LOOP('',(#3880,#3881,#3882));
#937=EDGE_LOOP('',(#3883,#3884,#3885,#3886));
#938=EDGE_LOOP('',(#3887,#3888,#3889,#3890));
#939=EDGE_LOOP('',(#3891));
#940=EDGE_LOOP('',(#3892,#3893,#3894));
#941=EDGE_LOOP('',(#3895,#3896,#3897,#3898));
#942=EDGE_LOOP('',(#3899,#3900,#3901,#3902,#3903));
#943=EDGE_LOOP('',(#3904,#3905,#3906,#3907));
#944=EDGE_LOOP('',(#3908,#3909));
#945=EDGE_LOOP('',(#3910,#3911,#3912));
#946=EDGE_LOOP('',(#3913,#3914,#3915,#3916));
#947=EDGE_LOOP('',(#3917));
#948=EDGE_LOOP('',(#3918,#3919,#3920,#3921));
#949=EDGE_LOOP('',(#3922,#3923,#3924,#3925,#3926,#3927,#3928));
#950=EDGE_LOOP('',(#3929));
#951=EDGE_LOOP('',(#3930,#3931,#3932,#3933,#3934,#3935));
#952=EDGE_LOOP('',(#3936,#3937,#3938,#3939,#3940,#3941,#3942,#3943,#3944,
#3945,#3946));
#953=EDGE_LOOP('',(#3947,#3948,#3949,#3950,#3951,#3952,#3953,#3954,#3955,
#3956,#3957,#3958,#3959,#3960,#3961,#3962,#3963,#3964,#3965,#3966,#3967));
#954=EDGE_LOOP('',(#3968,#3969,#3970));
#955=EDGE_LOOP('',(#3971,#3972,#3973,#3974,#3975,#3976,#3977));
#956=EDGE_LOOP('',(#3978,#3979,#3980,#3981));
#957=EDGE_LOOP('',(#3982,#3983,#3984,#3985,#3986,#3987,#3988,#3989));
#958=EDGE_LOOP('',(#3990,#3991,#3992,#3993,#3994,#3995,#3996,#3997,#3998));
#959=EDGE_LOOP('',(#3999,#4000,#4001,#4002,#4003));
#960=EDGE_LOOP('',(#4004,#4005,#4006,#4007,#4008,#4009));
#961=EDGE_LOOP('',(#4010,#4011,#4012,#4013));
#962=EDGE_LOOP('',(#4014,#4015,#4016));
#963=EDGE_LOOP('',(#4017,#4018,#4019,#4020,#4021,#4022,#4023));
#964=EDGE_LOOP('',(#4024,#4025,#4026,#4027,#4028,#4029,#4030,#4031,#4032,
#4033,#4034,#4035,#4036,#4037,#4038,#4039,#4040,#4041,#4042,#4043,#4044,
#4045,#4046,#4047,#4048,#4049,#4050,#4051,#4052,#4053,#4054,#4055,#4056,
#4057,#4058,#4059,#4060,#4061,#4062,#4063,#4064,#4065,#4066,#4067,#4068,
#4069,#4070,#4071,#4072));
#965=EDGE_LOOP('',(#4073,#4074,#4075,#4076,#4077));
#966=EDGE_LOOP('',(#4078,#4079,#4080,#4081,#4082,#4083,#4084,#4085));
#967=EDGE_LOOP('',(#4086,#4087,#4088,#4089,#4090));
#968=EDGE_LOOP('',(#4091,#4092,#4093,#4094));
#969=EDGE_LOOP('',(#4095,#4096,#4097,#4098,#4099,#4100,#4101));
#970=EDGE_LOOP('',(#4102));
#971=EDGE_LOOP('',(#4103,#4104,#4105,#4106));
#972=EDGE_LOOP('',(#4107,#4108,#4109));
#973=EDGE_LOOP('',(#4110,#4111,#4112,#4113,#4114));
#974=EDGE_LOOP('',(#4115,#4116,#4117,#4118));
#975=EDGE_LOOP('',(#4119,#4120,#4121,#4122,#4123));
#976=EDGE_LOOP('',(#4124,#4125,#4126,#4127,#4128,#4129,#4130,#4131,#4132,
#4133,#4134));
#977=EDGE_LOOP('',(#4135,#4136,#4137,#4138));
#978=EDGE_LOOP('',(#4139,#4140,#4141));
#979=EDGE_LOOP('',(#4142,#4143,#4144,#4145,#4146,#4147,#4148,#4149,#4150,
#4151,#4152,#4153,#4154,#4155,#4156,#4157,#4158,#4159,#4160,#4161,#4162,
#4163,#4164,#4165,#4166,#4167,#4168,#4169,#4170,#4171,#4172,#4173,#4174,
#4175,#4176,#4177,#4178,#4179,#4180,#4181,#4182,#4183,#4184,#4185,#4186,
#4187,#4188,#4189,#4190));
#980=EDGE_LOOP('',(#4191,#4192,#4193));
#981=EDGE_LOOP('',(#4194,#4195,#4196));
#982=EDGE_LOOP('',(#4197,#4198,#4199,#4200));
#983=EDGE_LOOP('',(#4201,#4202,#4203,#4204,#4205,#4206,#4207,#4208));
#984=EDGE_LOOP('',(#4209));
#985=EDGE_LOOP('',(#4210,#4211,#4212,#4213));
#986=EDGE_LOOP('',(#4214,#4215,#4216));
#987=EDGE_LOOP('',(#4217,#4218,#4219,#4220,#4221,#4222,#4223,#4224,#4225,
#4226,#4227,#4228,#4229,#4230,#4231,#4232));
#988=EDGE_LOOP('',(#4233,#4234,#4235,#4236));
#989=EDGE_LOOP('',(#4237,#4238,#4239));
#990=EDGE_LOOP('',(#4240,#4241,#4242,#4243));
#991=EDGE_LOOP('',(#4244,#4245,#4246));
#992=EDGE_LOOP('',(#4247,#4248,#4249,#4250,#4251,#4252,#4253));
#993=EDGE_LOOP('',(#4254,#4255,#4256,#4257));
#994=EDGE_LOOP('',(#4258,#4259,#4260,#4261,#4262,#4263,#4264));
#995=EDGE_LOOP('',(#4265,#4266,#4267,#4268));
#996=EDGE_LOOP('',(#4269,#4270,#4271,#4272,#4273,#4274,#4275,#4276,#4277));
#997=EDGE_LOOP('',(#4278,#4279));
#998=EDGE_LOOP('',(#4280,#4281,#4282,#4283,#4284,#4285));
#999=EDGE_LOOP('',(#4286,#4287,#4288,#4289,#4290,#4291,#4292,#4293,#4294,
#4295,#4296));
#1000=EDGE_LOOP('',(#4297,#4298,#4299,#4300));
#1001=EDGE_LOOP('',(#4301,#4302,#4303,#4304,#4305));
#1002=EDGE_LOOP('',(#4306));
#1003=EDGE_LOOP('',(#4307));
#1004=EDGE_LOOP('',(#4308,#4309,#4310,#4311));
#1005=EDGE_LOOP('',(#4312,#4313,#4314,#4315));
#1006=EDGE_LOOP('',(#4316));
#1007=EDGE_LOOP('',(#4317,#4318,#4319,#4320,#4321));
#1008=EDGE_LOOP('',(#4322));
#1009=EDGE_LOOP('',(#4323));
#1010=EDGE_LOOP('',(#4324,#4325,#4326,#4327,#4328));
#1011=EDGE_LOOP('',(#4329,#4330,#4331,#4332,#4333));
#1012=EDGE_LOOP('',(#4334,#4335,#4336,#4337,#4338));
#1013=EDGE_LOOP('',(#4339,#4340,#4341));
#1014=EDGE_LOOP('',(#4342,#4343,#4344,#4345));
#1015=EDGE_LOOP('',(#4346,#4347,#4348,#4349));
#1016=EDGE_LOOP('',(#4350,#4351,#4352,#4353));
#1017=EDGE_LOOP('',(#4354,#4355,#4356,#4357,#4358,#4359));
#1018=EDGE_LOOP('',(#4360,#4361,#4362,#4363,#4364,#4365,#4366,#4367,#4368,
#4369,#4370));
#1019=EDGE_LOOP('',(#4371,#4372,#4373,#4374));
#1020=EDGE_LOOP('',(#4375));
#1021=EDGE_LOOP('',(#4376,#4377,#4378,#4379));
#1022=EDGE_LOOP('',(#4380,#4381,#4382,#4383));
#1023=EDGE_LOOP('',(#4384,#4385,#4386,#4387));
#1024=EDGE_LOOP('',(#4388,#4389,#4390,#4391));
#1025=EDGE_LOOP('',(#4392,#4393,#4394,#4395));
#1026=EDGE_LOOP('',(#4396,#4397,#4398,#4399));
#1027=EDGE_LOOP('',(#4400,#4401,#4402,#4403));
#1028=EDGE_LOOP('',(#4404,#4405,#4406,#4407));
#1029=EDGE_LOOP('',(#4408,#4409,#4410,#4411));
#1030=EDGE_LOOP('',(#4412,#4413,#4414,#4415));
#1031=EDGE_LOOP('',(#4416,#4417,#4418,#4419));
#1032=EDGE_LOOP('',(#4420));
#1033=EDGE_LOOP('',(#4421,#4422,#4423,#4424,#4425));
#1034=EDGE_LOOP('',(#4426,#4427,#4428,#4429,#4430,#4431,#4432,#4433,#4434,
#4435,#4436));
#1035=EDGE_LOOP('',(#4437,#4438,#4439,#4440));
#1036=EDGE_LOOP('',(#4441,#4442,#4443,#4444));
#1037=EDGE_LOOP('',(#4445,#4446,#4447,#4448,#4449,#4450));
#1038=EDGE_LOOP('',(#4451,#4452,#4453,#4454,#4455));
#1039=EDGE_LOOP('',(#4456,#4457));
#1040=EDGE_LOOP('',(#4458,#4459));
#1041=EDGE_LOOP('',(#4460,#4461,#4462,#4463,#4464,#4465,#4466,#4467));
#1042=EDGE_LOOP('',(#4468,#4469,#4470,#4471));
#1043=EDGE_LOOP('',(#4472,#4473,#4474,#4475));
#1044=EDGE_LOOP('',(#4476,#4477,#4478,#4479));
#1045=EDGE_LOOP('',(#4480,#4481,#4482,#4483));
#1046=EDGE_LOOP('',(#4484,#4485,#4486,#4487));
#1047=EDGE_LOOP('',(#4488,#4489,#4490,#4491));
#1048=EDGE_LOOP('',(#4492,#4493,#4494,#4495));
#1049=EDGE_LOOP('',(#4496,#4497,#4498,#4499,#4500,#4501,#4502,#4503,#4504));
#1050=EDGE_LOOP('',(#4505,#4506,#4507,#4508,#4509,#4510,#4511,#4512,#4513));
#1051=EDGE_LOOP('',(#4514,#4515,#4516,#4517,#4518,#4519,#4520,#4521,#4522,
#4523,#4524,#4525,#4526,#4527,#4528,#4529,#4530,#4531,#4532,#4533));
#1052=EDGE_LOOP('',(#4534));
#1053=EDGE_LOOP('',(#4535));
#1054=EDGE_LOOP('',(#4536));
#1055=EDGE_LOOP('',(#4537));
#1056=EDGE_LOOP('',(#4538,#4539,#4540,#4541));
#1057=EDGE_LOOP('',(#4542,#4543,#4544,#4545,#4546,#4547));
#1058=EDGE_LOOP('',(#4548,#4549,#4550,#4551));
#1059=EDGE_LOOP('',(#4552,#4553,#4554,#4555));
#1060=EDGE_LOOP('',(#4556,#4557,#4558,#4559));
#1061=EDGE_LOOP('',(#4560,#4561,#4562,#4563,#4564,#4565));
#1062=EDGE_LOOP('',(#4566,#4567,#4568,#4569));
#1063=EDGE_LOOP('',(#4570,#4571,#4572,#4573,#4574,#4575,#4576,#4577,#4578,
#4579,#4580,#4581,#4582,#4583));
#1064=EDGE_LOOP('',(#4584,#4585,#4586,#4587,#4588,#4589,#4590,#4591,#4592,
#4593,#4594));
#1065=EDGE_LOOP('',(#4595,#4596,#4597,#4598));
#1066=EDGE_LOOP('',(#4599,#4600,#4601,#4602));
#1067=EDGE_LOOP('',(#4603,#4604,#4605,#4606));
#1068=EDGE_LOOP('',(#4607,#4608,#4609,#4610));
#1069=EDGE_LOOP('',(#4611,#4612,#4613,#4614));
#1070=EDGE_LOOP('',(#4615,#4616,#4617,#4618));
#1071=EDGE_LOOP('',(#4619,#4620,#4621,#4622,#4623,#4624));
#1072=EDGE_LOOP('',(#4625,#4626,#4627));
#1073=EDGE_LOOP('',(#4628,#4629,#4630,#4631));
#1074=EDGE_LOOP('',(#4632,#4633,#4634));
#1075=EDGE_LOOP('',(#4635,#4636,#4637,#4638));
#1076=EDGE_LOOP('',(#4639,#4640,#4641,#4642));
#1077=EDGE_LOOP('',(#4643,#4644,#4645,#4646,#4647));
#1078=EDGE_LOOP('',(#4648,#4649,#4650,#4651));
#1079=EDGE_LOOP('',(#4652,#4653,#4654,#4655));
#1080=EDGE_LOOP('',(#4656,#4657,#4658,#4659));
#1081=EDGE_LOOP('',(#4660,#4661,#4662,#4663,#4664));
#1082=EDGE_LOOP('',(#4665,#4666));
#1083=EDGE_LOOP('',(#4667,#4668,#4669,#4670));
#1084=EDGE_LOOP('',(#4671,#4672,#4673,#4674));
#1085=EDGE_LOOP('',(#4675,#4676,#4677,#4678,#4679));
#1086=EDGE_LOOP('',(#4680,#4681,#4682,#4683));
#1087=EDGE_LOOP('',(#4684,#4685,#4686,#4687));
#1088=EDGE_LOOP('',(#4688,#4689,#4690,#4691));
#1089=EDGE_LOOP('',(#4692,#4693));
#1090=EDGE_LOOP('',(#4694,#4695,#4696,#4697));
#1091=EDGE_LOOP('',(#4698,#4699,#4700,#4701,#4702,#4703,#4704,#4705,#4706,
#4707));
#1092=EDGE_LOOP('',(#4708,#4709,#4710,#4711,#4712,#4713));
#1093=EDGE_LOOP('',(#4714,#4715,#4716,#4717,#4718,#4719));
#1094=EDGE_LOOP('',(#4720,#4721,#4722));
#1095=EDGE_LOOP('',(#4723,#4724,#4725,#4726));
#1096=EDGE_LOOP('',(#4727,#4728,#4729,#4730,#4731));
#1097=EDGE_LOOP('',(#4732,#4733,#4734,#4735));
#1098=EDGE_LOOP('',(#4736,#4737,#4738,#4739));
#1099=EDGE_LOOP('',(#4740,#4741,#4742,#4743));
#1100=EDGE_LOOP('',(#4744,#4745,#4746,#4747));
#1101=EDGE_LOOP('',(#4748,#4749,#4750,#4751));
#1102=EDGE_LOOP('',(#4752,#4753,#4754,#4755));
#1103=EDGE_LOOP('',(#4756,#4757,#4758,#4759));
#1104=EDGE_LOOP('',(#4760,#4761,#4762,#4763));
#1105=EDGE_LOOP('',(#4764,#4765,#4766,#4767));
#1106=EDGE_LOOP('',(#4768,#4769,#4770,#4771));
#1107=EDGE_LOOP('',(#4772,#4773,#4774,#4775));
#1108=EDGE_LOOP('',(#4776,#4777,#4778,#4779));
#1109=EDGE_LOOP('',(#4780,#4781,#4782,#4783,#4784));
#1110=EDGE_LOOP('',(#4785,#4786,#4787,#4788));
#1111=EDGE_LOOP('',(#4789,#4790,#4791,#4792));
#1112=EDGE_LOOP('',(#4793,#4794,#4795,#4796));
#1113=EDGE_LOOP('',(#4797,#4798,#4799,#4800));
#1114=EDGE_LOOP('',(#4801,#4802,#4803,#4804,#4805));
#1115=EDGE_LOOP('',(#4806,#4807,#4808,#4809));
#1116=EDGE_LOOP('',(#4810,#4811,#4812,#4813));
#1117=EDGE_LOOP('',(#4814,#4815,#4816,#4817,#4818));
#1118=EDGE_LOOP('',(#4819,#4820,#4821,#4822,#4823));
#1119=EDGE_LOOP('',(#4824,#4825,#4826,#4827));
#1120=EDGE_LOOP('',(#4828,#4829,#4830,#4831,#4832));
#1121=EDGE_LOOP('',(#4833,#4834,#4835,#4836));
#1122=EDGE_LOOP('',(#4837,#4838,#4839));
#1123=EDGE_LOOP('',(#4840,#4841,#4842));
#1124=EDGE_LOOP('',(#4843,#4844,#4845,#4846,#4847,#4848,#4849));
#1125=EDGE_LOOP('',(#4850,#4851,#4852,#4853,#4854,#4855,#4856,#4857,#4858));
#1126=EDGE_LOOP('',(#4859,#4860,#4861));
#1127=EDGE_LOOP('',(#4862,#4863,#4864,#4865));
#1128=EDGE_LOOP('',(#4866,#4867,#4868,#4869));
#1129=EDGE_LOOP('',(#4870,#4871,#4872,#4873));
#1130=EDGE_LOOP('',(#4874,#4875,#4876));
#1131=EDGE_LOOP('',(#4877,#4878,#4879,#4880,#4881,#4882));
#1132=EDGE_LOOP('',(#4883,#4884,#4885,#4886));
#1133=EDGE_LOOP('',(#4887,#4888,#4889,#4890));
#1134=EDGE_LOOP('',(#4891,#4892,#4893,#4894));
#1135=EDGE_LOOP('',(#4895,#4896,#4897,#4898,#4899,#4900,#4901,#4902));
#1136=EDGE_LOOP('',(#4903,#4904,#4905));
#1137=EDGE_LOOP('',(#4906,#4907,#4908,#4909,#4910,#4911,#4912,#4913,#4914,
#4915));
#1138=EDGE_LOOP('',(#4916,#4917,#4918,#4919,#4920,#4921,#4922,#4923,#4924));
#1139=EDGE_LOOP('',(#4925,#4926,#4927));
#1140=EDGE_LOOP('',(#4928,#4929,#4930,#4931,#4932,#4933,#4934,#4935,#4936));
#1141=EDGE_LOOP('',(#4937,#4938,#4939,#4940));
#1142=EDGE_LOOP('',(#4941,#4942,#4943,#4944,#4945,#4946,#4947,#4948));
#1143=EDGE_LOOP('',(#4949));
#1144=EDGE_LOOP('',(#4950,#4951,#4952,#4953));
#1145=EDGE_LOOP('',(#4954,#4955,#4956,#4957));
#1146=EDGE_LOOP('',(#4958,#4959,#4960,#4961,#4962));
#1147=EDGE_LOOP('',(#4963,#4964,#4965,#4966));
#1148=EDGE_LOOP('',(#4967,#4968,#4969,#4970,#4971));
#1149=EDGE_LOOP('',(#4972,#4973,#4974,#4975));
#1150=EDGE_LOOP('',(#4976,#4977,#4978,#4979));
#1151=EDGE_LOOP('',(#4980,#4981,#4982,#4983));
#1152=EDGE_LOOP('',(#4984,#4985,#4986,#4987,#4988,#4989,#4990,#4991));
#1153=EDGE_LOOP('',(#4992));
#1154=EDGE_LOOP('',(#4993,#4994,#4995,#4996));
#1155=EDGE_LOOP('',(#4997,#4998,#4999,#5000));
#1156=EDGE_LOOP('',(#5001,#5002,#5003,#5004));
#1157=EDGE_LOOP('',(#5005,#5006,#5007,#5008));
#1158=EDGE_LOOP('',(#5009,#5010,#5011,#5012));
#1159=EDGE_LOOP('',(#5013,#5014,#5015,#5016));
#1160=EDGE_LOOP('',(#5017,#5018,#5019,#5020));
#1161=EDGE_LOOP('',(#5021,#5022,#5023,#5024));
#1162=EDGE_LOOP('',(#5025,#5026,#5027,#5028));
#1163=EDGE_LOOP('',(#5029,#5030,#5031,#5032));
#1164=EDGE_LOOP('',(#5033,#5034,#5035,#5036));
#1165=EDGE_LOOP('',(#5037,#5038,#5039,#5040));
#1166=EDGE_LOOP('',(#5041,#5042,#5043,#5044));
#1167=EDGE_LOOP('',(#5045,#5046,#5047,#5048));
#1168=EDGE_LOOP('',(#5049,#5050,#5051,#5052,#5053));
#1169=EDGE_LOOP('',(#5054,#5055,#5056,#5057,#5058));
#1170=EDGE_LOOP('',(#5059,#5060,#5061,#5062));
#1171=EDGE_LOOP('',(#5063,#5064,#5065));
#1172=EDGE_LOOP('',(#5066,#5067,#5068,#5069));
#1173=EDGE_LOOP('',(#5070,#5071,#5072,#5073,#5074,#5075,#5076,#5077,#5078,
#5079));
#1174=EDGE_LOOP('',(#5080,#5081,#5082,#5083,#5084,#5085,#5086,#5087,#5088,
#5089,#5090));
#1175=EDGE_LOOP('',(#5091,#5092,#5093,#5094));
#1176=EDGE_LOOP('',(#5095,#5096,#5097,#5098,#5099,#5100));
#1177=EDGE_LOOP('',(#5101,#5102,#5103,#5104));
#1178=EDGE_LOOP('',(#5105,#5106,#5107,#5108));
#1179=EDGE_LOOP('',(#5109,#5110,#5111,#5112));
#1180=EDGE_LOOP('',(#5113,#5114,#5115,#5116));
#1181=EDGE_LOOP('',(#5117,#5118,#5119,#5120));
#1182=EDGE_LOOP('',(#5121,#5122,#5123,#5124));
#1183=EDGE_LOOP('',(#5125,#5126,#5127,#5128));
#1184=EDGE_LOOP('',(#5129,#5130,#5131,#5132));
#1185=EDGE_LOOP('',(#5133,#5134,#5135,#5136));
#1186=EDGE_LOOP('',(#5137,#5138,#5139,#5140));
#1187=EDGE_LOOP('',(#5141,#5142,#5143,#5144));
#1188=EDGE_LOOP('',(#5145,#5146,#5147,#5148));
#1189=EDGE_LOOP('',(#5149,#5150,#5151,#5152));
#1190=EDGE_LOOP('',(#5153,#5154,#5155,#5156));
#1191=EDGE_LOOP('',(#5157,#5158,#5159,#5160));
#1192=EDGE_LOOP('',(#5161,#5162,#5163,#5164,#5165,#5166,#5167,#5168));
#1193=EDGE_LOOP('',(#5169,#5170,#5171,#5172));
#1194=EDGE_LOOP('',(#5173,#5174,#5175,#5176));
#1195=EDGE_LOOP('',(#5177,#5178,#5179,#5180));
#1196=EDGE_LOOP('',(#5181,#5182,#5183,#5184,#5185,#5186));
#1197=EDGE_LOOP('',(#5187,#5188,#5189,#5190,#5191,#5192,#5193,#5194,#5195,
#5196,#5197,#5198,#5199,#5200));
#1198=EDGE_LOOP('',(#5201));
#1199=EDGE_LOOP('',(#5202));
#1200=EDGE_LOOP('',(#5203));
#1201=EDGE_LOOP('',(#5204));
#1202=EDGE_LOOP('',(#5205,#5206,#5207,#5208,#5209));
#1203=EDGE_LOOP('',(#5210,#5211,#5212,#5213,#5214,#5215,#5216,#5217));
#1204=EDGE_LOOP('',(#5218,#5219,#5220,#5221));
#1205=EDGE_LOOP('',(#5222,#5223,#5224,#5225));
#1206=EDGE_LOOP('',(#5226,#5227,#5228,#5229));
#1207=EDGE_LOOP('',(#5230,#5231,#5232,#5233));
#1208=EDGE_LOOP('',(#5234,#5235,#5236,#5237));
#1209=EDGE_LOOP('',(#5238,#5239,#5240,#5241,#5242,#5243,#5244,#5245,#5246,
#5247,#5248,#5249));
#1210=EDGE_LOOP('',(#5250,#5251,#5252,#5253));
#1211=EDGE_LOOP('',(#5254,#5255,#5256,#5257,#5258,#5259));
#1212=EDGE_LOOP('',(#5260,#5261,#5262,#5263));
#1213=EDGE_LOOP('',(#5264,#5265,#5266,#5267,#5268,#5269));
#1214=EDGE_LOOP('',(#5270,#5271,#5272,#5273,#5274,#5275,#5276,#5277,#5278,
#5279,#5280,#5281,#5282,#5283,#5284,#5285,#5286,#5287,#5288,#5289,#5290,
#5291,#5292,#5293,#5294,#5295,#5296,#5297,#5298,#5299));
#1215=EDGE_LOOP('',(#5300,#5301,#5302,#5303,#5304,#5305,#5306,#5307));
#1216=EDGE_LOOP('',(#5308,#5309,#5310,#5311));
#1217=EDGE_LOOP('',(#5312,#5313,#5314,#5315));
#1218=EDGE_LOOP('',(#5316,#5317,#5318,#5319,#5320,#5321,#5322,#5323,#5324,
#5325));
#1219=EDGE_LOOP('',(#5326,#5327,#5328,#5329,#5330,#5331,#5332,#5333));
#1220=EDGE_LOOP('',(#5334,#5335,#5336,#5337));
#1221=EDGE_LOOP('',(#5338,#5339,#5340));
#1222=EDGE_LOOP('',(#5341));
#1223=EDGE_LOOP('',(#5342));
#1224=EDGE_LOOP('',(#5343,#5344,#5345,#5346,#5347,#5348,#5349,#5350,#5351,
#5352,#5353));
#1225=EDGE_LOOP('',(#5354,#5355));
#1226=EDGE_LOOP('',(#5356));
#1227=EDGE_LOOP('',(#5357,#5358,#5359,#5360,#5361,#5362,#5363,#5364,#5365,
#5366,#5367));
#1228=EDGE_LOOP('',(#5368,#5369,#5370,#5371));
#1229=EDGE_LOOP('',(#5372));
#1230=EDGE_LOOP('',(#5373,#5374,#5375,#5376,#5377,#5378,#5379,#5380,#5381,
#5382,#5383,#5384,#5385));
#1231=EDGE_LOOP('',(#5386,#5387,#5388,#5389,#5390,#5391,#5392,#5393,#5394,
#5395,#5396,#5397,#5398,#5399,#5400,#5401,#5402,#5403));
#1232=EDGE_LOOP('',(#5404,#5405,#5406,#5407));
#1233=EDGE_LOOP('',(#5408));
#1234=EDGE_LOOP('',(#5409,#5410,#5411,#5412,#5413));
#1235=EDGE_LOOP('',(#5414,#5415,#5416));
#1236=EDGE_LOOP('',(#5417,#5418,#5419,#5420));
#1237=EDGE_LOOP('',(#5421,#5422,#5423,#5424,#5425));
#1238=EDGE_LOOP('',(#5426,#5427,#5428,#5429,#5430));
#1239=EDGE_LOOP('',(#5431,#5432,#5433,#5434,#5435));
#1240=EDGE_LOOP('',(#5436,#5437,#5438,#5439));
#1241=EDGE_LOOP('',(#5440,#5441,#5442));
#1242=EDGE_LOOP('',(#5443,#5444));
#1243=EDGE_LOOP('',(#5445));
#1244=EDGE_LOOP('',(#5446,#5447,#5448,#5449,#5450,#5451));
#1245=EDGE_LOOP('',(#5452));
#1246=EDGE_LOOP('',(#5453,#5454,#5455,#5456));
#1247=EDGE_LOOP('',(#5457));
#1248=LINE('',#7976,#1746);
#1249=LINE('',#8062,#1747);
#1250=LINE('',#8074,#1748);
#1251=LINE('',#8078,#1749);
#1252=LINE('',#8082,#1750);
#1253=LINE('',#8085,#1751);
#1254=LINE('',#8087,#1752);
#1255=LINE('',#8309,#1753);
#1256=LINE('',#8337,#1754);
#1257=LINE('',#8338,#1755);
#1258=LINE('',#8340,#1756);
#1259=LINE('',#8341,#1757);
#1260=LINE('',#8354,#1758);
#1261=LINE('',#8375,#1759);
#1262=LINE('',#8551,#1760);
#1263=LINE('',#8555,#1761);
#1264=LINE('',#8556,#1762);
#1265=LINE('',#8558,#1763);
#1266=LINE('',#8572,#1764);
#1267=LINE('',#8583,#1765);
#1268=LINE('',#8585,#1766);
#1269=LINE('',#8588,#1767);
#1270=LINE('',#8590,#1768);
#1271=LINE('',#8592,#1769);
#1272=LINE('',#8594,#1770);
#1273=LINE('',#8595,#1771);
#1274=LINE('',#8672,#1772);
#1275=LINE('',#8676,#1773);
#1276=LINE('',#8723,#1774);
#1277=LINE('',#8724,#1775);
#1278=LINE('',#8728,#1776);
#1279=LINE('',#8731,#1777);
#1280=LINE('',#8732,#1778);
#1281=LINE('',#8734,#1779);
#1282=LINE('',#8739,#1780);
#1283=LINE('',#8741,#1781);
#1284=LINE('',#8745,#1782);
#1285=LINE('',#8747,#1783);
#1286=LINE('',#8748,#1784);
#1287=LINE('',#8753,#1785);
#1288=LINE('',#8805,#1786);
#1289=LINE('',#8808,#1787);
#1290=LINE('',#8821,#1788);
#1291=LINE('',#8824,#1789);
#1292=LINE('',#8828,#1790);
#1293=LINE('',#8835,#1791);
#1294=LINE('',#8842,#1792);
#1295=LINE('',#8844,#1793);
#1296=LINE('',#8845,#1794);
#1297=LINE('',#8850,#1795);
#1298=LINE('',#8852,#1796);
#1299=LINE('',#8854,#1797);
#1300=LINE('',#8856,#1798);
#1301=LINE('',#9039,#1799);
#1302=LINE('',#9041,#1800);
#1303=LINE('',#9043,#1801);
#1304=LINE('',#9045,#1802);
#1305=LINE('',#9056,#1803);
#1306=LINE('',#9057,#1804);
#1307=LINE('',#9089,#1805);
#1308=LINE('',#9091,#1806);
#1309=LINE('',#9093,#1807);
#1310=LINE('',#9095,#1808);
#1311=LINE('',#9096,#1809);
#1312=LINE('',#9147,#1810);
#1313=LINE('',#9149,#1811);
#1314=LINE('',#9150,#1812);
#1315=LINE('',#9153,#1813);
#1316=LINE('',#9155,#1814);
#1317=LINE('',#9157,#1815);
#1318=LINE('',#9159,#1816);
#1319=LINE('',#9160,#1817);
#1320=LINE('',#9166,#1818);
#1321=LINE('',#9169,#1819);
#1322=LINE('',#9182,#1820);
#1323=LINE('',#9299,#1821);
#1324=LINE('',#9301,#1822);
#1325=LINE('',#9303,#1823);
#1326=LINE('',#9305,#1824);
#1327=LINE('',#9307,#1825);
#1328=LINE('',#9309,#1826);
#1329=LINE('',#9311,#1827);
#1330=LINE('',#9313,#1828);
#1331=LINE('',#9314,#1829);
#1332=LINE('',#9315,#1830);
#1333=LINE('',#9317,#1831);
#1334=LINE('',#9319,#1832);
#1335=LINE('',#9321,#1833);
#1336=LINE('',#9323,#1834);
#1337=LINE('',#9325,#1835);
#1338=LINE('',#9327,#1836);
#1339=LINE('',#9329,#1837);
#1340=LINE('',#9335,#1838);
#1341=LINE('',#9339,#1839);
#1342=LINE('',#9343,#1840);
#1343=LINE('',#9349,#1841);
#1344=LINE('',#9351,#1842);
#1345=LINE('',#9353,#1843);
#1346=LINE('',#9355,#1844);
#1347=LINE('',#9357,#1845);
#1348=LINE('',#9359,#1846);
#1349=LINE('',#9360,#1847);
#1350=LINE('',#9362,#1848);
#1351=LINE('',#9364,#1849);
#1352=LINE('',#9371,#1850);
#1353=LINE('',#9373,#1851);
#1354=LINE('',#9375,#1852);
#1355=LINE('',#9377,#1853);
#1356=LINE('',#9379,#1854);
#1357=LINE('',#9381,#1855);
#1358=LINE('',#9383,#1856);
#1359=LINE('',#9385,#1857);
#1360=LINE('',#9386,#1858);
#1361=LINE('',#9389,#1859);
#1362=LINE('',#9391,#1860);
#1363=LINE('',#9395,#1861);
#1364=LINE('',#9396,#1862);
#1365=LINE('',#9399,#1863);
#1366=LINE('',#9403,#1864);
#1367=LINE('',#9407,#1865);
#1368=LINE('',#9411,#1866);
#1369=LINE('',#9415,#1867);
#1370=LINE('',#9417,#1868);
#1371=LINE('',#9419,#1869);
#1372=LINE('',#9422,#1870);
#1373=LINE('',#9424,#1871);
#1374=LINE('',#9426,#1872);
#1375=LINE('',#9458,#1873);
#1376=LINE('',#9462,#1874);
#1377=LINE('',#9464,#1875);
#1378=LINE('',#9465,#1876);
#1379=LINE('',#9481,#1877);
#1380=LINE('',#9485,#1878);
#1381=LINE('',#9489,#1879);
#1382=LINE('',#9491,#1880);
#1383=LINE('',#9493,#1881);
#1384=LINE('',#9533,#1882);
#1385=LINE('',#9548,#1883);
#1386=LINE('',#9552,#1884);
#1387=LINE('',#9556,#1885);
#1388=LINE('',#9558,#1886);
#1389=LINE('',#9579,#1887);
#1390=LINE('',#9581,#1888);
#1391=LINE('',#9583,#1889);
#1392=LINE('',#9584,#1890);
#1393=LINE('',#9593,#1891);
#1394=LINE('',#9598,#1892);
#1395=LINE('',#9602,#1893);
#1396=LINE('',#9604,#1894);
#1397=LINE('',#9606,#1895);
#1398=LINE('',#9608,#1896);
#1399=LINE('',#9614,#1897);
#1400=LINE('',#9618,#1898);
#1401=LINE('',#9622,#1899);
#1402=LINE('',#9628,#1900);
#1403=LINE('',#9630,#1901);
#1404=LINE('',#9632,#1902);
#1405=LINE('',#9634,#1903);
#1406=LINE('',#9638,#1904);
#1407=LINE('',#9643,#1905);
#1408=LINE('',#9652,#1906);
#1409=LINE('',#9654,#1907);
#1410=LINE('',#9656,#1908);
#1411=LINE('',#9658,#1909);
#1412=LINE('',#9660,#1910);
#1413=LINE('',#9662,#1911);
#1414=LINE('',#9683,#1912);
#1415=LINE('',#9684,#1913);
#1416=LINE('',#9690,#1914);
#1417=LINE('',#9696,#1915);
#1418=LINE('',#9699,#1916);
#1419=LINE('',#9701,#1917);
#1420=LINE('',#9703,#1918);
#1421=LINE('',#9704,#1919);
#1422=LINE('',#9707,#1920);
#1423=LINE('',#9711,#1921);
#1424=LINE('',#9715,#1922);
#1425=LINE('',#9719,#1923);
#1426=LINE('',#9765,#1924);
#1427=LINE('',#9788,#1925);
#1428=LINE('',#9794,#1926);
#1429=LINE('',#9819,#1927);
#1430=LINE('',#9842,#1928);
#1431=LINE('',#9855,#1929);
#1432=LINE('',#9857,#1930);
#1433=LINE('',#9859,#1931);
#1434=LINE('',#9860,#1932);
#1435=LINE('',#9867,#1933);
#1436=LINE('',#9870,#1934);
#1437=LINE('',#9871,#1935);
#1438=LINE('',#9873,#1936);
#1439=LINE('',#9877,#1937);
#1440=LINE('',#9879,#1938);
#1441=LINE('',#9880,#1939);
#1442=LINE('',#9883,#1940);
#1443=LINE('',#9885,#1941);
#1444=LINE('',#9887,#1942);
#1445=LINE('',#9889,#1943);
#1446=LINE('',#9891,#1944);
#1447=LINE('',#9895,#1945);
#1448=LINE('',#9896,#1946);
#1449=LINE('',#9900,#1947);
#1450=LINE('',#9911,#1948);
#1451=LINE('',#9912,#1949);
#1452=LINE('',#9915,#1950);
#1453=LINE('',#9919,#1951);
#1454=LINE('',#9921,#1952);
#1455=LINE('',#9923,#1953);
#1456=LINE('',#9925,#1954);
#1457=LINE('',#9926,#1955);
#1458=LINE('',#9928,#1956);
#1459=LINE('',#9932,#1957);
#1460=LINE('',#9933,#1958);
#1461=LINE('',#9937,#1959);
#1462=LINE('',#9943,#1960);
#1463=LINE('',#9952,#1961);
#1464=LINE('',#9956,#1962);
#1465=LINE('',#9958,#1963);
#1466=LINE('',#9959,#1964);
#1467=LINE('',#9964,#1965);
#1468=LINE('',#9965,#1966);
#1469=LINE('',#9968,#1967);
#1470=LINE('',#9970,#1968);
#1471=LINE('',#9977,#1969);
#1472=LINE('',#9979,#1970);
#1473=LINE('',#9981,#1971);
#1474=LINE('',#9982,#1972);
#1475=LINE('',#9988,#1973);
#1476=LINE('',#9991,#1974);
#1477=LINE('',#9993,#1975);
#1478=LINE('',#9994,#1976);
#1479=LINE('',#10011,#1977);
#1480=LINE('',#10016,#1978);
#1481=LINE('',#10017,#1979);
#1482=LINE('',#10019,#1980);
#1483=LINE('',#10021,#1981);
#1484=LINE('',#10023,#1982);
#1485=LINE('',#10024,#1983);
#1486=LINE('',#10027,#1984);
#1487=LINE('',#10028,#1985);
#1488=LINE('',#10031,#1986);
#1489=LINE('',#10033,#1987);
#1490=LINE('',#10034,#1988);
#1491=LINE('',#10037,#1989);
#1492=LINE('',#10038,#1990);
#1493=LINE('',#10040,#1991);
#1494=LINE('',#10045,#1992);
#1495=LINE('',#10050,#1993);
#1496=LINE('',#10052,#1994);
#1497=LINE('',#10054,#1995);
#1498=LINE('',#10055,#1996);
#1499=LINE('',#10058,#1997);
#1500=LINE('',#10060,#1998);
#1501=LINE('',#10061,#1999);
#1502=LINE('',#10064,#2000);
#1503=LINE('',#10066,#2001);
#1504=LINE('',#10067,#2002);
#1505=LINE('',#10071,#2003);
#1506=LINE('',#10072,#2004);
#1507=LINE('',#10073,#2005);
#1508=LINE('',#10077,#2006);
#1509=LINE('',#10078,#2007);
#1510=LINE('',#10079,#2008);
#1511=LINE('',#10083,#2009);
#1512=LINE('',#10087,#2010);
#1513=LINE('',#10088,#2011);
#1514=LINE('',#10091,#2012);
#1515=LINE('',#10093,#2013);
#1516=LINE('',#10095,#2014);
#1517=LINE('',#10096,#2015);
#1518=LINE('',#10100,#2016);
#1519=LINE('',#10104,#2017);
#1520=LINE('',#10105,#2018);
#1521=LINE('',#10109,#2019);
#1522=LINE('',#10114,#2020);
#1523=LINE('',#10122,#2021);
#1524=LINE('',#10128,#2022);
#1525=LINE('',#10129,#2023);
#1526=LINE('',#10136,#2024);
#1527=LINE('',#10138,#2025);
#1528=LINE('',#10145,#2026);
#1529=LINE('',#10148,#2027);
#1530=LINE('',#10151,#2028);
#1531=LINE('',#10153,#2029);
#1532=LINE('',#10154,#2030);
#1533=LINE('',#10159,#2031);
#1534=LINE('',#10163,#2032);
#1535=LINE('',#10165,#2033);
#1536=LINE('',#10166,#2034);
#1537=LINE('',#10171,#2035);
#1538=LINE('',#10175,#2036);
#1539=LINE('',#10177,#2037);
#1540=LINE('',#10178,#2038);
#1541=LINE('',#10183,#2039);
#1542=LINE('',#10187,#2040);
#1543=LINE('',#10189,#2041);
#1544=LINE('',#10191,#2042);
#1545=LINE('',#10195,#2043);
#1546=LINE('',#10196,#2044);
#1547=LINE('',#10197,#2045);
#1548=LINE('',#10200,#2046);
#1549=LINE('',#10201,#2047);
#1550=LINE('',#10203,#2048);
#1551=LINE('',#10205,#2049);
#1552=LINE('',#10209,#2050);
#1553=LINE('',#10210,#2051);
#1554=LINE('',#10214,#2052);
#1555=LINE('',#10216,#2053);
#1556=LINE('',#10217,#2054);
#1557=LINE('',#10219,#2055);
#1558=LINE('',#10221,#2056);
#1559=LINE('',#10223,#2057);
#1560=LINE('',#10225,#2058);
#1561=LINE('',#10229,#2059);
#1562=LINE('',#10232,#2060);
#1563=LINE('',#10243,#2061);
#1564=LINE('',#10245,#2062);
#1565=LINE('',#10246,#2063);
#1566=LINE('',#10248,#2064);
#1567=LINE('',#10250,#2065);
#1568=LINE('',#10251,#2066);
#1569=LINE('',#10255,#2067);
#1570=LINE('',#10257,#2068);
#1571=LINE('',#10258,#2069);
#1572=LINE('',#10261,#2070);
#1573=LINE('',#10262,#2071);
#1574=LINE('',#10267,#2072);
#1575=LINE('',#10268,#2073);
#1576=LINE('',#10269,#2074);
#1577=LINE('',#10273,#2075);
#1578=LINE('',#10275,#2076);
#1579=LINE('',#10277,#2077);
#1580=LINE('',#10278,#2078);
#1581=LINE('',#10371,#2079);
#1582=LINE('',#10372,#2080);
#1583=LINE('',#10374,#2081);
#1584=LINE('',#10375,#2082);
#1585=LINE('',#10376,#2083);
#1586=LINE('',#10377,#2084);
#1587=LINE('',#10452,#2085);
#1588=LINE('',#10455,#2086);
#1589=LINE('',#10456,#2087);
#1590=LINE('',#10457,#2088);
#1591=LINE('',#10460,#2089);
#1592=LINE('',#10461,#2090);
#1593=LINE('',#10463,#2091);
#1594=LINE('',#10467,#2092);
#1595=LINE('',#10478,#2093);
#1596=LINE('',#10489,#2094);
#1597=LINE('',#10490,#2095);
#1598=LINE('',#10493,#2096);
#1599=LINE('',#10494,#2097);
#1600=LINE('',#10499,#2098);
#1601=LINE('',#10500,#2099);
#1602=LINE('',#10504,#2100);
#1603=LINE('',#10505,#2101);
#1604=LINE('',#10509,#2102);
#1605=LINE('',#10514,#2103);
#1606=LINE('',#10518,#2104);
#1607=LINE('',#10524,#2105);
#1608=LINE('',#10525,#2106);
#1609=LINE('',#10528,#2107);
#1610=LINE('',#10529,#2108);
#1611=LINE('',#10532,#2109);
#1612=LINE('',#10536,#2110);
#1613=LINE('',#10538,#2111);
#1614=LINE('',#10540,#2112);
#1615=LINE('',#10541,#2113);
#1616=LINE('',#10544,#2114);
#1617=LINE('',#10546,#2115);
#1618=LINE('',#10547,#2116);
#1619=LINE('',#10550,#2117);
#1620=LINE('',#10552,#2118);
#1621=LINE('',#10553,#2119);
#1622=LINE('',#10567,#2120);
#1623=LINE('',#10569,#2121);
#1624=LINE('',#10571,#2122);
#1625=LINE('',#10572,#2123);
#1626=LINE('',#10599,#2124);
#1627=LINE('',#10612,#2125);
#1628=LINE('',#10674,#2126);
#1629=LINE('',#10677,#2127);
#1630=LINE('',#10727,#2128);
#1631=LINE('',#10747,#2129);
#1632=LINE('',#10770,#2130);
#1633=LINE('',#10773,#2131);
#1634=LINE('',#10817,#2132);
#1635=LINE('',#10877,#2133);
#1636=LINE('',#10897,#2134);
#1637=LINE('',#10900,#2135);
#1638=LINE('',#10905,#2136);
#1639=LINE('',#10923,#2137);
#1640=LINE('',#10947,#2138);
#1641=LINE('',#11015,#2139);
#1642=LINE('',#11020,#2140);
#1643=LINE('',#11022,#2141);
#1644=LINE('',#11023,#2142);
#1645=LINE('',#11030,#2143);
#1646=LINE('',#11035,#2144);
#1647=LINE('',#11231,#2145);
#1648=LINE('',#11241,#2146);
#1649=LINE('',#11243,#2147);
#1650=LINE('',#11244,#2148);
#1651=LINE('',#11246,#2149);
#1652=LINE('',#11248,#2150);
#1653=LINE('',#11252,#2151);
#1654=LINE('',#11265,#2152);
#1655=LINE('',#11365,#2153);
#1656=LINE('',#11417,#2154);
#1657=LINE('',#11421,#2155);
#1658=LINE('',#11425,#2156);
#1659=LINE('',#11433,#2157);
#1660=LINE('',#11434,#2158);
#1661=LINE('',#11435,#2159);
#1662=LINE('',#11439,#2160);
#1663=LINE('',#11455,#2161);
#1664=LINE('',#11471,#2162);
#1665=LINE('',#11474,#2163);
#1666=LINE('',#11475,#2164);
#1667=LINE('',#11479,#2165);
#1668=LINE('',#11481,#2166);
#1669=LINE('',#11483,#2167);
#1670=LINE('',#11486,#2168);
#1671=LINE('',#11487,#2169);
#1672=LINE('',#11489,#2170);
#1673=LINE('',#11491,#2171);
#1674=LINE('',#11493,#2172);
#1675=LINE('',#11495,#2173);
#1676=LINE('',#11497,#2174);
#1677=LINE('',#11499,#2175);
#1678=LINE('',#11503,#2176);
#1679=LINE('',#11505,#2177);
#1680=LINE('',#11506,#2178);
#1681=LINE('',#11509,#2179);
#1682=LINE('',#11511,#2180);
#1683=LINE('',#11512,#2181);
#1684=LINE('',#11514,#2182);
#1685=LINE('',#11517,#2183);
#1686=LINE('',#11518,#2184);
#1687=LINE('',#11522,#2185);
#1688=LINE('',#11524,#2186);
#1689=LINE('',#11526,#2187);
#1690=LINE('',#11528,#2188);
#1691=LINE('',#11529,#2189);
#1692=LINE('',#11532,#2190);
#1693=LINE('',#11549,#2191);
#1694=LINE('',#11550,#2192);
#1695=LINE('',#11552,#2193);
#1696=LINE('',#11553,#2194);
#1697=LINE('',#11567,#2195);
#1698=LINE('',#11568,#2196);
#1699=LINE('',#11571,#2197);
#1700=LINE('',#11575,#2198);
#1701=LINE('',#11579,#2199);
#1702=LINE('',#11583,#2200);
#1703=LINE('',#11586,#2201);
#1704=LINE('',#11588,#2202);
#1705=LINE('',#11591,#2203);
#1706=LINE('',#11592,#2204);
#1707=LINE('',#11594,#2205);
#1708=LINE('',#11597,#2206);
#1709=LINE('',#11599,#2207);
#1710=LINE('',#11616,#2208);
#1711=LINE('',#11620,#2209);
#1712=LINE('',#11623,#2210);
#1713=LINE('',#11624,#2211);
#1714=LINE('',#11631,#2212);
#1715=LINE('',#11634,#2213);
#1716=LINE('',#11649,#2214);
#1717=LINE('',#11652,#2215);
#1718=LINE('',#11653,#2216);
#1719=LINE('',#11668,#2217);
#1720=LINE('',#11676,#2218);
#1721=LINE('',#11696,#2219);
#1722=LINE('',#11699,#2220);
#1723=LINE('',#11700,#2221);
#1724=LINE('',#11702,#2222);
#1725=LINE('',#11704,#2223);
#1726=LINE('',#11707,#2224);
#1727=LINE('',#11712,#2225);
#1728=LINE('',#11714,#2226);
#1729=LINE('',#11717,#2227);
#1730=LINE('',#11722,#2228);
#1731=LINE('',#11727,#2229);
#1732=LINE('',#11729,#2230);
#1733=LINE('',#11733,#2231);
#1734=LINE('',#11735,#2232);
#1735=LINE('',#11737,#2233);
#1736=LINE('',#11738,#2234);
#1737=LINE('',#11742,#2235);
#1738=LINE('',#11745,#2236);
#1739=LINE('',#11747,#2237);
#1740=LINE('',#11748,#2238);
#1741=LINE('',#11750,#2239);
#1742=LINE('',#11752,#2240);
#1743=LINE('',#11757,#2241);
#1744=LINE('',#11780,#2242);
#1745=LINE('',#11787,#2243);
#1746=VECTOR('',#6341,10.);
#1747=VECTOR('',#6346,10.);
#1748=VECTOR('',#6347,10.);
#1749=VECTOR('',#6350,10.);
#1750=VECTOR('',#6353,10.);
#1751=VECTOR('',#6356,10.);
#1752=VECTOR('',#6357,10.);
#1753=VECTOR('',#6362,10.);
#1754=VECTOR('',#6365,10.);
#1755=VECTOR('',#6366,10.);
#1756=VECTOR('',#6367,10.);
#1757=VECTOR('',#6368,10.);
#1758=VECTOR('',#6369,10.);
#1759=VECTOR('',#6380,10.);
#1760=VECTOR('',#6385,1.5625);
#1761=VECTOR('',#6390,10.);
#1762=VECTOR('',#6391,10.);
#1763=VECTOR('',#6394,10.);
#1764=VECTOR('',#6397,10.);
#1765=VECTOR('',#6398,10.);
#1766=VECTOR('',#6401,10.);
#1767=VECTOR('',#6406,1.5625);
#1768=VECTOR('',#6409,1.55);
#1769=VECTOR('',#6412,1.55);
#1770=VECTOR('',#6415,10.);
#1771=VECTOR('',#6416,10.);
#1772=VECTOR('',#6425,10.);
#1773=VECTOR('',#6428,10.);
#1774=VECTOR('',#6433,10.);
#1775=VECTOR('',#6434,10.);
#1776=VECTOR('',#6439,2.325);
#1777=VECTOR('',#6442,10.);
#1778=VECTOR('',#6443,10.);
#1779=VECTOR('',#6446,10.);
#1780=VECTOR('',#6451,10.);
#1781=VECTOR('',#6452,10.);
#1782=VECTOR('',#6457,10.);
#1783=VECTOR('',#6458,10.);
#1784=VECTOR('',#6459,10.);
#1785=VECTOR('',#6464,2.5);
#1786=VECTOR('',#6467,10.);
#1787=VECTOR('',#6472,10.);
#1788=VECTOR('',#6479,10.);
#1789=VECTOR('',#6482,10.);
#1790=VECTOR('',#6485,10.);
#1791=VECTOR('',#6486,10.);
#1792=VECTOR('',#6487,10.);
#1793=VECTOR('',#6488,10.);
#1794=VECTOR('',#6489,10.);
#1795=VECTOR('',#6494,10.);
#1796=VECTOR('',#6495,10.);
#1797=VECTOR('',#6496,10.);
#1798=VECTOR('',#6497,10.);
#1799=VECTOR('',#6530,10.);
#1800=VECTOR('',#6531,10.);
#1801=VECTOR('',#6532,10.);
#1802=VECTOR('',#6533,10.);
#1803=VECTOR('',#6538,10.);
#1804=VECTOR('',#6539,10.);
#1805=VECTOR('',#6542,10.);
#1806=VECTOR('',#6543,10.);
#1807=VECTOR('',#6544,10.);
#1808=VECTOR('',#6545,10.);
#1809=VECTOR('',#6546,10.);
#1810=VECTOR('',#6557,10.);
#1811=VECTOR('',#6558,10.);
#1812=VECTOR('',#6559,10.);
#1813=VECTOR('',#6562,10.);
#1814=VECTOR('',#6563,10.);
#1815=VECTOR('',#6564,10.);
#1816=VECTOR('',#6565,10.);
#1817=VECTOR('',#6566,10.);
#1818=VECTOR('',#6571,6.);
#1819=VECTOR('',#6574,10.);
#1820=VECTOR('',#6577,10.);
#1821=VECTOR('',#6580,10.);
#1822=VECTOR('',#6581,10.);
#1823=VECTOR('',#6582,10.);
#1824=VECTOR('',#6583,10.);
#1825=VECTOR('',#6584,10.);
#1826=VECTOR('',#6585,10.);
#1827=VECTOR('',#6586,10.);
#1828=VECTOR('',#6587,10.);
#1829=VECTOR('',#6588,10.);
#1830=VECTOR('',#6589,10.);
#1831=VECTOR('',#6590,10.);
#1832=VECTOR('',#6591,10.);
#1833=VECTOR('',#6592,10.);
#1834=VECTOR('',#6593,10.);
#1835=VECTOR('',#6594,10.);
#1836=VECTOR('',#6595,10.);
#1837=VECTOR('',#6596,10.);
#1838=VECTOR('',#6601,10.);
#1839=VECTOR('',#6604,10.);
#1840=VECTOR('',#6607,10.);
#1841=VECTOR('',#6612,10.);
#1842=VECTOR('',#6613,10.);
#1843=VECTOR('',#6614,10.);
#1844=VECTOR('',#6615,10.);
#1845=VECTOR('',#6616,10.);
#1846=VECTOR('',#6617,10.);
#1847=VECTOR('',#6618,10.);
#1848=VECTOR('',#6619,10.);
#1849=VECTOR('',#6620,6.);
#1850=VECTOR('',#6621,10.);
#1851=VECTOR('',#6622,10.);
#1852=VECTOR('',#6623,10.);
#1853=VECTOR('',#6624,10.);
#1854=VECTOR('',#6625,10.);
#1855=VECTOR('',#6626,10.);
#1856=VECTOR('',#6627,10.);
#1857=VECTOR('',#6628,10.);
#1858=VECTOR('',#6629,10.);
#1859=VECTOR('',#6630,10.);
#1860=VECTOR('',#6631,4.);
#1861=VECTOR('',#6634,4.);
#1862=VECTOR('',#6635,10.);
#1863=VECTOR('',#6636,10.);
#1864=VECTOR('',#6639,10.);
#1865=VECTOR('',#6642,10.);
#1866=VECTOR('',#6645,10.);
#1867=VECTOR('',#6648,10.);
#1868=VECTOR('',#6649,10.);
#1869=VECTOR('',#6650,4.);
#1870=VECTOR('',#6653,4.);
#1871=VECTOR('',#6656,10.);
#1872=VECTOR('',#6659,10.);
#1873=VECTOR('',#6674,10.);
#1874=VECTOR('',#6679,10.);
#1875=VECTOR('',#6680,10.);
#1876=VECTOR('',#6681,10.);
#1877=VECTOR('',#6686,10.);
#1878=VECTOR('',#6691,10.);
#1879=VECTOR('',#6694,10.);
#1880=VECTOR('',#6695,10.);
#1881=VECTOR('',#6696,10.);
#1882=VECTOR('',#6703,10.);
#1883=VECTOR('',#6704,10.);
#1884=VECTOR('',#6709,10.);
#1885=VECTOR('',#6712,10.);
#1886=VECTOR('',#6713,10.);
#1887=VECTOR('',#6714,10.);
#1888=VECTOR('',#6715,10.);
#1889=VECTOR('',#6716,10.);
#1890=VECTOR('',#6717,10.);
#1891=VECTOR('',#6718,10.);
#1892=VECTOR('',#6723,10.);
#1893=VECTOR('',#6726,10.);
#1894=VECTOR('',#6727,10.);
#1895=VECTOR('',#6728,10.);
#1896=VECTOR('',#6729,10.);
#1897=VECTOR('',#6734,10.);
#1898=VECTOR('',#6737,10.);
#1899=VECTOR('',#6740,10.);
#1900=VECTOR('',#6745,10.);
#1901=VECTOR('',#6746,10.);
#1902=VECTOR('',#6747,10.);
#1903=VECTOR('',#6748,10.);
#1904=VECTOR('',#6751,10.);
#1905=VECTOR('',#6756,10.);
#1906=VECTOR('',#6757,10.);
#1907=VECTOR('',#6758,10.);
#1908=VECTOR('',#6759,10.);
#1909=VECTOR('',#6760,10.);
#1910=VECTOR('',#6761,10.);
#1911=VECTOR('',#6762,10.);
#1912=VECTOR('',#6763,10.);
#1913=VECTOR('',#6764,10.);
#1914=VECTOR('',#6769,10.);
#1915=VECTOR('',#6774,10.);
#1916=VECTOR('',#6775,10.);
#1917=VECTOR('',#6776,10.);
#1918=VECTOR('',#6777,10.);
#1919=VECTOR('',#6778,10.);
#1920=VECTOR('',#6779,10.);
#1921=VECTOR('',#6782,10.);
#1922=VECTOR('',#6785,10.);
#1923=VECTOR('',#6788,10.);
#1924=VECTOR('',#6793,10.);
#1925=VECTOR('',#6802,10.);
#1926=VECTOR('',#6809,10.);
#1927=VECTOR('',#6820,10.);
#1928=VECTOR('',#6827,10.);
#1929=VECTOR('',#6830,10.);
#1930=VECTOR('',#6831,10.);
#1931=VECTOR('',#6832,10.);
#1932=VECTOR('',#6833,10.);
#1933=VECTOR('',#6836,10.);
#1934=VECTOR('',#6839,10.);
#1935=VECTOR('',#6840,10.);
#1936=VECTOR('',#6841,10.);
#1937=VECTOR('',#6846,10.);
#1938=VECTOR('',#6847,10.);
#1939=VECTOR('',#6848,10.);
#1940=VECTOR('',#6851,10.);
#1941=VECTOR('',#6852,10.);
#1942=VECTOR('',#6853,10.);
#1943=VECTOR('',#6854,10.);
#1944=VECTOR('',#6855,10.);
#1945=VECTOR('',#6860,10.);
#1946=VECTOR('',#6861,10.);
#1947=VECTOR('',#6864,10.);
#1948=VECTOR('',#6865,10.);
#1949=VECTOR('',#6866,10.);
#1950=VECTOR('',#6869,10.);
#1951=VECTOR('',#6872,10.);
#1952=VECTOR('',#6873,10.);
#1953=VECTOR('',#6874,10.);
#1954=VECTOR('',#6875,10.);
#1955=VECTOR('',#6876,10.);
#1956=VECTOR('',#6877,10.);
#1957=VECTOR('',#6882,10.);
#1958=VECTOR('',#6883,10.);
#1959=VECTOR('',#6886,10.);
#1960=VECTOR('',#6891,10.);
#1961=VECTOR('',#6902,1.5625);
#1962=VECTOR('',#6907,10.);
#1963=VECTOR('',#6908,10.);
#1964=VECTOR('',#6909,10.);
#1965=VECTOR('',#6914,10.);
#1966=VECTOR('',#6915,10.);
#1967=VECTOR('',#6920,10.);
#1968=VECTOR('',#6923,10.);
#1969=VECTOR('',#6932,10.);
#1970=VECTOR('',#6933,10.);
#1971=VECTOR('',#6934,10.);
#1972=VECTOR('',#6935,10.);
#1973=VECTOR('',#6942,10.);
#1974=VECTOR('',#6945,10.);
#1975=VECTOR('',#6946,10.);
#1976=VECTOR('',#6947,10.);
#1977=VECTOR('',#6952,2.5);
#1978=VECTOR('',#6959,10.);
#1979=VECTOR('',#6960,10.);
#1980=VECTOR('',#6961,10.);
#1981=VECTOR('',#6962,10.);
#1982=VECTOR('',#6963,10.);
#1983=VECTOR('',#6964,10.);
#1984=VECTOR('',#6967,10.);
#1985=VECTOR('',#6968,10.);
#1986=VECTOR('',#6971,10.);
#1987=VECTOR('',#6972,10.);
#1988=VECTOR('',#6973,10.);
#1989=VECTOR('',#6976,10.);
#1990=VECTOR('',#6977,10.);
#1991=VECTOR('',#6980,10.);
#1992=VECTOR('',#6985,2.325);
#1993=VECTOR('',#6990,10.);
#1994=VECTOR('',#6991,10.);
#1995=VECTOR('',#6992,10.);
#1996=VECTOR('',#6993,10.);
#1997=VECTOR('',#6996,10.);
#1998=VECTOR('',#6997,10.);
#1999=VECTOR('',#6998,10.);
#2000=VECTOR('',#7001,10.);
#2001=VECTOR('',#7002,10.);
#2002=VECTOR('',#7003,10.);
#2003=VECTOR('',#7006,10.);
#2004=VECTOR('',#7007,10.);
#2005=VECTOR('',#7008,10.);
#2006=VECTOR('',#7011,10.);
#2007=VECTOR('',#7012,10.);
#2008=VECTOR('',#7013,10.);
#2009=VECTOR('',#7016,10.);
#2010=VECTOR('',#7023,10.);
#2011=VECTOR('',#7024,10.);
#2012=VECTOR('',#7027,10.);
#2013=VECTOR('',#7028,10.);
#2014=VECTOR('',#7029,10.);
#2015=VECTOR('',#7030,10.);
#2016=VECTOR('',#7035,10.);
#2017=VECTOR('',#7038,10.);
#2018=VECTOR('',#7039,10.);
#2019=VECTOR('',#7044,10.);
#2020=VECTOR('',#7049,10.);
#2021=VECTOR('',#7056,10.);
#2022=VECTOR('',#7063,10.);
#2023=VECTOR('',#7064,10.);
#2024=VECTOR('',#7075,10.);
#2025=VECTOR('',#7076,10.);
#2026=VECTOR('',#7083,10.);
#2027=VECTOR('',#7086,10.);
#2028=VECTOR('',#7089,10.);
#2029=VECTOR('',#7090,10.);
#2030=VECTOR('',#7091,10.);
#2031=VECTOR('',#7096,10.);
#2032=VECTOR('',#7101,10.);
#2033=VECTOR('',#7102,10.);
#2034=VECTOR('',#7103,10.);
#2035=VECTOR('',#7108,10.);
#2036=VECTOR('',#7113,10.);
#2037=VECTOR('',#7114,10.);
#2038=VECTOR('',#7115,10.);
#2039=VECTOR('',#7120,10.);
#2040=VECTOR('',#7125,10.);
#2041=VECTOR('',#7126,10.);
#2042=VECTOR('',#7127,10.);
#2043=VECTOR('',#7130,10.);
#2044=VECTOR('',#7131,10.);
#2045=VECTOR('',#7132,10.);
#2046=VECTOR('',#7135,10.);
#2047=VECTOR('',#7136,10.);
#2048=VECTOR('',#7137,10.);
#2049=VECTOR('',#7138,10.);
#2050=VECTOR('',#7141,10.);
#2051=VECTOR('',#7142,10.);
#2052=VECTOR('',#7145,10.);
#2053=VECTOR('',#7146,10.);
#2054=VECTOR('',#7147,10.);
#2055=VECTOR('',#7148,10.);
#2056=VECTOR('',#7149,10.);
#2057=VECTOR('',#7150,10.);
#2058=VECTOR('',#7151,10.);
#2059=VECTOR('',#7154,10.);
#2060=VECTOR('',#7157,10.);
#2061=VECTOR('',#7168,10.);
#2062=VECTOR('',#7169,10.);
#2063=VECTOR('',#7170,10.);
#2064=VECTOR('',#7173,10.);
#2065=VECTOR('',#7174,10.);
#2066=VECTOR('',#7175,10.);
#2067=VECTOR('',#7180,10.);
#2068=VECTOR('',#7181,10.);
#2069=VECTOR('',#7182,10.);
#2070=VECTOR('',#7185,10.);
#2071=VECTOR('',#7186,10.);
#2072=VECTOR('',#7191,10.);
#2073=VECTOR('',#7192,10.);
#2074=VECTOR('',#7193,10.);
#2075=VECTOR('',#7196,10.);
#2076=VECTOR('',#7197,10.);
#2077=VECTOR('',#7198,10.);
#2078=VECTOR('',#7199,10.);
#2079=VECTOR('',#7204,10.);
#2080=VECTOR('',#7205,10.);
#2081=VECTOR('',#7206,10.);
#2082=VECTOR('',#7207,10.);
#2083=VECTOR('',#7208,10.);
#2084=VECTOR('',#7209,10.);
#2085=VECTOR('',#7218,10.);
#2086=VECTOR('',#7221,10.);
#2087=VECTOR('',#7222,10.);
#2088=VECTOR('',#7223,10.);
#2089=VECTOR('',#7226,10.);
#2090=VECTOR('',#7227,10.);
#2091=VECTOR('',#7230,10.);
#2092=VECTOR('',#7235,10.);
#2093=VECTOR('',#7238,10.);
#2094=VECTOR('',#7241,10.);
#2095=VECTOR('',#7242,10.);
#2096=VECTOR('',#7245,10.);
#2097=VECTOR('',#7246,10.);
#2098=VECTOR('',#7251,10.);
#2099=VECTOR('',#7252,10.);
#2100=VECTOR('',#7255,10.);
#2101=VECTOR('',#7256,10.);
#2102=VECTOR('',#7261,10.);
#2103=VECTOR('',#7266,10.);
#2104=VECTOR('',#7269,10.);
#2105=VECTOR('',#7276,10.);
#2106=VECTOR('',#7277,10.);
#2107=VECTOR('',#7282,10.);
#2108=VECTOR('',#7283,10.);
#2109=VECTOR('',#7288,10.);
#2110=VECTOR('',#7291,10.);
#2111=VECTOR('',#7292,10.);
#2112=VECTOR('',#7293,10.);
#2113=VECTOR('',#7294,10.);
#2114=VECTOR('',#7297,10.);
#2115=VECTOR('',#7298,10.);
#2116=VECTOR('',#7299,10.);
#2117=VECTOR('',#7302,10.);
#2118=VECTOR('',#7303,10.);
#2119=VECTOR('',#7304,10.);
#2120=VECTOR('',#7311,10.);
#2121=VECTOR('',#7312,10.);
#2122=VECTOR('',#7313,10.);
#2123=VECTOR('',#7314,10.);
#2124=VECTOR('',#7331,10.);
#2125=VECTOR('',#7346,10.);
#2126=VECTOR('',#7355,10.);
#2127=VECTOR('',#7358,10.);
#2128=VECTOR('',#7365,10.);
#2129=VECTOR('',#7370,10.);
#2130=VECTOR('',#7379,10.);
#2131=VECTOR('',#7382,10.);
#2132=VECTOR('',#7387,10.);
#2133=VECTOR('',#7396,10.);
#2134=VECTOR('',#7401,10.);
#2135=VECTOR('',#7404,10.);
#2136=VECTOR('',#7411,10.);
#2137=VECTOR('',#7412,10.);
#2138=VECTOR('',#7421,10.);
#2139=VECTOR('',#7438,10.);
#2140=VECTOR('',#7447,10.);
#2141=VECTOR('',#7450,10.);
#2142=VECTOR('',#7451,10.);
#2143=VECTOR('',#7460,10.);
#2144=VECTOR('',#7467,10.);
#2145=VECTOR('',#7474,10.);
#2146=VECTOR('',#7491,10.);
#2147=VECTOR('',#7494,10.);
#2148=VECTOR('',#7495,10.);
#2149=VECTOR('',#7498,10.);
#2150=VECTOR('',#7501,10.);
#2151=VECTOR('',#7506,10.);
#2152=VECTOR('',#7509,2.325);
#2153=VECTOR('',#7516,2.325);
#2154=VECTOR('',#7523,10.);
#2155=VECTOR('',#7526,10.);
#2156=VECTOR('',#7529,10.);
#2157=VECTOR('',#7538,10.);
#2158=VECTOR('',#7539,10.);
#2159=VECTOR('',#7540,10.);
#2160=VECTOR('',#7545,10.);
#2161=VECTOR('',#7552,3.17500000000001);
#2162=VECTOR('',#7559,10.);
#2163=VECTOR('',#7562,10.);
#2164=VECTOR('',#7563,10.);
#2165=VECTOR('',#7568,10.);
#2166=VECTOR('',#7571,10.);
#2167=VECTOR('',#7574,10.);
#2168=VECTOR('',#7579,10.);
#2169=VECTOR('',#7580,10.);
#2170=VECTOR('',#7583,10.);
#2171=VECTOR('',#7586,10.);
#2172=VECTOR('',#7589,10.);
#2173=VECTOR('',#7592,10.);
#2174=VECTOR('',#7595,10.);
#2175=VECTOR('',#7598,10.);
#2176=VECTOR('',#7603,10.);
#2177=VECTOR('',#7604,10.);
#2178=VECTOR('',#7605,10.);
#2179=VECTOR('',#7608,10.);
#2180=VECTOR('',#7609,10.);
#2181=VECTOR('',#7610,10.);
#2182=VECTOR('',#7613,10.);
#2183=VECTOR('',#7616,10.);
#2184=VECTOR('',#7617,10.);
#2185=VECTOR('',#7622,10.);
#2186=VECTOR('',#7625,10.);
#2187=VECTOR('',#7628,10.);
#2188=VECTOR('',#7631,10.);
#2189=VECTOR('',#7632,10.);
#2190=VECTOR('',#7637,10.);
#2191=VECTOR('',#7646,10.);
#2192=VECTOR('',#7647,10.);
#2193=VECTOR('',#7650,10.);
#2194=VECTOR('',#7651,10.);
#2195=VECTOR('',#7678,10.);
#2196=VECTOR('',#7679,10.);
#2197=VECTOR('',#7682,2.325);
#2198=VECTOR('',#7687,2.325);
#2199=VECTOR('',#7692,2.325);
#2200=VECTOR('',#7697,2.325);
#2201=VECTOR('',#7702,10.);
#2202=VECTOR('',#7705,10.);
#2203=VECTOR('',#7708,6.5);
#2204=VECTOR('',#7709,10.);
#2205=VECTOR('',#7710,10.);
#2206=VECTOR('',#7715,10.);
#2207=VECTOR('',#7718,10.);
#2208=VECTOR('',#7723,10.);
#2209=VECTOR('',#7728,10.);
#2210=VECTOR('',#7731,10.);
#2211=VECTOR('',#7732,10.);
#2212=VECTOR('',#7741,6.5);
#2213=VECTOR('',#7744,10.);
#2214=VECTOR('',#7747,10.);
#2215=VECTOR('',#7750,10.);
#2216=VECTOR('',#7751,10.);
#2217=VECTOR('',#7756,6.5);
#2218=VECTOR('',#7761,10.);
#2219=VECTOR('',#7768,6.5);
#2220=VECTOR('',#7773,10.);
#2221=VECTOR('',#7774,10.);
#2222=VECTOR('',#7777,10.);
#2223=VECTOR('',#7780,10.);
#2224=VECTOR('',#7785,10.);
#2225=VECTOR('',#7792,1.55);
#2226=VECTOR('',#7795,10.);
#2227=VECTOR('',#7800,10.);
#2228=VECTOR('',#7809,10.);
#2229=VECTOR('',#7816,10.);
#2230=VECTOR('',#7817,10.);
#2231=VECTOR('',#7824,10.);
#2232=VECTOR('',#7825,10.);
#2233=VECTOR('',#7826,10.);
#2234=VECTOR('',#7827,10.);
#2235=VECTOR('',#7832,10.);
#2236=VECTOR('',#7837,2.5000000372529);
#2237=VECTOR('',#7840,10.);
#2238=VECTOR('',#7841,10.);
#2239=VECTOR('',#7844,10.);
#2240=VECTOR('',#7847,10.);
#2241=VECTOR('',#7852,10.);
#2242=VECTOR('',#7865,2.5000000372529);
#2243=VECTOR('',#7874,1.5625);
#2244=B_SPLINE_CURVE_WITH_KNOTS('',3,(#7951,#7952,#7953,#7954,#7955,#7956,
#7957,#7958,#7959,#7960,#7961,#7962,#7963,#7964,#7965,#7966,#7967,#7968,
#7969,#7970,#7971,#7972,#7973,#7974),.UNSPECIFIED.,.F.,.F.,(4,2,2,2,2,2,
2,2,2,2,2,4),(0.,0.296911503723889,0.573131599839251,0.717996823309431,
0.78584462007479,0.818691990856439,0.834783045904621,0.842593259775633,
0.846194152787188,0.84789712945203,0.848217896119707,0.84833019139359),
 .UNSPECIFIED.);
#2245=B_SPLINE_CURVE_WITH_KNOTS('',3,(#7978,#7979,#7980,#7981,#7982,#7983,
#7984,#7985,#7986,#7987,#7988,#7989,#7990,#7991,#7992,#7993,#7994,#7995,
#7996,#7997,#7998,#7999,#8000,#8001,#8002,#8003,#8004,#8005,#8006,#8007,
#8008,#8009,#8010,#8011,#8012,#8013,#8014,#8015,#8016,#8017,#8018,#8019,
#8020,#8021,#8022,#8023,#8024,#8025,#8026,#8027,#8028,#8029,#8030,#8031,
#8032,#8033,#8034,#8035,#8036,#8037,#8038,#8039,#8040,#8041,#8042,#8043,
#8044,#8045,#8046,#8047),.UNSPECIFIED.,.F.,.F.,(4,3,3,3,3,3,3,3,3,3,3,3,
3,3,3,3,3,3,3,3,3,3,3,4),(0.,0.0652572389610769,0.131973803843298,0.198602190973218,
0.265362844731589,0.33212349848996,0.382561221118116,0.448444649592439,
0.515054168645073,0.581540410076073,0.647174475865682,0.664212375586166,
0.730740617528979,0.765250839886662,0.831497253492663,0.898191681505849,
0.964839719394955,0.996271275523182,1.06282725056117,1.12924741175669,1.1674295622904,
1.23389814571185,1.29952734027774,1.33858822804336),.UNSPECIFIED.);
#2246=B_SPLINE_CURVE_WITH_KNOTS('',3,(#8048,#8049,#8050,#8051,#8052,#8053,
#8054,#8055,#8056),.UNSPECIFIED.,.F.,.F.,(4,1,1,1,1,1,4),(0.852753103928229,
1.21748347263584,1.58221386386679,1.94694425509774,2.31167464632869,2.67640503755964,
2.75636317612966),.UNSPECIFIED.);
#2247=B_SPLINE_CURVE_WITH_KNOTS('',3,(#8064,#8065,#8066,#8067,#8068,#8069,
#8070,#8071,#8072),.UNSPECIFIED.,.F.,.F.,(4,1,1,1,1,1,4),(4.05693648830216,
4.13689983483017,4.5016302290824,4.86636062333462,5.23109101758684,5.59582141183906,
5.96055176241905),.UNSPECIFIED.);
#2248=B_SPLINE_CURVE_WITH_KNOTS('',3,(#8092,#8093,#8094,#8095,#8096,#8097,
#8098,#8099,#8100,#8101,#8102,#8103,#8104,#8105,#8106,#8107,#8108,#8109,
#8110,#8111,#8112,#8113,#8114,#8115,#8116,#8117,#8118,#8119,#8120,#8121,
#8122,#8123,#8124,#8125,#8126,#8127,#8128,#8129,#8130,#8131,#8132,#8133),
 .UNSPECIFIED.,.T.,.F.,(4,2,2,2,2,2,2,2,2,2,2,2,2,2,2,2,2,2,2,2,4),(0.,
0.0201962382653425,0.0403924765306851,0.122255217859769,0.287083335761137,
0.451911453662506,0.586925245669737,0.721939037676969,0.778858664286154,
0.807318477590746,0.835778290895338,0.86423810419993,0.892697917504522,
0.949617544113707,1.08463133612094,1.21964512812817,1.38447324602954,1.54930136393091,
1.63116410525999,1.65136034352533,1.67155658179068),.UNSPECIFIED.);
#2249=B_SPLINE_CURVE_WITH_KNOTS('',3,(#8135,#8136,#8137,#8138,#8139,#8140,
#8141,#8142,#8143,#8144,#8145,#8146,#8147,#8148,#8149,#8150,#8151,#8152,
#8153,#8154,#8155,#8156,#8157,#8158,#8159,#8160,#8161,#8162,#8163,#8164,
#8165,#8166,#8167,#8168,#8169,#8170,#8171,#8172,#8173,#8174,#8175,#8176),
 .UNSPECIFIED.,.T.,.F.,(4,2,2,2,2,2,2,2,2,2,2,2,2,2,2,2,2,2,2,2,4),(0.,
0.0284598132563417,0.0569196265126834,0.113839253025367,0.248890972993042,
0.383942692960717,0.548842776636142,0.713742860311568,0.795628016734149,
0.81582129927345,0.83601458181275,0.856207864352051,0.876401146891351,0.958286303313931,
1.12318638698936,1.28808647066478,1.42313819063246,1.55818991060013,1.61510953711282,
1.64356935036916,1.6720291636255),.UNSPECIFIED.);
#2250=B_SPLINE_CURVE_WITH_KNOTS('',3,(#8238,#8239,#8240,#8241,#8242,#8243,
#8244,#8245,#8246,#8247,#8248,#8249,#8250,#8251,#8252,#8253,#8254,#8255,
#8256,#8257,#8258,#8259,#8260,#8261,#8262,#8263,#8264,#8265,#8266,#8267,
#8268,#8269,#8270,#8271,#8272,#8273,#8274,#8275,#8276,#8277,#8278,#8279,
#8280,#8281,#8282,#8283,#8284,#8285,#8286,#8287,#8288,#8289,#8290,#8291,
#8292,#8293,#8294,#8295,#8296,#8297,#8298,#8299,#8300,#8301,#8302,#8303,
#8304,#8305,#8306,#8307),.UNSPECIFIED.,.F.,.F.,(4,3,3,3,3,3,3,3,3,3,3,3,
3,3,3,3,3,3,3,3,3,3,3,4),(0.,0.064689653409767,0.131525023624974,0.198245861149815,
0.265138497710205,0.332031134270596,0.398726196729399,0.465492698709718,
0.531606350698449,0.574132031065785,0.640651693362795,0.664065789585301,
0.729548235784511,0.796071833083658,0.862669336807694,0.928621872026454,
0.956801456477201,0.996112352154062,1.06226839169378,1.12866439102235,1.16735185932693,
1.23375117006204,1.29969873394769,1.33858277849537),.UNSPECIFIED.);
#2251=B_SPLINE_CURVE_WITH_KNOTS('',3,(#8310,#8311,#8312,#8313,#8314,#8315,
#8316,#8317,#8318,#8319,#8320,#8321,#8322,#8323,#8324,#8325,#8326,#8327,
#8328,#8329,#8330,#8331,#8332,#8333),.UNSPECIFIED.,.F.,.F.,(4,2,2,2,2,2,
2,2,2,2,2,4),(-6.2691574599419E-5,0.,0.000228351062503167,0.00134599635257469,
0.00370597091387762,0.00879623306005335,0.0192631873702821,0.0406173568968595,
0.0847178113391998,0.178872036946352,0.358483747012925,0.551548288135232),
 .UNSPECIFIED.);
#2252=B_SPLINE_CURVE_WITH_KNOTS('',3,(#8343,#8344,#8345,#8346,#8347,#8348,
#8349,#8350,#8351,#8352),.UNSPECIFIED.,.F.,.F.,(4,2,2,2,4),(11.3511564986589,
12.3279617245366,14.2989783237346,16.2699949229326,16.3659958328925),
 .UNSPECIFIED.);
#2253=B_SPLINE_CURVE_WITH_KNOTS('',3,(#8355,#8356,#8357,#8358,#8359,#8360,
#8361,#8362,#8363,#8364),.UNSPECIFIED.,.F.,.F.,(4,2,2,2,4),(33.5513661183398,
33.5739212825114,35.5725798003177,37.571238318124,38.569032967107),
 .UNSPECIFIED.);
#2254=B_SPLINE_CURVE_WITH_KNOTS('',3,(#8378,#8379,#8380,#8381,#8382,#8383,
#8384,#8385,#8386,#8387,#8388,#8389,#8390,#8391,#8392,#8393,#8394,#8395,
#8396,#8397,#8398,#8399,#8400,#8401,#8402,#8403,#8404,#8405,#8406,#8407,
#8408,#8409,#8410,#8411,#8412,#8413,#8414,#8415,#8416,#8417,#8418,#8419),
 .UNSPECIFIED.,.T.,.F.,(4,2,2,2,2,2,2,2,2,2,2,2,2,2,2,2,2,2,2,2,4),(0.,
0.0305433825391178,0.0610867650782356,0.122173530156471,0.251577199656944,
0.380980869157416,0.495491291649779,0.610001714142141,0.667451463782906,
0.696176338603289,0.724901213423671,0.753626088244054,0.782350963064436,
0.839800712705201,0.954311135197564,1.06882155768993,1.1982252271904,1.32762889669087,
1.38871566176911,1.41925904430822,1.44980242684734),.UNSPECIFIED.);
#2255=B_SPLINE_CURVE_WITH_KNOTS('',3,(#8421,#8422,#8423,#8424,#8425,#8426,
#8427,#8428,#8429,#8430,#8431,#8432,#8433,#8434,#8435,#8436,#8437,#8438,
#8439,#8440,#8441,#8442,#8443,#8444,#8445,#8446,#8447,#8448,#8449,#8450,
#8451,#8452,#8453,#8454,#8455,#8456,#8457,#8458,#8459,#8460,#8461,#8462),
 .UNSPECIFIED.,.T.,.F.,(4,2,2,2,2,2,2,2,2,2,2,2,2,2,2,2,2,2,2,2,4),(0.,
0.0287248748203825,0.057449749640765,0.11489949928153,0.229409921773893,
0.343920344266255,0.473324013766728,0.6027276832672,0.663814448345436,0.694357830884553,
0.724901213423671,0.755444595962789,0.785987978501907,0.847074743580142,
0.976478413080615,1.10588208258109,1.22039250507345,1.33490292756581,1.39235267720658,
1.42107755202696,1.44980242684734),.UNSPECIFIED.);
#2256=B_SPLINE_CURVE_WITH_KNOTS('',3,(#8464,#8465,#8466,#8467,#8468,#8469,
#8470,#8471,#8472,#8473,#8474,#8475,#8476,#8477,#8478,#8479,#8480,#8481,
#8482,#8483,#8484,#8485,#8486,#8487,#8488,#8489,#8490,#8491,#8492,#8493,
#8494,#8495,#8496,#8497,#8498,#8499,#8500,#8501,#8502,#8503,#8504,#8505),
 .UNSPECIFIED.,.T.,.F.,(4,2,2,2,2,2,2,2,2,2,2,2,2,2,2,2,2,2,2,2,4),(0.,
0.0284840105011839,0.0569680210023679,0.113936042004736,0.235951319085544,
0.357966596166352,0.499224616732925,0.640482637299498,0.715467344099651,
0.73676952902768,0.758071713955708,0.779373898883737,0.800676083811765,
0.875660790611918,1.01691881117849,1.15817683174506,1.28019210882587,1.40220738590668,
1.45917540690905,1.48765941741023,1.51614342791142),.UNSPECIFIED.);
#2257=B_SPLINE_CURVE_WITH_KNOTS('',3,(#8507,#8508,#8509,#8510,#8511,#8512,
#8513,#8514,#8515,#8516,#8517,#8518,#8519,#8520,#8521,#8522,#8523,#8524,
#8525,#8526,#8527,#8528,#8529,#8530,#8531,#8532,#8533,#8534,#8535,#8536,
#8537,#8538,#8539,#8540,#8541,#8542,#8543,#8544,#8545,#8546,#8547,#8548),
 .UNSPECIFIED.,.T.,.F.,(4,2,2,2,2,2,2,2,2,2,2,2,2,2,2,2,2,2,2,2,4),(0.,
0.021304428742394,0.0426088574847881,0.117582553956156,0.258797475144664,
0.400012396333172,0.522000885591976,0.643989374850779,0.700957452660711,
0.729441491565676,0.757925530470642,0.786409569375608,0.814893608280573,
0.871861686090505,0.993850175349308,1.11583866460811,1.25705358579662,1.39826850698513,
1.4732422034565,1.49454663219889,1.51585106094128),.UNSPECIFIED.);
#2258=B_SPLINE_CURVE_WITH_KNOTS('',3,(#8561,#8562,#8563,#8564,#8565,#8566,
#8567,#8568,#8569,#8570),.UNSPECIFIED.,.F.,.F.,(4,2,2,2,4),(11.5259514570583,
12.5237461060413,14.5224046238476,16.5210631416539,16.5436183058255),
 .UNSPECIFIED.);
#2259=B_SPLINE_CURVE_WITH_KNOTS('',3,(#8573,#8574,#8575,#8576,#8577,#8578,
#8579,#8580,#8581,#8582),.UNSPECIFIED.,.F.,.F.,(4,2,2,2,4),(32.9458510652542,
33.041851975214,35.012868574412,36.98388517361,37.9606903994878),
 .UNSPECIFIED.);
#2260=B_SPLINE_CURVE_WITH_KNOTS('',3,(#8599,#8600,#8601,#8602,#8603,#8604,
#8605,#8606,#8607,#8608,#8609,#8610,#8611,#8612,#8613,#8614,#8615,#8616,
#8617,#8618),.UNSPECIFIED.,.F.,.F.,(4,2,2,2,2,2,2,2,2,4),(-19.7073260417264,
-15.4029146450636,-12.8380773839725,-11.2622139652627,-10.3332127522448,
-9.55184197489723,-8.65577855820318,-6.97341815889794,-4.64695978201756,
0.),.UNSPECIFIED.);
#2261=B_SPLINE_CURVE_WITH_KNOTS('',3,(#8619,#8620,#8621,#8622,#8623,#8624,
#8625,#8626,#8627,#8628,#8629,#8630,#8631,#8632,#8633,#8634,#8635,#8636,
#8637,#8638),.UNSPECIFIED.,.F.,.F.,(4,2,2,2,2,2,2,2,2,4),(-20.2790001494766,
-15.9396268708061,-13.2497001780942,-11.5971727595591,-10.6241934732076,
-9.80962273807183,-8.87899255126615,-7.14843306956607,-4.7656438343279,
0.),.UNSPECIFIED.);
#2262=B_SPLINE_CURVE_WITH_KNOTS('',3,(#8679,#8680,#8681,#8682,#8683,#8684,
#8685,#8686,#8687,#8688,#8689,#8690,#8691,#8692,#8693,#8694,#8695,#8696,
#8697,#8698,#8699,#8700,#8701,#8702,#8703,#8704,#8705,#8706,#8707,#8708,
#8709,#8710,#8711,#8712,#8713,#8714,#8715,#8716,#8717,#8718,#8719,#8720),
 .UNSPECIFIED.,.T.,.F.,(4,2,2,2,2,2,2,2,2,2,2,2,2,2,2,2,2,2,2,2,4),(0.,
0.0289989878204888,0.0579979756409776,0.200393927244247,0.475966765830992,
0.751539604417736,0.95437604548238,1.15721248654702,1.24183676183299,1.28414889947597,
1.32646103711895,1.36877317476193,1.41108531240492,1.49570958769088,1.69854602875552,
1.90138246982017,2.17695530840691,2.45252814699366,2.59492409859693,2.62392308641741,
2.6529220742379),.UNSPECIFIED.);
#2263=B_SPLINE_CURVE_WITH_KNOTS('',3,(#8755,#8756,#8757,#8758,#8759,#8760,
#8761,#8762,#8763,#8764,#8765,#8766,#8767,#8768,#8769,#8770,#8771,#8772,
#8773,#8774,#8775,#8776,#8777,#8778),.UNSPECIFIED.,.F.,.F.,(4,2,2,2,2,2,
2,2,2,2,2,4),(0.,0.0309425655442467,0.0618851310884935,0.142105318019218,
0.222325504949943,0.524873169113126,0.827420833276309,1.04384305580999,
1.26026527834368,1.35106544681671,1.39646553105323,1.44186561528975),
 .UNSPECIFIED.);
#2264=B_SPLINE_CURVE_WITH_KNOTS('',3,(#8779,#8780,#8781,#8782,#8783,#8784,
#8785,#8786,#8787,#8788,#8789,#8790,#8791,#8792,#8793,#8794,#8795,#8796,
#8797,#8798,#8799,#8800,#8801,#8802),.UNSPECIFIED.,.F.,.F.,(4,2,2,2,2,2,
2,2,2,2,2,4),(1.44186561528975,1.48726569952626,1.53266578376278,1.62346595223582,
1.8398881747695,2.05631039730318,2.35885806146637,2.66140572562955,2.74162591256027,
2.821846099491,2.85278866503525,2.88373123057949),.UNSPECIFIED.);
#2265=B_SPLINE_CURVE_WITH_KNOTS('',3,(#8814,#8815,#8816,#8817,#8818,#8819),
 .UNSPECIFIED.,.F.,.F.,(4,2,4),(29.8913676143843,30.0376906061306,30.0846447355153),
 .UNSPECIFIED.);
#2266=B_SPLINE_CURVE_WITH_KNOTS('',3,(#8830,#8831,#8832,#8833),
 .UNSPECIFIED.,.F.,.F.,(4,4),(17.738331740872,17.9304744633709),
 .UNSPECIFIED.);
#2267=B_SPLINE_CURVE_WITH_KNOTS('',3,(#8837,#8838,#8839,#8840),
 .UNSPECIFIED.,.F.,.F.,(4,4),(0.0517631865212326,0.463382035548297),
 .UNSPECIFIED.);
#2268=B_SPLINE_CURVE_WITH_KNOTS('',3,(#8868,#8869,#8870,#8871),
 .UNSPECIFIED.,.F.,.F.,(4,4),(31.1036022869785,31.1806760260193),
 .UNSPECIFIED.);
#2269=B_SPLINE_CURVE_WITH_KNOTS('',3,(#8875,#8876,#8877,#8878),
 .UNSPECIFIED.,.F.,.F.,(4,4),(23.735979883126,23.7414028026835),
 .UNSPECIFIED.);
#2270=B_SPLINE_CURVE_WITH_KNOTS('',3,(#8880,#8881,#8882,#8883),
 .UNSPECIFIED.,.F.,.F.,(4,4),(12.4289329931911,12.4294854092633),
 .UNSPECIFIED.);
#2271=B_SPLINE_CURVE_WITH_KNOTS('',3,(#8885,#8886,#8887,#8888),
 .UNSPECIFIED.,.F.,.F.,(4,4),(-2.05154849053199,0.),.UNSPECIFIED.);
#2272=B_SPLINE_CURVE_WITH_KNOTS('',3,(#8890,#8891,#8892,#8893,#8894,#8895,
#8896,#8897,#8898,#8899),.UNSPECIFIED.,.F.,.F.,(4,2,2,2,4),(32.9458510652542,
33.041851975214,35.012868574412,36.98388517361,37.9606903994878),
 .UNSPECIFIED.);
#2273=B_SPLINE_CURVE_WITH_KNOTS('',3,(#8903,#8904,#8905,#8906),
 .UNSPECIFIED.,.F.,.F.,(4,4),(22.7821151328713,29.5558174584626),
 .UNSPECIFIED.);
#2274=B_SPLINE_CURVE_WITH_KNOTS('',3,(#8937,#8938,#8939,#8940,#8941,#8942,
#8943,#8944,#8945,#8946,#8947,#8948,#8949,#8950,#8951,#8952,#8953,#8954,
#8955,#8956),.UNSPECIFIED.,.F.,.F.,(4,2,2,2,2,2,2,2,2,4),(-17.0589798694869,
-15.4029146450645,-12.8380773839725,-11.2622139652627,-10.3332127522448,
-9.55184197489724,-8.65577855820318,-6.97341815889794,-4.64695978201756,
-2.58039589739042),.UNSPECIFIED.);
#2275=B_SPLINE_CURVE_WITH_KNOTS('',3,(#8966,#8967,#8968,#8969),
 .UNSPECIFIED.,.F.,.F.,(4,4),(17.4019908374422,17.5772357898408),
 .UNSPECIFIED.);
#2276=B_SPLINE_CURVE_WITH_KNOTS('',3,(#8973,#8974,#8975,#8976),
 .UNSPECIFIED.,.F.,.F.,(4,4),(17.5287397677153,17.8462301326485),
 .UNSPECIFIED.);
#2277=B_SPLINE_CURVE_WITH_KNOTS('',3,(#8981,#8982,#8983,#8984,#8985,#8986),
 .UNSPECIFIED.,.F.,.F.,(4,1,1,4),(3.41709686788793,6.36561355560485,8.34519748897771,
10.1975748613599),.UNSPECIFIED.);
#2278=B_SPLINE_CURVE_WITH_KNOTS('',3,(#8990,#8991,#8992,#8993,#8994,#8995),
 .UNSPECIFIED.,.F.,.F.,(4,1,1,4),(18.1348528521659,19.9872351607709,20.9770271274573,
24.9153358220704),.UNSPECIFIED.);
#2279=B_SPLINE_CURVE_WITH_KNOTS('',3,(#8999,#9000,#9001,#9002,#9003,#9004),
 .UNSPECIFIED.,.F.,.F.,(4,2,4),(17.3694183268131,17.4053624435133,17.5627531586846),
 .UNSPECIFIED.);
#2280=B_SPLINE_CURVE_WITH_KNOTS('',3,(#9008,#9009,#9010,#9011),
 .UNSPECIFIED.,.F.,.F.,(4,4),(29.4245848593891,29.7420752243222),
 .UNSPECIFIED.);
#2281=B_SPLINE_CURVE_WITH_KNOTS('',3,(#9015,#9016,#9017,#9018),
 .UNSPECIFIED.,.F.,.F.,(4,4),(27.8852332435169,28.0604781959154),
 .UNSPECIFIED.);
#2282=B_SPLINE_CURVE_WITH_KNOTS('',3,(#9021,#9022,#9023,#9024,#9025,#9026,
#9027,#9028,#9029,#9030,#9031,#9032,#9033,#9034,#9035,#9036),
 .UNSPECIFIED.,.F.,.F.,(4,3,3,3,3,4),(0.567031678381698,0.608197053586139,
0.636795731203399,0.678030108732805,0.718589884105683,0.725338476810296),
 .UNSPECIFIED.);
#2283=B_SPLINE_CURVE_WITH_KNOTS('',3,(#9046,#9047,#9048,#9049,#9050,#9051),
 .UNSPECIFIED.,.F.,.F.,(4,2,4),(0.,0.192347416575938,0.261598173239447),
 .UNSPECIFIED.);
#2284=B_SPLINE_CURVE_WITH_KNOTS('',3,(#9060,#9061,#9062,#9063,#9064,#9065,
#9066,#9067,#9068,#9069,#9070,#9071,#9072,#9073,#9074,#9075,#9076,#9077,
#9078,#9079,#9080,#9081,#9082,#9083,#9084,#9085,#9086,#9087),
 .UNSPECIFIED.,.F.,.F.,(4,3,3,3,3,3,3,3,3,4),(0.713889485493886,0.758091967781011,
0.773787747066636,0.807585526782339,0.851860084575179,0.897004309640902,
0.942148534706626,0.987036218678273,1.03241239069165,1.07778856270502),
 .UNSPECIFIED.);
#2285=B_SPLINE_CURVE_WITH_KNOTS('',3,(#9108,#9109,#9110,#9111),
 .UNSPECIFIED.,.F.,.F.,(4,4),(30.9445670838491,31.1367098063479),
 .UNSPECIFIED.);
#2286=B_SPLINE_CURVE_WITH_KNOTS('',3,(#9115,#9116,#9117,#9118),
 .UNSPECIFIED.,.F.,.F.,(4,4),(3.36784442949948,10.1415467550874),
 .UNSPECIFIED.);
#2287=B_SPLINE_CURVE_WITH_KNOTS('',3,(#9122,#9123,#9124,#9125,#9126,#9127,
#9128,#9129,#9130,#9131),.UNSPECIFIED.,.F.,.F.,(4,2,2,2,4),(11.3511564986589,
12.3279617245366,14.2989783237346,16.2699949229326,16.3659958328925),
 .UNSPECIFIED.);
#2288=B_SPLINE_CURVE_WITH_KNOTS('',3,(#9133,#9134,#9135,#9136),
 .UNSPECIFIED.,.F.,.F.,(4,4),(-19.7073260417304,-17.59526652795),
 .UNSPECIFIED.);
#2289=B_SPLINE_CURVE_WITH_KNOTS('',3,(#9140,#9141,#9142,#9143),
 .UNSPECIFIED.,.F.,.F.,(4,4),(18.0100562852005,18.0871300242413),
 .UNSPECIFIED.);
#2290=B_SPLINE_CURVE_WITH_KNOTS('',3,(#9172,#9173,#9174,#9175,#9176,#9177,
#9178,#9179,#9180,#9181),.UNSPECIFIED.,.F.,.F.,(4,2,2,2,4),(-0.709825697358453,
-0.51195145551422,-0.259566207011337,0.,0.00131928115619726),
 .UNSPECIFIED.);
#2291=B_SPLINE_CURVE_WITH_KNOTS('',3,(#9208,#9209,#9210,#9211),
 .UNSPECIFIED.,.F.,.F.,(4,4),(-9.30947913177133,-3.34909103190597),
 .UNSPECIFIED.);
#2292=B_SPLINE_CURVE_WITH_KNOTS('',3,(#9213,#9214,#9215,#9216,#9217,#9218,
#9219,#9220,#9221,#9222,#9223,#9224,#9225,#9226,#9227,#9228,#9229,#9230,
#9231,#9232,#9233,#9234,#9235,#9236,#9237,#9238,#9239,#9240,#9241,#9242,
#9243,#9244,#9245,#9246,#9247,#9248,#9249,#9250,#9251,#9252,#9253,#9254,
#9255),.UNSPECIFIED.,.F.,.F.,(4,3,3,3,3,3,3,3,3,3,3,3,3,3,4),(0.,0.0405371250845901,
0.0818423620965315,0.123212561115682,0.164132929184146,0.176096123009962,
0.203820560048846,0.24499748226213,0.286364015186298,0.327338991909246,
0.352104308503281,0.393405635364796,0.407640592813196,0.448905685588807,
0.48381923364379),.UNSPECIFIED.);
#2293=B_SPLINE_CURVE_WITH_KNOTS('',3,(#9256,#9257,#9258,#9259,#9260,#9261,
#9262,#9263,#9264,#9265,#9266,#9267,#9268,#9269,#9270,#9271,#9272,#9273,
#9274,#9275,#9276,#9277),.UNSPECIFIED.,.F.,.F.,(4,3,3,3,3,3,3,4),(0.,0.0401043795181219,
0.0812711144245887,0.122721227388592,0.163996173066108,0.17564680527095,
0.21699742625623,0.229466472483521),.UNSPECIFIED.);
#2294=B_SPLINE_CURVE_WITH_KNOTS('',3,(#9279,#9280,#9281,#9282,#9283,#9284,
#9285,#9286,#9287,#9288,#9289,#9290,#9291),.UNSPECIFIED.,.F.,.F.,(4,3,3,
3,4),(0.,0.040276573754924,0.0812013617634912,0.122650508130315,0.158555973895849),
 .UNSPECIFIED.);
#2295=B_SPLINE_CURVE_WITH_KNOTS('',3,(#9292,#9293,#9294,#9295),
 .UNSPECIFIED.,.F.,.F.,(4,4),(0.0515205863707523,0.463139450234879),
 .UNSPECIFIED.);
#2296=B_SPLINE_CURVE_WITH_KNOTS('',3,(#9366,#9367,#9368,#9369),
 .UNSPECIFIED.,.F.,.F.,(4,4),(-29.5745708560561,-23.6141827561882),
 .UNSPECIFIED.);
#2297=B_SPLINE_CURVE_WITH_KNOTS('',3,(#9433,#9434,#9435,#9436,#9437,#9438,
#9439,#9440,#9441,#9442),.UNSPECIFIED.,.F.,.F.,(4,2,2,2,4),(-0.705636457783236,
-0.704327395763529,-0.446771785572372,-0.196341510268608,0.),
 .UNSPECIFIED.);
#2298=B_SPLINE_CURVE_WITH_KNOTS('',3,(#9445,#9446,#9447,#9448,#9449,#9450,
#9451,#9452,#9453,#9454),.UNSPECIFIED.,.F.,.F.,(4,2,2,2,4),(2.71550888667486,
2.88521928578945,3.05492968490405,3.22458522120702,3.33425519089498),
 .UNSPECIFIED.);
#2299=B_SPLINE_CURVE_WITH_KNOTS('',3,(#9468,#9469,#9470,#9471,#9472,#9473,
#9474,#9475,#9476,#9477),.UNSPECIFIED.,.F.,.F.,(4,2,2,2,4),(0.739008140297882,
0.848678109985842,1.01833364628881,1.18804404540341,1.35775444451801),
 .UNSPECIFIED.);
#2300=B_SPLINE_CURVE_WITH_KNOTS('',3,(#9519,#9520,#9521,#9522,#9523,#9524,
#9525,#9526,#9527,#9528,#9529,#9530,#9531),.UNSPECIFIED.,.F.,.F.,(4,3,3,
3,4),(0.,0.195727062041462,0.391336339695314,0.586730523060188,0.755207064652166),
 .UNSPECIFIED.);
#2301=B_SPLINE_CURVE_WITH_KNOTS('',3,(#9535,#9536,#9537,#9538,#9539,#9540,
#9541,#9542,#9543,#9544,#9545,#9546,#9547),.UNSPECIFIED.,.F.,.F.,(4,3,3,
3,4),(-0.755207064652166,-0.586730523060188,-0.391336339695314,-0.195727062041462,
0.),.UNSPECIFIED.);
#2302=B_SPLINE_CURVE_WITH_KNOTS('',3,(#9560,#9561,#9562,#9563,#9564,#9565,
#9566,#9567,#9568,#9569,#9570,#9571,#9572,#9573,#9574,#9575,#9576,#9577),
 .UNSPECIFIED.,.F.,.F.,(4,2,2,2,2,2,2,2,4),(4.22742111732821,4.35592167753342,
4.48442223773864,4.61441623182539,4.74441022591214,4.87671019712334,5.00901016833454,
5.14430303596947,5.27959590360439),.UNSPECIFIED.);
#2303=B_SPLINE_CURVE_WITH_KNOTS('',3,(#9586,#9587,#9588,#9589,#9590,#9591),
 .UNSPECIFIED.,.F.,.F.,(4,1,1,4),(-10.3247814223506,-8.34519748897771,-6.36561355560485,
-3.39623766135486),.UNSPECIFIED.);
#2304=B_SPLINE_CURVE_WITH_KNOTS('',3,(#9645,#9646,#9647,#9648,#9649,#9650),
 .UNSPECIFIED.,.F.,.F.,(4,1,1,4),(-24.9361949883938,-20.9770271274573,-19.9872351607709,
-18.007651227398),.UNSPECIFIED.);
#2305=B_SPLINE_CURVE_WITH_KNOTS('',3,(#9664,#9665,#9666,#9667,#9668,#9669,
#9670,#9671,#9672,#9673,#9674,#9675,#9676,#9677,#9678,#9679,#9680,#9681),
 .UNSPECIFIED.,.F.,.F.,(4,2,2,2,2,2,2,2,4),(3.17524633105202,3.31053919868695,
3.44583206632187,3.57813203753308,3.71043200874428,3.84042600283103,3.97041999691778,
4.09892055712299,4.22742111732821),.UNSPECIFIED.);
#2306=B_SPLINE_CURVE_WITH_KNOTS('',3,(#9748,#9749,#9750,#9751,#9752,#9753,
#9754,#9755,#9756,#9757,#9758,#9759,#9760,#9761,#9762,#9763),
 .UNSPECIFIED.,.F.,.F.,(4,3,3,3,3,4),(0.24364476031994,0.390326620726212,
0.585552995196066,0.780988282776716,0.889665880720357,0.998357478059763),
 .UNSPECIFIED.);
#2307=B_SPLINE_CURVE_WITH_KNOTS('',3,(#9766,#9767,#9768,#9769,#9770,#9771,
#9772,#9773,#9774,#9775,#9776,#9777,#9778,#9779,#9780,#9781),
 .UNSPECIFIED.,.F.,.F.,(4,3,3,3,3,4),(-0.998357478059763,-0.889665880720357,
-0.780988282776716,-0.585552995196066,-0.390326620726212,-0.24364476031994),
 .UNSPECIFIED.);
#2308=B_SPLINE_CURVE_WITH_KNOTS('',3,(#9800,#9801,#9802,#9803,#9804,#9805,
#9806,#9807,#9808,#9809,#9810,#9811,#9812,#9813,#9814,#9815,#9816,#9817),
 .UNSPECIFIED.,.F.,.F.,(4,2,2,2,2,2,2,2,4),(5.45517532612311,5.87952783713631,
6.3038803481495,6.4921901817055,6.6805000152615,6.81041400891587,6.94032800257023,
7.04437414057616,7.1484202785821),.UNSPECIFIED.);
#2309=B_SPLINE_CURVE_WITH_KNOTS('',3,(#9822,#9823,#9824,#9825,#9826,#9827,
#9828,#9829,#9830,#9831,#9832,#9833,#9834,#9835,#9836,#9837,#9838,#9839),
 .UNSPECIFIED.,.F.,.F.,(4,2,2,2,2,2,2,2,4),(7.1484202785821,7.25246641658803,
7.35651255459396,7.48642654824832,7.61634054190269,7.80465037545869,7.99296020901469,
8.41731272002789,8.84166523104108),.UNSPECIFIED.);
#2310=B_SPLINE_CURVE_WITH_KNOTS('',3,(#9846,#9847,#9848,#9849),
 .UNSPECIFIED.,.F.,.F.,(4,4),(14.2336208204957,14.5890825729689),
 .UNSPECIFIED.);
#2311=B_SPLINE_CURVE_WITH_KNOTS('',3,(#9851,#9852,#9853,#9854),
 .UNSPECIFIED.,.F.,.F.,(4,4),(14.1713177053361,14.2336208204957),
 .UNSPECIFIED.);
#2312=B_SPLINE_CURVE_WITH_KNOTS('',3,(#9863,#9864,#9865,#9866),
 .UNSPECIFIED.,.F.,.F.,(4,4),(3.8725393848531,3.87309223794463),
 .UNSPECIFIED.);
#2313=B_SPLINE_CURVE_WITH_KNOTS('',3,(#9902,#9903,#9904,#9905),
 .UNSPECIFIED.,.F.,.F.,(4,4),(24.084122353363,24.4725046342596),
 .UNSPECIFIED.);
#2314=B_SPLINE_CURVE_WITH_KNOTS('',3,(#9906,#9907,#9908,#9909),
 .UNSPECIFIED.,.F.,.F.,(4,4),(24.0605615625407,24.084122353363),
 .UNSPECIFIED.);
#2315=B_SPLINE_CURVE_WITH_KNOTS('',3,(#9998,#9999,#10000,#10001,#10002,
#10003,#10004,#10005,#10006,#10007),.UNSPECIFIED.,.F.,.F.,(4,2,2,2,4),(1.02150294682125,
1.0247473680344,1.03943767766446,1.05412798729453,1.05737240850768),
 .UNSPECIFIED.);
#2316=B_SPLINE_CURVE_WITH_KNOTS('',3,(#10306,#10307,#10308,#10309,#10310,
#10311),.UNSPECIFIED.,.F.,.F.,(4,2,4),(-0.448376732659145,-0.24662151942704,
-0.0259044362810812),.UNSPECIFIED.);
#2317=B_SPLINE_CURVE_WITH_KNOTS('',3,(#10313,#10314,#10315,#10316),
 .UNSPECIFIED.,.F.,.F.,(4,4),(-2.05298229140792,0.),.UNSPECIFIED.);
#2318=B_SPLINE_CURVE_WITH_KNOTS('',3,(#10317,#10318,#10319,#10320,#10321,
#10322,#10323,#10324,#10325,#10326),.UNSPECIFIED.,.F.,.F.,(4,2,2,2,4),(33.5513661183398,
33.5739212825114,35.5725798003177,37.571238318124,38.569032967107),
 .UNSPECIFIED.);
#2319=B_SPLINE_CURVE_WITH_KNOTS('',3,(#10330,#10331,#10332,#10333,#10334,
#10335,#10336,#10337,#10338,#10339),.UNSPECIFIED.,.F.,.F.,(4,2,2,2,4),(11.5259514570583,
12.5237461060413,14.5224046238476,16.5210631416539,16.5436183058255),
 .UNSPECIFIED.);
#2320=B_SPLINE_CURVE_WITH_KNOTS('',3,(#10340,#10341,#10342,#10343),
 .UNSPECIFIED.,.F.,.F.,(4,4),(-20.2790001494766,-18.1620857246873),
 .UNSPECIFIED.);
#2321=B_SPLINE_CURVE_WITH_KNOTS('',3,(#10344,#10345,#10346,#10347,#10348,
#10349),.UNSPECIFIED.,.F.,.F.,(4,2,4),(-0.533210906990302,-0.250368638013728,
-0.1465673501571),.UNSPECIFIED.);
#2322=B_SPLINE_CURVE_WITH_KNOTS('',3,(#10350,#10351,#10352,#10353,#10354,
#10355,#10356,#10357,#10358,#10359,#10360,#10361,#10362,#10363,#10364,#10365,
#10366,#10367,#10368,#10369),.UNSPECIFIED.,.F.,.F.,(4,2,2,2,2,2,2,2,2,4),
(-17.6179911211876,-15.9396268708061,-13.2497001780942,-11.5971727595591,
-10.6241934732076,-9.80962273807183,-8.87899255126615,-7.14843306956607,
-4.7656438343279,-2.57168776388533),.UNSPECIFIED.);
#2323=B_SPLINE_CURVE_WITH_KNOTS('',3,(#10380,#10381,#10382,#10383,#10384,
#10385,#10386,#10387,#10388,#10389,#10390,#10391,#10392,#10393,#10394,#10395,
#10396,#10397,#10398,#10399,#10400,#10401,#10402,#10403,#10404),
 .UNSPECIFIED.,.F.,.F.,(4,3,3,3,3,3,3,3,4),(0.483819256343238,0.525155779400983,
0.527950380278977,0.569272646579789,0.610466584551143,0.620411351248397,
0.661666133690763,0.702320389337217,0.712866331242101),.UNSPECIFIED.);
#2324=B_SPLINE_CURVE_WITH_KNOTS('',3,(#10407,#10408,#10409,#10410,#10411,
#10412,#10413,#10414,#10415,#10416,#10417,#10418,#10419,#10420,#10421,#10422,
#10423,#10424,#10425,#10426,#10427,#10428),.UNSPECIFIED.,.F.,.F.,(4,3,3,
3,3,3,3,4),(0.,0.0436157009840197,0.0882396437078325,0.133075429771759,
0.177612212186518,0.195197280109683,0.239911258583232,0.243644759048781),
 .UNSPECIFIED.);
#2325=B_SPLINE_CURVE_WITH_KNOTS('',3,(#10429,#10430,#10431,#10432,#10433,
#10434,#10435,#10436,#10437,#10438,#10439,#10440,#10441,#10442,#10443,#10444,
#10445,#10446,#10447,#10448,#10449,#10450),.UNSPECIFIED.,.F.,.F.,(4,3,3,
3,3,3,3,4),(0.755207109164441,0.781937443214759,0.826523628702666,0.871170602486656,
0.890159324912188,0.934836268144987,0.979015730282769,0.998393335113726),
 .UNSPECIFIED.);
#2326=B_SPLINE_CURVE_WITH_KNOTS('',3,(#10557,#10558,#10559,#10560,#10561,
#10562),.UNSPECIFIED.,.F.,.F.,(4,1,1,4),(-12.6537284065528,-11.8672796856188,
-11.3429805383294,-10.8186813910401),.UNSPECIFIED.);
#2327=B_SPLINE_CURVE_WITH_KNOTS('',3,(#10576,#10577,#10578,#10579,#10580,
#10581,#10582,#10583,#10584,#10585,#10586,#10587),.UNSPECIFIED.,.F.,.F.,
(4,2,2,2,2,4),(1.84811051793915,2.01587247338685,2.18363442883456,2.35398298092882,
2.52433153302308,2.68564670242654),.UNSPECIFIED.);
#2328=B_SPLINE_CURVE_WITH_KNOTS('',3,(#10616,#10617,#10618,#10619,#10620),
 .UNSPECIFIED.,.F.,.F.,(4,1,4),(-10.8248261252223,-10.4132556416811,-9.86670827803016),
 .UNSPECIFIED.);
#2329=B_SPLINE_CURVE_WITH_KNOTS('',3,(#10622,#10623,#10624,#10625,#10626,
#10627,#10628,#10629,#10630,#10631,#10632,#10633,#10634,#10635,#10636,#10637,
#10638,#10639,#10640,#10641,#10642,#10643,#10644,#10645,#10646,#10647,#10648,
#10649,#10650,#10651,#10652),.UNSPECIFIED.,.F.,.F.,(4,3,3,3,3,3,3,3,3,3,
4),(-0.955261255673251,-0.823435240145351,-0.698788771592211,-0.580967994961893,
-0.537275115690496,-0.423857085559594,-0.318950519395433,-0.222543892002718,
-0.13487588592492,-0.0381479801351092,0.),.UNSPECIFIED.);
#2330=B_SPLINE_CURVE_WITH_KNOTS('',3,(#11062,#11063,#11064,#11065,#11066,
#11067,#11068,#11069,#11070,#11071,#11072,#11073,#11074,#11075,#11076,#11077,
#11078,#11079,#11080,#11081,#11082,#11083,#11084,#11085,#11086,#11087,#11088,
#11089,#11090,#11091,#11092,#11093,#11094,#11095,#11096,#11097,#11098,#11099,
#11100,#11101,#11102,#11103,#11104,#11105,#11106,#11107),.UNSPECIFIED.,
 .F.,.F.,(4,3,3,3,3,3,3,3,3,3,3,3,3,3,3,4),(0.229466476583745,0.270656989667966,
0.305642587059654,0.346933110808554,0.351370979932306,0.392391504006792,
0.433726672037826,0.474834050333126,0.509437030604444,0.527253079086474,
0.568312430100091,0.609547779625285,0.620043777576677,0.661292180784666,
0.702228120151426,0.712841643638357),.UNSPECIFIED.);
#2331=B_SPLINE_CURVE_WITH_KNOTS('',3,(#11151,#11152,#11153,#11154,#11155,
#11156,#11157,#11158,#11159,#11160,#11161,#11162,#11163,#11164,#11165,#11166,
#11167,#11168,#11169,#11170,#11171,#11172,#11173,#11174,#11175,#11176,#11177,
#11178,#11179,#11180),.UNSPECIFIED.,.F.,.F.,(4,2,2,2,2,2,2,2,2,2,2,2,2,
2,4),(-1.03482678935645,-1.03327608391811,-0.864106240332872,-0.707406491816681,
-0.559820626316817,-0.502087805605814,-0.461425405874044,-0.444169408776735,
-0.437304475234333,-0.43240193039412,-0.427939939582301,-0.420780292719398,
-0.402975738004603,-0.359834380503644,-0.336147573215919),.UNSPECIFIED.);
#2332=B_SPLINE_CURVE_WITH_KNOTS('',3,(#11182,#11183,#11184,#11185,#11186,
#11187,#11188,#11189,#11190,#11191),.UNSPECIFIED.,.F.,.F.,(4,3,3,4),(0.,
0.04557866973513,0.0918756277135155,0.0973441376635357),.UNSPECIFIED.);
#2333=B_SPLINE_CURVE_WITH_KNOTS('',3,(#11193,#11194,#11195,#11196,#11197,
#11198,#11199,#11200,#11201,#11202,#11203,#11204,#11205),.UNSPECIFIED.,
 .F.,.F.,(4,3,3,3,4),(-0.600680662658004,-0.569724646851298,-0.543126183867396,
-0.51771034115207,-0.49244770625952),.UNSPECIFIED.);
#2334=B_SPLINE_CURVE_WITH_KNOTS('',3,(#11206,#11207,#11208,#11209,#11210,
#11211,#11212,#11213,#11214,#11215,#11216,#11217,#11218,#11219,#11220,#11221,
#11222,#11223,#11224,#11225,#11226,#11227,#11228,#11229),.UNSPECIFIED.,
 .F.,.F.,(4,2,2,2,2,2,2,2,2,2,2,4),(-0.49244770625952,-0.491905742720901,
-0.465411236629016,-0.442866961827657,-0.427769971051611,-0.413294468561456,
-0.393744668704965,-0.35104057370854,-0.265725729799227,-0.186217699508023,
-0.096350204303191,0.),.UNSPECIFIED.);
#2335=B_SPLINE_CURVE_WITH_KNOTS('',3,(#11253,#11254,#11255,#11256,#11257,
#11258,#11259,#11260,#11261,#11262),.UNSPECIFIED.,.F.,.F.,(4,3,3,4),(0.954536844978879,
1.00096846169775,1.04700825620787,1.07639071443022),.UNSPECIFIED.);
#2336=B_SPLINE_CURVE_WITH_KNOTS('',3,(#11268,#11269,#11270,#11271,#11272,
#11273,#11274,#11275,#11276,#11277,#11278,#11279,#11280,#11281,#11282,#11283,
#11284,#11285,#11286,#11287,#11288,#11289,#11290,#11291,#11292,#11293,#11294,
#11295,#11296,#11297,#11298,#11299,#11300,#11301,#11302,#11303,#11304,#11305,
#11306,#11307,#11308,#11309,#11310,#11311,#11312,#11313,#11314,#11315,#11316,
#11317,#11318,#11319,#11320,#11321,#11322,#11323,#11324,#11325,#11326,#11327,
#11328,#11329,#11330,#11331,#11332,#11333,#11334,#11335,#11336,#11337,#11338,
#11339,#11340,#11341,#11342,#11343,#11344,#11345,#11346,#11347,#11348,#11349),
 .UNSPECIFIED.,.F.,.F.,(4,3,3,3,3,3,3,3,3,3,3,3,3,3,3,3,3,3,3,3,3,3,3,3,
3,3,3,4),(-0.602845125042371,-0.580391101009329,-0.549298620352293,-0.544757331864319,
-0.51467870987949,-0.484600087894662,-0.456222966967493,-0.426905740749744,
-0.407692828511524,-0.378136602127401,-0.348962597158931,-0.335935361104325,
-0.310557854432799,-0.286045251533157,-0.270238048217365,-0.24702770877499,
-0.238284009008871,-0.22114794690839,-0.207161510463412,-0.191211541096562,
-0.1681187645383,-0.164420042085057,-0.140174139047238,-0.115401963685791,
-0.0898918889966133,-0.0839649937057043,-0.0546902974374887,-0.0523921730534278),
 .UNSPECIFIED.);
#2337=B_SPLINE_CURVE_WITH_KNOTS('',3,(#11351,#11352,#11353,#11354,#11355,
#11356,#11357,#11358,#11359,#11360,#11361,#11362),.UNSPECIFIED.,.F.,.F.,
(4,2,2,2,2,4),(-1.09717473702541,-1.0841763519817,-0.952939078033682,-0.816286224966504,
-0.674815957737325,-0.603039180994267),.UNSPECIFIED.);
#2338=B_SPLINE_CURVE_WITH_KNOTS('',3,(#11409,#11410,#11411,#11412),
 .UNSPECIFIED.,.F.,.F.,(4,4),(-0.348431357210836,-0.20387885031811),
 .UNSPECIFIED.);
#2339=B_SPLINE_CURVE_WITH_KNOTS('',3,(#11443,#11444,#11445,#11446,#11447,
#11448,#11449,#11450,#11451,#11452),.UNSPECIFIED.,.F.,.F.,(4,2,2,2,4),(1.28381561717979,
1.38884082206858,1.49386602695737,1.64880857870052,1.80375113044367),
 .UNSPECIFIED.);
#2340=B_SPLINE_CURVE_WITH_KNOTS('',3,(#11461,#11462,#11463,#11464,#11465,
#11466,#11467,#11468,#11469,#11470),.UNSPECIFIED.,.F.,.F.,(4,2,2,2,4),(0.,
0.154942551743149,0.309885103486299,0.41491030837509,0.519935513263881),
 .UNSPECIFIED.);
#2341=B_SPLINE_CURVE_WITH_KNOTS('',3,(#11535,#11536,#11537,#11538,#11539,
#11540,#11541,#11542,#11543,#11544,#11545,#11546),.UNSPECIFIED.,.F.,.F.,
(4,2,2,2,2,4),(4.70679536933007,4.86811053873353,5.03845909082779,5.20880764292205,
5.37656959836975,5.44817284940413),.UNSPECIFIED.);
#2342=B_SPLINE_CURVE_WITH_KNOTS('',3,(#11602,#11603,#11604,#11605,#11606,
#11607,#11608,#11609,#11610,#11611,#11612,#11613),.UNSPECIFIED.,.F.,.F.,
(4,2,2,2,2,4),(2.27884410812289,2.40977597609919,2.68089920959906,2.82596086112348,
2.9710225126479,3.25490685566141),.UNSPECIFIED.);
#2343=B_SPLINE_CURVE_WITH_KNOTS('',3,(#11637,#11638,#11639,#11640,#11641,
#11642,#11643,#11644,#11645,#11646,#11647,#11648),.UNSPECIFIED.,.F.,.F.,
(4,2,2,2,2,4),(2.16335659894507,2.26095643383099,2.34781624565085,2.4346760574707,
2.60171861107916,2.76876116468762),.UNSPECIFIED.);
#2344=B_SPLINE_CURVE_WITH_KNOTS('',3,(#11655,#11656,#11657,#11658,#11659,
#11660,#11661,#11662,#11663,#11664,#11665,#11666),.UNSPECIFIED.,.F.,.F.,
(4,2,2,2,2,4),(0.922920388229206,1.08996294183766,1.25700549544612,1.34386530726598,
1.43072511908583,1.52832495397155),.UNSPECIFIED.);
#2345=B_SPLINE_CURVE_WITH_KNOTS('',3,(#11671,#11672,#11673,#11674),
 .UNSPECIFIED.,.F.,.F.,(4,4),(2.88902863254058,2.93605876003197),
 .UNSPECIFIED.);
#2346=B_SPLINE_CURVE_WITH_KNOTS('',3,(#11677,#11678,#11679,#11680),
 .UNSPECIFIED.,.F.,.F.,(4,4),(2.38027857514133,2.41956907765405),
 .UNSPECIFIED.);
#2347=B_SPLINE_CURVE_WITH_KNOTS('',3,(#11682,#11683,#11684,#11685,#11686,
#11687,#11688,#11689,#11690,#11691,#11692,#11693),.UNSPECIFIED.,.F.,.F.,
(4,2,2,2,2,4),(1.02242569112311,1.30801757654225,1.4535478492798,1.59907812201734,
1.87131923545038,1.98468171178543),.UNSPECIFIED.);
#2348=B_SPLINE_CURVE_WITH_KNOTS('',3,(#11762,#11763,#11764,#11765,#11766,
#11767,#11768,#11769,#11770,#11771,#11772,#11773,#11774,#11775),
 .UNSPECIFIED.,.F.,.F.,(4,2,2,2,2,2,4),(1.15632825735143,1.28803459571362,
1.31971607099822,1.35139754628282,1.38307902156742,1.41476049685202,1.54646683521421),
 .UNSPECIFIED.);
#2349=VERTEX_POINT('',#7949);
#2350=VERTEX_POINT('',#7950);
#2351=VERTEX_POINT('',#7975);
#2352=VERTEX_POINT('',#7977);
#2353=VERTEX_POINT('',#8058);
#2354=VERTEX_POINT('',#8059);
#2355=VERTEX_POINT('',#8061);
#2356=VERTEX_POINT('',#8063);
#2357=VERTEX_POINT('',#8073);
#2358=VERTEX_POINT('',#8075);
#2359=VERTEX_POINT('',#8077);
#2360=VERTEX_POINT('',#8079);
#2361=VERTEX_POINT('',#8081);
#2362=VERTEX_POINT('',#8083);
#2363=VERTEX_POINT('',#8086);
#2364=VERTEX_POINT('',#8088);
#2365=VERTEX_POINT('',#8091);
#2366=VERTEX_POINT('',#8134);
#2367=VERTEX_POINT('',#8237);
#2368=VERTEX_POINT('',#8308);
#2369=VERTEX_POINT('',#8335);
#2370=VERTEX_POINT('',#8336);
#2371=VERTEX_POINT('',#8339);
#2372=VERTEX_POINT('',#8342);
#2373=VERTEX_POINT('',#8353);
#2374=VERTEX_POINT('',#8365);
#2375=VERTEX_POINT('',#8368);
#2376=VERTEX_POINT('',#8369);
#2377=VERTEX_POINT('',#8372);
#2378=VERTEX_POINT('',#8374);
#2379=VERTEX_POINT('',#8377);
#2380=VERTEX_POINT('',#8420);
#2381=VERTEX_POINT('',#8463);
#2382=VERTEX_POINT('',#8506);
#2383=VERTEX_POINT('',#8550);
#2384=VERTEX_POINT('',#8554);
#2385=VERTEX_POINT('',#8560);
#2386=VERTEX_POINT('',#8571);
#2387=VERTEX_POINT('',#8670);
#2388=VERTEX_POINT('',#8671);
#2389=VERTEX_POINT('',#8673);
#2390=VERTEX_POINT('',#8675);
#2391=VERTEX_POINT('',#8678);
#2392=VERTEX_POINT('',#8722);
#2393=VERTEX_POINT('',#8726);
#2394=VERTEX_POINT('',#8730);
#2395=VERTEX_POINT('',#8737);
#2396=VERTEX_POINT('',#8738);
#2397=VERTEX_POINT('',#8740);
#2398=VERTEX_POINT('',#8744);
#2399=VERTEX_POINT('',#8746);
#2400=VERTEX_POINT('',#8750);
#2401=VERTEX_POINT('',#8752);
#2402=VERTEX_POINT('',#8754);
#2403=VERTEX_POINT('',#8804);
#2404=VERTEX_POINT('',#8812);
#2405=VERTEX_POINT('',#8813);
#2406=VERTEX_POINT('',#8820);
#2407=VERTEX_POINT('',#8822);
#2408=VERTEX_POINT('',#8826);
#2409=VERTEX_POINT('',#8827);
#2410=VERTEX_POINT('',#8829);
#2411=VERTEX_POINT('',#8834);
#2412=VERTEX_POINT('',#8836);
#2413=VERTEX_POINT('',#8841);
#2414=VERTEX_POINT('',#8843);
#2415=VERTEX_POINT('',#8846);
#2416=VERTEX_POINT('',#8849);
#2417=VERTEX_POINT('',#8851);
#2418=VERTEX_POINT('',#8853);
#2419=VERTEX_POINT('',#8855);
#2420=VERTEX_POINT('',#8867);
#2421=VERTEX_POINT('',#8872);
#2422=VERTEX_POINT('',#8874);
#2423=VERTEX_POINT('',#8879);
#2424=VERTEX_POINT('',#8884);
#2425=VERTEX_POINT('',#8889);
#2426=VERTEX_POINT('',#8900);
#2427=VERTEX_POINT('',#8902);
#2428=VERTEX_POINT('',#8935);
#2429=VERTEX_POINT('',#8936);
#2430=VERTEX_POINT('',#8957);
#2431=VERTEX_POINT('',#8959);
#2432=VERTEX_POINT('',#8963);
#2433=VERTEX_POINT('',#8965);
#2434=VERTEX_POINT('',#8970);
#2435=VERTEX_POINT('',#8972);
#2436=VERTEX_POINT('',#8978);
#2437=VERTEX_POINT('',#8980);
#2438=VERTEX_POINT('',#8987);
#2439=VERTEX_POINT('',#8989);
#2440=VERTEX_POINT('',#8996);
#2441=VERTEX_POINT('',#8998);
#2442=VERTEX_POINT('',#9005);
#2443=VERTEX_POINT('',#9007);
#2444=VERTEX_POINT('',#9012);
#2445=VERTEX_POINT('',#9014);
#2446=VERTEX_POINT('',#9038);
#2447=VERTEX_POINT('',#9040);
#2448=VERTEX_POINT('',#9042);
#2449=VERTEX_POINT('',#9044);
#2450=VERTEX_POINT('',#9053);
#2451=VERTEX_POINT('',#9054);
#2452=VERTEX_POINT('',#9059);
#2453=VERTEX_POINT('',#9088);
#2454=VERTEX_POINT('',#9090);
#2455=VERTEX_POINT('',#9092);
#2456=VERTEX_POINT('',#9094);
#2457=VERTEX_POINT('',#9106);
#2458=VERTEX_POINT('',#9107);
#2459=VERTEX_POINT('',#9112);
#2460=VERTEX_POINT('',#9114);
#2461=VERTEX_POINT('',#9119);
#2462=VERTEX_POINT('',#9121);
#2463=VERTEX_POINT('',#9132);
#2464=VERTEX_POINT('',#9137);
#2465=VERTEX_POINT('',#9139);
#2466=VERTEX_POINT('',#9146);
#2467=VERTEX_POINT('',#9148);
#2468=VERTEX_POINT('',#9152);
#2469=VERTEX_POINT('',#9154);
#2470=VERTEX_POINT('',#9156);
#2471=VERTEX_POINT('',#9158);
#2472=VERTEX_POINT('',#9162);
#2473=VERTEX_POINT('',#9163);
#2474=VERTEX_POINT('',#9165);
#2475=VERTEX_POINT('',#9167);
#2476=VERTEX_POINT('',#9171);
#2477=VERTEX_POINT('',#9207);
#2478=VERTEX_POINT('',#9212);
#2479=VERTEX_POINT('',#9278);
#2480=VERTEX_POINT('',#9297);
#2481=VERTEX_POINT('',#9298);
#2482=VERTEX_POINT('',#9300);
#2483=VERTEX_POINT('',#9302);
#2484=VERTEX_POINT('',#9304);
#2485=VERTEX_POINT('',#9306);
#2486=VERTEX_POINT('',#9308);
#2487=VERTEX_POINT('',#9310);
#2488=VERTEX_POINT('',#9312);
#2489=VERTEX_POINT('',#9316);
#2490=VERTEX_POINT('',#9318);
#2491=VERTEX_POINT('',#9320);
#2492=VERTEX_POINT('',#9322);
#2493=VERTEX_POINT('',#9324);
#2494=VERTEX_POINT('',#9326);
#2495=VERTEX_POINT('',#9328);
#2496=VERTEX_POINT('',#9330);
#2497=VERTEX_POINT('',#9332);
#2498=VERTEX_POINT('',#9334);
#2499=VERTEX_POINT('',#9336);
#2500=VERTEX_POINT('',#9338);
#2501=VERTEX_POINT('',#9340);
#2502=VERTEX_POINT('',#9342);
#2503=VERTEX_POINT('',#9344);
#2504=VERTEX_POINT('',#9346);
#2505=VERTEX_POINT('',#9348);
#2506=VERTEX_POINT('',#9350);
#2507=VERTEX_POINT('',#9352);
#2508=VERTEX_POINT('',#9354);
#2509=VERTEX_POINT('',#9356);
#2510=VERTEX_POINT('',#9358);
#2511=VERTEX_POINT('',#9361);
#2512=VERTEX_POINT('',#9363);
#2513=VERTEX_POINT('',#9365);
#2514=VERTEX_POINT('',#9370);
#2515=VERTEX_POINT('',#9372);
#2516=VERTEX_POINT('',#9374);
#2517=VERTEX_POINT('',#9376);
#2518=VERTEX_POINT('',#9378);
#2519=VERTEX_POINT('',#9380);
#2520=VERTEX_POINT('',#9382);
#2521=VERTEX_POINT('',#9384);
#2522=VERTEX_POINT('',#9387);
#2523=VERTEX_POINT('',#9388);
#2524=VERTEX_POINT('',#9390);
#2525=VERTEX_POINT('',#9392);
#2526=VERTEX_POINT('',#9394);
#2527=VERTEX_POINT('',#9397);
#2528=VERTEX_POINT('',#9398);
#2529=VERTEX_POINT('',#9400);
#2530=VERTEX_POINT('',#9402);
#2531=VERTEX_POINT('',#9404);
#2532=VERTEX_POINT('',#9406);
#2533=VERTEX_POINT('',#9408);
#2534=VERTEX_POINT('',#9410);
#2535=VERTEX_POINT('',#9413);
#2536=VERTEX_POINT('',#9414);
#2537=VERTEX_POINT('',#9416);
#2538=VERTEX_POINT('',#9418);
#2539=VERTEX_POINT('',#9420);
#2540=VERTEX_POINT('',#9427);
#2541=VERTEX_POINT('',#9444);
#2542=VERTEX_POINT('',#9455);
#2543=VERTEX_POINT('',#9457);
#2544=VERTEX_POINT('',#9461);
#2545=VERTEX_POINT('',#9463);
#2546=VERTEX_POINT('',#9467);
#2547=VERTEX_POINT('',#9478);
#2548=VERTEX_POINT('',#9480);
#2549=VERTEX_POINT('',#9484);
#2550=VERTEX_POINT('',#9486);
#2551=VERTEX_POINT('',#9488);
#2552=VERTEX_POINT('',#9490);
#2553=VERTEX_POINT('',#9492);
#2554=VERTEX_POINT('',#9517);
#2555=VERTEX_POINT('',#9518);
#2556=VERTEX_POINT('',#9532);
#2557=VERTEX_POINT('',#9534);
#2558=VERTEX_POINT('',#9550);
#2559=VERTEX_POINT('',#9554);
#2560=VERTEX_POINT('',#9555);
#2561=VERTEX_POINT('',#9557);
#2562=VERTEX_POINT('',#9559);
#2563=VERTEX_POINT('',#9578);
#2564=VERTEX_POINT('',#9580);
#2565=VERTEX_POINT('',#9582);
#2566=VERTEX_POINT('',#9585);
#2567=VERTEX_POINT('',#9592);
#2568=VERTEX_POINT('',#9595);
#2569=VERTEX_POINT('',#9597);
#2570=VERTEX_POINT('',#9599);
#2571=VERTEX_POINT('',#9601);
#2572=VERTEX_POINT('',#9603);
#2573=VERTEX_POINT('',#9605);
#2574=VERTEX_POINT('',#9607);
#2575=VERTEX_POINT('',#9609);
#2576=VERTEX_POINT('',#9611);
#2577=VERTEX_POINT('',#9613);
#2578=VERTEX_POINT('',#9615);
#2579=VERTEX_POINT('',#9617);
#2580=VERTEX_POINT('',#9619);
#2581=VERTEX_POINT('',#9621);
#2582=VERTEX_POINT('',#9623);
#2583=VERTEX_POINT('',#9625);
#2584=VERTEX_POINT('',#9627);
#2585=VERTEX_POINT('',#9629);
#2586=VERTEX_POINT('',#9631);
#2587=VERTEX_POINT('',#9633);
#2588=VERTEX_POINT('',#9635);
#2589=VERTEX_POINT('',#9637);
#2590=VERTEX_POINT('',#9640);
#2591=VERTEX_POINT('',#9642);
#2592=VERTEX_POINT('',#9644);
#2593=VERTEX_POINT('',#9651);
#2594=VERTEX_POINT('',#9653);
#2595=VERTEX_POINT('',#9655);
#2596=VERTEX_POINT('',#9657);
#2597=VERTEX_POINT('',#9659);
#2598=VERTEX_POINT('',#9661);
#2599=VERTEX_POINT('',#9663);
#2600=VERTEX_POINT('',#9682);
#2601=VERTEX_POINT('',#9685);
#2602=VERTEX_POINT('',#9686);
#2603=VERTEX_POINT('',#9688);
#2604=VERTEX_POINT('',#9691);
#2605=VERTEX_POINT('',#9692);
#2606=VERTEX_POINT('',#9694);
#2607=VERTEX_POINT('',#9697);
#2608=VERTEX_POINT('',#9698);
#2609=VERTEX_POINT('',#9700);
#2610=VERTEX_POINT('',#9702);
#2611=VERTEX_POINT('',#9705);
#2612=VERTEX_POINT('',#9706);
#2613=VERTEX_POINT('',#9708);
#2614=VERTEX_POINT('',#9710);
#2615=VERTEX_POINT('',#9712);
#2616=VERTEX_POINT('',#9714);
#2617=VERTEX_POINT('',#9716);
#2618=VERTEX_POINT('',#9718);
#2619=VERTEX_POINT('',#9721);
#2620=VERTEX_POINT('',#9747);
#2621=VERTEX_POINT('',#9764);
#2622=VERTEX_POINT('',#9785);
#2623=VERTEX_POINT('',#9787);
#2624=VERTEX_POINT('',#9791);
#2625=VERTEX_POINT('',#9793);
#2626=VERTEX_POINT('',#9798);
#2627=VERTEX_POINT('',#9821);
#2628=VERTEX_POINT('',#9844);
#2629=VERTEX_POINT('',#9845);
#2630=VERTEX_POINT('',#9850);
#2631=VERTEX_POINT('',#9856);
#2632=VERTEX_POINT('',#9858);
#2633=VERTEX_POINT('',#9862);
#2634=VERTEX_POINT('',#9869);
#2635=VERTEX_POINT('',#9872);
#2636=VERTEX_POINT('',#9876);
#2637=VERTEX_POINT('',#9878);
#2638=VERTEX_POINT('',#9882);
#2639=VERTEX_POINT('',#9884);
#2640=VERTEX_POINT('',#9886);
#2641=VERTEX_POINT('',#9888);
#2642=VERTEX_POINT('',#9890);
#2643=VERTEX_POINT('',#9894);
#2644=VERTEX_POINT('',#9898);
#2645=VERTEX_POINT('',#9899);
#2646=VERTEX_POINT('',#9901);
#2647=VERTEX_POINT('',#9910);
#2648=VERTEX_POINT('',#9914);
#2649=VERTEX_POINT('',#9916);
#2650=VERTEX_POINT('',#9918);
#2651=VERTEX_POINT('',#9920);
#2652=VERTEX_POINT('',#9922);
#2653=VERTEX_POINT('',#9924);
#2654=VERTEX_POINT('',#9927);
#2655=VERTEX_POINT('',#9931);
#2656=VERTEX_POINT('',#9935);
#2657=VERTEX_POINT('',#9936);
#2658=VERTEX_POINT('',#9938);
#2659=VERTEX_POINT('',#9940);
#2660=VERTEX_POINT('',#9942);
#2661=VERTEX_POINT('',#9946);
#2662=VERTEX_POINT('',#9948);
#2663=VERTEX_POINT('',#9951);
#2664=VERTEX_POINT('',#9955);
#2665=VERTEX_POINT('',#9957);
#2666=VERTEX_POINT('',#9960);
#2667=VERTEX_POINT('',#9963);
#2668=VERTEX_POINT('',#9975);
#2669=VERTEX_POINT('',#9976);
#2670=VERTEX_POINT('',#9978);
#2671=VERTEX_POINT('',#9980);
#2672=VERTEX_POINT('',#9984);
#2673=VERTEX_POINT('',#9986);
#2674=VERTEX_POINT('',#9990);
#2675=VERTEX_POINT('',#9992);
#2676=VERTEX_POINT('',#9996);
#2677=VERTEX_POINT('',#9997);
#2678=VERTEX_POINT('',#10008);
#2679=VERTEX_POINT('',#10010);
#2680=VERTEX_POINT('',#10015);
#2681=VERTEX_POINT('',#10018);
#2682=VERTEX_POINT('',#10020);
#2683=VERTEX_POINT('',#10022);
#2684=VERTEX_POINT('',#10026);
#2685=VERTEX_POINT('',#10030);
#2686=VERTEX_POINT('',#10032);
#2687=VERTEX_POINT('',#10036);
#2688=VERTEX_POINT('',#10042);
#2689=VERTEX_POINT('',#10044);
#2690=VERTEX_POINT('',#10048);
#2691=VERTEX_POINT('',#10049);
#2692=VERTEX_POINT('',#10051);
#2693=VERTEX_POINT('',#10053);
#2694=VERTEX_POINT('',#10057);
#2695=VERTEX_POINT('',#10059);
#2696=VERTEX_POINT('',#10063);
#2697=VERTEX_POINT('',#10065);
#2698=VERTEX_POINT('',#10069);
#2699=VERTEX_POINT('',#10070);
#2700=VERTEX_POINT('',#10075);
#2701=VERTEX_POINT('',#10076);
#2702=VERTEX_POINT('',#10081);
#2703=VERTEX_POINT('',#10082);
#2704=VERTEX_POINT('',#10090);
#2705=VERTEX_POINT('',#10092);
#2706=VERTEX_POINT('',#10094);
#2707=VERTEX_POINT('',#10098);
#2708=VERTEX_POINT('',#10102);
#2709=VERTEX_POINT('',#10103);
#2710=VERTEX_POINT('',#10108);
#2711=VERTEX_POINT('',#10112);
#2712=VERTEX_POINT('',#10113);
#2713=VERTEX_POINT('',#10115);
#2714=VERTEX_POINT('',#10117);
#2715=VERTEX_POINT('',#10119);
#2716=VERTEX_POINT('',#10121);
#2717=VERTEX_POINT('',#10125);
#2718=VERTEX_POINT('',#10126);
#2719=VERTEX_POINT('',#10134);
#2720=VERTEX_POINT('',#10137);
#2721=VERTEX_POINT('',#10141);
#2722=VERTEX_POINT('',#10142);
#2723=VERTEX_POINT('',#10144);
#2724=VERTEX_POINT('',#10146);
#2725=VERTEX_POINT('',#10150);
#2726=VERTEX_POINT('',#10152);
#2727=VERTEX_POINT('',#10156);
#2728=VERTEX_POINT('',#10158);
#2729=VERTEX_POINT('',#10162);
#2730=VERTEX_POINT('',#10164);
#2731=VERTEX_POINT('',#10168);
#2732=VERTEX_POINT('',#10170);
#2733=VERTEX_POINT('',#10174);
#2734=VERTEX_POINT('',#10176);
#2735=VERTEX_POINT('',#10180);
#2736=VERTEX_POINT('',#10182);
#2737=VERTEX_POINT('',#10186);
#2738=VERTEX_POINT('',#10188);
#2739=VERTEX_POINT('',#10190);
#2740=VERTEX_POINT('',#10192);
#2741=VERTEX_POINT('',#10194);
#2742=VERTEX_POINT('',#10199);
#2743=VERTEX_POINT('',#10202);
#2744=VERTEX_POINT('',#10204);
#2745=VERTEX_POINT('',#10206);
#2746=VERTEX_POINT('',#10208);
#2747=VERTEX_POINT('',#10212);
#2748=VERTEX_POINT('',#10213);
#2749=VERTEX_POINT('',#10215);
#2750=VERTEX_POINT('',#10218);
#2751=VERTEX_POINT('',#10220);
#2752=VERTEX_POINT('',#10222);
#2753=VERTEX_POINT('',#10224);
#2754=VERTEX_POINT('',#10226);
#2755=VERTEX_POINT('',#10228);
#2756=VERTEX_POINT('',#10230);
#2757=VERTEX_POINT('',#10233);
#2758=VERTEX_POINT('',#10235);
#2759=VERTEX_POINT('',#10237);
#2760=VERTEX_POINT('',#10239);
#2761=VERTEX_POINT('',#10242);
#2762=VERTEX_POINT('',#10244);
#2763=VERTEX_POINT('',#10249);
#2764=VERTEX_POINT('',#10254);
#2765=VERTEX_POINT('',#10256);
#2766=VERTEX_POINT('',#10260);
#2767=VERTEX_POINT('',#10264);
#2768=VERTEX_POINT('',#10266);
#2769=VERTEX_POINT('',#10271);
#2770=VERTEX_POINT('',#10272);
#2771=VERTEX_POINT('',#10274);
#2772=VERTEX_POINT('',#10276);
#2773=VERTEX_POINT('',#10312);
#2774=VERTEX_POINT('',#10327);
#2775=VERTEX_POINT('',#10329);
#2776=VERTEX_POINT('',#10373);
#2777=VERTEX_POINT('',#10379);
#2778=VERTEX_POINT('',#10454);
#2779=VERTEX_POINT('',#10459);
#2780=VERTEX_POINT('',#10465);
#2781=VERTEX_POINT('',#10492);
#2782=VERTEX_POINT('',#10496);
#2783=VERTEX_POINT('',#10498);
#2784=VERTEX_POINT('',#10502);
#2785=VERTEX_POINT('',#10503);
#2786=VERTEX_POINT('',#10508);
#2787=VERTEX_POINT('',#10512);
#2788=VERTEX_POINT('',#10513);
#2789=VERTEX_POINT('',#10515);
#2790=VERTEX_POINT('',#10517);
#2791=VERTEX_POINT('',#10521);
#2792=VERTEX_POINT('',#10522);
#2793=VERTEX_POINT('',#10534);
#2794=VERTEX_POINT('',#10535);
#2795=VERTEX_POINT('',#10537);
#2796=VERTEX_POINT('',#10539);
#2797=VERTEX_POINT('',#10543);
#2798=VERTEX_POINT('',#10545);
#2799=VERTEX_POINT('',#10549);
#2800=VERTEX_POINT('',#10551);
#2801=VERTEX_POINT('',#10555);
#2802=VERTEX_POINT('',#10556);
#2803=VERTEX_POINT('',#10565);
#2804=VERTEX_POINT('',#10566);
#2805=VERTEX_POINT('',#10568);
#2806=VERTEX_POINT('',#10570);
#2807=VERTEX_POINT('',#10574);
#2808=VERTEX_POINT('',#10588);
#2809=VERTEX_POINT('',#10590);
#2810=VERTEX_POINT('',#10592);
#2811=VERTEX_POINT('',#10594);
#2812=VERTEX_POINT('',#10598);
#2813=VERTEX_POINT('',#10600);
#2814=VERTEX_POINT('',#10602);
#2815=VERTEX_POINT('',#10606);
#2816=VERTEX_POINT('',#10608);
#2817=VERTEX_POINT('',#10610);
#2818=VERTEX_POINT('',#10614);
#2819=VERTEX_POINT('',#10615);
#2820=VERTEX_POINT('',#10621);
#2821=VERTEX_POINT('',#10670);
#2822=VERTEX_POINT('',#10672);
#2823=VERTEX_POINT('',#10676);
#2824=VERTEX_POINT('',#10707);
#2825=VERTEX_POINT('',#10726);
#2826=VERTEX_POINT('',#10745);
#2827=VERTEX_POINT('',#10767);
#2828=VERTEX_POINT('',#10768);
#2829=VERTEX_POINT('',#10771);
#2830=VERTEX_POINT('',#10815);
#2831=VERTEX_POINT('',#10834);
#2832=VERTEX_POINT('',#10857);
#2833=VERTEX_POINT('',#10876);
#2834=VERTEX_POINT('',#10895);
#2835=VERTEX_POINT('',#10899);
#2836=VERTEX_POINT('',#10903);
#2837=VERTEX_POINT('',#10922);
#2838=VERTEX_POINT('',#10924);
#2839=VERTEX_POINT('',#10943);
#2840=VERTEX_POINT('',#10945);
#2841=VERTEX_POINT('',#10965);
#2842=VERTEX_POINT('',#10984);
#2843=VERTEX_POINT('',#11014);
#2844=VERTEX_POINT('',#11027);
#2845=VERTEX_POINT('',#11029);
#2846=VERTEX_POINT('',#11031);
#2847=VERTEX_POINT('',#11150);
#2848=VERTEX_POINT('',#11181);
#2849=VERTEX_POINT('',#11192);
#2850=VERTEX_POINT('',#11239);
#2851=VERTEX_POINT('',#11251);
#2852=VERTEX_POINT('',#11264);
#2853=VERTEX_POINT('',#11267);
#2854=VERTEX_POINT('',#11350);
#2855=VERTEX_POINT('',#11415);
#2856=VERTEX_POINT('',#11416);
#2857=VERTEX_POINT('',#11418);
#2858=VERTEX_POINT('',#11420);
#2859=VERTEX_POINT('',#11422);
#2860=VERTEX_POINT('',#11424);
#2861=VERTEX_POINT('',#11428);
#2862=VERTEX_POINT('',#11431);
#2863=VERTEX_POINT('',#11432);
#2864=VERTEX_POINT('',#11437);
#2865=VERTEX_POINT('',#11441);
#2866=VERTEX_POINT('',#11454);
#2867=VERTEX_POINT('',#11458);
#2868=VERTEX_POINT('',#11459);
#2869=VERTEX_POINT('',#11473);
#2870=VERTEX_POINT('',#11477);
#2871=VERTEX_POINT('',#11502);
#2872=VERTEX_POINT('',#11504);
#2873=VERTEX_POINT('',#11508);
#2874=VERTEX_POINT('',#11510);
#2875=VERTEX_POINT('',#11516);
#2876=VERTEX_POINT('',#11520);
#2877=VERTEX_POINT('',#11570);
#2878=VERTEX_POINT('',#11574);
#2879=VERTEX_POINT('',#11578);
#2880=VERTEX_POINT('',#11582);
#2881=VERTEX_POINT('',#11590);
#2882=VERTEX_POINT('',#11593);
#2883=VERTEX_POINT('',#11601);
#2884=VERTEX_POINT('',#11614);
#2885=VERTEX_POINT('',#11618);
#2886=VERTEX_POINT('',#11622);
#2887=VERTEX_POINT('',#11626);
#2888=VERTEX_POINT('',#11630);
#2889=VERTEX_POINT('',#11632);
#2890=VERTEX_POINT('',#11636);
#2891=VERTEX_POINT('',#11651);
#2892=VERTEX_POINT('',#11675);
#2893=VERTEX_POINT('',#11710);
#2894=VERTEX_POINT('',#11724);
#2895=VERTEX_POINT('',#11728);
#2896=VERTEX_POINT('',#11734);
#2897=VERTEX_POINT('',#11736);
#2898=VERTEX_POINT('',#11739);
#2899=VERTEX_POINT('',#11755);
#2900=VERTEX_POINT('',#11756);
#2901=VERTEX_POINT('',#11758);
#2902=VERTEX_POINT('',#11777);
#2903=VERTEX_POINT('',#11782);
#2904=VERTEX_POINT('',#11785);
#2905=EDGE_CURVE('',#2349,#2350,#2244,.T.);
#2906=EDGE_CURVE('',#2351,#2350,#1248,.T.);
#2907=EDGE_CURVE('',#2352,#2351,#2245,.F.);
#2908=EDGE_CURVE('',#2352,#2349,#2246,.T.);
#2909=EDGE_CURVE('',#2353,#2354,#261,.T.);
#2910=EDGE_CURVE('',#2355,#2353,#1249,.T.);
#2911=EDGE_CURVE('',#2356,#2355,#2247,.T.);
#2912=EDGE_CURVE('',#2356,#2357,#1250,.T.);
#2913=EDGE_CURVE('',#2357,#2358,#262,.T.);
#2914=EDGE_CURVE('',#2359,#2358,#1251,.T.);
#2915=EDGE_CURVE('',#2359,#2360,#263,.T.);
#2916=EDGE_CURVE('',#2360,#2361,#1252,.T.);
#2917=EDGE_CURVE('',#2361,#2362,#264,.T.);
#2918=EDGE_CURVE('',#2362,#2349,#1253,.T.);
#2919=EDGE_CURVE('',#2352,#2363,#1254,.T.);
#2920=EDGE_CURVE('',#2364,#2363,#265,.T.);
#2921=EDGE_CURVE('',#2354,#2364,#266,.T.);
#2922=EDGE_CURVE('',#2365,#2365,#2248,.T.);
#2923=EDGE_CURVE('',#2366,#2366,#2249,.T.);
#2924=EDGE_CURVE('',#2355,#2367,#2250,.T.);
#2925=EDGE_CURVE('',#2367,#2368,#1255,.T.);
#2926=EDGE_CURVE('',#2356,#2368,#2251,.F.);
#2927=EDGE_CURVE('',#2369,#2370,#1256,.T.);
#2928=EDGE_CURVE('',#2363,#2370,#1257,.T.);
#2929=EDGE_CURVE('',#2371,#2351,#1258,.T.);
#2930=EDGE_CURVE('',#2371,#2361,#1259,.T.);
#2931=EDGE_CURVE('',#2360,#2372,#2252,.T.);
#2932=EDGE_CURVE('',#2373,#2372,#1260,.T.);
#2933=EDGE_CURVE('',#2373,#2369,#2253,.T.);
#2934=EDGE_CURVE('',#2374,#2374,#267,.T.);
#2935=EDGE_CURVE('',#2375,#2376,#268,.T.);
#2936=EDGE_CURVE('',#2370,#2375,#269,.T.);
#2937=EDGE_CURVE('',#2377,#2369,#270,.T.);
#2938=EDGE_CURVE('',#2377,#2378,#1261,.T.);
#2939=EDGE_CURVE('',#2376,#2378,#271,.T.);
#2940=EDGE_CURVE('',#2379,#2379,#2254,.T.);
#2941=EDGE_CURVE('',#2380,#2380,#2255,.T.);
#2942=EDGE_CURVE('',#2381,#2381,#2256,.T.);
#2943=EDGE_CURVE('',#2382,#2382,#2257,.T.);
#2944=EDGE_CURVE('',#2380,#2383,#1262,.T.);
#2945=EDGE_CURVE('',#2383,#2383,#272,.T.);
#2946=EDGE_CURVE('',#2384,#2367,#1263,.T.);
#2947=EDGE_CURVE('',#2384,#2357,#1264,.T.);
#2948=EDGE_CURVE('',#2358,#2384,#1265,.T.);
#2949=EDGE_CURVE('',#2377,#2385,#2258,.T.);
#2950=EDGE_CURVE('',#2386,#2385,#1266,.T.);
#2951=EDGE_CURVE('',#2386,#2359,#2259,.T.);
#2952=EDGE_CURVE('',#2378,#2353,#1267,.T.);
#2953=EDGE_CURVE('',#2371,#2362,#1268,.T.);
#2954=EDGE_CURVE('',#2379,#2374,#1269,.T.);
#2955=EDGE_CURVE('',#2365,#2382,#1270,.T.);
#2956=EDGE_CURVE('',#2366,#2381,#1271,.T.);
#2957=EDGE_CURVE('',#2375,#2364,#1272,.T.);
#2958=EDGE_CURVE('',#2354,#2376,#1273,.T.);
#2959=EDGE_CURVE('',#2372,#2386,#2260,.T.);
#2960=EDGE_CURVE('',#2385,#2373,#2261,.T.);
#2961=EDGE_CURVE('',#2387,#2388,#1274,.T.);
#2962=EDGE_CURVE('',#2387,#2389,#273,.T.);
#2963=EDGE_CURVE('',#2389,#2390,#1275,.T.);
#2964=EDGE_CURVE('',#2390,#2388,#274,.T.);
#2965=EDGE_CURVE('',#2391,#2391,#2262,.T.);
#2966=EDGE_CURVE('',#2392,#2387,#1276,.T.);
#2967=EDGE_CURVE('',#2389,#2392,#1277,.T.);
#2968=EDGE_CURVE('',#2393,#2393,#275,.T.);
#2969=EDGE_CURVE('',#2393,#2391,#1278,.T.);
#2970=EDGE_CURVE('',#2388,#2394,#1279,.T.);
#2971=EDGE_CURVE('',#2394,#2390,#1280,.T.);
#2972=EDGE_CURVE('',#2394,#2392,#1281,.T.);
#2973=EDGE_CURVE('',#2395,#2396,#1282,.T.);
#2974=EDGE_CURVE('',#2395,#2397,#1283,.T.);
#2975=EDGE_CURVE('',#2397,#2396,#276,.T.);
#2976=EDGE_CURVE('',#2398,#2395,#1284,.T.);
#2977=EDGE_CURVE('',#2399,#2398,#1285,.T.);
#2978=EDGE_CURVE('',#2399,#2397,#1286,.T.);
#2979=EDGE_CURVE('',#2400,#2400,#277,.T.);
#2980=EDGE_CURVE('',#2400,#2401,#1287,.T.);
#2981=EDGE_CURVE('',#2402,#2401,#2263,.T.);
#2982=EDGE_CURVE('',#2401,#2402,#2264,.T.);
#2983=EDGE_CURVE('',#2396,#2403,#1288,.T.);
#2984=EDGE_CURVE('',#2403,#2399,#278,.T.);
#2985=EDGE_CURVE('',#2403,#2398,#1289,.T.);
#2986=EDGE_CURVE('',#2404,#2405,#2265,.T.);
#2987=EDGE_CURVE('',#2406,#2404,#1290,.T.);
#2988=EDGE_CURVE('',#2407,#2406,#279,.T.);
#2989=EDGE_CURVE('',#2405,#2407,#1291,.T.);
#2990=EDGE_CURVE('',#2408,#2409,#1292,.T.);
#2991=EDGE_CURVE('',#2410,#2408,#2266,.T.);
#2992=EDGE_CURVE('',#2411,#2410,#1293,.T.);
#2993=EDGE_CURVE('',#2411,#2412,#2267,.T.);
#2994=EDGE_CURVE('',#2413,#2412,#1294,.T.);
#2995=EDGE_CURVE('',#2414,#2413,#1295,.T.);
#2996=EDGE_CURVE('',#2409,#2414,#1296,.T.);
#2997=EDGE_CURVE('',#2415,#2415,#280,.T.);
#2998=EDGE_CURVE('',#2409,#2416,#1297,.T.);
#2999=EDGE_CURVE('',#2417,#2416,#1298,.T.);
#3000=EDGE_CURVE('',#2417,#2418,#1299,.T.);
#3001=EDGE_CURVE('',#2418,#2419,#1300,.T.);
#3002=EDGE_CURVE('',#2419,#2408,#281,.T.);
#3003=EDGE_CURVE('',#2420,#2419,#2268,.T.);
#3004=EDGE_CURVE('',#2421,#2420,#282,.T.);
#3005=EDGE_CURVE('',#2421,#2422,#2269,.T.);
#3006=EDGE_CURVE('',#2422,#2423,#2270,.T.);
#3007=EDGE_CURVE('',#2423,#2424,#2271,.T.);
#3008=EDGE_CURVE('',#2424,#2425,#2272,.T.);
#3009=EDGE_CURVE('',#2426,#2425,#283,.T.);
#3010=EDGE_CURVE('',#2427,#2426,#2273,.T.);
#3011=EDGE_CURVE('',#2410,#2427,#284,.T.);
#3012=EDGE_CURVE('',#2428,#2429,#2274,.T.);
#3013=EDGE_CURVE('',#2430,#2429,#285,.T.);
#3014=EDGE_CURVE('',#2431,#2430,#25,.T.);
#3015=EDGE_CURVE('',#2432,#2430,#286,.T.);
#3016=EDGE_CURVE('',#2433,#2432,#2275,.T.);
#3017=EDGE_CURVE('',#2434,#2433,#287,.T.);
#3018=EDGE_CURVE('',#2435,#2434,#2276,.T.);
#3019=EDGE_CURVE('',#2404,#2435,#288,.T.);
#3020=EDGE_CURVE('',#2436,#2405,#289,.T.);
#3021=EDGE_CURVE('',#2437,#2436,#2277,.T.);
#3022=EDGE_CURVE('',#2438,#2437,#290,.T.);
#3023=EDGE_CURVE('',#2439,#2438,#2278,.T.);
#3024=EDGE_CURVE('',#2440,#2439,#291,.T.);
#3025=EDGE_CURVE('',#2440,#2441,#2279,.T.);
#3026=EDGE_CURVE('',#2442,#2441,#292,.T.);
#3027=EDGE_CURVE('',#2443,#2442,#2280,.T.);
#3028=EDGE_CURVE('',#2444,#2443,#293,.T.);
#3029=EDGE_CURVE('',#2445,#2444,#2281,.T.);
#3030=EDGE_CURVE('',#2428,#2445,#294,.T.);
#3031=EDGE_CURVE('',#2427,#2411,#2282,.F.);
#3032=EDGE_CURVE('',#2446,#2407,#1301,.T.);
#3033=EDGE_CURVE('',#2447,#2446,#1302,.T.);
#3034=EDGE_CURVE('',#2447,#2448,#1303,.T.);
#3035=EDGE_CURVE('',#2448,#2449,#1304,.T.);
#3036=EDGE_CURVE('',#2436,#2449,#2283,.T.);
#3037=EDGE_CURVE('',#2450,#2451,#295,.T.);
#3038=EDGE_CURVE('',#2441,#2450,#1305,.T.);
#3039=EDGE_CURVE('',#2451,#2440,#1306,.T.);
#3040=EDGE_CURVE('',#2439,#2452,#2284,.F.);
#3041=EDGE_CURVE('',#2452,#2453,#1307,.T.);
#3042=EDGE_CURVE('',#2454,#2453,#1308,.T.);
#3043=EDGE_CURVE('',#2455,#2454,#1309,.T.);
#3044=EDGE_CURVE('',#2456,#2455,#1310,.T.);
#3045=EDGE_CURVE('',#2451,#2456,#1311,.T.);
#3046=EDGE_CURVE('',#2457,#2458,#2285,.T.);
#3047=EDGE_CURVE('',#2459,#2458,#296,.T.);
#3048=EDGE_CURVE('',#2460,#2459,#2286,.T.);
#3049=EDGE_CURVE('',#2461,#2460,#297,.T.);
#3050=EDGE_CURVE('',#2461,#2462,#2287,.T.);
#3051=EDGE_CURVE('',#2462,#2463,#2288,.T.);
#3052=EDGE_CURVE('',#2464,#2463,#298,.T.);
#3053=EDGE_CURVE('',#2465,#2464,#2289,.T.);
#3054=EDGE_CURVE('',#2457,#2465,#299,.T.);
#3055=EDGE_CURVE('',#2450,#2466,#1312,.T.);
#3056=EDGE_CURVE('',#2466,#2467,#1313,.T.);
#3057=EDGE_CURVE('',#2467,#2442,#1314,.T.);
#3058=EDGE_CURVE('',#2468,#2457,#1315,.T.);
#3059=EDGE_CURVE('',#2469,#2465,#1316,.T.);
#3060=EDGE_CURVE('',#2469,#2470,#1317,.T.);
#3061=EDGE_CURVE('',#2470,#2471,#1318,.T.);
#3062=EDGE_CURVE('',#2471,#2468,#1319,.T.);
#3063=EDGE_CURVE('',#2472,#2473,#300,.F.);
#3064=EDGE_CURVE('',#2472,#2474,#1320,.T.);
#3065=EDGE_CURVE('',#2474,#2475,#301,.T.);
#3066=EDGE_CURVE('',#2473,#2475,#1321,.T.);
#3067=EDGE_CURVE('',#2476,#2474,#2290,.T.);
#3068=EDGE_CURVE('',#2475,#2476,#1322,.T.);
#3069=EDGE_CURVE('',#2474,#2477,#2291,.T.);
#3070=EDGE_CURVE('',#2477,#2478,#2292,.T.);
#3071=EDGE_CURVE('',#2460,#2478,#2293,.T.);
#3072=EDGE_CURVE('',#2459,#2479,#2294,.T.);
#3073=EDGE_CURVE('',#2476,#2479,#2295,.T.);
#3074=EDGE_CURVE('',#2480,#2481,#1323,.T.);
#3075=EDGE_CURVE('',#2481,#2482,#1324,.T.);
#3076=EDGE_CURVE('',#2483,#2482,#1325,.T.);
#3077=EDGE_CURVE('',#2484,#2483,#1326,.T.);
#3078=EDGE_CURVE('',#2485,#2484,#1327,.T.);
#3079=EDGE_CURVE('',#2485,#2486,#1328,.T.);
#3080=EDGE_CURVE('',#2486,#2487,#1329,.T.);
#3081=EDGE_CURVE('',#2488,#2487,#1330,.T.);
#3082=EDGE_CURVE('',#2488,#2477,#1331,.T.);
#3083=EDGE_CURVE('',#2472,#2471,#1332,.T.);
#3084=EDGE_CURVE('',#2470,#2489,#1333,.T.);
#3085=EDGE_CURVE('',#2489,#2490,#1334,.T.);
#3086=EDGE_CURVE('',#2490,#2491,#1335,.T.);
#3087=EDGE_CURVE('',#2491,#2492,#1336,.T.);
#3088=EDGE_CURVE('',#2492,#2493,#1337,.T.);
#3089=EDGE_CURVE('',#2493,#2494,#1338,.T.);
#3090=EDGE_CURVE('',#2494,#2495,#1339,.T.);
#3091=EDGE_CURVE('',#2496,#2495,#302,.T.);
#3092=EDGE_CURVE('',#2497,#2496,#303,.T.);
#3093=EDGE_CURVE('',#2497,#2498,#1340,.T.);
#3094=EDGE_CURVE('',#2499,#2498,#304,.T.);
#3095=EDGE_CURVE('',#2499,#2500,#1341,.T.);
#3096=EDGE_CURVE('',#2501,#2500,#305,.T.);
#3097=EDGE_CURVE('',#2501,#2502,#1342,.T.);
#3098=EDGE_CURVE('',#2503,#2502,#306,.T.);
#3099=EDGE_CURVE('',#2504,#2503,#307,.T.);
#3100=EDGE_CURVE('',#2504,#2505,#1343,.T.);
#3101=EDGE_CURVE('',#2505,#2506,#1344,.T.);
#3102=EDGE_CURVE('',#2506,#2507,#1345,.T.);
#3103=EDGE_CURVE('',#2507,#2508,#1346,.T.);
#3104=EDGE_CURVE('',#2508,#2509,#1347,.T.);
#3105=EDGE_CURVE('',#2509,#2510,#1348,.T.);
#3106=EDGE_CURVE('',#2510,#2417,#1349,.T.);
#3107=EDGE_CURVE('',#2416,#2511,#1350,.T.);
#3108=EDGE_CURVE('',#2512,#2511,#1351,.T.);
#3109=EDGE_CURVE('',#2513,#2512,#2296,.T.);
#3110=EDGE_CURVE('',#2513,#2514,#1352,.T.);
#3111=EDGE_CURVE('',#2514,#2515,#1353,.T.);
#3112=EDGE_CURVE('',#2516,#2515,#1354,.T.);
#3113=EDGE_CURVE('',#2517,#2516,#1355,.T.);
#3114=EDGE_CURVE('',#2518,#2517,#1356,.T.);
#3115=EDGE_CURVE('',#2518,#2519,#1357,.T.);
#3116=EDGE_CURVE('',#2519,#2520,#1358,.T.);
#3117=EDGE_CURVE('',#2521,#2520,#1359,.T.);
#3118=EDGE_CURVE('',#2480,#2521,#1360,.T.);
#3119=EDGE_CURVE('',#2522,#2523,#1361,.T.);
#3120=EDGE_CURVE('',#2524,#2523,#1362,.T.);
#3121=EDGE_CURVE('',#2525,#2524,#308,.T.);
#3122=EDGE_CURVE('',#2526,#2525,#1363,.T.);
#3123=EDGE_CURVE('',#2526,#2522,#1364,.T.);
#3124=EDGE_CURVE('',#2527,#2528,#1365,.T.);
#3125=EDGE_CURVE('',#2528,#2529,#309,.T.);
#3126=EDGE_CURVE('',#2529,#2530,#1366,.T.);
#3127=EDGE_CURVE('',#2530,#2531,#310,.T.);
#3128=EDGE_CURVE('',#2531,#2532,#1367,.T.);
#3129=EDGE_CURVE('',#2532,#2533,#311,.T.);
#3130=EDGE_CURVE('',#2533,#2534,#1368,.T.);
#3131=EDGE_CURVE('',#2534,#2527,#312,.T.);
#3132=EDGE_CURVE('',#2535,#2536,#1369,.T.);
#3133=EDGE_CURVE('',#2536,#2537,#1370,.T.);
#3134=EDGE_CURVE('',#2538,#2537,#1371,.T.);
#3135=EDGE_CURVE('',#2539,#2538,#313,.T.);
#3136=EDGE_CURVE('',#2535,#2539,#1372,.T.);
#3137=EDGE_CURVE('',#2468,#2473,#1373,.T.);
#3138=EDGE_CURVE('',#2458,#2479,#1374,.T.);
#3139=EDGE_CURVE('',#2540,#2540,#314,.T.);
#3140=EDGE_CURVE('',#2511,#2414,#315,.T.);
#3141=EDGE_CURVE('',#2413,#2512,#316,.T.);
#3142=EDGE_CURVE('',#2512,#2412,#2297,.T.);
#3143=EDGE_CURVE('',#2518,#2541,#2298,.T.);
#3144=EDGE_CURVE('',#2517,#2542,#317,.T.);
#3145=EDGE_CURVE('',#2542,#2543,#1375,.T.);
#3146=EDGE_CURVE('',#2543,#2541,#318,.T.);
#3147=EDGE_CURVE('',#2544,#2542,#1376,.T.);
#3148=EDGE_CURVE('',#2544,#2545,#1377,.T.);
#3149=EDGE_CURVE('',#2545,#2543,#1378,.T.);
#3150=EDGE_CURVE('',#2546,#2484,#2299,.T.);
#3151=EDGE_CURVE('',#2547,#2546,#319,.F.);
#3152=EDGE_CURVE('',#2547,#2548,#1379,.T.);
#3153=EDGE_CURVE('',#2548,#2485,#320,.T.);
#3154=EDGE_CURVE('',#2549,#2546,#1380,.T.);
#3155=EDGE_CURVE('',#2550,#2483,#321,.T.);
#3156=EDGE_CURVE('',#2550,#2551,#1381,.T.);
#3157=EDGE_CURVE('',#2551,#2552,#1382,.T.);
#3158=EDGE_CURVE('',#2552,#2553,#1383,.T.);
#3159=EDGE_CURVE('',#2478,#2553,#322,.T.);
#3160=EDGE_CURVE('',#2488,#2478,#323,.T.);
#3161=EDGE_CURVE('',#2487,#2549,#324,.T.);
#3162=EDGE_CURVE('',#2554,#2555,#2300,.T.);
#3163=EDGE_CURVE('',#2554,#2556,#1384,.T.);
#3164=EDGE_CURVE('',#2557,#2556,#2301,.T.);
#3165=EDGE_CURVE('',#2555,#2557,#1385,.T.);
#3166=EDGE_CURVE('',#2557,#2558,#325,.T.);
#3167=EDGE_CURVE('',#2558,#2556,#1386,.T.);
#3168=EDGE_CURVE('',#2559,#2560,#1387,.T.);
#3169=EDGE_CURVE('',#2561,#2559,#1388,.T.);
#3170=EDGE_CURVE('',#2561,#2562,#2302,.T.);
#3171=EDGE_CURVE('',#2563,#2562,#1389,.T.);
#3172=EDGE_CURVE('',#2564,#2563,#1390,.T.);
#3173=EDGE_CURVE('',#2565,#2564,#1391,.T.);
#3174=EDGE_CURVE('',#2558,#2565,#1392,.T.);
#3175=EDGE_CURVE('',#2566,#2554,#2303,.T.);
#3176=EDGE_CURVE('',#2566,#2567,#1393,.T.);
#3177=EDGE_CURVE('',#2567,#2447,#326,.T.);
#3178=EDGE_CURVE('',#2568,#2446,#327,.T.);
#3179=EDGE_CURVE('',#2568,#2569,#1394,.T.);
#3180=EDGE_CURVE('',#2570,#2569,#328,.T.);
#3181=EDGE_CURVE('',#2570,#2571,#1395,.T.);
#3182=EDGE_CURVE('',#2572,#2571,#1396,.T.);
#3183=EDGE_CURVE('',#2573,#2572,#1397,.T.);
#3184=EDGE_CURVE('',#2574,#2573,#1398,.T.);
#3185=EDGE_CURVE('',#2575,#2574,#329,.T.);
#3186=EDGE_CURVE('',#2575,#2576,#330,.F.);
#3187=EDGE_CURVE('',#2576,#2577,#1399,.T.);
#3188=EDGE_CURVE('',#2578,#2577,#331,.T.);
#3189=EDGE_CURVE('',#2578,#2579,#1400,.T.);
#3190=EDGE_CURVE('',#2580,#2579,#332,.T.);
#3191=EDGE_CURVE('',#2580,#2581,#1401,.T.);
#3192=EDGE_CURVE('',#2582,#2581,#333,.T.);
#3193=EDGE_CURVE('',#2583,#2582,#334,.T.);
#3194=EDGE_CURVE('',#2584,#2583,#1402,.T.);
#3195=EDGE_CURVE('',#2584,#2585,#1403,.T.);
#3196=EDGE_CURVE('',#2586,#2585,#1404,.T.);
#3197=EDGE_CURVE('',#2587,#2586,#1405,.T.);
#3198=EDGE_CURVE('',#2587,#2588,#335,.F.);
#3199=EDGE_CURVE('',#2588,#2589,#1406,.T.);
#3200=EDGE_CURVE('',#2454,#2589,#336,.T.);
#3201=EDGE_CURVE('',#2453,#2590,#337,.T.);
#3202=EDGE_CURVE('',#2590,#2591,#1407,.T.);
#3203=EDGE_CURVE('',#2592,#2591,#2304,.T.);
#3204=EDGE_CURVE('',#2592,#2593,#1408,.T.);
#3205=EDGE_CURVE('',#2593,#2594,#1409,.T.);
#3206=EDGE_CURVE('',#2594,#2595,#1410,.T.);
#3207=EDGE_CURVE('',#2595,#2596,#1411,.T.);
#3208=EDGE_CURVE('',#2596,#2597,#1412,.T.);
#3209=EDGE_CURVE('',#2597,#2598,#1413,.T.);
#3210=EDGE_CURVE('',#2598,#2599,#2305,.T.);
#3211=EDGE_CURVE('',#2599,#2600,#1414,.T.);
#3212=EDGE_CURVE('',#2600,#2560,#1415,.T.);
#3213=EDGE_CURVE('',#2601,#2602,#338,.T.);
#3214=EDGE_CURVE('',#2602,#2603,#339,.T.);
#3215=EDGE_CURVE('',#2603,#2601,#1416,.T.);
#3216=EDGE_CURVE('',#2604,#2605,#340,.T.);
#3217=EDGE_CURVE('',#2605,#2606,#341,.T.);
#3218=EDGE_CURVE('',#2604,#2606,#1417,.T.);
#3219=EDGE_CURVE('',#2607,#2608,#1418,.T.);
#3220=EDGE_CURVE('',#2607,#2609,#1419,.T.);
#3221=EDGE_CURVE('',#2609,#2610,#1420,.T.);
#3222=EDGE_CURVE('',#2608,#2610,#1421,.T.);
#3223=EDGE_CURVE('',#2611,#2612,#1422,.T.);
#3224=EDGE_CURVE('',#2612,#2613,#342,.T.);
#3225=EDGE_CURVE('',#2613,#2614,#1423,.T.);
#3226=EDGE_CURVE('',#2614,#2615,#343,.T.);
#3227=EDGE_CURVE('',#2615,#2616,#1424,.T.);
#3228=EDGE_CURVE('',#2616,#2617,#344,.T.);
#3229=EDGE_CURVE('',#2617,#2618,#1425,.T.);
#3230=EDGE_CURVE('',#2618,#2611,#345,.T.);
#3231=EDGE_CURVE('',#2619,#2619,#346,.T.);
#3232=EDGE_CURVE('',#2620,#2592,#2306,.T.);
#3233=EDGE_CURVE('',#2621,#2620,#1426,.T.);
#3234=EDGE_CURVE('',#2593,#2621,#2307,.T.);
#3235=EDGE_CURVE('',#2594,#2621,#347,.T.);
#3236=EDGE_CURVE('',#2622,#2565,#348,.T.);
#3237=EDGE_CURVE('',#2623,#2622,#1427,.T.);
#3238=EDGE_CURVE('',#2561,#2623,#349,.T.);
#3239=EDGE_CURVE('',#2600,#2559,#350,.T.);
#3240=EDGE_CURVE('',#2624,#2599,#351,.T.);
#3241=EDGE_CURVE('',#2624,#2625,#1428,.T.);
#3242=EDGE_CURVE('',#2625,#2595,#352,.T.);
#3243=EDGE_CURVE('',#2555,#2620,#353,.T.);
#3244=EDGE_CURVE('',#2598,#2626,#354,.T.);
#3245=EDGE_CURVE('',#2626,#2624,#2308,.T.);
#3246=EDGE_CURVE('',#2597,#2626,#1429,.T.);
#3247=EDGE_CURVE('',#2623,#2627,#2309,.T.);
#3248=EDGE_CURVE('',#2627,#2562,#355,.T.);
#3249=EDGE_CURVE('',#2563,#2627,#1430,.T.);
#3250=EDGE_CURVE('',#2628,#2629,#2310,.T.);
#3251=EDGE_CURVE('',#2630,#2628,#2311,.T.);
#3252=EDGE_CURVE('',#2630,#2422,#1431,.T.);
#3253=EDGE_CURVE('',#2631,#2421,#1432,.T.);
#3254=EDGE_CURVE('',#2631,#2632,#1433,.T.);
#3255=EDGE_CURVE('',#2629,#2632,#1434,.T.);
#3256=EDGE_CURVE('',#2633,#2630,#2312,.T.);
#3257=EDGE_CURVE('',#2423,#2633,#1435,.T.);
#3258=EDGE_CURVE('',#2634,#2632,#1436,.T.);
#3259=EDGE_CURVE('',#2634,#2432,#1437,.T.);
#3260=EDGE_CURVE('',#2429,#2635,#1438,.T.);
#3261=EDGE_CURVE('',#2635,#2629,#356,.T.);
#3262=EDGE_CURVE('',#2631,#2636,#1439,.T.);
#3263=EDGE_CURVE('',#2637,#2636,#1440,.T.);
#3264=EDGE_CURVE('',#2632,#2637,#1441,.T.);
#3265=EDGE_CURVE('',#2638,#2420,#1442,.T.);
#3266=EDGE_CURVE('',#2638,#2639,#1443,.T.);
#3267=EDGE_CURVE('',#2639,#2640,#1444,.T.);
#3268=EDGE_CURVE('',#2640,#2641,#1445,.T.);
#3269=EDGE_CURVE('',#2642,#2641,#1446,.T.);
#3270=EDGE_CURVE('',#2636,#2642,#357,.T.);
#3271=EDGE_CURVE('',#2643,#2428,#1447,.T.);
#3272=EDGE_CURVE('',#2643,#2428,#1448,.T.);
#3273=EDGE_CURVE('',#2644,#2645,#1449,.T.);
#3274=EDGE_CURVE('',#2646,#2644,#2313,.T.);
#3275=EDGE_CURVE('',#2643,#2646,#2314,.T.);
#3276=EDGE_CURVE('',#2647,#2428,#1450,.T.);
#3277=EDGE_CURVE('',#2647,#2645,#1451,.T.);
#3278=EDGE_CURVE('',#2648,#2645,#1452,.T.);
#3279=EDGE_CURVE('',#2649,#2648,#358,.T.);
#3280=EDGE_CURVE('',#2650,#2649,#1453,.T.);
#3281=EDGE_CURVE('',#2650,#2651,#1454,.T.);
#3282=EDGE_CURVE('',#2652,#2651,#1455,.T.);
#3283=EDGE_CURVE('',#2652,#2653,#1456,.T.);
#3284=EDGE_CURVE('',#2653,#2464,#1457,.T.);
#3285=EDGE_CURVE('',#2463,#2654,#1458,.T.);
#3286=EDGE_CURVE('',#2654,#2644,#359,.T.);
#3287=EDGE_CURVE('',#2647,#2655,#1459,.T.);
#3288=EDGE_CURVE('',#2648,#2655,#1460,.T.);
#3289=EDGE_CURVE('',#2656,#2657,#1461,.T.);
#3290=EDGE_CURVE('',#2658,#2656,#360,.T.);
#3291=EDGE_CURVE('',#2659,#2658,#361,.T.);
#3292=EDGE_CURVE('',#2659,#2660,#1462,.T.);
#3293=EDGE_CURVE('',#2657,#2660,#362,.T.);
#3294=EDGE_CURVE('',#2661,#2661,#363,.T.);
#3295=EDGE_CURVE('',#2662,#2662,#364,.T.);
#3296=EDGE_CURVE('',#2662,#2663,#1463,.T.);
#3297=EDGE_CURVE('',#2663,#2663,#365,.T.);
#3298=EDGE_CURVE('',#2545,#2664,#1464,.T.);
#3299=EDGE_CURVE('',#2665,#2544,#1465,.T.);
#3300=EDGE_CURVE('',#2664,#2665,#1466,.T.);
#3301=EDGE_CURVE('',#2666,#2666,#366,.T.);
#3302=EDGE_CURVE('',#2667,#2541,#1467,.T.);
#3303=EDGE_CURVE('',#2664,#2667,#1468,.T.);
#3304=EDGE_CURVE('',#2665,#2516,#1469,.T.);
#3305=EDGE_CURVE('',#2564,#2622,#1470,.T.);
#3306=EDGE_CURVE('',#2515,#2667,#367,.T.);
#3307=EDGE_CURVE('',#2668,#2669,#1471,.T.);
#3308=EDGE_CURVE('',#2669,#2670,#1472,.T.);
#3309=EDGE_CURVE('',#2670,#2671,#1473,.T.);
#3310=EDGE_CURVE('',#2671,#2668,#1474,.T.);
#3311=EDGE_CURVE('',#2672,#2668,#368,.T.);
#3312=EDGE_CURVE('',#2673,#2671,#369,.T.);
#3313=EDGE_CURVE('',#2673,#2672,#1475,.T.);
#3314=EDGE_CURVE('',#2669,#2674,#1476,.T.);
#3315=EDGE_CURVE('',#2674,#2675,#1477,.T.);
#3316=EDGE_CURVE('',#2670,#2675,#1478,.T.);
#3317=EDGE_CURVE('',#2676,#2677,#2315,.T.);
#3318=EDGE_CURVE('',#2678,#2677,#370,.T.);
#3319=EDGE_CURVE('',#2678,#2679,#1479,.T.);
#3320=EDGE_CURVE('',#2679,#2679,#371,.T.);
#3321=EDGE_CURVE('',#2676,#2678,#372,.T.);
#3322=EDGE_CURVE('',#2482,#2680,#1480,.T.);
#3323=EDGE_CURVE('',#2680,#2673,#1481,.T.);
#3324=EDGE_CURVE('',#2675,#2681,#1482,.T.);
#3325=EDGE_CURVE('',#2681,#2682,#1483,.T.);
#3326=EDGE_CURVE('',#2682,#2683,#1484,.T.);
#3327=EDGE_CURVE('',#2683,#2550,#1485,.T.);
#3328=EDGE_CURVE('',#2684,#2672,#1486,.T.);
#3329=EDGE_CURVE('',#2684,#2680,#1487,.T.);
#3330=EDGE_CURVE('',#2685,#2683,#1488,.T.);
#3331=EDGE_CURVE('',#2686,#2682,#1489,.T.);
#3332=EDGE_CURVE('',#2686,#2685,#1490,.T.);
#3333=EDGE_CURVE('',#2687,#2686,#1491,.T.);
#3334=EDGE_CURVE('',#2687,#2681,#1492,.T.);
#3335=EDGE_CURVE('',#2674,#2687,#1493,.T.);
#3336=EDGE_CURVE('',#2688,#2688,#373,.T.);
#3337=EDGE_CURVE('',#2688,#2689,#1494,.T.);
#3338=EDGE_CURVE('',#2689,#2689,#374,.T.);
#3339=EDGE_CURVE('',#2690,#2691,#1495,.T.);
#3340=EDGE_CURVE('',#2691,#2692,#1496,.T.);
#3341=EDGE_CURVE('',#2692,#2693,#1497,.T.);
#3342=EDGE_CURVE('',#2690,#2693,#1498,.T.);
#3343=EDGE_CURVE('',#2691,#2694,#1499,.T.);
#3344=EDGE_CURVE('',#2694,#2695,#1500,.T.);
#3345=EDGE_CURVE('',#2695,#2692,#1501,.T.);
#3346=EDGE_CURVE('',#2694,#2696,#1502,.T.);
#3347=EDGE_CURVE('',#2696,#2697,#1503,.T.);
#3348=EDGE_CURVE('',#2697,#2695,#1504,.T.);
#3349=EDGE_CURVE('',#2698,#2699,#1505,.T.);
#3350=EDGE_CURVE('',#2697,#2698,#1506,.T.);
#3351=EDGE_CURVE('',#2696,#2699,#1507,.T.);
#3352=EDGE_CURVE('',#2700,#2701,#1508,.T.);
#3353=EDGE_CURVE('',#2701,#2521,#1509,.T.);
#3354=EDGE_CURVE('',#2520,#2700,#1510,.T.);
#3355=EDGE_CURVE('',#2702,#2703,#1511,.T.);
#3356=EDGE_CURVE('',#2703,#2698,#375,.T.);
#3357=EDGE_CURVE('',#2699,#2702,#376,.T.);
#3358=EDGE_CURVE('',#2703,#2700,#1512,.T.);
#3359=EDGE_CURVE('',#2701,#2702,#1513,.T.);
#3360=EDGE_CURVE('',#2704,#2690,#1514,.T.);
#3361=EDGE_CURVE('',#2693,#2705,#1515,.T.);
#3362=EDGE_CURVE('',#2705,#2706,#1516,.T.);
#3363=EDGE_CURVE('',#2706,#2704,#1517,.T.);
#3364=EDGE_CURVE('',#2519,#2707,#377,.T.);
#3365=EDGE_CURVE('',#2707,#2705,#1518,.T.);
#3366=EDGE_CURVE('',#2708,#2709,#1519,.T.);
#3367=EDGE_CURVE('',#2709,#2522,#1520,.T.);
#3368=EDGE_CURVE('',#2526,#2708,#378,.F.);
#3369=EDGE_CURVE('',#2709,#2710,#1521,.T.);
#3370=EDGE_CURVE('',#2523,#2710,#379,.T.);
#3371=EDGE_CURVE('',#2711,#2712,#1522,.T.);
#3372=EDGE_CURVE('',#2713,#2712,#380,.T.);
#3373=EDGE_CURVE('',#2714,#2713,#381,.T.);
#3374=EDGE_CURVE('',#2715,#2714,#382,.T.);
#3375=EDGE_CURVE('',#2715,#2716,#1523,.T.);
#3376=EDGE_CURVE('',#2711,#2716,#383,.T.);
#3377=EDGE_CURVE('',#2717,#2718,#384,.T.);
#3378=EDGE_CURVE('',#2710,#2717,#1524,.T.);
#3379=EDGE_CURVE('',#2718,#2708,#1525,.T.);
#3380=EDGE_CURVE('',#2716,#2711,#385,.T.);
#3381=EDGE_CURVE('',#2713,#2714,#386,.T.);
#3382=EDGE_CURVE('',#2719,#2715,#387,.T.);
#3383=EDGE_CURVE('',#2605,#2719,#1526,.T.);
#3384=EDGE_CURVE('',#2720,#2604,#1527,.T.);
#3385=EDGE_CURVE('',#2712,#2720,#388,.T.);
#3386=EDGE_CURVE('',#2721,#2722,#389,.T.);
#3387=EDGE_CURVE('',#2722,#2723,#1528,.T.);
#3388=EDGE_CURVE('',#2724,#2723,#390,.T.);
#3389=EDGE_CURVE('',#2721,#2724,#1529,.T.);
#3390=EDGE_CURVE('',#2722,#2725,#1530,.T.);
#3391=EDGE_CURVE('',#2725,#2726,#1531,.T.);
#3392=EDGE_CURVE('',#2723,#2726,#1532,.T.);
#3393=EDGE_CURVE('',#2725,#2727,#391,.T.);
#3394=EDGE_CURVE('',#2727,#2728,#1533,.T.);
#3395=EDGE_CURVE('',#2726,#2728,#392,.T.);
#3396=EDGE_CURVE('',#2727,#2729,#1534,.T.);
#3397=EDGE_CURVE('',#2729,#2730,#1535,.T.);
#3398=EDGE_CURVE('',#2728,#2730,#1536,.T.);
#3399=EDGE_CURVE('',#2729,#2731,#393,.T.);
#3400=EDGE_CURVE('',#2731,#2732,#1537,.T.);
#3401=EDGE_CURVE('',#2730,#2732,#394,.T.);
#3402=EDGE_CURVE('',#2731,#2733,#1538,.T.);
#3403=EDGE_CURVE('',#2733,#2734,#1539,.T.);
#3404=EDGE_CURVE('',#2732,#2734,#1540,.T.);
#3405=EDGE_CURVE('',#2733,#2735,#395,.T.);
#3406=EDGE_CURVE('',#2735,#2736,#1541,.T.);
#3407=EDGE_CURVE('',#2734,#2736,#396,.T.);
#3408=EDGE_CURVE('',#2737,#2721,#1542,.T.);
#3409=EDGE_CURVE('',#2738,#2724,#1543,.T.);
#3410=EDGE_CURVE('',#2739,#2738,#1544,.T.);
#3411=EDGE_CURVE('',#2739,#2740,#397,.T.);
#3412=EDGE_CURVE('',#2741,#2740,#1545,.T.);
#3413=EDGE_CURVE('',#2509,#2741,#1546,.T.);
#3414=EDGE_CURVE('',#2508,#2737,#1547,.T.);
#3415=EDGE_CURVE('',#2735,#2742,#1548,.T.);
#3416=EDGE_CURVE('',#2491,#2742,#1549,.T.);
#3417=EDGE_CURVE('',#2743,#2490,#1550,.T.);
#3418=EDGE_CURVE('',#2744,#2743,#1551,.T.);
#3419=EDGE_CURVE('',#2744,#2745,#398,.T.);
#3420=EDGE_CURVE('',#2745,#2746,#1552,.T.);
#3421=EDGE_CURVE('',#2736,#2746,#1553,.T.);
#3422=EDGE_CURVE('',#2747,#2748,#1554,.T.);
#3423=EDGE_CURVE('',#2749,#2748,#1555,.T.);
#3424=EDGE_CURVE('',#2742,#2749,#1556,.T.);
#3425=EDGE_CURVE('',#2750,#2737,#1557,.T.);
#3426=EDGE_CURVE('',#2751,#2750,#1558,.T.);
#3427=EDGE_CURVE('',#2751,#2752,#1559,.T.);
#3428=EDGE_CURVE('',#2752,#2753,#1560,.T.);
#3429=EDGE_CURVE('',#2754,#2753,#399,.T.);
#3430=EDGE_CURVE('',#2755,#2754,#1561,.T.);
#3431=EDGE_CURVE('',#2756,#2755,#400,.T.);
#3432=EDGE_CURVE('',#2756,#2747,#1562,.T.);
#3433=EDGE_CURVE('',#2757,#2757,#401,.T.);
#3434=EDGE_CURVE('',#2758,#2758,#402,.T.);
#3435=EDGE_CURVE('',#2759,#2759,#403,.T.);
#3436=EDGE_CURVE('',#2760,#2760,#404,.T.);
#3437=EDGE_CURVE('',#2761,#2751,#1563,.T.);
#3438=EDGE_CURVE('',#2761,#2762,#1564,.T.);
#3439=EDGE_CURVE('',#2762,#2752,#1565,.T.);
#3440=EDGE_CURVE('',#2507,#2750,#1566,.T.);
#3441=EDGE_CURVE('',#2763,#2506,#1567,.T.);
#3442=EDGE_CURVE('',#2761,#2763,#1568,.T.);
#3443=EDGE_CURVE('',#2764,#2739,#1569,.T.);
#3444=EDGE_CURVE('',#2765,#2738,#1570,.T.);
#3445=EDGE_CURVE('',#2764,#2765,#1571,.T.);
#3446=EDGE_CURVE('',#2763,#2766,#1572,.T.);
#3447=EDGE_CURVE('',#2762,#2766,#1573,.T.);
#3448=EDGE_CURVE('',#2767,#2586,#405,.T.);
#3449=EDGE_CURVE('',#2585,#2768,#1574,.T.);
#3450=EDGE_CURVE('',#2746,#2768,#1575,.T.);
#3451=EDGE_CURVE('',#2745,#2767,#1576,.T.);
#3452=EDGE_CURVE('',#2769,#2770,#1577,.T.);
#3453=EDGE_CURVE('',#2770,#2771,#1578,.T.);
#3454=EDGE_CURVE('',#2772,#2771,#1579,.T.);
#3455=EDGE_CURVE('',#2769,#2772,#1580,.T.);
#3456=EDGE_CURVE('',#2654,#2646,#2316,.T.);
#3457=EDGE_CURVE('',#2654,#2773,#2317,.T.);
#3458=EDGE_CURVE('',#2773,#2659,#2318,.T.);
#3459=EDGE_CURVE('',#2658,#2774,#406,.T.);
#3460=EDGE_CURVE('',#2656,#2775,#2319,.T.);
#3461=EDGE_CURVE('',#2775,#2633,#2320,.T.);
#3462=EDGE_CURVE('',#2635,#2628,#2321,.T.);
#3463=EDGE_CURVE('',#2635,#2643,#2322,.T.);
#3464=EDGE_CURVE('',#2545,#2707,#1581,.T.);
#3465=EDGE_CURVE('',#2545,#2664,#1582,.T.);
#3466=EDGE_CURVE('',#2776,#2664,#1583,.T.);
#3467=EDGE_CURVE('',#2425,#2776,#1584,.T.);
#3468=EDGE_CURVE('',#2424,#2775,#1585,.T.);
#3469=EDGE_CURVE('',#2706,#2657,#1586,.T.);
#3470=EDGE_CURVE('',#2777,#2426,#2323,.T.);
#3471=EDGE_CURVE('',#2776,#2777,#407,.T.);
#3472=EDGE_CURVE('',#2437,#2555,#2324,.T.);
#3473=EDGE_CURVE('',#2620,#2438,#2325,.T.);
#3474=EDGE_CURVE('',#2553,#2461,#1587,.T.);
#3475=EDGE_CURVE('',#2778,#2443,#1588,.T.);
#3476=EDGE_CURVE('',#2587,#2778,#1589,.T.);
#3477=EDGE_CURVE('',#2587,#2444,#1590,.T.);
#3478=EDGE_CURVE('',#2779,#2587,#1591,.T.);
#3479=EDGE_CURVE('',#2779,#2445,#1592,.T.);
#3480=EDGE_CURVE('',#2779,#2647,#1593,.T.);
#3481=EDGE_CURVE('',#2780,#2778,#408,.T.);
#3482=EDGE_CURVE('',#2780,#2466,#1594,.T.);
#3483=EDGE_CURVE('',#2653,#2469,#1595,.T.);
#3484=EDGE_CURVE('',#2570,#2634,#1596,.T.);
#3485=EDGE_CURVE('',#2570,#2433,#1597,.T.);
#3486=EDGE_CURVE('',#2781,#2570,#1598,.T.);
#3487=EDGE_CURVE('',#2781,#2434,#1599,.T.);
#3488=EDGE_CURVE('',#2781,#2782,#409,.T.);
#3489=EDGE_CURVE('',#2782,#2783,#1600,.T.);
#3490=EDGE_CURVE('',#2783,#2435,#1601,.T.);
#3491=EDGE_CURVE('',#2784,#2785,#1602,.T.);
#3492=EDGE_CURVE('',#2784,#2536,#1603,.T.);
#3493=EDGE_CURVE('',#2535,#2785,#410,.F.);
#3494=EDGE_CURVE('',#2786,#2784,#1604,.T.);
#3495=EDGE_CURVE('',#2537,#2786,#411,.T.);
#3496=EDGE_CURVE('',#2787,#2788,#1605,.T.);
#3497=EDGE_CURVE('',#2789,#2788,#412,.T.);
#3498=EDGE_CURVE('',#2789,#2790,#1606,.T.);
#3499=EDGE_CURVE('',#2787,#2790,#413,.T.);
#3500=EDGE_CURVE('',#2791,#2792,#414,.T.);
#3501=EDGE_CURVE('',#2791,#2786,#1607,.T.);
#3502=EDGE_CURVE('',#2785,#2792,#1608,.T.);
#3503=EDGE_CURVE('',#2790,#2787,#415,.T.);
#3504=EDGE_CURVE('',#2569,#2782,#1609,.T.);
#3505=EDGE_CURVE('',#2783,#2568,#1610,.T.);
#3506=EDGE_CURVE('',#2406,#2783,#1611,.T.);
#3507=EDGE_CURVE('',#2793,#2794,#1612,.T.);
#3508=EDGE_CURVE('',#2794,#2795,#1613,.T.);
#3509=EDGE_CURVE('',#2796,#2795,#1614,.T.);
#3510=EDGE_CURVE('',#2796,#2793,#1615,.T.);
#3511=EDGE_CURVE('',#2794,#2797,#1616,.T.);
#3512=EDGE_CURVE('',#2797,#2798,#1617,.T.);
#3513=EDGE_CURVE('',#2795,#2798,#1618,.T.);
#3514=EDGE_CURVE('',#2797,#2799,#1619,.T.);
#3515=EDGE_CURVE('',#2799,#2800,#1620,.T.);
#3516=EDGE_CURVE('',#2798,#2800,#1621,.T.);
#3517=EDGE_CURVE('',#2801,#2802,#2326,.T.);
#3518=EDGE_CURVE('',#2801,#2802,#416,.T.);
#3519=EDGE_CURVE('',#2803,#2804,#1622,.T.);
#3520=EDGE_CURVE('',#2805,#2803,#1623,.T.);
#3521=EDGE_CURVE('',#2806,#2805,#1624,.T.);
#3522=EDGE_CURVE('',#2804,#2806,#1625,.T.);
#3523=EDGE_CURVE('',#2804,#2807,#417,.T.);
#3524=EDGE_CURVE('',#2571,#2807,#2327,.T.);
#3525=EDGE_CURVE('',#2634,#2808,#418,.T.);
#3526=EDGE_CURVE('',#2808,#2809,#419,.T.);
#3527=EDGE_CURVE('',#2809,#2810,#420,.T.);
#3528=EDGE_CURVE('',#2810,#2811,#421,.T.);
#3529=EDGE_CURVE('',#2811,#2803,#422,.T.);
#3530=EDGE_CURVE('',#2642,#2812,#1626,.T.);
#3531=EDGE_CURVE('',#2812,#2813,#423,.T.);
#3532=EDGE_CURVE('',#2813,#2814,#424,.T.);
#3533=EDGE_CURVE('',#2814,#2637,#425,.T.);
#3534=EDGE_CURVE('',#2655,#2815,#426,.T.);
#3535=EDGE_CURVE('',#2815,#2816,#427,.T.);
#3536=EDGE_CURVE('',#2816,#2817,#428,.T.);
#3537=EDGE_CURVE('',#2817,#2649,#1627,.T.);
#3538=EDGE_CURVE('',#2818,#2819,#2328,.T.);
#3539=EDGE_CURVE('',#2820,#2818,#2329,.T.);
#3540=EDGE_CURVE('',#2820,#2819,#429,.T.);
#3541=EDGE_CURVE('',#2637,#2821,#430,.T.);
#3542=EDGE_CURVE('',#2822,#2814,#431,.T.);
#3543=EDGE_CURVE('',#2821,#2822,#1628,.T.);
#3544=EDGE_CURVE('',#2823,#2821,#1629,.T.);
#3545=EDGE_CURVE('',#2634,#2823,#432,.T.);
#3546=EDGE_CURVE('',#2824,#2813,#433,.T.);
#3547=EDGE_CURVE('',#2824,#2822,#434,.T.);
#3548=EDGE_CURVE('',#2825,#2823,#1630,.T.);
#3549=EDGE_CURVE('',#2808,#2825,#435,.T.);
#3550=EDGE_CURVE('',#2826,#2812,#436,.T.);
#3551=EDGE_CURVE('',#2824,#2826,#1631,.T.);
#3552=EDGE_CURVE('',#2825,#2801,#437,.T.);
#3553=EDGE_CURVE('',#2809,#2801,#438,.T.);
#3554=EDGE_CURVE('',#2827,#2828,#439,.T.);
#3555=EDGE_CURVE('',#2817,#2828,#1632,.T.);
#3556=EDGE_CURVE('',#2829,#2817,#440,.T.);
#3557=EDGE_CURVE('',#2827,#2829,#1633,.T.);
#3558=EDGE_CURVE('',#2810,#2802,#441,.T.);
#3559=EDGE_CURVE('',#2830,#2816,#442,.T.);
#3560=EDGE_CURVE('',#2829,#2830,#1634,.T.);
#3561=EDGE_CURVE('',#2802,#2831,#443,.T.);
#3562=EDGE_CURVE('',#2811,#2831,#444,.T.);
#3563=EDGE_CURVE('',#2832,#2815,#445,.T.);
#3564=EDGE_CURVE('',#2832,#2830,#446,.T.);
#3565=EDGE_CURVE('',#2833,#2831,#1635,.T.);
#3566=EDGE_CURVE('',#2803,#2833,#447,.T.);
#3567=EDGE_CURVE('',#2834,#2655,#448,.T.);
#3568=EDGE_CURVE('',#2832,#2834,#1636,.T.);
#3569=EDGE_CURVE('',#2835,#2833,#1637,.T.);
#3570=EDGE_CURVE('',#2805,#2835,#449,.T.);
#3571=EDGE_CURVE('',#2836,#2779,#450,.T.);
#3572=EDGE_CURVE('',#2834,#2836,#1638,.T.);
#3573=EDGE_CURVE('',#2837,#2835,#1639,.T.);
#3574=EDGE_CURVE('',#2838,#2837,#451,.T.);
#3575=EDGE_CURVE('',#2805,#2838,#452,.T.);
#3576=EDGE_CURVE('',#2839,#2779,#453,.T.);
#3577=EDGE_CURVE('',#2840,#2839,#454,.T.);
#3578=EDGE_CURVE('',#2836,#2840,#1640,.T.);
#3579=EDGE_CURVE('',#2837,#2820,#455,.T.);
#3580=EDGE_CURVE('',#2841,#2820,#456,.T.);
#3581=EDGE_CURVE('',#2838,#2841,#457,.T.);
#3582=EDGE_CURVE('',#2842,#2839,#458,.T.);
#3583=EDGE_CURVE('',#2819,#2842,#459,.T.);
#3584=EDGE_CURVE('',#2819,#2840,#460,.T.);
#3585=EDGE_CURVE('',#2841,#2842,#461,.T.);
#3586=EDGE_CURVE('',#2807,#2843,#1641,.T.);
#3587=EDGE_CURVE('',#2843,#2806,#462,.T.);
#3588=EDGE_CURVE('',#2456,#2467,#463,.F.);
#3589=EDGE_CURVE('',#2466,#2467,#1642,.T.);
#3590=EDGE_CURVE('',#2589,#2467,#1643,.T.);
#3591=EDGE_CURVE('',#2780,#2588,#1644,.T.);
#3592=EDGE_CURVE('',#2467,#2455,#464,.T.);
#3593=EDGE_CURVE('',#2788,#2844,#465,.T.);
#3594=EDGE_CURVE('',#2845,#2844,#1645,.T.);
#3595=EDGE_CURVE('',#2845,#2846,#466,.T.);
#3596=EDGE_CURVE('',#2846,#2789,#467,.T.);
#3597=EDGE_CURVE('',#2773,#2462,#1646,.T.);
#3598=EDGE_CURVE('',#2777,#2513,#2330,.T.);
#3599=EDGE_CURVE('',#2847,#2452,#2331,.T.);
#3600=EDGE_CURVE('',#2848,#2591,#2332,.F.);
#3601=EDGE_CURVE('',#2848,#2849,#2333,.T.);
#3602=EDGE_CURVE('',#2849,#2847,#2334,.T.);
#3603=EDGE_CURVE('',#2590,#2848,#1647,.T.);
#3604=EDGE_CURVE('',#2777,#2514,#468,.T.);
#3605=EDGE_CURVE('',#2714,#2719,#469,.T.);
#3606=EDGE_CURVE('',#2850,#2713,#470,.T.);
#3607=EDGE_CURVE('',#2850,#2606,#1648,.T.);
#3608=EDGE_CURVE('',#2844,#2601,#1649,.T.);
#3609=EDGE_CURVE('',#2845,#2603,#1650,.T.);
#3610=EDGE_CURVE('',#2602,#2846,#1651,.T.);
#3611=EDGE_CURVE('',#2720,#2850,#1652,.T.);
#3612=EDGE_CURVE('',#2851,#2567,#1653,.T.);
#3613=EDGE_CURVE('',#2851,#2566,#2335,.T.);
#3614=EDGE_CURVE('',#2415,#2852,#1654,.T.);
#3615=EDGE_CURVE('',#2852,#2448,#471,.T.);
#3616=EDGE_CURVE('',#2853,#2851,#2336,.T.);
#3617=EDGE_CURVE('',#2854,#2853,#2337,.T.);
#3618=EDGE_CURVE('',#2854,#2852,#472,.T.);
#3619=EDGE_CURVE('',#2540,#2849,#1655,.T.);
#3620=EDGE_CURVE('',#2449,#2854,#2338,.T.);
#3621=EDGE_CURVE('',#2855,#2856,#1656,.T.);
#3622=EDGE_CURVE('',#2856,#2857,#473,.T.);
#3623=EDGE_CURVE('',#2857,#2858,#1657,.T.);
#3624=EDGE_CURVE('',#2858,#2859,#474,.T.);
#3625=EDGE_CURVE('',#2859,#2860,#1658,.T.);
#3626=EDGE_CURVE('',#2860,#2609,#475,.T.);
#3627=EDGE_CURVE('',#2607,#2855,#476,.T.);
#3628=EDGE_CURVE('',#2861,#2861,#477,.T.);
#3629=EDGE_CURVE('',#2862,#2863,#1659,.T.);
#3630=EDGE_CURVE('',#2863,#2856,#1660,.T.);
#3631=EDGE_CURVE('',#2862,#2855,#1661,.T.);
#3632=EDGE_CURVE('',#2863,#2864,#478,.T.);
#3633=EDGE_CURVE('',#2864,#2857,#1662,.T.);
#3634=EDGE_CURVE('',#2865,#2862,#479,.T.);
#3635=EDGE_CURVE('',#2865,#2608,#2339,.T.);
#3636=EDGE_CURVE('',#2861,#2866,#1663,.T.);
#3637=EDGE_CURVE('',#2866,#2866,#480,.T.);
#3638=EDGE_CURVE('',#2867,#2868,#481,.T.);
#3639=EDGE_CURVE('',#2610,#2868,#2340,.T.);
#3640=EDGE_CURVE('',#2867,#2860,#1664,.T.);
#3641=EDGE_CURVE('',#2869,#2867,#1665,.T.);
#3642=EDGE_CURVE('',#2869,#2859,#1666,.T.);
#3643=EDGE_CURVE('',#2870,#2869,#482,.T.);
#3644=EDGE_CURVE('',#2870,#2858,#1667,.T.);
#3645=EDGE_CURVE('',#2864,#2870,#1668,.T.);
#3646=EDGE_CURVE('',#2868,#2865,#1669,.T.);
#3647=EDGE_CURVE('',#2528,#2611,#1670,.T.);
#3648=EDGE_CURVE('',#2529,#2618,#1671,.T.);
#3649=EDGE_CURVE('',#2530,#2617,#1672,.T.);
#3650=EDGE_CURVE('',#2531,#2616,#1673,.T.);
#3651=EDGE_CURVE('',#2532,#2615,#1674,.T.);
#3652=EDGE_CURVE('',#2533,#2614,#1675,.T.);
#3653=EDGE_CURVE('',#2534,#2613,#1676,.T.);
#3654=EDGE_CURVE('',#2527,#2612,#1677,.T.);
#3655=EDGE_CURVE('',#2871,#2640,#1678,.T.);
#3656=EDGE_CURVE('',#2639,#2872,#1679,.T.);
#3657=EDGE_CURVE('',#2871,#2872,#1680,.T.);
#3658=EDGE_CURVE('',#2651,#2873,#1681,.T.);
#3659=EDGE_CURVE('',#2874,#2873,#1682,.T.);
#3660=EDGE_CURVE('',#2874,#2652,#1683,.T.);
#3661=EDGE_CURVE('',#2828,#2650,#1684,.T.);
#3662=EDGE_CURVE('',#2641,#2875,#1685,.T.);
#3663=EDGE_CURVE('',#2875,#2812,#1686,.T.);
#3664=EDGE_CURVE('',#2875,#2876,#483,.T.);
#3665=EDGE_CURVE('',#2826,#2876,#1687,.T.);
#3666=EDGE_CURVE('',#2876,#2871,#1688,.T.);
#3667=EDGE_CURVE('',#2873,#2827,#1689,.T.);
#3668=EDGE_CURVE('',#2741,#2743,#1690,.T.);
#3669=EDGE_CURVE('',#2744,#2740,#1691,.T.);
#3670=EDGE_CURVE('',#2505,#2766,#1692,.T.);
#3671=EDGE_CURVE('',#2572,#2764,#484,.T.);
#3672=EDGE_CURVE('',#2767,#2843,#2341,.F.);
#3673=EDGE_CURVE('',#2772,#2747,#1693,.T.);
#3674=EDGE_CURVE('',#2771,#2748,#1694,.T.);
#3675=EDGE_CURVE('',#2770,#2493,#1695,.T.);
#3676=EDGE_CURVE('',#2492,#2749,#1696,.T.);
#3677=EDGE_CURVE('',#2792,#2539,#485,.T.);
#3678=EDGE_CURVE('',#2791,#2538,#486,.T.);
#3679=EDGE_CURVE('',#2524,#2717,#487,.T.);
#3680=EDGE_CURVE('',#2525,#2718,#488,.T.);
#3681=EDGE_CURVE('',#2500,#2578,#1697,.T.);
#3682=EDGE_CURVE('',#2577,#2501,#1698,.T.);
#3683=EDGE_CURVE('',#2760,#2877,#1699,.T.);
#3684=EDGE_CURVE('',#2877,#2877,#489,.T.);
#3685=EDGE_CURVE('',#2759,#2878,#1700,.T.);
#3686=EDGE_CURVE('',#2878,#2878,#490,.T.);
#3687=EDGE_CURVE('',#2758,#2879,#1701,.T.);
#3688=EDGE_CURVE('',#2879,#2879,#491,.T.);
#3689=EDGE_CURVE('',#2757,#2880,#1702,.T.);
#3690=EDGE_CURVE('',#2880,#2880,#492,.T.);
#3691=EDGE_CURVE('',#2579,#2499,#1703,.T.);
#3692=EDGE_CURVE('',#2498,#2580,#1704,.T.);
#3693=EDGE_CURVE('',#2495,#2881,#1705,.T.);
#3694=EDGE_CURVE('',#2769,#2494,#1706,.T.);
#3695=EDGE_CURVE('',#2882,#2756,#1707,.T.);
#3696=EDGE_CURVE('',#2881,#2882,#493,.T.);
#3697=EDGE_CURVE('',#2581,#2497,#1708,.T.);
#3698=EDGE_CURVE('',#2502,#2576,#1709,.T.);
#3699=EDGE_CURVE('',#2574,#2883,#2342,.T.);
#3700=EDGE_CURVE('',#2573,#2884,#494,.T.);
#3701=EDGE_CURVE('',#2883,#2884,#1710,.T.);
#3702=EDGE_CURVE('',#2884,#2885,#495,.T.);
#3703=EDGE_CURVE('',#2885,#2765,#1711,.T.);
#3704=EDGE_CURVE('',#2885,#2886,#1712,.T.);
#3705=EDGE_CURVE('',#2768,#2886,#1713,.T.);
#3706=EDGE_CURVE('',#2886,#2887,#496,.T.);
#3707=EDGE_CURVE('',#2584,#2887,#497,.F.);
#3708=EDGE_CURVE('',#2888,#2504,#1714,.T.);
#3709=EDGE_CURVE('',#2889,#2888,#498,.T.);
#3710=EDGE_CURVE('',#2753,#2889,#1715,.T.);
#3711=EDGE_CURVE('',#2889,#2890,#2343,.T.);
#3712=EDGE_CURVE('',#2890,#2754,#1716,.T.);
#3713=EDGE_CURVE('',#2755,#2891,#1717,.T.);
#3714=EDGE_CURVE('',#2891,#2890,#1718,.T.);
#3715=EDGE_CURVE('',#2891,#2882,#2344,.T.);
#3716=EDGE_CURVE('',#2582,#2496,#1719,.T.);
#3717=EDGE_CURVE('',#2883,#2888,#2345,.T.);
#3718=EDGE_CURVE('',#2892,#2887,#1720,.T.);
#3719=EDGE_CURVE('',#2881,#2892,#2346,.T.);
#3720=EDGE_CURVE('',#2892,#2583,#2347,.T.);
#3721=EDGE_CURVE('',#2503,#2575,#1721,.T.);
#3722=EDGE_CURVE('',#2800,#2874,#1722,.T.);
#3723=EDGE_CURVE('',#2872,#2796,#1723,.T.);
#3724=EDGE_CURVE('',#2489,#2799,#1724,.T.);
#3725=EDGE_CURVE('',#2418,#2638,#1725,.T.);
#3726=EDGE_CURVE('',#2793,#2510,#1726,.T.);
#3727=EDGE_CURVE('',#2893,#2893,#499,.T.);
#3728=EDGE_CURVE('',#2893,#2619,#1727,.T.);
#3729=EDGE_CURVE('',#2677,#2676,#1728,.T.);
#3730=EDGE_CURVE('',#2660,#2685,#1729,.T.);
#3731=EDGE_CURVE('',#2481,#2684,#1730,.T.);
#3732=EDGE_CURVE('',#2894,#2894,#500,.T.);
#3733=EDGE_CURVE('',#2560,#2480,#1731,.T.);
#3734=EDGE_CURVE('',#2704,#2895,#1732,.T.);
#3735=EDGE_CURVE('',#2895,#2559,#501,.T.);
#3736=EDGE_CURVE('',#2551,#2552,#1733,.T.);
#3737=EDGE_CURVE('',#2552,#2896,#1734,.T.);
#3738=EDGE_CURVE('',#2896,#2897,#1735,.T.);
#3739=EDGE_CURVE('',#2897,#2551,#1736,.T.);
#3740=EDGE_CURVE('',#2898,#2898,#502,.T.);
#3741=EDGE_CURVE('',#2596,#2625,#1737,.T.);
#3742=EDGE_CURVE('',#2894,#2898,#1738,.T.);
#3743=EDGE_CURVE('',#2897,#2548,#1739,.T.);
#3744=EDGE_CURVE('',#2896,#2486,#1740,.T.);
#3745=EDGE_CURVE('',#2552,#2549,#1741,.T.);
#3746=EDGE_CURVE('',#2551,#2547,#1742,.T.);
#3747=EDGE_CURVE('',#2899,#2900,#1743,.T.);
#3748=EDGE_CURVE('',#2901,#2899,#503,.T.);
#3749=EDGE_CURVE('',#2900,#2901,#504,.T.);
#3750=EDGE_CURVE('',#2900,#2899,#2348,.T.);
#3751=EDGE_CURVE('',#2902,#2902,#505,.T.);
#3752=EDGE_CURVE('',#2901,#2902,#1744,.T.);
#3753=EDGE_CURVE('',#2903,#2903,#506,.T.);
#3754=EDGE_CURVE('',#2904,#2904,#507,.T.);
#3755=EDGE_CURVE('',#2904,#2903,#1745,.T.);
#3756=ORIENTED_EDGE('',*,*,#2905,.T.);
#3757=ORIENTED_EDGE('',*,*,#2906,.F.);
#3758=ORIENTED_EDGE('',*,*,#2907,.F.);
#3759=ORIENTED_EDGE('',*,*,#2908,.T.);
#3760=ORIENTED_EDGE('',*,*,#2909,.F.);
#3761=ORIENTED_EDGE('',*,*,#2910,.F.);
#3762=ORIENTED_EDGE('',*,*,#2911,.F.);
#3763=ORIENTED_EDGE('',*,*,#2912,.T.);
#3764=ORIENTED_EDGE('',*,*,#2913,.T.);
#3765=ORIENTED_EDGE('',*,*,#2914,.F.);
#3766=ORIENTED_EDGE('',*,*,#2915,.T.);
#3767=ORIENTED_EDGE('',*,*,#2916,.T.);
#3768=ORIENTED_EDGE('',*,*,#2917,.T.);
#3769=ORIENTED_EDGE('',*,*,#2918,.T.);
#3770=ORIENTED_EDGE('',*,*,#2908,.F.);
#3771=ORIENTED_EDGE('',*,*,#2919,.T.);
#3772=ORIENTED_EDGE('',*,*,#2920,.F.);
#3773=ORIENTED_EDGE('',*,*,#2921,.F.);
#3774=ORIENTED_EDGE('',*,*,#2922,.T.);
#3775=ORIENTED_EDGE('',*,*,#2923,.T.);
#3776=ORIENTED_EDGE('',*,*,#2924,.T.);
#3777=ORIENTED_EDGE('',*,*,#2925,.T.);
#3778=ORIENTED_EDGE('',*,*,#2926,.F.);
#3779=ORIENTED_EDGE('',*,*,#2911,.T.);
#3780=ORIENTED_EDGE('',*,*,#2927,.T.);
#3781=ORIENTED_EDGE('',*,*,#2928,.F.);
#3782=ORIENTED_EDGE('',*,*,#2919,.F.);
#3783=ORIENTED_EDGE('',*,*,#2907,.T.);
#3784=ORIENTED_EDGE('',*,*,#2929,.F.);
#3785=ORIENTED_EDGE('',*,*,#2930,.T.);
#3786=ORIENTED_EDGE('',*,*,#2916,.F.);
#3787=ORIENTED_EDGE('',*,*,#2931,.T.);
#3788=ORIENTED_EDGE('',*,*,#2932,.F.);
#3789=ORIENTED_EDGE('',*,*,#2933,.T.);
#3790=ORIENTED_EDGE('',*,*,#2934,.T.);
#3791=ORIENTED_EDGE('',*,*,#2935,.F.);
#3792=ORIENTED_EDGE('',*,*,#2936,.F.);
#3793=ORIENTED_EDGE('',*,*,#2927,.F.);
#3794=ORIENTED_EDGE('',*,*,#2937,.F.);
#3795=ORIENTED_EDGE('',*,*,#2938,.T.);
#3796=ORIENTED_EDGE('',*,*,#2939,.F.);
#3797=ORIENTED_EDGE('',*,*,#2940,.F.);
#3798=ORIENTED_EDGE('',*,*,#2941,.F.);
#3799=ORIENTED_EDGE('',*,*,#2942,.T.);
#3800=ORIENTED_EDGE('',*,*,#2943,.T.);
#3801=ORIENTED_EDGE('',*,*,#2941,.T.);
#3802=ORIENTED_EDGE('',*,*,#2944,.T.);
#3803=ORIENTED_EDGE('',*,*,#2945,.F.);
#3804=ORIENTED_EDGE('',*,*,#2944,.F.);
#3805=ORIENTED_EDGE('',*,*,#2912,.F.);
#3806=ORIENTED_EDGE('',*,*,#2926,.T.);
#3807=ORIENTED_EDGE('',*,*,#2925,.F.);
#3808=ORIENTED_EDGE('',*,*,#2946,.F.);
#3809=ORIENTED_EDGE('',*,*,#2947,.T.);
#3810=ORIENTED_EDGE('',*,*,#2913,.F.);
#3811=ORIENTED_EDGE('',*,*,#2947,.F.);
#3812=ORIENTED_EDGE('',*,*,#2948,.F.);
#3813=ORIENTED_EDGE('',*,*,#2938,.F.);
#3814=ORIENTED_EDGE('',*,*,#2949,.T.);
#3815=ORIENTED_EDGE('',*,*,#2950,.F.);
#3816=ORIENTED_EDGE('',*,*,#2951,.T.);
#3817=ORIENTED_EDGE('',*,*,#2914,.T.);
#3818=ORIENTED_EDGE('',*,*,#2948,.T.);
#3819=ORIENTED_EDGE('',*,*,#2946,.T.);
#3820=ORIENTED_EDGE('',*,*,#2924,.F.);
#3821=ORIENTED_EDGE('',*,*,#2910,.T.);
#3822=ORIENTED_EDGE('',*,*,#2952,.F.);
#3823=ORIENTED_EDGE('',*,*,#2945,.T.);
#3824=ORIENTED_EDGE('',*,*,#2918,.F.);
#3825=ORIENTED_EDGE('',*,*,#2953,.F.);
#3826=ORIENTED_EDGE('',*,*,#2929,.T.);
#3827=ORIENTED_EDGE('',*,*,#2906,.T.);
#3828=ORIENTED_EDGE('',*,*,#2905,.F.);
#3829=ORIENTED_EDGE('',*,*,#2917,.F.);
#3830=ORIENTED_EDGE('',*,*,#2930,.F.);
#3831=ORIENTED_EDGE('',*,*,#2953,.T.);
#3832=ORIENTED_EDGE('',*,*,#2940,.T.);
#3833=ORIENTED_EDGE('',*,*,#2954,.T.);
#3834=ORIENTED_EDGE('',*,*,#2934,.F.);
#3835=ORIENTED_EDGE('',*,*,#2954,.F.);
#3836=ORIENTED_EDGE('',*,*,#2922,.F.);
#3837=ORIENTED_EDGE('',*,*,#2955,.T.);
#3838=ORIENTED_EDGE('',*,*,#2943,.F.);
#3839=ORIENTED_EDGE('',*,*,#2955,.F.);
#3840=ORIENTED_EDGE('',*,*,#2923,.F.);
#3841=ORIENTED_EDGE('',*,*,#2956,.T.);
#3842=ORIENTED_EDGE('',*,*,#2942,.F.);
#3843=ORIENTED_EDGE('',*,*,#2956,.F.);
#3844=ORIENTED_EDGE('',*,*,#2921,.T.);
#3845=ORIENTED_EDGE('',*,*,#2957,.F.);
#3846=ORIENTED_EDGE('',*,*,#2935,.T.);
#3847=ORIENTED_EDGE('',*,*,#2958,.F.);
#3848=ORIENTED_EDGE('',*,*,#2957,.T.);
#3849=ORIENTED_EDGE('',*,*,#2920,.T.);
#3850=ORIENTED_EDGE('',*,*,#2928,.T.);
#3851=ORIENTED_EDGE('',*,*,#2936,.T.);
#3852=ORIENTED_EDGE('',*,*,#2958,.T.);
#3853=ORIENTED_EDGE('',*,*,#2939,.T.);
#3854=ORIENTED_EDGE('',*,*,#2952,.T.);
#3855=ORIENTED_EDGE('',*,*,#2909,.T.);
#3856=ORIENTED_EDGE('',*,*,#2959,.T.);
#3857=ORIENTED_EDGE('',*,*,#2950,.T.);
#3858=ORIENTED_EDGE('',*,*,#2960,.T.);
#3859=ORIENTED_EDGE('',*,*,#2932,.T.);
#3860=ORIENTED_EDGE('',*,*,#2933,.F.);
#3861=ORIENTED_EDGE('',*,*,#2960,.F.);
#3862=ORIENTED_EDGE('',*,*,#2949,.F.);
#3863=ORIENTED_EDGE('',*,*,#2937,.T.);
#3864=ORIENTED_EDGE('',*,*,#2931,.F.);
#3865=ORIENTED_EDGE('',*,*,#2915,.F.);
#3866=ORIENTED_EDGE('',*,*,#2951,.F.);
#3867=ORIENTED_EDGE('',*,*,#2959,.F.);
#3868=ORIENTED_EDGE('',*,*,#2961,.F.);
#3869=ORIENTED_EDGE('',*,*,#2962,.T.);
#3870=ORIENTED_EDGE('',*,*,#2963,.T.);
#3871=ORIENTED_EDGE('',*,*,#2964,.T.);
#3872=ORIENTED_EDGE('',*,*,#2965,.T.);
#3873=ORIENTED_EDGE('',*,*,#2966,.F.);
#3874=ORIENTED_EDGE('',*,*,#2967,.F.);
#3875=ORIENTED_EDGE('',*,*,#2962,.F.);
#3876=ORIENTED_EDGE('',*,*,#2968,.F.);
#3877=ORIENTED_EDGE('',*,*,#2969,.T.);
#3878=ORIENTED_EDGE('',*,*,#2965,.F.);
#3879=ORIENTED_EDGE('',*,*,#2969,.F.);
#3880=ORIENTED_EDGE('',*,*,#2970,.F.);
#3881=ORIENTED_EDGE('',*,*,#2964,.F.);
#3882=ORIENTED_EDGE('',*,*,#2971,.F.);
#3883=ORIENTED_EDGE('',*,*,#2972,.F.);
#3884=ORIENTED_EDGE('',*,*,#2971,.T.);
#3885=ORIENTED_EDGE('',*,*,#2963,.F.);
#3886=ORIENTED_EDGE('',*,*,#2967,.T.);
#3887=ORIENTED_EDGE('',*,*,#2970,.T.);
#3888=ORIENTED_EDGE('',*,*,#2972,.T.);
#3889=ORIENTED_EDGE('',*,*,#2966,.T.);
#3890=ORIENTED_EDGE('',*,*,#2961,.T.);
#3891=ORIENTED_EDGE('',*,*,#2968,.T.);
#3892=ORIENTED_EDGE('',*,*,#2973,.F.);
#3893=ORIENTED_EDGE('',*,*,#2974,.T.);
#3894=ORIENTED_EDGE('',*,*,#2975,.T.);
#3895=ORIENTED_EDGE('',*,*,#2976,.F.);
#3896=ORIENTED_EDGE('',*,*,#2977,.F.);
#3897=ORIENTED_EDGE('',*,*,#2978,.T.);
#3898=ORIENTED_EDGE('',*,*,#2974,.F.);
#3899=ORIENTED_EDGE('',*,*,#2979,.F.);
#3900=ORIENTED_EDGE('',*,*,#2980,.T.);
#3901=ORIENTED_EDGE('',*,*,#2981,.F.);
#3902=ORIENTED_EDGE('',*,*,#2982,.F.);
#3903=ORIENTED_EDGE('',*,*,#2980,.F.);
#3904=ORIENTED_EDGE('',*,*,#2983,.F.);
#3905=ORIENTED_EDGE('',*,*,#2975,.F.);
#3906=ORIENTED_EDGE('',*,*,#2978,.F.);
#3907=ORIENTED_EDGE('',*,*,#2984,.F.);
#3908=ORIENTED_EDGE('',*,*,#2981,.T.);
#3909=ORIENTED_EDGE('',*,*,#2982,.T.);
#3910=ORIENTED_EDGE('',*,*,#2985,.F.);
#3911=ORIENTED_EDGE('',*,*,#2984,.T.);
#3912=ORIENTED_EDGE('',*,*,#2977,.T.);
#3913=ORIENTED_EDGE('',*,*,#2983,.T.);
#3914=ORIENTED_EDGE('',*,*,#2985,.T.);
#3915=ORIENTED_EDGE('',*,*,#2976,.T.);
#3916=ORIENTED_EDGE('',*,*,#2973,.T.);
#3917=ORIENTED_EDGE('',*,*,#2979,.T.);
#3918=ORIENTED_EDGE('',*,*,#2986,.F.);
#3919=ORIENTED_EDGE('',*,*,#2987,.F.);
#3920=ORIENTED_EDGE('',*,*,#2988,.F.);
#3921=ORIENTED_EDGE('',*,*,#2989,.F.);
#3922=ORIENTED_EDGE('',*,*,#2990,.F.);
#3923=ORIENTED_EDGE('',*,*,#2991,.F.);
#3924=ORIENTED_EDGE('',*,*,#2992,.F.);
#3925=ORIENTED_EDGE('',*,*,#2993,.T.);
#3926=ORIENTED_EDGE('',*,*,#2994,.F.);
#3927=ORIENTED_EDGE('',*,*,#2995,.F.);
#3928=ORIENTED_EDGE('',*,*,#2996,.F.);
#3929=ORIENTED_EDGE('',*,*,#2997,.T.);
#3930=ORIENTED_EDGE('',*,*,#2990,.T.);
#3931=ORIENTED_EDGE('',*,*,#2998,.T.);
#3932=ORIENTED_EDGE('',*,*,#2999,.F.);
#3933=ORIENTED_EDGE('',*,*,#3000,.T.);
#3934=ORIENTED_EDGE('',*,*,#3001,.T.);
#3935=ORIENTED_EDGE('',*,*,#3002,.T.);
#3936=ORIENTED_EDGE('',*,*,#2991,.T.);
#3937=ORIENTED_EDGE('',*,*,#3002,.F.);
#3938=ORIENTED_EDGE('',*,*,#3003,.F.);
#3939=ORIENTED_EDGE('',*,*,#3004,.F.);
#3940=ORIENTED_EDGE('',*,*,#3005,.T.);
#3941=ORIENTED_EDGE('',*,*,#3006,.T.);
#3942=ORIENTED_EDGE('',*,*,#3007,.T.);
#3943=ORIENTED_EDGE('',*,*,#3008,.T.);
#3944=ORIENTED_EDGE('',*,*,#3009,.F.);
#3945=ORIENTED_EDGE('',*,*,#3010,.F.);
#3946=ORIENTED_EDGE('',*,*,#3011,.F.);
#3947=ORIENTED_EDGE('',*,*,#3012,.T.);
#3948=ORIENTED_EDGE('',*,*,#3013,.F.);
#3949=ORIENTED_EDGE('',*,*,#3014,.F.);
#3950=ORIENTED_EDGE('',*,*,#3014,.T.);
#3951=ORIENTED_EDGE('',*,*,#3015,.F.);
#3952=ORIENTED_EDGE('',*,*,#3016,.F.);
#3953=ORIENTED_EDGE('',*,*,#3017,.F.);
#3954=ORIENTED_EDGE('',*,*,#3018,.F.);
#3955=ORIENTED_EDGE('',*,*,#3019,.F.);
#3956=ORIENTED_EDGE('',*,*,#2986,.T.);
#3957=ORIENTED_EDGE('',*,*,#3020,.F.);
#3958=ORIENTED_EDGE('',*,*,#3021,.F.);
#3959=ORIENTED_EDGE('',*,*,#3022,.F.);
#3960=ORIENTED_EDGE('',*,*,#3023,.F.);
#3961=ORIENTED_EDGE('',*,*,#3024,.F.);
#3962=ORIENTED_EDGE('',*,*,#3025,.T.);
#3963=ORIENTED_EDGE('',*,*,#3026,.F.);
#3964=ORIENTED_EDGE('',*,*,#3027,.F.);
#3965=ORIENTED_EDGE('',*,*,#3028,.F.);
#3966=ORIENTED_EDGE('',*,*,#3029,.F.);
#3967=ORIENTED_EDGE('',*,*,#3030,.F.);
#3968=ORIENTED_EDGE('',*,*,#2992,.T.);
#3969=ORIENTED_EDGE('',*,*,#3011,.T.);
#3970=ORIENTED_EDGE('',*,*,#3031,.T.);
#3971=ORIENTED_EDGE('',*,*,#2989,.T.);
#3972=ORIENTED_EDGE('',*,*,#3032,.F.);
#3973=ORIENTED_EDGE('',*,*,#3033,.F.);
#3974=ORIENTED_EDGE('',*,*,#3034,.T.);
#3975=ORIENTED_EDGE('',*,*,#3035,.T.);
#3976=ORIENTED_EDGE('',*,*,#3036,.F.);
#3977=ORIENTED_EDGE('',*,*,#3020,.T.);
#3978=ORIENTED_EDGE('',*,*,#3037,.F.);
#3979=ORIENTED_EDGE('',*,*,#3038,.F.);
#3980=ORIENTED_EDGE('',*,*,#3025,.F.);
#3981=ORIENTED_EDGE('',*,*,#3039,.F.);
#3982=ORIENTED_EDGE('',*,*,#3039,.T.);
#3983=ORIENTED_EDGE('',*,*,#3024,.T.);
#3984=ORIENTED_EDGE('',*,*,#3040,.T.);
#3985=ORIENTED_EDGE('',*,*,#3041,.T.);
#3986=ORIENTED_EDGE('',*,*,#3042,.F.);
#3987=ORIENTED_EDGE('',*,*,#3043,.F.);
#3988=ORIENTED_EDGE('',*,*,#3044,.F.);
#3989=ORIENTED_EDGE('',*,*,#3045,.F.);
#3990=ORIENTED_EDGE('',*,*,#3046,.T.);
#3991=ORIENTED_EDGE('',*,*,#3047,.F.);
#3992=ORIENTED_EDGE('',*,*,#3048,.F.);
#3993=ORIENTED_EDGE('',*,*,#3049,.F.);
#3994=ORIENTED_EDGE('',*,*,#3050,.T.);
#3995=ORIENTED_EDGE('',*,*,#3051,.T.);
#3996=ORIENTED_EDGE('',*,*,#3052,.F.);
#3997=ORIENTED_EDGE('',*,*,#3053,.F.);
#3998=ORIENTED_EDGE('',*,*,#3054,.F.);
#3999=ORIENTED_EDGE('',*,*,#3038,.T.);
#4000=ORIENTED_EDGE('',*,*,#3055,.T.);
#4001=ORIENTED_EDGE('',*,*,#3056,.T.);
#4002=ORIENTED_EDGE('',*,*,#3057,.T.);
#4003=ORIENTED_EDGE('',*,*,#3026,.T.);
#4004=ORIENTED_EDGE('',*,*,#3058,.T.);
#4005=ORIENTED_EDGE('',*,*,#3054,.T.);
#4006=ORIENTED_EDGE('',*,*,#3059,.F.);
#4007=ORIENTED_EDGE('',*,*,#3060,.T.);
#4008=ORIENTED_EDGE('',*,*,#3061,.T.);
#4009=ORIENTED_EDGE('',*,*,#3062,.T.);
#4010=ORIENTED_EDGE('',*,*,#3063,.F.);
#4011=ORIENTED_EDGE('',*,*,#3064,.T.);
#4012=ORIENTED_EDGE('',*,*,#3065,.T.);
#4013=ORIENTED_EDGE('',*,*,#3066,.F.);
#4014=ORIENTED_EDGE('',*,*,#3067,.F.);
#4015=ORIENTED_EDGE('',*,*,#3068,.F.);
#4016=ORIENTED_EDGE('',*,*,#3065,.F.);
#4017=ORIENTED_EDGE('',*,*,#3067,.T.);
#4018=ORIENTED_EDGE('',*,*,#3069,.T.);
#4019=ORIENTED_EDGE('',*,*,#3070,.T.);
#4020=ORIENTED_EDGE('',*,*,#3071,.F.);
#4021=ORIENTED_EDGE('',*,*,#3048,.T.);
#4022=ORIENTED_EDGE('',*,*,#3072,.T.);
#4023=ORIENTED_EDGE('',*,*,#3073,.F.);
#4024=ORIENTED_EDGE('',*,*,#3074,.T.);
#4025=ORIENTED_EDGE('',*,*,#3075,.T.);
#4026=ORIENTED_EDGE('',*,*,#3076,.F.);
#4027=ORIENTED_EDGE('',*,*,#3077,.F.);
#4028=ORIENTED_EDGE('',*,*,#3078,.F.);
#4029=ORIENTED_EDGE('',*,*,#3079,.T.);
#4030=ORIENTED_EDGE('',*,*,#3080,.T.);
#4031=ORIENTED_EDGE('',*,*,#3081,.F.);
#4032=ORIENTED_EDGE('',*,*,#3082,.T.);
#4033=ORIENTED_EDGE('',*,*,#3069,.F.);
#4034=ORIENTED_EDGE('',*,*,#3064,.F.);
#4035=ORIENTED_EDGE('',*,*,#3083,.T.);
#4036=ORIENTED_EDGE('',*,*,#3061,.F.);
#4037=ORIENTED_EDGE('',*,*,#3084,.T.);
#4038=ORIENTED_EDGE('',*,*,#3085,.T.);
#4039=ORIENTED_EDGE('',*,*,#3086,.T.);
#4040=ORIENTED_EDGE('',*,*,#3087,.T.);
#4041=ORIENTED_EDGE('',*,*,#3088,.T.);
#4042=ORIENTED_EDGE('',*,*,#3089,.T.);
#4043=ORIENTED_EDGE('',*,*,#3090,.T.);
#4044=ORIENTED_EDGE('',*,*,#3091,.F.);
#4045=ORIENTED_EDGE('',*,*,#3092,.F.);
#4046=ORIENTED_EDGE('',*,*,#3093,.T.);
#4047=ORIENTED_EDGE('',*,*,#3094,.F.);
#4048=ORIENTED_EDGE('',*,*,#3095,.T.);
#4049=ORIENTED_EDGE('',*,*,#3096,.F.);
#4050=ORIENTED_EDGE('',*,*,#3097,.T.);
#4051=ORIENTED_EDGE('',*,*,#3098,.F.);
#4052=ORIENTED_EDGE('',*,*,#3099,.F.);
#4053=ORIENTED_EDGE('',*,*,#3100,.T.);
#4054=ORIENTED_EDGE('',*,*,#3101,.T.);
#4055=ORIENTED_EDGE('',*,*,#3102,.T.);
#4056=ORIENTED_EDGE('',*,*,#3103,.T.);
#4057=ORIENTED_EDGE('',*,*,#3104,.T.);
#4058=ORIENTED_EDGE('',*,*,#3105,.T.);
#4059=ORIENTED_EDGE('',*,*,#3106,.T.);
#4060=ORIENTED_EDGE('',*,*,#2999,.T.);
#4061=ORIENTED_EDGE('',*,*,#3107,.T.);
#4062=ORIENTED_EDGE('',*,*,#3108,.F.);
#4063=ORIENTED_EDGE('',*,*,#3109,.F.);
#4064=ORIENTED_EDGE('',*,*,#3110,.T.);
#4065=ORIENTED_EDGE('',*,*,#3111,.T.);
#4066=ORIENTED_EDGE('',*,*,#3112,.F.);
#4067=ORIENTED_EDGE('',*,*,#3113,.F.);
#4068=ORIENTED_EDGE('',*,*,#3114,.F.);
#4069=ORIENTED_EDGE('',*,*,#3115,.T.);
#4070=ORIENTED_EDGE('',*,*,#3116,.T.);
#4071=ORIENTED_EDGE('',*,*,#3117,.F.);
#4072=ORIENTED_EDGE('',*,*,#3118,.F.);
#4073=ORIENTED_EDGE('',*,*,#3119,.T.);
#4074=ORIENTED_EDGE('',*,*,#3120,.F.);
#4075=ORIENTED_EDGE('',*,*,#3121,.F.);
#4076=ORIENTED_EDGE('',*,*,#3122,.F.);
#4077=ORIENTED_EDGE('',*,*,#3123,.T.);
#4078=ORIENTED_EDGE('',*,*,#3124,.T.);
#4079=ORIENTED_EDGE('',*,*,#3125,.T.);
#4080=ORIENTED_EDGE('',*,*,#3126,.T.);
#4081=ORIENTED_EDGE('',*,*,#3127,.T.);
#4082=ORIENTED_EDGE('',*,*,#3128,.T.);
#4083=ORIENTED_EDGE('',*,*,#3129,.T.);
#4084=ORIENTED_EDGE('',*,*,#3130,.T.);
#4085=ORIENTED_EDGE('',*,*,#3131,.T.);
#4086=ORIENTED_EDGE('',*,*,#3132,.T.);
#4087=ORIENTED_EDGE('',*,*,#3133,.T.);
#4088=ORIENTED_EDGE('',*,*,#3134,.F.);
#4089=ORIENTED_EDGE('',*,*,#3135,.F.);
#4090=ORIENTED_EDGE('',*,*,#3136,.F.);
#4091=ORIENTED_EDGE('',*,*,#3137,.F.);
#4092=ORIENTED_EDGE('',*,*,#3062,.F.);
#4093=ORIENTED_EDGE('',*,*,#3083,.F.);
#4094=ORIENTED_EDGE('',*,*,#3063,.T.);
#4095=ORIENTED_EDGE('',*,*,#3058,.F.);
#4096=ORIENTED_EDGE('',*,*,#3137,.T.);
#4097=ORIENTED_EDGE('',*,*,#3066,.T.);
#4098=ORIENTED_EDGE('',*,*,#3068,.T.);
#4099=ORIENTED_EDGE('',*,*,#3073,.T.);
#4100=ORIENTED_EDGE('',*,*,#3138,.F.);
#4101=ORIENTED_EDGE('',*,*,#3046,.F.);
#4102=ORIENTED_EDGE('',*,*,#3139,.T.);
#4103=ORIENTED_EDGE('',*,*,#3140,.T.);
#4104=ORIENTED_EDGE('',*,*,#2995,.T.);
#4105=ORIENTED_EDGE('',*,*,#3141,.T.);
#4106=ORIENTED_EDGE('',*,*,#3108,.T.);
#4107=ORIENTED_EDGE('',*,*,#3142,.F.);
#4108=ORIENTED_EDGE('',*,*,#3141,.F.);
#4109=ORIENTED_EDGE('',*,*,#2994,.T.);
#4110=ORIENTED_EDGE('',*,*,#3143,.F.);
#4111=ORIENTED_EDGE('',*,*,#3114,.T.);
#4112=ORIENTED_EDGE('',*,*,#3144,.T.);
#4113=ORIENTED_EDGE('',*,*,#3145,.T.);
#4114=ORIENTED_EDGE('',*,*,#3146,.T.);
#4115=ORIENTED_EDGE('',*,*,#3145,.F.);
#4116=ORIENTED_EDGE('',*,*,#3147,.F.);
#4117=ORIENTED_EDGE('',*,*,#3148,.T.);
#4118=ORIENTED_EDGE('',*,*,#3149,.T.);
#4119=ORIENTED_EDGE('',*,*,#3150,.F.);
#4120=ORIENTED_EDGE('',*,*,#3151,.F.);
#4121=ORIENTED_EDGE('',*,*,#3152,.T.);
#4122=ORIENTED_EDGE('',*,*,#3153,.T.);
#4123=ORIENTED_EDGE('',*,*,#3078,.T.);
#4124=ORIENTED_EDGE('',*,*,#3154,.T.);
#4125=ORIENTED_EDGE('',*,*,#3150,.T.);
#4126=ORIENTED_EDGE('',*,*,#3077,.T.);
#4127=ORIENTED_EDGE('',*,*,#3155,.F.);
#4128=ORIENTED_EDGE('',*,*,#3156,.T.);
#4129=ORIENTED_EDGE('',*,*,#3157,.T.);
#4130=ORIENTED_EDGE('',*,*,#3158,.T.);
#4131=ORIENTED_EDGE('',*,*,#3159,.F.);
#4132=ORIENTED_EDGE('',*,*,#3160,.F.);
#4133=ORIENTED_EDGE('',*,*,#3081,.T.);
#4134=ORIENTED_EDGE('',*,*,#3161,.T.);
#4135=ORIENTED_EDGE('',*,*,#3162,.F.);
#4136=ORIENTED_EDGE('',*,*,#3163,.T.);
#4137=ORIENTED_EDGE('',*,*,#3164,.F.);
#4138=ORIENTED_EDGE('',*,*,#3165,.F.);
#4139=ORIENTED_EDGE('',*,*,#3166,.F.);
#4140=ORIENTED_EDGE('',*,*,#3164,.T.);
#4141=ORIENTED_EDGE('',*,*,#3167,.F.);
#4142=ORIENTED_EDGE('',*,*,#3168,.F.);
#4143=ORIENTED_EDGE('',*,*,#3169,.F.);
#4144=ORIENTED_EDGE('',*,*,#3170,.T.);
#4145=ORIENTED_EDGE('',*,*,#3171,.F.);
#4146=ORIENTED_EDGE('',*,*,#3172,.F.);
#4147=ORIENTED_EDGE('',*,*,#3173,.F.);
#4148=ORIENTED_EDGE('',*,*,#3174,.F.);
#4149=ORIENTED_EDGE('',*,*,#3167,.T.);
#4150=ORIENTED_EDGE('',*,*,#3163,.F.);
#4151=ORIENTED_EDGE('',*,*,#3175,.F.);
#4152=ORIENTED_EDGE('',*,*,#3176,.T.);
#4153=ORIENTED_EDGE('',*,*,#3177,.T.);
#4154=ORIENTED_EDGE('',*,*,#3033,.T.);
#4155=ORIENTED_EDGE('',*,*,#3178,.F.);
#4156=ORIENTED_EDGE('',*,*,#3179,.T.);
#4157=ORIENTED_EDGE('',*,*,#3180,.F.);
#4158=ORIENTED_EDGE('',*,*,#3181,.T.);
#4159=ORIENTED_EDGE('',*,*,#3182,.F.);
#4160=ORIENTED_EDGE('',*,*,#3183,.F.);
#4161=ORIENTED_EDGE('',*,*,#3184,.F.);
#4162=ORIENTED_EDGE('',*,*,#3185,.F.);
#4163=ORIENTED_EDGE('',*,*,#3186,.T.);
#4164=ORIENTED_EDGE('',*,*,#3187,.T.);
#4165=ORIENTED_EDGE('',*,*,#3188,.F.);
#4166=ORIENTED_EDGE('',*,*,#3189,.T.);
#4167=ORIENTED_EDGE('',*,*,#3190,.F.);
#4168=ORIENTED_EDGE('',*,*,#3191,.T.);
#4169=ORIENTED_EDGE('',*,*,#3192,.F.);
#4170=ORIENTED_EDGE('',*,*,#3193,.F.);
#4171=ORIENTED_EDGE('',*,*,#3194,.F.);
#4172=ORIENTED_EDGE('',*,*,#3195,.T.);
#4173=ORIENTED_EDGE('',*,*,#3196,.F.);
#4174=ORIENTED_EDGE('',*,*,#3197,.F.);
#4175=ORIENTED_EDGE('',*,*,#3198,.T.);
#4176=ORIENTED_EDGE('',*,*,#3199,.T.);
#4177=ORIENTED_EDGE('',*,*,#3200,.F.);
#4178=ORIENTED_EDGE('',*,*,#3042,.T.);
#4179=ORIENTED_EDGE('',*,*,#3201,.T.);
#4180=ORIENTED_EDGE('',*,*,#3202,.T.);
#4181=ORIENTED_EDGE('',*,*,#3203,.F.);
#4182=ORIENTED_EDGE('',*,*,#3204,.T.);
#4183=ORIENTED_EDGE('',*,*,#3205,.T.);
#4184=ORIENTED_EDGE('',*,*,#3206,.T.);
#4185=ORIENTED_EDGE('',*,*,#3207,.T.);
#4186=ORIENTED_EDGE('',*,*,#3208,.T.);
#4187=ORIENTED_EDGE('',*,*,#3209,.T.);
#4188=ORIENTED_EDGE('',*,*,#3210,.T.);
#4189=ORIENTED_EDGE('',*,*,#3211,.T.);
#4190=ORIENTED_EDGE('',*,*,#3212,.T.);
#4191=ORIENTED_EDGE('',*,*,#3213,.T.);
#4192=ORIENTED_EDGE('',*,*,#3214,.T.);
#4193=ORIENTED_EDGE('',*,*,#3215,.T.);
#4194=ORIENTED_EDGE('',*,*,#3216,.T.);
#4195=ORIENTED_EDGE('',*,*,#3217,.T.);
#4196=ORIENTED_EDGE('',*,*,#3218,.F.);
#4197=ORIENTED_EDGE('',*,*,#3219,.F.);
#4198=ORIENTED_EDGE('',*,*,#3220,.T.);
#4199=ORIENTED_EDGE('',*,*,#3221,.T.);
#4200=ORIENTED_EDGE('',*,*,#3222,.F.);
#4201=ORIENTED_EDGE('',*,*,#3223,.T.);
#4202=ORIENTED_EDGE('',*,*,#3224,.T.);
#4203=ORIENTED_EDGE('',*,*,#3225,.T.);
#4204=ORIENTED_EDGE('',*,*,#3226,.T.);
#4205=ORIENTED_EDGE('',*,*,#3227,.T.);
#4206=ORIENTED_EDGE('',*,*,#3228,.T.);
#4207=ORIENTED_EDGE('',*,*,#3229,.T.);
#4208=ORIENTED_EDGE('',*,*,#3230,.T.);
#4209=ORIENTED_EDGE('',*,*,#3231,.T.);
#4210=ORIENTED_EDGE('',*,*,#3232,.F.);
#4211=ORIENTED_EDGE('',*,*,#3233,.F.);
#4212=ORIENTED_EDGE('',*,*,#3234,.F.);
#4213=ORIENTED_EDGE('',*,*,#3204,.F.);
#4214=ORIENTED_EDGE('',*,*,#3235,.F.);
#4215=ORIENTED_EDGE('',*,*,#3205,.F.);
#4216=ORIENTED_EDGE('',*,*,#3234,.T.);
#4217=ORIENTED_EDGE('',*,*,#3166,.T.);
#4218=ORIENTED_EDGE('',*,*,#3174,.T.);
#4219=ORIENTED_EDGE('',*,*,#3236,.F.);
#4220=ORIENTED_EDGE('',*,*,#3237,.F.);
#4221=ORIENTED_EDGE('',*,*,#3238,.F.);
#4222=ORIENTED_EDGE('',*,*,#3169,.T.);
#4223=ORIENTED_EDGE('',*,*,#3239,.F.);
#4224=ORIENTED_EDGE('',*,*,#3211,.F.);
#4225=ORIENTED_EDGE('',*,*,#3240,.F.);
#4226=ORIENTED_EDGE('',*,*,#3241,.T.);
#4227=ORIENTED_EDGE('',*,*,#3242,.T.);
#4228=ORIENTED_EDGE('',*,*,#3206,.F.);
#4229=ORIENTED_EDGE('',*,*,#3235,.T.);
#4230=ORIENTED_EDGE('',*,*,#3233,.T.);
#4231=ORIENTED_EDGE('',*,*,#3243,.F.);
#4232=ORIENTED_EDGE('',*,*,#3165,.T.);
#4233=ORIENTED_EDGE('',*,*,#3210,.F.);
#4234=ORIENTED_EDGE('',*,*,#3244,.T.);
#4235=ORIENTED_EDGE('',*,*,#3245,.T.);
#4236=ORIENTED_EDGE('',*,*,#3240,.T.);
#4237=ORIENTED_EDGE('',*,*,#3244,.F.);
#4238=ORIENTED_EDGE('',*,*,#3209,.F.);
#4239=ORIENTED_EDGE('',*,*,#3246,.T.);
#4240=ORIENTED_EDGE('',*,*,#3170,.F.);
#4241=ORIENTED_EDGE('',*,*,#3238,.T.);
#4242=ORIENTED_EDGE('',*,*,#3247,.T.);
#4243=ORIENTED_EDGE('',*,*,#3248,.T.);
#4244=ORIENTED_EDGE('',*,*,#3248,.F.);
#4245=ORIENTED_EDGE('',*,*,#3249,.F.);
#4246=ORIENTED_EDGE('',*,*,#3171,.T.);
#4247=ORIENTED_EDGE('',*,*,#3250,.F.);
#4248=ORIENTED_EDGE('',*,*,#3251,.F.);
#4249=ORIENTED_EDGE('',*,*,#3252,.T.);
#4250=ORIENTED_EDGE('',*,*,#3005,.F.);
#4251=ORIENTED_EDGE('',*,*,#3253,.F.);
#4252=ORIENTED_EDGE('',*,*,#3254,.T.);
#4253=ORIENTED_EDGE('',*,*,#3255,.F.);
#4254=ORIENTED_EDGE('',*,*,#3256,.F.);
#4255=ORIENTED_EDGE('',*,*,#3257,.F.);
#4256=ORIENTED_EDGE('',*,*,#3006,.F.);
#4257=ORIENTED_EDGE('',*,*,#3252,.F.);
#4258=ORIENTED_EDGE('',*,*,#3255,.T.);
#4259=ORIENTED_EDGE('',*,*,#3258,.F.);
#4260=ORIENTED_EDGE('',*,*,#3259,.T.);
#4261=ORIENTED_EDGE('',*,*,#3015,.T.);
#4262=ORIENTED_EDGE('',*,*,#3013,.T.);
#4263=ORIENTED_EDGE('',*,*,#3260,.T.);
#4264=ORIENTED_EDGE('',*,*,#3261,.T.);
#4265=ORIENTED_EDGE('',*,*,#3262,.T.);
#4266=ORIENTED_EDGE('',*,*,#3263,.F.);
#4267=ORIENTED_EDGE('',*,*,#3264,.F.);
#4268=ORIENTED_EDGE('',*,*,#3254,.F.);
#4269=ORIENTED_EDGE('',*,*,#3262,.F.);
#4270=ORIENTED_EDGE('',*,*,#3253,.T.);
#4271=ORIENTED_EDGE('',*,*,#3004,.T.);
#4272=ORIENTED_EDGE('',*,*,#3265,.F.);
#4273=ORIENTED_EDGE('',*,*,#3266,.T.);
#4274=ORIENTED_EDGE('',*,*,#3267,.T.);
#4275=ORIENTED_EDGE('',*,*,#3268,.T.);
#4276=ORIENTED_EDGE('',*,*,#3269,.F.);
#4277=ORIENTED_EDGE('',*,*,#3270,.F.);
#4278=ORIENTED_EDGE('',*,*,#3271,.T.);
#4279=ORIENTED_EDGE('',*,*,#3272,.F.);
#4280=ORIENTED_EDGE('',*,*,#3273,.F.);
#4281=ORIENTED_EDGE('',*,*,#3274,.F.);
#4282=ORIENTED_EDGE('',*,*,#3275,.F.);
#4283=ORIENTED_EDGE('',*,*,#3272,.T.);
#4284=ORIENTED_EDGE('',*,*,#3276,.F.);
#4285=ORIENTED_EDGE('',*,*,#3277,.T.);
#4286=ORIENTED_EDGE('',*,*,#3273,.T.);
#4287=ORIENTED_EDGE('',*,*,#3278,.F.);
#4288=ORIENTED_EDGE('',*,*,#3279,.F.);
#4289=ORIENTED_EDGE('',*,*,#3280,.F.);
#4290=ORIENTED_EDGE('',*,*,#3281,.T.);
#4291=ORIENTED_EDGE('',*,*,#3282,.F.);
#4292=ORIENTED_EDGE('',*,*,#3283,.T.);
#4293=ORIENTED_EDGE('',*,*,#3284,.T.);
#4294=ORIENTED_EDGE('',*,*,#3052,.T.);
#4295=ORIENTED_EDGE('',*,*,#3285,.T.);
#4296=ORIENTED_EDGE('',*,*,#3286,.T.);
#4297=ORIENTED_EDGE('',*,*,#3287,.T.);
#4298=ORIENTED_EDGE('',*,*,#3288,.F.);
#4299=ORIENTED_EDGE('',*,*,#3278,.T.);
#4300=ORIENTED_EDGE('',*,*,#3277,.F.);
#4301=ORIENTED_EDGE('',*,*,#3289,.F.);
#4302=ORIENTED_EDGE('',*,*,#3290,.F.);
#4303=ORIENTED_EDGE('',*,*,#3291,.F.);
#4304=ORIENTED_EDGE('',*,*,#3292,.T.);
#4305=ORIENTED_EDGE('',*,*,#3293,.F.);
#4306=ORIENTED_EDGE('',*,*,#3294,.T.);
#4307=ORIENTED_EDGE('',*,*,#3295,.T.);
#4308=ORIENTED_EDGE('',*,*,#3295,.F.);
#4309=ORIENTED_EDGE('',*,*,#3296,.T.);
#4310=ORIENTED_EDGE('',*,*,#3297,.T.);
#4311=ORIENTED_EDGE('',*,*,#3296,.F.);
#4312=ORIENTED_EDGE('',*,*,#3298,.F.);
#4313=ORIENTED_EDGE('',*,*,#3148,.F.);
#4314=ORIENTED_EDGE('',*,*,#3299,.F.);
#4315=ORIENTED_EDGE('',*,*,#3300,.F.);
#4316=ORIENTED_EDGE('',*,*,#3301,.T.);
#4317=ORIENTED_EDGE('',*,*,#3302,.T.);
#4318=ORIENTED_EDGE('',*,*,#3146,.F.);
#4319=ORIENTED_EDGE('',*,*,#3149,.F.);
#4320=ORIENTED_EDGE('',*,*,#3298,.T.);
#4321=ORIENTED_EDGE('',*,*,#3303,.T.);
#4322=ORIENTED_EDGE('',*,*,#3301,.F.);
#4323=ORIENTED_EDGE('',*,*,#3294,.F.);
#4324=ORIENTED_EDGE('',*,*,#3113,.T.);
#4325=ORIENTED_EDGE('',*,*,#3304,.F.);
#4326=ORIENTED_EDGE('',*,*,#3299,.T.);
#4327=ORIENTED_EDGE('',*,*,#3147,.T.);
#4328=ORIENTED_EDGE('',*,*,#3144,.F.);
#4329=ORIENTED_EDGE('',*,*,#3237,.T.);
#4330=ORIENTED_EDGE('',*,*,#3305,.F.);
#4331=ORIENTED_EDGE('',*,*,#3172,.T.);
#4332=ORIENTED_EDGE('',*,*,#3249,.T.);
#4333=ORIENTED_EDGE('',*,*,#3247,.F.);
#4334=ORIENTED_EDGE('',*,*,#3112,.T.);
#4335=ORIENTED_EDGE('',*,*,#3306,.T.);
#4336=ORIENTED_EDGE('',*,*,#3303,.F.);
#4337=ORIENTED_EDGE('',*,*,#3300,.T.);
#4338=ORIENTED_EDGE('',*,*,#3304,.T.);
#4339=ORIENTED_EDGE('',*,*,#3236,.T.);
#4340=ORIENTED_EDGE('',*,*,#3173,.T.);
#4341=ORIENTED_EDGE('',*,*,#3305,.T.);
#4342=ORIENTED_EDGE('',*,*,#3307,.T.);
#4343=ORIENTED_EDGE('',*,*,#3308,.T.);
#4344=ORIENTED_EDGE('',*,*,#3309,.T.);
#4345=ORIENTED_EDGE('',*,*,#3310,.T.);
#4346=ORIENTED_EDGE('',*,*,#3311,.T.);
#4347=ORIENTED_EDGE('',*,*,#3310,.F.);
#4348=ORIENTED_EDGE('',*,*,#3312,.F.);
#4349=ORIENTED_EDGE('',*,*,#3313,.T.);
#4350=ORIENTED_EDGE('',*,*,#3314,.T.);
#4351=ORIENTED_EDGE('',*,*,#3315,.T.);
#4352=ORIENTED_EDGE('',*,*,#3316,.F.);
#4353=ORIENTED_EDGE('',*,*,#3308,.F.);
#4354=ORIENTED_EDGE('',*,*,#3317,.T.);
#4355=ORIENTED_EDGE('',*,*,#3318,.F.);
#4356=ORIENTED_EDGE('',*,*,#3319,.T.);
#4357=ORIENTED_EDGE('',*,*,#3320,.T.);
#4358=ORIENTED_EDGE('',*,*,#3319,.F.);
#4359=ORIENTED_EDGE('',*,*,#3321,.F.);
#4360=ORIENTED_EDGE('',*,*,#3155,.T.);
#4361=ORIENTED_EDGE('',*,*,#3076,.T.);
#4362=ORIENTED_EDGE('',*,*,#3322,.T.);
#4363=ORIENTED_EDGE('',*,*,#3323,.T.);
#4364=ORIENTED_EDGE('',*,*,#3312,.T.);
#4365=ORIENTED_EDGE('',*,*,#3309,.F.);
#4366=ORIENTED_EDGE('',*,*,#3316,.T.);
#4367=ORIENTED_EDGE('',*,*,#3324,.T.);
#4368=ORIENTED_EDGE('',*,*,#3325,.T.);
#4369=ORIENTED_EDGE('',*,*,#3326,.T.);
#4370=ORIENTED_EDGE('',*,*,#3327,.T.);
#4371=ORIENTED_EDGE('',*,*,#3328,.T.);
#4372=ORIENTED_EDGE('',*,*,#3313,.F.);
#4373=ORIENTED_EDGE('',*,*,#3323,.F.);
#4374=ORIENTED_EDGE('',*,*,#3329,.F.);
#4375=ORIENTED_EDGE('',*,*,#3320,.F.);
#4376=ORIENTED_EDGE('',*,*,#3330,.T.);
#4377=ORIENTED_EDGE('',*,*,#3326,.F.);
#4378=ORIENTED_EDGE('',*,*,#3331,.F.);
#4379=ORIENTED_EDGE('',*,*,#3332,.T.);
#4380=ORIENTED_EDGE('',*,*,#3333,.T.);
#4381=ORIENTED_EDGE('',*,*,#3331,.T.);
#4382=ORIENTED_EDGE('',*,*,#3325,.F.);
#4383=ORIENTED_EDGE('',*,*,#3334,.F.);
#4384=ORIENTED_EDGE('',*,*,#3335,.T.);
#4385=ORIENTED_EDGE('',*,*,#3334,.T.);
#4386=ORIENTED_EDGE('',*,*,#3324,.F.);
#4387=ORIENTED_EDGE('',*,*,#3315,.F.);
#4388=ORIENTED_EDGE('',*,*,#3336,.F.);
#4389=ORIENTED_EDGE('',*,*,#3337,.T.);
#4390=ORIENTED_EDGE('',*,*,#3338,.T.);
#4391=ORIENTED_EDGE('',*,*,#3337,.F.);
#4392=ORIENTED_EDGE('',*,*,#3339,.T.);
#4393=ORIENTED_EDGE('',*,*,#3340,.T.);
#4394=ORIENTED_EDGE('',*,*,#3341,.T.);
#4395=ORIENTED_EDGE('',*,*,#3342,.F.);
#4396=ORIENTED_EDGE('',*,*,#3343,.T.);
#4397=ORIENTED_EDGE('',*,*,#3344,.T.);
#4398=ORIENTED_EDGE('',*,*,#3345,.T.);
#4399=ORIENTED_EDGE('',*,*,#3340,.F.);
#4400=ORIENTED_EDGE('',*,*,#3346,.T.);
#4401=ORIENTED_EDGE('',*,*,#3347,.T.);
#4402=ORIENTED_EDGE('',*,*,#3348,.T.);
#4403=ORIENTED_EDGE('',*,*,#3344,.F.);
#4404=ORIENTED_EDGE('',*,*,#3349,.F.);
#4405=ORIENTED_EDGE('',*,*,#3350,.F.);
#4406=ORIENTED_EDGE('',*,*,#3347,.F.);
#4407=ORIENTED_EDGE('',*,*,#3351,.T.);
#4408=ORIENTED_EDGE('',*,*,#3352,.T.);
#4409=ORIENTED_EDGE('',*,*,#3353,.T.);
#4410=ORIENTED_EDGE('',*,*,#3117,.T.);
#4411=ORIENTED_EDGE('',*,*,#3354,.T.);
#4412=ORIENTED_EDGE('',*,*,#3355,.T.);
#4413=ORIENTED_EDGE('',*,*,#3356,.T.);
#4414=ORIENTED_EDGE('',*,*,#3349,.T.);
#4415=ORIENTED_EDGE('',*,*,#3357,.T.);
#4416=ORIENTED_EDGE('',*,*,#3358,.F.);
#4417=ORIENTED_EDGE('',*,*,#3355,.F.);
#4418=ORIENTED_EDGE('',*,*,#3359,.F.);
#4419=ORIENTED_EDGE('',*,*,#3352,.F.);
#4420=ORIENTED_EDGE('',*,*,#3338,.F.);
#4421=ORIENTED_EDGE('',*,*,#3360,.T.);
#4422=ORIENTED_EDGE('',*,*,#3342,.T.);
#4423=ORIENTED_EDGE('',*,*,#3361,.T.);
#4424=ORIENTED_EDGE('',*,*,#3362,.T.);
#4425=ORIENTED_EDGE('',*,*,#3363,.T.);
#4426=ORIENTED_EDGE('',*,*,#3364,.T.);
#4427=ORIENTED_EDGE('',*,*,#3365,.T.);
#4428=ORIENTED_EDGE('',*,*,#3361,.F.);
#4429=ORIENTED_EDGE('',*,*,#3341,.F.);
#4430=ORIENTED_EDGE('',*,*,#3345,.F.);
#4431=ORIENTED_EDGE('',*,*,#3348,.F.);
#4432=ORIENTED_EDGE('',*,*,#3350,.T.);
#4433=ORIENTED_EDGE('',*,*,#3356,.F.);
#4434=ORIENTED_EDGE('',*,*,#3358,.T.);
#4435=ORIENTED_EDGE('',*,*,#3354,.F.);
#4436=ORIENTED_EDGE('',*,*,#3116,.F.);
#4437=ORIENTED_EDGE('',*,*,#3366,.T.);
#4438=ORIENTED_EDGE('',*,*,#3367,.T.);
#4439=ORIENTED_EDGE('',*,*,#3123,.F.);
#4440=ORIENTED_EDGE('',*,*,#3368,.T.);
#4441=ORIENTED_EDGE('',*,*,#3369,.T.);
#4442=ORIENTED_EDGE('',*,*,#3370,.F.);
#4443=ORIENTED_EDGE('',*,*,#3119,.F.);
#4444=ORIENTED_EDGE('',*,*,#3367,.F.);
#4445=ORIENTED_EDGE('',*,*,#3371,.T.);
#4446=ORIENTED_EDGE('',*,*,#3372,.F.);
#4447=ORIENTED_EDGE('',*,*,#3373,.F.);
#4448=ORIENTED_EDGE('',*,*,#3374,.F.);
#4449=ORIENTED_EDGE('',*,*,#3375,.T.);
#4450=ORIENTED_EDGE('',*,*,#3376,.F.);
#4451=ORIENTED_EDGE('',*,*,#3377,.F.);
#4452=ORIENTED_EDGE('',*,*,#3378,.F.);
#4453=ORIENTED_EDGE('',*,*,#3369,.F.);
#4454=ORIENTED_EDGE('',*,*,#3366,.F.);
#4455=ORIENTED_EDGE('',*,*,#3379,.F.);
#4456=ORIENTED_EDGE('',*,*,#3380,.T.);
#4457=ORIENTED_EDGE('',*,*,#3376,.T.);
#4458=ORIENTED_EDGE('',*,*,#3381,.T.);
#4459=ORIENTED_EDGE('',*,*,#3373,.T.);
#4460=ORIENTED_EDGE('',*,*,#3380,.F.);
#4461=ORIENTED_EDGE('',*,*,#3375,.F.);
#4462=ORIENTED_EDGE('',*,*,#3382,.F.);
#4463=ORIENTED_EDGE('',*,*,#3383,.F.);
#4464=ORIENTED_EDGE('',*,*,#3216,.F.);
#4465=ORIENTED_EDGE('',*,*,#3384,.F.);
#4466=ORIENTED_EDGE('',*,*,#3385,.F.);
#4467=ORIENTED_EDGE('',*,*,#3371,.F.);
#4468=ORIENTED_EDGE('',*,*,#3386,.T.);
#4469=ORIENTED_EDGE('',*,*,#3387,.T.);
#4470=ORIENTED_EDGE('',*,*,#3388,.F.);
#4471=ORIENTED_EDGE('',*,*,#3389,.F.);
#4472=ORIENTED_EDGE('',*,*,#3390,.T.);
#4473=ORIENTED_EDGE('',*,*,#3391,.T.);
#4474=ORIENTED_EDGE('',*,*,#3392,.F.);
#4475=ORIENTED_EDGE('',*,*,#3387,.F.);
#4476=ORIENTED_EDGE('',*,*,#3393,.T.);
#4477=ORIENTED_EDGE('',*,*,#3394,.T.);
#4478=ORIENTED_EDGE('',*,*,#3395,.F.);
#4479=ORIENTED_EDGE('',*,*,#3391,.F.);
#4480=ORIENTED_EDGE('',*,*,#3396,.T.);
#4481=ORIENTED_EDGE('',*,*,#3397,.T.);
#4482=ORIENTED_EDGE('',*,*,#3398,.F.);
#4483=ORIENTED_EDGE('',*,*,#3394,.F.);
#4484=ORIENTED_EDGE('',*,*,#3399,.T.);
#4485=ORIENTED_EDGE('',*,*,#3400,.T.);
#4486=ORIENTED_EDGE('',*,*,#3401,.F.);
#4487=ORIENTED_EDGE('',*,*,#3397,.F.);
#4488=ORIENTED_EDGE('',*,*,#3402,.T.);
#4489=ORIENTED_EDGE('',*,*,#3403,.T.);
#4490=ORIENTED_EDGE('',*,*,#3404,.F.);
#4491=ORIENTED_EDGE('',*,*,#3400,.F.);
#4492=ORIENTED_EDGE('',*,*,#3405,.T.);
#4493=ORIENTED_EDGE('',*,*,#3406,.T.);
#4494=ORIENTED_EDGE('',*,*,#3407,.F.);
#4495=ORIENTED_EDGE('',*,*,#3403,.F.);
#4496=ORIENTED_EDGE('',*,*,#3408,.T.);
#4497=ORIENTED_EDGE('',*,*,#3389,.T.);
#4498=ORIENTED_EDGE('',*,*,#3409,.F.);
#4499=ORIENTED_EDGE('',*,*,#3410,.F.);
#4500=ORIENTED_EDGE('',*,*,#3411,.T.);
#4501=ORIENTED_EDGE('',*,*,#3412,.F.);
#4502=ORIENTED_EDGE('',*,*,#3413,.F.);
#4503=ORIENTED_EDGE('',*,*,#3104,.F.);
#4504=ORIENTED_EDGE('',*,*,#3414,.T.);
#4505=ORIENTED_EDGE('',*,*,#3415,.T.);
#4506=ORIENTED_EDGE('',*,*,#3416,.F.);
#4507=ORIENTED_EDGE('',*,*,#3086,.F.);
#4508=ORIENTED_EDGE('',*,*,#3417,.F.);
#4509=ORIENTED_EDGE('',*,*,#3418,.F.);
#4510=ORIENTED_EDGE('',*,*,#3419,.T.);
#4511=ORIENTED_EDGE('',*,*,#3420,.T.);
#4512=ORIENTED_EDGE('',*,*,#3421,.F.);
#4513=ORIENTED_EDGE('',*,*,#3406,.F.);
#4514=ORIENTED_EDGE('',*,*,#3422,.T.);
#4515=ORIENTED_EDGE('',*,*,#3423,.F.);
#4516=ORIENTED_EDGE('',*,*,#3424,.F.);
#4517=ORIENTED_EDGE('',*,*,#3415,.F.);
#4518=ORIENTED_EDGE('',*,*,#3405,.F.);
#4519=ORIENTED_EDGE('',*,*,#3402,.F.);
#4520=ORIENTED_EDGE('',*,*,#3399,.F.);
#4521=ORIENTED_EDGE('',*,*,#3396,.F.);
#4522=ORIENTED_EDGE('',*,*,#3393,.F.);
#4523=ORIENTED_EDGE('',*,*,#3390,.F.);
#4524=ORIENTED_EDGE('',*,*,#3386,.F.);
#4525=ORIENTED_EDGE('',*,*,#3408,.F.);
#4526=ORIENTED_EDGE('',*,*,#3425,.F.);
#4527=ORIENTED_EDGE('',*,*,#3426,.F.);
#4528=ORIENTED_EDGE('',*,*,#3427,.T.);
#4529=ORIENTED_EDGE('',*,*,#3428,.T.);
#4530=ORIENTED_EDGE('',*,*,#3429,.F.);
#4531=ORIENTED_EDGE('',*,*,#3430,.F.);
#4532=ORIENTED_EDGE('',*,*,#3431,.F.);
#4533=ORIENTED_EDGE('',*,*,#3432,.T.);
#4534=ORIENTED_EDGE('',*,*,#3433,.T.);
#4535=ORIENTED_EDGE('',*,*,#3434,.T.);
#4536=ORIENTED_EDGE('',*,*,#3435,.T.);
#4537=ORIENTED_EDGE('',*,*,#3436,.T.);
#4538=ORIENTED_EDGE('',*,*,#3427,.F.);
#4539=ORIENTED_EDGE('',*,*,#3437,.F.);
#4540=ORIENTED_EDGE('',*,*,#3438,.T.);
#4541=ORIENTED_EDGE('',*,*,#3439,.T.);
#4542=ORIENTED_EDGE('',*,*,#3426,.T.);
#4543=ORIENTED_EDGE('',*,*,#3440,.F.);
#4544=ORIENTED_EDGE('',*,*,#3102,.F.);
#4545=ORIENTED_EDGE('',*,*,#3441,.F.);
#4546=ORIENTED_EDGE('',*,*,#3442,.F.);
#4547=ORIENTED_EDGE('',*,*,#3437,.T.);
#4548=ORIENTED_EDGE('',*,*,#3425,.T.);
#4549=ORIENTED_EDGE('',*,*,#3414,.F.);
#4550=ORIENTED_EDGE('',*,*,#3103,.F.);
#4551=ORIENTED_EDGE('',*,*,#3440,.T.);
#4552=ORIENTED_EDGE('',*,*,#3443,.T.);
#4553=ORIENTED_EDGE('',*,*,#3410,.T.);
#4554=ORIENTED_EDGE('',*,*,#3444,.F.);
#4555=ORIENTED_EDGE('',*,*,#3445,.F.);
#4556=ORIENTED_EDGE('',*,*,#3442,.T.);
#4557=ORIENTED_EDGE('',*,*,#3446,.T.);
#4558=ORIENTED_EDGE('',*,*,#3447,.F.);
#4559=ORIENTED_EDGE('',*,*,#3438,.F.);
#4560=ORIENTED_EDGE('',*,*,#3448,.T.);
#4561=ORIENTED_EDGE('',*,*,#3196,.T.);
#4562=ORIENTED_EDGE('',*,*,#3449,.T.);
#4563=ORIENTED_EDGE('',*,*,#3450,.F.);
#4564=ORIENTED_EDGE('',*,*,#3420,.F.);
#4565=ORIENTED_EDGE('',*,*,#3451,.T.);
#4566=ORIENTED_EDGE('',*,*,#3452,.T.);
#4567=ORIENTED_EDGE('',*,*,#3453,.T.);
#4568=ORIENTED_EDGE('',*,*,#3454,.F.);
#4569=ORIENTED_EDGE('',*,*,#3455,.F.);
#4570=ORIENTED_EDGE('',*,*,#3275,.T.);
#4571=ORIENTED_EDGE('',*,*,#3456,.F.);
#4572=ORIENTED_EDGE('',*,*,#3457,.T.);
#4573=ORIENTED_EDGE('',*,*,#3458,.T.);
#4574=ORIENTED_EDGE('',*,*,#3291,.T.);
#4575=ORIENTED_EDGE('',*,*,#3459,.T.);
#4576=ORIENTED_EDGE('',*,*,#3459,.F.);
#4577=ORIENTED_EDGE('',*,*,#3290,.T.);
#4578=ORIENTED_EDGE('',*,*,#3460,.T.);
#4579=ORIENTED_EDGE('',*,*,#3461,.T.);
#4580=ORIENTED_EDGE('',*,*,#3256,.T.);
#4581=ORIENTED_EDGE('',*,*,#3251,.T.);
#4582=ORIENTED_EDGE('',*,*,#3462,.F.);
#4583=ORIENTED_EDGE('',*,*,#3463,.T.);
#4584=ORIENTED_EDGE('',*,*,#3365,.F.);
#4585=ORIENTED_EDGE('',*,*,#3464,.F.);
#4586=ORIENTED_EDGE('',*,*,#3465,.T.);
#4587=ORIENTED_EDGE('',*,*,#3466,.F.);
#4588=ORIENTED_EDGE('',*,*,#3467,.F.);
#4589=ORIENTED_EDGE('',*,*,#3008,.F.);
#4590=ORIENTED_EDGE('',*,*,#3468,.T.);
#4591=ORIENTED_EDGE('',*,*,#3460,.F.);
#4592=ORIENTED_EDGE('',*,*,#3289,.T.);
#4593=ORIENTED_EDGE('',*,*,#3469,.F.);
#4594=ORIENTED_EDGE('',*,*,#3362,.F.);
#4595=ORIENTED_EDGE('',*,*,#3470,.T.);
#4596=ORIENTED_EDGE('',*,*,#3009,.T.);
#4597=ORIENTED_EDGE('',*,*,#3467,.T.);
#4598=ORIENTED_EDGE('',*,*,#3471,.T.);
#4599=ORIENTED_EDGE('',*,*,#3472,.T.);
#4600=ORIENTED_EDGE('',*,*,#3243,.T.);
#4601=ORIENTED_EDGE('',*,*,#3473,.T.);
#4602=ORIENTED_EDGE('',*,*,#3022,.T.);
#4603=ORIENTED_EDGE('',*,*,#3049,.T.);
#4604=ORIENTED_EDGE('',*,*,#3071,.T.);
#4605=ORIENTED_EDGE('',*,*,#3159,.T.);
#4606=ORIENTED_EDGE('',*,*,#3474,.T.);
#4607=ORIENTED_EDGE('',*,*,#3028,.T.);
#4608=ORIENTED_EDGE('',*,*,#3475,.F.);
#4609=ORIENTED_EDGE('',*,*,#3476,.F.);
#4610=ORIENTED_EDGE('',*,*,#3477,.T.);
#4611=ORIENTED_EDGE('',*,*,#3029,.T.);
#4612=ORIENTED_EDGE('',*,*,#3477,.F.);
#4613=ORIENTED_EDGE('',*,*,#3478,.F.);
#4614=ORIENTED_EDGE('',*,*,#3479,.T.);
#4615=ORIENTED_EDGE('',*,*,#3276,.T.);
#4616=ORIENTED_EDGE('',*,*,#3030,.T.);
#4617=ORIENTED_EDGE('',*,*,#3479,.F.);
#4618=ORIENTED_EDGE('',*,*,#3480,.T.);
#4619=ORIENTED_EDGE('',*,*,#3481,.T.);
#4620=ORIENTED_EDGE('',*,*,#3475,.T.);
#4621=ORIENTED_EDGE('',*,*,#3027,.T.);
#4622=ORIENTED_EDGE('',*,*,#3057,.F.);
#4623=ORIENTED_EDGE('',*,*,#3056,.F.);
#4624=ORIENTED_EDGE('',*,*,#3482,.F.);
#4625=ORIENTED_EDGE('',*,*,#3274,.T.);
#4626=ORIENTED_EDGE('',*,*,#3286,.F.);
#4627=ORIENTED_EDGE('',*,*,#3456,.T.);
#4628=ORIENTED_EDGE('',*,*,#3483,.T.);
#4629=ORIENTED_EDGE('',*,*,#3059,.T.);
#4630=ORIENTED_EDGE('',*,*,#3053,.T.);
#4631=ORIENTED_EDGE('',*,*,#3284,.F.);
#4632=ORIENTED_EDGE('',*,*,#3250,.T.);
#4633=ORIENTED_EDGE('',*,*,#3261,.F.);
#4634=ORIENTED_EDGE('',*,*,#3462,.T.);
#4635=ORIENTED_EDGE('',*,*,#3016,.T.);
#4636=ORIENTED_EDGE('',*,*,#3259,.F.);
#4637=ORIENTED_EDGE('',*,*,#3484,.F.);
#4638=ORIENTED_EDGE('',*,*,#3485,.T.);
#4639=ORIENTED_EDGE('',*,*,#3017,.T.);
#4640=ORIENTED_EDGE('',*,*,#3485,.F.);
#4641=ORIENTED_EDGE('',*,*,#3486,.F.);
#4642=ORIENTED_EDGE('',*,*,#3487,.T.);
#4643=ORIENTED_EDGE('',*,*,#3488,.T.);
#4644=ORIENTED_EDGE('',*,*,#3489,.T.);
#4645=ORIENTED_EDGE('',*,*,#3490,.T.);
#4646=ORIENTED_EDGE('',*,*,#3018,.T.);
#4647=ORIENTED_EDGE('',*,*,#3487,.F.);
#4648=ORIENTED_EDGE('',*,*,#3491,.F.);
#4649=ORIENTED_EDGE('',*,*,#3492,.T.);
#4650=ORIENTED_EDGE('',*,*,#3132,.F.);
#4651=ORIENTED_EDGE('',*,*,#3493,.T.);
#4652=ORIENTED_EDGE('',*,*,#3494,.F.);
#4653=ORIENTED_EDGE('',*,*,#3495,.F.);
#4654=ORIENTED_EDGE('',*,*,#3133,.F.);
#4655=ORIENTED_EDGE('',*,*,#3492,.F.);
#4656=ORIENTED_EDGE('',*,*,#3496,.T.);
#4657=ORIENTED_EDGE('',*,*,#3497,.F.);
#4658=ORIENTED_EDGE('',*,*,#3498,.T.);
#4659=ORIENTED_EDGE('',*,*,#3499,.F.);
#4660=ORIENTED_EDGE('',*,*,#3500,.F.);
#4661=ORIENTED_EDGE('',*,*,#3501,.T.);
#4662=ORIENTED_EDGE('',*,*,#3494,.T.);
#4663=ORIENTED_EDGE('',*,*,#3491,.T.);
#4664=ORIENTED_EDGE('',*,*,#3502,.T.);
#4665=ORIENTED_EDGE('',*,*,#3503,.T.);
#4666=ORIENTED_EDGE('',*,*,#3499,.T.);
#4667=ORIENTED_EDGE('',*,*,#3489,.F.);
#4668=ORIENTED_EDGE('',*,*,#3504,.F.);
#4669=ORIENTED_EDGE('',*,*,#3179,.F.);
#4670=ORIENTED_EDGE('',*,*,#3505,.F.);
#4671=ORIENTED_EDGE('',*,*,#2996,.T.);
#4672=ORIENTED_EDGE('',*,*,#3140,.F.);
#4673=ORIENTED_EDGE('',*,*,#3107,.F.);
#4674=ORIENTED_EDGE('',*,*,#2998,.F.);
#4675=ORIENTED_EDGE('',*,*,#2988,.T.);
#4676=ORIENTED_EDGE('',*,*,#3506,.T.);
#4677=ORIENTED_EDGE('',*,*,#3505,.T.);
#4678=ORIENTED_EDGE('',*,*,#3178,.T.);
#4679=ORIENTED_EDGE('',*,*,#3032,.T.);
#4680=ORIENTED_EDGE('',*,*,#3507,.T.);
#4681=ORIENTED_EDGE('',*,*,#3508,.T.);
#4682=ORIENTED_EDGE('',*,*,#3509,.F.);
#4683=ORIENTED_EDGE('',*,*,#3510,.T.);
#4684=ORIENTED_EDGE('',*,*,#3511,.T.);
#4685=ORIENTED_EDGE('',*,*,#3512,.T.);
#4686=ORIENTED_EDGE('',*,*,#3513,.F.);
#4687=ORIENTED_EDGE('',*,*,#3508,.F.);
#4688=ORIENTED_EDGE('',*,*,#3514,.T.);
#4689=ORIENTED_EDGE('',*,*,#3515,.T.);
#4690=ORIENTED_EDGE('',*,*,#3516,.F.);
#4691=ORIENTED_EDGE('',*,*,#3512,.F.);
#4692=ORIENTED_EDGE('',*,*,#3517,.F.);
#4693=ORIENTED_EDGE('',*,*,#3518,.T.);
#4694=ORIENTED_EDGE('',*,*,#3519,.F.);
#4695=ORIENTED_EDGE('',*,*,#3520,.F.);
#4696=ORIENTED_EDGE('',*,*,#3521,.F.);
#4697=ORIENTED_EDGE('',*,*,#3522,.F.);
#4698=ORIENTED_EDGE('',*,*,#3523,.T.);
#4699=ORIENTED_EDGE('',*,*,#3524,.F.);
#4700=ORIENTED_EDGE('',*,*,#3181,.F.);
#4701=ORIENTED_EDGE('',*,*,#3484,.T.);
#4702=ORIENTED_EDGE('',*,*,#3525,.T.);
#4703=ORIENTED_EDGE('',*,*,#3526,.T.);
#4704=ORIENTED_EDGE('',*,*,#3527,.T.);
#4705=ORIENTED_EDGE('',*,*,#3528,.T.);
#4706=ORIENTED_EDGE('',*,*,#3529,.T.);
#4707=ORIENTED_EDGE('',*,*,#3519,.T.);
#4708=ORIENTED_EDGE('',*,*,#3270,.T.);
#4709=ORIENTED_EDGE('',*,*,#3530,.T.);
#4710=ORIENTED_EDGE('',*,*,#3531,.T.);
#4711=ORIENTED_EDGE('',*,*,#3532,.T.);
#4712=ORIENTED_EDGE('',*,*,#3533,.T.);
#4713=ORIENTED_EDGE('',*,*,#3263,.T.);
#4714=ORIENTED_EDGE('',*,*,#3279,.T.);
#4715=ORIENTED_EDGE('',*,*,#3288,.T.);
#4716=ORIENTED_EDGE('',*,*,#3534,.T.);
#4717=ORIENTED_EDGE('',*,*,#3535,.T.);
#4718=ORIENTED_EDGE('',*,*,#3536,.T.);
#4719=ORIENTED_EDGE('',*,*,#3537,.T.);
#4720=ORIENTED_EDGE('',*,*,#3538,.F.);
#4721=ORIENTED_EDGE('',*,*,#3539,.F.);
#4722=ORIENTED_EDGE('',*,*,#3540,.T.);
#4723=ORIENTED_EDGE('',*,*,#3541,.F.);
#4724=ORIENTED_EDGE('',*,*,#3533,.F.);
#4725=ORIENTED_EDGE('',*,*,#3542,.F.);
#4726=ORIENTED_EDGE('',*,*,#3543,.F.);
#4727=ORIENTED_EDGE('',*,*,#3541,.T.);
#4728=ORIENTED_EDGE('',*,*,#3544,.F.);
#4729=ORIENTED_EDGE('',*,*,#3545,.F.);
#4730=ORIENTED_EDGE('',*,*,#3258,.T.);
#4731=ORIENTED_EDGE('',*,*,#3264,.T.);
#4732=ORIENTED_EDGE('',*,*,#3542,.T.);
#4733=ORIENTED_EDGE('',*,*,#3532,.F.);
#4734=ORIENTED_EDGE('',*,*,#3546,.F.);
#4735=ORIENTED_EDGE('',*,*,#3547,.T.);
#4736=ORIENTED_EDGE('',*,*,#3545,.T.);
#4737=ORIENTED_EDGE('',*,*,#3548,.F.);
#4738=ORIENTED_EDGE('',*,*,#3549,.F.);
#4739=ORIENTED_EDGE('',*,*,#3525,.F.);
#4740=ORIENTED_EDGE('',*,*,#3546,.T.);
#4741=ORIENTED_EDGE('',*,*,#3531,.F.);
#4742=ORIENTED_EDGE('',*,*,#3550,.F.);
#4743=ORIENTED_EDGE('',*,*,#3551,.F.);
#4744=ORIENTED_EDGE('',*,*,#3549,.T.);
#4745=ORIENTED_EDGE('',*,*,#3552,.T.);
#4746=ORIENTED_EDGE('',*,*,#3553,.F.);
#4747=ORIENTED_EDGE('',*,*,#3526,.F.);
#4748=ORIENTED_EDGE('',*,*,#3554,.T.);
#4749=ORIENTED_EDGE('',*,*,#3555,.F.);
#4750=ORIENTED_EDGE('',*,*,#3556,.F.);
#4751=ORIENTED_EDGE('',*,*,#3557,.F.);
#4752=ORIENTED_EDGE('',*,*,#3553,.T.);
#4753=ORIENTED_EDGE('',*,*,#3517,.T.);
#4754=ORIENTED_EDGE('',*,*,#3558,.F.);
#4755=ORIENTED_EDGE('',*,*,#3527,.F.);
#4756=ORIENTED_EDGE('',*,*,#3556,.T.);
#4757=ORIENTED_EDGE('',*,*,#3536,.F.);
#4758=ORIENTED_EDGE('',*,*,#3559,.F.);
#4759=ORIENTED_EDGE('',*,*,#3560,.F.);
#4760=ORIENTED_EDGE('',*,*,#3558,.T.);
#4761=ORIENTED_EDGE('',*,*,#3561,.T.);
#4762=ORIENTED_EDGE('',*,*,#3562,.F.);
#4763=ORIENTED_EDGE('',*,*,#3528,.F.);
#4764=ORIENTED_EDGE('',*,*,#3559,.T.);
#4765=ORIENTED_EDGE('',*,*,#3535,.F.);
#4766=ORIENTED_EDGE('',*,*,#3563,.F.);
#4767=ORIENTED_EDGE('',*,*,#3564,.T.);
#4768=ORIENTED_EDGE('',*,*,#3562,.T.);
#4769=ORIENTED_EDGE('',*,*,#3565,.F.);
#4770=ORIENTED_EDGE('',*,*,#3566,.F.);
#4771=ORIENTED_EDGE('',*,*,#3529,.F.);
#4772=ORIENTED_EDGE('',*,*,#3563,.T.);
#4773=ORIENTED_EDGE('',*,*,#3534,.F.);
#4774=ORIENTED_EDGE('',*,*,#3567,.F.);
#4775=ORIENTED_EDGE('',*,*,#3568,.F.);
#4776=ORIENTED_EDGE('',*,*,#3566,.T.);
#4777=ORIENTED_EDGE('',*,*,#3569,.F.);
#4778=ORIENTED_EDGE('',*,*,#3570,.F.);
#4779=ORIENTED_EDGE('',*,*,#3520,.T.);
#4780=ORIENTED_EDGE('',*,*,#3567,.T.);
#4781=ORIENTED_EDGE('',*,*,#3287,.F.);
#4782=ORIENTED_EDGE('',*,*,#3480,.F.);
#4783=ORIENTED_EDGE('',*,*,#3571,.F.);
#4784=ORIENTED_EDGE('',*,*,#3572,.F.);
#4785=ORIENTED_EDGE('',*,*,#3570,.T.);
#4786=ORIENTED_EDGE('',*,*,#3573,.F.);
#4787=ORIENTED_EDGE('',*,*,#3574,.F.);
#4788=ORIENTED_EDGE('',*,*,#3575,.F.);
#4789=ORIENTED_EDGE('',*,*,#3571,.T.);
#4790=ORIENTED_EDGE('',*,*,#3576,.F.);
#4791=ORIENTED_EDGE('',*,*,#3577,.F.);
#4792=ORIENTED_EDGE('',*,*,#3578,.F.);
#4793=ORIENTED_EDGE('',*,*,#3574,.T.);
#4794=ORIENTED_EDGE('',*,*,#3579,.T.);
#4795=ORIENTED_EDGE('',*,*,#3580,.F.);
#4796=ORIENTED_EDGE('',*,*,#3581,.F.);
#4797=ORIENTED_EDGE('',*,*,#3577,.T.);
#4798=ORIENTED_EDGE('',*,*,#3582,.F.);
#4799=ORIENTED_EDGE('',*,*,#3583,.F.);
#4800=ORIENTED_EDGE('',*,*,#3584,.T.);
#4801=ORIENTED_EDGE('',*,*,#3583,.T.);
#4802=ORIENTED_EDGE('',*,*,#3585,.F.);
#4803=ORIENTED_EDGE('',*,*,#3580,.T.);
#4804=ORIENTED_EDGE('',*,*,#3539,.T.);
#4805=ORIENTED_EDGE('',*,*,#3538,.T.);
#4806=ORIENTED_EDGE('',*,*,#3586,.F.);
#4807=ORIENTED_EDGE('',*,*,#3523,.F.);
#4808=ORIENTED_EDGE('',*,*,#3522,.T.);
#4809=ORIENTED_EDGE('',*,*,#3587,.F.);
#4810=ORIENTED_EDGE('',*,*,#3180,.T.);
#4811=ORIENTED_EDGE('',*,*,#3504,.T.);
#4812=ORIENTED_EDGE('',*,*,#3488,.F.);
#4813=ORIENTED_EDGE('',*,*,#3486,.T.);
#4814=ORIENTED_EDGE('',*,*,#3037,.T.);
#4815=ORIENTED_EDGE('',*,*,#3045,.T.);
#4816=ORIENTED_EDGE('',*,*,#3588,.T.);
#4817=ORIENTED_EDGE('',*,*,#3589,.F.);
#4818=ORIENTED_EDGE('',*,*,#3055,.F.);
#4819=ORIENTED_EDGE('',*,*,#3482,.T.);
#4820=ORIENTED_EDGE('',*,*,#3589,.T.);
#4821=ORIENTED_EDGE('',*,*,#3590,.F.);
#4822=ORIENTED_EDGE('',*,*,#3199,.F.);
#4823=ORIENTED_EDGE('',*,*,#3591,.F.);
#4824=ORIENTED_EDGE('',*,*,#3200,.T.);
#4825=ORIENTED_EDGE('',*,*,#3590,.T.);
#4826=ORIENTED_EDGE('',*,*,#3592,.T.);
#4827=ORIENTED_EDGE('',*,*,#3043,.T.);
#4828=ORIENTED_EDGE('',*,*,#3593,.T.);
#4829=ORIENTED_EDGE('',*,*,#3594,.F.);
#4830=ORIENTED_EDGE('',*,*,#3595,.T.);
#4831=ORIENTED_EDGE('',*,*,#3596,.T.);
#4832=ORIENTED_EDGE('',*,*,#3497,.T.);
#4833=ORIENTED_EDGE('',*,*,#3285,.F.);
#4834=ORIENTED_EDGE('',*,*,#3051,.F.);
#4835=ORIENTED_EDGE('',*,*,#3597,.F.);
#4836=ORIENTED_EDGE('',*,*,#3457,.F.);
#4837=ORIENTED_EDGE('',*,*,#3160,.T.);
#4838=ORIENTED_EDGE('',*,*,#3070,.F.);
#4839=ORIENTED_EDGE('',*,*,#3082,.F.);
#4840=ORIENTED_EDGE('',*,*,#3044,.T.);
#4841=ORIENTED_EDGE('',*,*,#3592,.F.);
#4842=ORIENTED_EDGE('',*,*,#3588,.F.);
#4843=ORIENTED_EDGE('',*,*,#3142,.T.);
#4844=ORIENTED_EDGE('',*,*,#2993,.F.);
#4845=ORIENTED_EDGE('',*,*,#3031,.F.);
#4846=ORIENTED_EDGE('',*,*,#3010,.T.);
#4847=ORIENTED_EDGE('',*,*,#3470,.F.);
#4848=ORIENTED_EDGE('',*,*,#3598,.T.);
#4849=ORIENTED_EDGE('',*,*,#3109,.T.);
#4850=ORIENTED_EDGE('',*,*,#3599,.T.);
#4851=ORIENTED_EDGE('',*,*,#3040,.F.);
#4852=ORIENTED_EDGE('',*,*,#3023,.T.);
#4853=ORIENTED_EDGE('',*,*,#3473,.F.);
#4854=ORIENTED_EDGE('',*,*,#3232,.T.);
#4855=ORIENTED_EDGE('',*,*,#3203,.T.);
#4856=ORIENTED_EDGE('',*,*,#3600,.F.);
#4857=ORIENTED_EDGE('',*,*,#3601,.T.);
#4858=ORIENTED_EDGE('',*,*,#3602,.T.);
#4859=ORIENTED_EDGE('',*,*,#3603,.T.);
#4860=ORIENTED_EDGE('',*,*,#3600,.T.);
#4861=ORIENTED_EDGE('',*,*,#3202,.F.);
#4862=ORIENTED_EDGE('',*,*,#3257,.T.);
#4863=ORIENTED_EDGE('',*,*,#3461,.F.);
#4864=ORIENTED_EDGE('',*,*,#3468,.F.);
#4865=ORIENTED_EDGE('',*,*,#3007,.F.);
#4866=ORIENTED_EDGE('',*,*,#3271,.F.);
#4867=ORIENTED_EDGE('',*,*,#3463,.F.);
#4868=ORIENTED_EDGE('',*,*,#3260,.F.);
#4869=ORIENTED_EDGE('',*,*,#3012,.F.);
#4870=ORIENTED_EDGE('',*,*,#3481,.F.);
#4871=ORIENTED_EDGE('',*,*,#3591,.T.);
#4872=ORIENTED_EDGE('',*,*,#3198,.F.);
#4873=ORIENTED_EDGE('',*,*,#3476,.T.);
#4874=ORIENTED_EDGE('',*,*,#3604,.T.);
#4875=ORIENTED_EDGE('',*,*,#3110,.F.);
#4876=ORIENTED_EDGE('',*,*,#3598,.F.);
#4877=ORIENTED_EDGE('',*,*,#3383,.T.);
#4878=ORIENTED_EDGE('',*,*,#3605,.F.);
#4879=ORIENTED_EDGE('',*,*,#3381,.F.);
#4880=ORIENTED_EDGE('',*,*,#3606,.F.);
#4881=ORIENTED_EDGE('',*,*,#3607,.T.);
#4882=ORIENTED_EDGE('',*,*,#3217,.F.);
#4883=ORIENTED_EDGE('',*,*,#3608,.T.);
#4884=ORIENTED_EDGE('',*,*,#3215,.F.);
#4885=ORIENTED_EDGE('',*,*,#3609,.F.);
#4886=ORIENTED_EDGE('',*,*,#3594,.T.);
#4887=ORIENTED_EDGE('',*,*,#3610,.T.);
#4888=ORIENTED_EDGE('',*,*,#3595,.F.);
#4889=ORIENTED_EDGE('',*,*,#3609,.T.);
#4890=ORIENTED_EDGE('',*,*,#3214,.F.);
#4891=ORIENTED_EDGE('',*,*,#3384,.T.);
#4892=ORIENTED_EDGE('',*,*,#3218,.T.);
#4893=ORIENTED_EDGE('',*,*,#3607,.F.);
#4894=ORIENTED_EDGE('',*,*,#3611,.F.);
#4895=ORIENTED_EDGE('',*,*,#3503,.F.);
#4896=ORIENTED_EDGE('',*,*,#3498,.F.);
#4897=ORIENTED_EDGE('',*,*,#3596,.F.);
#4898=ORIENTED_EDGE('',*,*,#3610,.F.);
#4899=ORIENTED_EDGE('',*,*,#3213,.F.);
#4900=ORIENTED_EDGE('',*,*,#3608,.F.);
#4901=ORIENTED_EDGE('',*,*,#3593,.F.);
#4902=ORIENTED_EDGE('',*,*,#3496,.F.);
#4903=ORIENTED_EDGE('',*,*,#3612,.T.);
#4904=ORIENTED_EDGE('',*,*,#3176,.F.);
#4905=ORIENTED_EDGE('',*,*,#3613,.F.);
#4906=ORIENTED_EDGE('',*,*,#2997,.F.);
#4907=ORIENTED_EDGE('',*,*,#3614,.T.);
#4908=ORIENTED_EDGE('',*,*,#3615,.T.);
#4909=ORIENTED_EDGE('',*,*,#3034,.F.);
#4910=ORIENTED_EDGE('',*,*,#3177,.F.);
#4911=ORIENTED_EDGE('',*,*,#3612,.F.);
#4912=ORIENTED_EDGE('',*,*,#3616,.F.);
#4913=ORIENTED_EDGE('',*,*,#3617,.F.);
#4914=ORIENTED_EDGE('',*,*,#3618,.T.);
#4915=ORIENTED_EDGE('',*,*,#3614,.F.);
#4916=ORIENTED_EDGE('',*,*,#3139,.F.);
#4917=ORIENTED_EDGE('',*,*,#3619,.T.);
#4918=ORIENTED_EDGE('',*,*,#3601,.F.);
#4919=ORIENTED_EDGE('',*,*,#3603,.F.);
#4920=ORIENTED_EDGE('',*,*,#3201,.F.);
#4921=ORIENTED_EDGE('',*,*,#3041,.F.);
#4922=ORIENTED_EDGE('',*,*,#3599,.F.);
#4923=ORIENTED_EDGE('',*,*,#3602,.F.);
#4924=ORIENTED_EDGE('',*,*,#3619,.F.);
#4925=ORIENTED_EDGE('',*,*,#3138,.T.);
#4926=ORIENTED_EDGE('',*,*,#3072,.F.);
#4927=ORIENTED_EDGE('',*,*,#3047,.T.);
#4928=ORIENTED_EDGE('',*,*,#3620,.T.);
#4929=ORIENTED_EDGE('',*,*,#3617,.T.);
#4930=ORIENTED_EDGE('',*,*,#3616,.T.);
#4931=ORIENTED_EDGE('',*,*,#3613,.T.);
#4932=ORIENTED_EDGE('',*,*,#3175,.T.);
#4933=ORIENTED_EDGE('',*,*,#3162,.T.);
#4934=ORIENTED_EDGE('',*,*,#3472,.F.);
#4935=ORIENTED_EDGE('',*,*,#3021,.T.);
#4936=ORIENTED_EDGE('',*,*,#3036,.T.);
#4937=ORIENTED_EDGE('',*,*,#3035,.F.);
#4938=ORIENTED_EDGE('',*,*,#3615,.F.);
#4939=ORIENTED_EDGE('',*,*,#3618,.F.);
#4940=ORIENTED_EDGE('',*,*,#3620,.F.);
#4941=ORIENTED_EDGE('',*,*,#3621,.T.);
#4942=ORIENTED_EDGE('',*,*,#3622,.T.);
#4943=ORIENTED_EDGE('',*,*,#3623,.T.);
#4944=ORIENTED_EDGE('',*,*,#3624,.T.);
#4945=ORIENTED_EDGE('',*,*,#3625,.T.);
#4946=ORIENTED_EDGE('',*,*,#3626,.T.);
#4947=ORIENTED_EDGE('',*,*,#3220,.F.);
#4948=ORIENTED_EDGE('',*,*,#3627,.T.);
#4949=ORIENTED_EDGE('',*,*,#3628,.T.);
#4950=ORIENTED_EDGE('',*,*,#3629,.T.);
#4951=ORIENTED_EDGE('',*,*,#3630,.T.);
#4952=ORIENTED_EDGE('',*,*,#3621,.F.);
#4953=ORIENTED_EDGE('',*,*,#3631,.F.);
#4954=ORIENTED_EDGE('',*,*,#3632,.T.);
#4955=ORIENTED_EDGE('',*,*,#3633,.T.);
#4956=ORIENTED_EDGE('',*,*,#3622,.F.);
#4957=ORIENTED_EDGE('',*,*,#3630,.F.);
#4958=ORIENTED_EDGE('',*,*,#3634,.T.);
#4959=ORIENTED_EDGE('',*,*,#3631,.T.);
#4960=ORIENTED_EDGE('',*,*,#3627,.F.);
#4961=ORIENTED_EDGE('',*,*,#3219,.T.);
#4962=ORIENTED_EDGE('',*,*,#3635,.F.);
#4963=ORIENTED_EDGE('',*,*,#3628,.F.);
#4964=ORIENTED_EDGE('',*,*,#3636,.T.);
#4965=ORIENTED_EDGE('',*,*,#3637,.T.);
#4966=ORIENTED_EDGE('',*,*,#3636,.F.);
#4967=ORIENTED_EDGE('',*,*,#3638,.T.);
#4968=ORIENTED_EDGE('',*,*,#3639,.F.);
#4969=ORIENTED_EDGE('',*,*,#3221,.F.);
#4970=ORIENTED_EDGE('',*,*,#3626,.F.);
#4971=ORIENTED_EDGE('',*,*,#3640,.F.);
#4972=ORIENTED_EDGE('',*,*,#3641,.T.);
#4973=ORIENTED_EDGE('',*,*,#3640,.T.);
#4974=ORIENTED_EDGE('',*,*,#3625,.F.);
#4975=ORIENTED_EDGE('',*,*,#3642,.F.);
#4976=ORIENTED_EDGE('',*,*,#3643,.T.);
#4977=ORIENTED_EDGE('',*,*,#3642,.T.);
#4978=ORIENTED_EDGE('',*,*,#3624,.F.);
#4979=ORIENTED_EDGE('',*,*,#3644,.F.);
#4980=ORIENTED_EDGE('',*,*,#3645,.T.);
#4981=ORIENTED_EDGE('',*,*,#3644,.T.);
#4982=ORIENTED_EDGE('',*,*,#3623,.F.);
#4983=ORIENTED_EDGE('',*,*,#3633,.F.);
#4984=ORIENTED_EDGE('',*,*,#3646,.F.);
#4985=ORIENTED_EDGE('',*,*,#3638,.F.);
#4986=ORIENTED_EDGE('',*,*,#3641,.F.);
#4987=ORIENTED_EDGE('',*,*,#3643,.F.);
#4988=ORIENTED_EDGE('',*,*,#3645,.F.);
#4989=ORIENTED_EDGE('',*,*,#3632,.F.);
#4990=ORIENTED_EDGE('',*,*,#3629,.F.);
#4991=ORIENTED_EDGE('',*,*,#3634,.F.);
#4992=ORIENTED_EDGE('',*,*,#3637,.F.);
#4993=ORIENTED_EDGE('',*,*,#3639,.T.);
#4994=ORIENTED_EDGE('',*,*,#3646,.T.);
#4995=ORIENTED_EDGE('',*,*,#3635,.T.);
#4996=ORIENTED_EDGE('',*,*,#3222,.T.);
#4997=ORIENTED_EDGE('',*,*,#3125,.F.);
#4998=ORIENTED_EDGE('',*,*,#3647,.T.);
#4999=ORIENTED_EDGE('',*,*,#3230,.F.);
#5000=ORIENTED_EDGE('',*,*,#3648,.F.);
#5001=ORIENTED_EDGE('',*,*,#3126,.F.);
#5002=ORIENTED_EDGE('',*,*,#3648,.T.);
#5003=ORIENTED_EDGE('',*,*,#3229,.F.);
#5004=ORIENTED_EDGE('',*,*,#3649,.F.);
#5005=ORIENTED_EDGE('',*,*,#3127,.F.);
#5006=ORIENTED_EDGE('',*,*,#3649,.T.);
#5007=ORIENTED_EDGE('',*,*,#3228,.F.);
#5008=ORIENTED_EDGE('',*,*,#3650,.F.);
#5009=ORIENTED_EDGE('',*,*,#3128,.F.);
#5010=ORIENTED_EDGE('',*,*,#3650,.T.);
#5011=ORIENTED_EDGE('',*,*,#3227,.F.);
#5012=ORIENTED_EDGE('',*,*,#3651,.F.);
#5013=ORIENTED_EDGE('',*,*,#3129,.F.);
#5014=ORIENTED_EDGE('',*,*,#3651,.T.);
#5015=ORIENTED_EDGE('',*,*,#3226,.F.);
#5016=ORIENTED_EDGE('',*,*,#3652,.F.);
#5017=ORIENTED_EDGE('',*,*,#3130,.F.);
#5018=ORIENTED_EDGE('',*,*,#3652,.T.);
#5019=ORIENTED_EDGE('',*,*,#3225,.F.);
#5020=ORIENTED_EDGE('',*,*,#3653,.F.);
#5021=ORIENTED_EDGE('',*,*,#3131,.F.);
#5022=ORIENTED_EDGE('',*,*,#3653,.T.);
#5023=ORIENTED_EDGE('',*,*,#3224,.F.);
#5024=ORIENTED_EDGE('',*,*,#3654,.F.);
#5025=ORIENTED_EDGE('',*,*,#3124,.F.);
#5026=ORIENTED_EDGE('',*,*,#3654,.T.);
#5027=ORIENTED_EDGE('',*,*,#3223,.F.);
#5028=ORIENTED_EDGE('',*,*,#3647,.F.);
#5029=ORIENTED_EDGE('',*,*,#3655,.T.);
#5030=ORIENTED_EDGE('',*,*,#3267,.F.);
#5031=ORIENTED_EDGE('',*,*,#3656,.T.);
#5032=ORIENTED_EDGE('',*,*,#3657,.F.);
#5033=ORIENTED_EDGE('',*,*,#3658,.T.);
#5034=ORIENTED_EDGE('',*,*,#3659,.F.);
#5035=ORIENTED_EDGE('',*,*,#3660,.T.);
#5036=ORIENTED_EDGE('',*,*,#3282,.T.);
#5037=ORIENTED_EDGE('',*,*,#3661,.T.);
#5038=ORIENTED_EDGE('',*,*,#3280,.T.);
#5039=ORIENTED_EDGE('',*,*,#3537,.F.);
#5040=ORIENTED_EDGE('',*,*,#3555,.T.);
#5041=ORIENTED_EDGE('',*,*,#3662,.T.);
#5042=ORIENTED_EDGE('',*,*,#3663,.T.);
#5043=ORIENTED_EDGE('',*,*,#3530,.F.);
#5044=ORIENTED_EDGE('',*,*,#3269,.T.);
#5045=ORIENTED_EDGE('',*,*,#3664,.T.);
#5046=ORIENTED_EDGE('',*,*,#3665,.F.);
#5047=ORIENTED_EDGE('',*,*,#3550,.T.);
#5048=ORIENTED_EDGE('',*,*,#3663,.F.);
#5049=ORIENTED_EDGE('',*,*,#3664,.F.);
#5050=ORIENTED_EDGE('',*,*,#3662,.F.);
#5051=ORIENTED_EDGE('',*,*,#3268,.F.);
#5052=ORIENTED_EDGE('',*,*,#3655,.F.);
#5053=ORIENTED_EDGE('',*,*,#3666,.F.);
#5054=ORIENTED_EDGE('',*,*,#3554,.F.);
#5055=ORIENTED_EDGE('',*,*,#3667,.F.);
#5056=ORIENTED_EDGE('',*,*,#3658,.F.);
#5057=ORIENTED_EDGE('',*,*,#3281,.F.);
#5058=ORIENTED_EDGE('',*,*,#3661,.F.);
#5059=ORIENTED_EDGE('',*,*,#3668,.F.);
#5060=ORIENTED_EDGE('',*,*,#3412,.T.);
#5061=ORIENTED_EDGE('',*,*,#3669,.F.);
#5062=ORIENTED_EDGE('',*,*,#3418,.T.);
#5063=ORIENTED_EDGE('',*,*,#3374,.T.);
#5064=ORIENTED_EDGE('',*,*,#3605,.T.);
#5065=ORIENTED_EDGE('',*,*,#3382,.T.);
#5066=ORIENTED_EDGE('',*,*,#3670,.T.);
#5067=ORIENTED_EDGE('',*,*,#3446,.F.);
#5068=ORIENTED_EDGE('',*,*,#3441,.T.);
#5069=ORIENTED_EDGE('',*,*,#3101,.F.);
#5070=ORIENTED_EDGE('',*,*,#3411,.F.);
#5071=ORIENTED_EDGE('',*,*,#3443,.F.);
#5072=ORIENTED_EDGE('',*,*,#3671,.F.);
#5073=ORIENTED_EDGE('',*,*,#3182,.T.);
#5074=ORIENTED_EDGE('',*,*,#3524,.T.);
#5075=ORIENTED_EDGE('',*,*,#3586,.T.);
#5076=ORIENTED_EDGE('',*,*,#3672,.F.);
#5077=ORIENTED_EDGE('',*,*,#3451,.F.);
#5078=ORIENTED_EDGE('',*,*,#3419,.F.);
#5079=ORIENTED_EDGE('',*,*,#3669,.T.);
#5080=ORIENTED_EDGE('',*,*,#3448,.F.);
#5081=ORIENTED_EDGE('',*,*,#3672,.T.);
#5082=ORIENTED_EDGE('',*,*,#3587,.T.);
#5083=ORIENTED_EDGE('',*,*,#3521,.T.);
#5084=ORIENTED_EDGE('',*,*,#3575,.T.);
#5085=ORIENTED_EDGE('',*,*,#3581,.T.);
#5086=ORIENTED_EDGE('',*,*,#3585,.T.);
#5087=ORIENTED_EDGE('',*,*,#3582,.T.);
#5088=ORIENTED_EDGE('',*,*,#3576,.T.);
#5089=ORIENTED_EDGE('',*,*,#3478,.T.);
#5090=ORIENTED_EDGE('',*,*,#3197,.T.);
#5091=ORIENTED_EDGE('',*,*,#3422,.F.);
#5092=ORIENTED_EDGE('',*,*,#3673,.F.);
#5093=ORIENTED_EDGE('',*,*,#3454,.T.);
#5094=ORIENTED_EDGE('',*,*,#3674,.T.);
#5095=ORIENTED_EDGE('',*,*,#3423,.T.);
#5096=ORIENTED_EDGE('',*,*,#3674,.F.);
#5097=ORIENTED_EDGE('',*,*,#3453,.F.);
#5098=ORIENTED_EDGE('',*,*,#3675,.T.);
#5099=ORIENTED_EDGE('',*,*,#3088,.F.);
#5100=ORIENTED_EDGE('',*,*,#3676,.T.);
#5101=ORIENTED_EDGE('',*,*,#3424,.T.);
#5102=ORIENTED_EDGE('',*,*,#3676,.F.);
#5103=ORIENTED_EDGE('',*,*,#3087,.F.);
#5104=ORIENTED_EDGE('',*,*,#3416,.T.);
#5105=ORIENTED_EDGE('',*,*,#3493,.F.);
#5106=ORIENTED_EDGE('',*,*,#3136,.T.);
#5107=ORIENTED_EDGE('',*,*,#3677,.F.);
#5108=ORIENTED_EDGE('',*,*,#3502,.F.);
#5109=ORIENTED_EDGE('',*,*,#3677,.T.);
#5110=ORIENTED_EDGE('',*,*,#3135,.T.);
#5111=ORIENTED_EDGE('',*,*,#3678,.F.);
#5112=ORIENTED_EDGE('',*,*,#3500,.T.);
#5113=ORIENTED_EDGE('',*,*,#3495,.T.);
#5114=ORIENTED_EDGE('',*,*,#3501,.F.);
#5115=ORIENTED_EDGE('',*,*,#3678,.T.);
#5116=ORIENTED_EDGE('',*,*,#3134,.T.);
#5117=ORIENTED_EDGE('',*,*,#3372,.T.);
#5118=ORIENTED_EDGE('',*,*,#3385,.T.);
#5119=ORIENTED_EDGE('',*,*,#3611,.T.);
#5120=ORIENTED_EDGE('',*,*,#3606,.T.);
#5121=ORIENTED_EDGE('',*,*,#3370,.T.);
#5122=ORIENTED_EDGE('',*,*,#3378,.T.);
#5123=ORIENTED_EDGE('',*,*,#3679,.F.);
#5124=ORIENTED_EDGE('',*,*,#3120,.T.);
#5125=ORIENTED_EDGE('',*,*,#3679,.T.);
#5126=ORIENTED_EDGE('',*,*,#3377,.T.);
#5127=ORIENTED_EDGE('',*,*,#3680,.F.);
#5128=ORIENTED_EDGE('',*,*,#3121,.T.);
#5129=ORIENTED_EDGE('',*,*,#3368,.F.);
#5130=ORIENTED_EDGE('',*,*,#3122,.T.);
#5131=ORIENTED_EDGE('',*,*,#3680,.T.);
#5132=ORIENTED_EDGE('',*,*,#3379,.T.);
#5133=ORIENTED_EDGE('',*,*,#3096,.T.);
#5134=ORIENTED_EDGE('',*,*,#3681,.T.);
#5135=ORIENTED_EDGE('',*,*,#3188,.T.);
#5136=ORIENTED_EDGE('',*,*,#3682,.T.);
#5137=ORIENTED_EDGE('',*,*,#3436,.F.);
#5138=ORIENTED_EDGE('',*,*,#3683,.T.);
#5139=ORIENTED_EDGE('',*,*,#3684,.F.);
#5140=ORIENTED_EDGE('',*,*,#3683,.F.);
#5141=ORIENTED_EDGE('',*,*,#3435,.F.);
#5142=ORIENTED_EDGE('',*,*,#3685,.T.);
#5143=ORIENTED_EDGE('',*,*,#3686,.F.);
#5144=ORIENTED_EDGE('',*,*,#3685,.F.);
#5145=ORIENTED_EDGE('',*,*,#3434,.F.);
#5146=ORIENTED_EDGE('',*,*,#3687,.T.);
#5147=ORIENTED_EDGE('',*,*,#3688,.F.);
#5148=ORIENTED_EDGE('',*,*,#3687,.F.);
#5149=ORIENTED_EDGE('',*,*,#3433,.F.);
#5150=ORIENTED_EDGE('',*,*,#3689,.T.);
#5151=ORIENTED_EDGE('',*,*,#3690,.F.);
#5152=ORIENTED_EDGE('',*,*,#3689,.F.);
#5153=ORIENTED_EDGE('',*,*,#3691,.F.);
#5154=ORIENTED_EDGE('',*,*,#3189,.F.);
#5155=ORIENTED_EDGE('',*,*,#3681,.F.);
#5156=ORIENTED_EDGE('',*,*,#3095,.F.);
#5157=ORIENTED_EDGE('',*,*,#3094,.T.);
#5158=ORIENTED_EDGE('',*,*,#3692,.T.);
#5159=ORIENTED_EDGE('',*,*,#3190,.T.);
#5160=ORIENTED_EDGE('',*,*,#3691,.T.);
#5161=ORIENTED_EDGE('',*,*,#3693,.F.);
#5162=ORIENTED_EDGE('',*,*,#3090,.F.);
#5163=ORIENTED_EDGE('',*,*,#3694,.F.);
#5164=ORIENTED_EDGE('',*,*,#3455,.T.);
#5165=ORIENTED_EDGE('',*,*,#3673,.T.);
#5166=ORIENTED_EDGE('',*,*,#3432,.F.);
#5167=ORIENTED_EDGE('',*,*,#3695,.F.);
#5168=ORIENTED_EDGE('',*,*,#3696,.F.);
#5169=ORIENTED_EDGE('',*,*,#3697,.F.);
#5170=ORIENTED_EDGE('',*,*,#3191,.F.);
#5171=ORIENTED_EDGE('',*,*,#3692,.F.);
#5172=ORIENTED_EDGE('',*,*,#3093,.F.);
#5173=ORIENTED_EDGE('',*,*,#3698,.F.);
#5174=ORIENTED_EDGE('',*,*,#3097,.F.);
#5175=ORIENTED_EDGE('',*,*,#3682,.F.);
#5176=ORIENTED_EDGE('',*,*,#3187,.F.);
#5177=ORIENTED_EDGE('',*,*,#3699,.F.);
#5178=ORIENTED_EDGE('',*,*,#3184,.T.);
#5179=ORIENTED_EDGE('',*,*,#3700,.T.);
#5180=ORIENTED_EDGE('',*,*,#3701,.F.);
#5181=ORIENTED_EDGE('',*,*,#3702,.F.);
#5182=ORIENTED_EDGE('',*,*,#3700,.F.);
#5183=ORIENTED_EDGE('',*,*,#3183,.T.);
#5184=ORIENTED_EDGE('',*,*,#3671,.T.);
#5185=ORIENTED_EDGE('',*,*,#3445,.T.);
#5186=ORIENTED_EDGE('',*,*,#3703,.F.);
#5187=ORIENTED_EDGE('',*,*,#3704,.F.);
#5188=ORIENTED_EDGE('',*,*,#3703,.T.);
#5189=ORIENTED_EDGE('',*,*,#3444,.T.);
#5190=ORIENTED_EDGE('',*,*,#3409,.T.);
#5191=ORIENTED_EDGE('',*,*,#3388,.T.);
#5192=ORIENTED_EDGE('',*,*,#3392,.T.);
#5193=ORIENTED_EDGE('',*,*,#3395,.T.);
#5194=ORIENTED_EDGE('',*,*,#3398,.T.);
#5195=ORIENTED_EDGE('',*,*,#3401,.T.);
#5196=ORIENTED_EDGE('',*,*,#3404,.T.);
#5197=ORIENTED_EDGE('',*,*,#3407,.T.);
#5198=ORIENTED_EDGE('',*,*,#3421,.T.);
#5199=ORIENTED_EDGE('',*,*,#3450,.T.);
#5200=ORIENTED_EDGE('',*,*,#3705,.T.);
#5201=ORIENTED_EDGE('',*,*,#3684,.T.);
#5202=ORIENTED_EDGE('',*,*,#3686,.T.);
#5203=ORIENTED_EDGE('',*,*,#3688,.T.);
#5204=ORIENTED_EDGE('',*,*,#3690,.T.);
#5205=ORIENTED_EDGE('',*,*,#3706,.F.);
#5206=ORIENTED_EDGE('',*,*,#3705,.F.);
#5207=ORIENTED_EDGE('',*,*,#3449,.F.);
#5208=ORIENTED_EDGE('',*,*,#3195,.F.);
#5209=ORIENTED_EDGE('',*,*,#3707,.T.);
#5210=ORIENTED_EDGE('',*,*,#3708,.F.);
#5211=ORIENTED_EDGE('',*,*,#3709,.F.);
#5212=ORIENTED_EDGE('',*,*,#3710,.F.);
#5213=ORIENTED_EDGE('',*,*,#3428,.F.);
#5214=ORIENTED_EDGE('',*,*,#3439,.F.);
#5215=ORIENTED_EDGE('',*,*,#3447,.T.);
#5216=ORIENTED_EDGE('',*,*,#3670,.F.);
#5217=ORIENTED_EDGE('',*,*,#3100,.F.);
#5218=ORIENTED_EDGE('',*,*,#3429,.T.);
#5219=ORIENTED_EDGE('',*,*,#3710,.T.);
#5220=ORIENTED_EDGE('',*,*,#3711,.T.);
#5221=ORIENTED_EDGE('',*,*,#3712,.T.);
#5222=ORIENTED_EDGE('',*,*,#3713,.F.);
#5223=ORIENTED_EDGE('',*,*,#3430,.T.);
#5224=ORIENTED_EDGE('',*,*,#3712,.F.);
#5225=ORIENTED_EDGE('',*,*,#3714,.F.);
#5226=ORIENTED_EDGE('',*,*,#3431,.T.);
#5227=ORIENTED_EDGE('',*,*,#3713,.T.);
#5228=ORIENTED_EDGE('',*,*,#3715,.T.);
#5229=ORIENTED_EDGE('',*,*,#3695,.T.);
#5230=ORIENTED_EDGE('',*,*,#3716,.F.);
#5231=ORIENTED_EDGE('',*,*,#3192,.T.);
#5232=ORIENTED_EDGE('',*,*,#3697,.T.);
#5233=ORIENTED_EDGE('',*,*,#3092,.T.);
#5234=ORIENTED_EDGE('',*,*,#3694,.T.);
#5235=ORIENTED_EDGE('',*,*,#3089,.F.);
#5236=ORIENTED_EDGE('',*,*,#3675,.F.);
#5237=ORIENTED_EDGE('',*,*,#3452,.F.);
#5238=ORIENTED_EDGE('',*,*,#3717,.F.);
#5239=ORIENTED_EDGE('',*,*,#3701,.T.);
#5240=ORIENTED_EDGE('',*,*,#3702,.T.);
#5241=ORIENTED_EDGE('',*,*,#3704,.T.);
#5242=ORIENTED_EDGE('',*,*,#3706,.T.);
#5243=ORIENTED_EDGE('',*,*,#3718,.F.);
#5244=ORIENTED_EDGE('',*,*,#3719,.F.);
#5245=ORIENTED_EDGE('',*,*,#3696,.T.);
#5246=ORIENTED_EDGE('',*,*,#3715,.F.);
#5247=ORIENTED_EDGE('',*,*,#3714,.T.);
#5248=ORIENTED_EDGE('',*,*,#3711,.F.);
#5249=ORIENTED_EDGE('',*,*,#3709,.T.);
#5250=ORIENTED_EDGE('',*,*,#3720,.F.);
#5251=ORIENTED_EDGE('',*,*,#3718,.T.);
#5252=ORIENTED_EDGE('',*,*,#3707,.F.);
#5253=ORIENTED_EDGE('',*,*,#3194,.T.);
#5254=ORIENTED_EDGE('',*,*,#3193,.T.);
#5255=ORIENTED_EDGE('',*,*,#3716,.T.);
#5256=ORIENTED_EDGE('',*,*,#3091,.T.);
#5257=ORIENTED_EDGE('',*,*,#3693,.T.);
#5258=ORIENTED_EDGE('',*,*,#3719,.T.);
#5259=ORIENTED_EDGE('',*,*,#3720,.T.);
#5260=ORIENTED_EDGE('',*,*,#3721,.F.);
#5261=ORIENTED_EDGE('',*,*,#3098,.T.);
#5262=ORIENTED_EDGE('',*,*,#3698,.T.);
#5263=ORIENTED_EDGE('',*,*,#3186,.F.);
#5264=ORIENTED_EDGE('',*,*,#3099,.T.);
#5265=ORIENTED_EDGE('',*,*,#3721,.T.);
#5266=ORIENTED_EDGE('',*,*,#3185,.T.);
#5267=ORIENTED_EDGE('',*,*,#3699,.T.);
#5268=ORIENTED_EDGE('',*,*,#3717,.T.);
#5269=ORIENTED_EDGE('',*,*,#3708,.T.);
#5270=ORIENTED_EDGE('',*,*,#3722,.T.);
#5271=ORIENTED_EDGE('',*,*,#3659,.T.);
#5272=ORIENTED_EDGE('',*,*,#3667,.T.);
#5273=ORIENTED_EDGE('',*,*,#3557,.T.);
#5274=ORIENTED_EDGE('',*,*,#3560,.T.);
#5275=ORIENTED_EDGE('',*,*,#3564,.F.);
#5276=ORIENTED_EDGE('',*,*,#3568,.T.);
#5277=ORIENTED_EDGE('',*,*,#3572,.T.);
#5278=ORIENTED_EDGE('',*,*,#3578,.T.);
#5279=ORIENTED_EDGE('',*,*,#3584,.F.);
#5280=ORIENTED_EDGE('',*,*,#3540,.F.);
#5281=ORIENTED_EDGE('',*,*,#3579,.F.);
#5282=ORIENTED_EDGE('',*,*,#3573,.T.);
#5283=ORIENTED_EDGE('',*,*,#3569,.T.);
#5284=ORIENTED_EDGE('',*,*,#3565,.T.);
#5285=ORIENTED_EDGE('',*,*,#3561,.F.);
#5286=ORIENTED_EDGE('',*,*,#3518,.F.);
#5287=ORIENTED_EDGE('',*,*,#3552,.F.);
#5288=ORIENTED_EDGE('',*,*,#3548,.T.);
#5289=ORIENTED_EDGE('',*,*,#3544,.T.);
#5290=ORIENTED_EDGE('',*,*,#3543,.T.);
#5291=ORIENTED_EDGE('',*,*,#3547,.F.);
#5292=ORIENTED_EDGE('',*,*,#3551,.T.);
#5293=ORIENTED_EDGE('',*,*,#3665,.T.);
#5294=ORIENTED_EDGE('',*,*,#3666,.T.);
#5295=ORIENTED_EDGE('',*,*,#3657,.T.);
#5296=ORIENTED_EDGE('',*,*,#3723,.T.);
#5297=ORIENTED_EDGE('',*,*,#3509,.T.);
#5298=ORIENTED_EDGE('',*,*,#3513,.T.);
#5299=ORIENTED_EDGE('',*,*,#3516,.T.);
#5300=ORIENTED_EDGE('',*,*,#3283,.F.);
#5301=ORIENTED_EDGE('',*,*,#3660,.F.);
#5302=ORIENTED_EDGE('',*,*,#3722,.F.);
#5303=ORIENTED_EDGE('',*,*,#3515,.F.);
#5304=ORIENTED_EDGE('',*,*,#3724,.F.);
#5305=ORIENTED_EDGE('',*,*,#3084,.F.);
#5306=ORIENTED_EDGE('',*,*,#3060,.F.);
#5307=ORIENTED_EDGE('',*,*,#3483,.F.);
#5308=ORIENTED_EDGE('',*,*,#3725,.T.);
#5309=ORIENTED_EDGE('',*,*,#3265,.T.);
#5310=ORIENTED_EDGE('',*,*,#3003,.T.);
#5311=ORIENTED_EDGE('',*,*,#3001,.F.);
#5312=ORIENTED_EDGE('',*,*,#2987,.T.);
#5313=ORIENTED_EDGE('',*,*,#3019,.T.);
#5314=ORIENTED_EDGE('',*,*,#3490,.F.);
#5315=ORIENTED_EDGE('',*,*,#3506,.F.);
#5316=ORIENTED_EDGE('',*,*,#3514,.F.);
#5317=ORIENTED_EDGE('',*,*,#3511,.F.);
#5318=ORIENTED_EDGE('',*,*,#3507,.F.);
#5319=ORIENTED_EDGE('',*,*,#3726,.T.);
#5320=ORIENTED_EDGE('',*,*,#3105,.F.);
#5321=ORIENTED_EDGE('',*,*,#3413,.T.);
#5322=ORIENTED_EDGE('',*,*,#3668,.T.);
#5323=ORIENTED_EDGE('',*,*,#3417,.T.);
#5324=ORIENTED_EDGE('',*,*,#3085,.F.);
#5325=ORIENTED_EDGE('',*,*,#3724,.T.);
#5326=ORIENTED_EDGE('',*,*,#3266,.F.);
#5327=ORIENTED_EDGE('',*,*,#3725,.F.);
#5328=ORIENTED_EDGE('',*,*,#3000,.F.);
#5329=ORIENTED_EDGE('',*,*,#3106,.F.);
#5330=ORIENTED_EDGE('',*,*,#3726,.F.);
#5331=ORIENTED_EDGE('',*,*,#3510,.F.);
#5332=ORIENTED_EDGE('',*,*,#3723,.F.);
#5333=ORIENTED_EDGE('',*,*,#3656,.F.);
#5334=ORIENTED_EDGE('',*,*,#3727,.F.);
#5335=ORIENTED_EDGE('',*,*,#3728,.T.);
#5336=ORIENTED_EDGE('',*,*,#3231,.F.);
#5337=ORIENTED_EDGE('',*,*,#3728,.F.);
#5338=ORIENTED_EDGE('',*,*,#3321,.T.);
#5339=ORIENTED_EDGE('',*,*,#3318,.T.);
#5340=ORIENTED_EDGE('',*,*,#3729,.T.);
#5341=ORIENTED_EDGE('',*,*,#3727,.T.);
#5342=ORIENTED_EDGE('',*,*,#3336,.T.);
#5343=ORIENTED_EDGE('',*,*,#3327,.F.);
#5344=ORIENTED_EDGE('',*,*,#3330,.F.);
#5345=ORIENTED_EDGE('',*,*,#3730,.F.);
#5346=ORIENTED_EDGE('',*,*,#3292,.F.);
#5347=ORIENTED_EDGE('',*,*,#3458,.F.);
#5348=ORIENTED_EDGE('',*,*,#3597,.T.);
#5349=ORIENTED_EDGE('',*,*,#3050,.F.);
#5350=ORIENTED_EDGE('',*,*,#3474,.F.);
#5351=ORIENTED_EDGE('',*,*,#3158,.F.);
#5352=ORIENTED_EDGE('',*,*,#3157,.F.);
#5353=ORIENTED_EDGE('',*,*,#3156,.F.);
#5354=ORIENTED_EDGE('',*,*,#3317,.F.);
#5355=ORIENTED_EDGE('',*,*,#3729,.F.);
#5356=ORIENTED_EDGE('',*,*,#3297,.F.);
#5357=ORIENTED_EDGE('',*,*,#3302,.F.);
#5358=ORIENTED_EDGE('',*,*,#3306,.F.);
#5359=ORIENTED_EDGE('',*,*,#3111,.F.);
#5360=ORIENTED_EDGE('',*,*,#3604,.F.);
#5361=ORIENTED_EDGE('',*,*,#3471,.F.);
#5362=ORIENTED_EDGE('',*,*,#3466,.T.);
#5363=ORIENTED_EDGE('',*,*,#3465,.F.);
#5364=ORIENTED_EDGE('',*,*,#3464,.T.);
#5365=ORIENTED_EDGE('',*,*,#3364,.F.);
#5366=ORIENTED_EDGE('',*,*,#3115,.F.);
#5367=ORIENTED_EDGE('',*,*,#3143,.T.);
#5368=ORIENTED_EDGE('',*,*,#3731,.T.);
#5369=ORIENTED_EDGE('',*,*,#3329,.T.);
#5370=ORIENTED_EDGE('',*,*,#3322,.F.);
#5371=ORIENTED_EDGE('',*,*,#3075,.F.);
#5372=ORIENTED_EDGE('',*,*,#3732,.T.);
#5373=ORIENTED_EDGE('',*,*,#3733,.T.);
#5374=ORIENTED_EDGE('',*,*,#3118,.T.);
#5375=ORIENTED_EDGE('',*,*,#3353,.F.);
#5376=ORIENTED_EDGE('',*,*,#3359,.T.);
#5377=ORIENTED_EDGE('',*,*,#3357,.F.);
#5378=ORIENTED_EDGE('',*,*,#3351,.F.);
#5379=ORIENTED_EDGE('',*,*,#3346,.F.);
#5380=ORIENTED_EDGE('',*,*,#3343,.F.);
#5381=ORIENTED_EDGE('',*,*,#3339,.F.);
#5382=ORIENTED_EDGE('',*,*,#3360,.F.);
#5383=ORIENTED_EDGE('',*,*,#3734,.T.);
#5384=ORIENTED_EDGE('',*,*,#3735,.T.);
#5385=ORIENTED_EDGE('',*,*,#3168,.T.);
#5386=ORIENTED_EDGE('',*,*,#3332,.F.);
#5387=ORIENTED_EDGE('',*,*,#3333,.F.);
#5388=ORIENTED_EDGE('',*,*,#3335,.F.);
#5389=ORIENTED_EDGE('',*,*,#3314,.F.);
#5390=ORIENTED_EDGE('',*,*,#3307,.F.);
#5391=ORIENTED_EDGE('',*,*,#3311,.F.);
#5392=ORIENTED_EDGE('',*,*,#3328,.F.);
#5393=ORIENTED_EDGE('',*,*,#3731,.F.);
#5394=ORIENTED_EDGE('',*,*,#3074,.F.);
#5395=ORIENTED_EDGE('',*,*,#3733,.F.);
#5396=ORIENTED_EDGE('',*,*,#3212,.F.);
#5397=ORIENTED_EDGE('',*,*,#3239,.T.);
#5398=ORIENTED_EDGE('',*,*,#3735,.F.);
#5399=ORIENTED_EDGE('',*,*,#3734,.F.);
#5400=ORIENTED_EDGE('',*,*,#3363,.F.);
#5401=ORIENTED_EDGE('',*,*,#3469,.T.);
#5402=ORIENTED_EDGE('',*,*,#3293,.T.);
#5403=ORIENTED_EDGE('',*,*,#3730,.T.);
#5404=ORIENTED_EDGE('',*,*,#3736,.T.);
#5405=ORIENTED_EDGE('',*,*,#3737,.T.);
#5406=ORIENTED_EDGE('',*,*,#3738,.T.);
#5407=ORIENTED_EDGE('',*,*,#3739,.T.);
#5408=ORIENTED_EDGE('',*,*,#3740,.T.);
#5409=ORIENTED_EDGE('',*,*,#3241,.F.);
#5410=ORIENTED_EDGE('',*,*,#3245,.F.);
#5411=ORIENTED_EDGE('',*,*,#3246,.F.);
#5412=ORIENTED_EDGE('',*,*,#3208,.F.);
#5413=ORIENTED_EDGE('',*,*,#3741,.T.);
#5414=ORIENTED_EDGE('',*,*,#3242,.F.);
#5415=ORIENTED_EDGE('',*,*,#3741,.F.);
#5416=ORIENTED_EDGE('',*,*,#3207,.F.);
#5417=ORIENTED_EDGE('',*,*,#3732,.F.);
#5418=ORIENTED_EDGE('',*,*,#3742,.T.);
#5419=ORIENTED_EDGE('',*,*,#3740,.F.);
#5420=ORIENTED_EDGE('',*,*,#3742,.F.);
#5421=ORIENTED_EDGE('',*,*,#3079,.F.);
#5422=ORIENTED_EDGE('',*,*,#3153,.F.);
#5423=ORIENTED_EDGE('',*,*,#3743,.F.);
#5424=ORIENTED_EDGE('',*,*,#3738,.F.);
#5425=ORIENTED_EDGE('',*,*,#3744,.T.);
#5426=ORIENTED_EDGE('',*,*,#3161,.F.);
#5427=ORIENTED_EDGE('',*,*,#3080,.F.);
#5428=ORIENTED_EDGE('',*,*,#3744,.F.);
#5429=ORIENTED_EDGE('',*,*,#3737,.F.);
#5430=ORIENTED_EDGE('',*,*,#3745,.T.);
#5431=ORIENTED_EDGE('',*,*,#3154,.F.);
#5432=ORIENTED_EDGE('',*,*,#3745,.F.);
#5433=ORIENTED_EDGE('',*,*,#3736,.F.);
#5434=ORIENTED_EDGE('',*,*,#3746,.T.);
#5435=ORIENTED_EDGE('',*,*,#3151,.T.);
#5436=ORIENTED_EDGE('',*,*,#3152,.F.);
#5437=ORIENTED_EDGE('',*,*,#3746,.F.);
#5438=ORIENTED_EDGE('',*,*,#3739,.F.);
#5439=ORIENTED_EDGE('',*,*,#3743,.T.);
#5440=ORIENTED_EDGE('',*,*,#3747,.F.);
#5441=ORIENTED_EDGE('',*,*,#3748,.F.);
#5442=ORIENTED_EDGE('',*,*,#3749,.F.);
#5443=ORIENTED_EDGE('',*,*,#3747,.T.);
#5444=ORIENTED_EDGE('',*,*,#3750,.T.);
#5445=ORIENTED_EDGE('',*,*,#3751,.T.);
#5446=ORIENTED_EDGE('',*,*,#3749,.T.);
#5447=ORIENTED_EDGE('',*,*,#3752,.T.);
#5448=ORIENTED_EDGE('',*,*,#3751,.F.);
#5449=ORIENTED_EDGE('',*,*,#3752,.F.);
#5450=ORIENTED_EDGE('',*,*,#3748,.T.);
#5451=ORIENTED_EDGE('',*,*,#3750,.F.);
#5452=ORIENTED_EDGE('',*,*,#3753,.T.);
#5453=ORIENTED_EDGE('',*,*,#3754,.T.);
#5454=ORIENTED_EDGE('',*,*,#3755,.T.);
#5455=ORIENTED_EDGE('',*,*,#3753,.F.);
#5456=ORIENTED_EDGE('',*,*,#3755,.F.);
#5457=ORIENTED_EDGE('',*,*,#3754,.F.);
#5458=B_SPLINE_SURFACE_WITH_KNOTS('',3,3,((#7883,#7884,#7885,#7886,#7887,
#7888,#7889,#7890,#7891,#7892,#7893),(#7894,#7895,#7896,#7897,#7898,#7899,
#7900,#7901,#7902,#7903,#7904),(#7905,#7906,#7907,#7908,#7909,#7910,#7911,
#7912,#7913,#7914,#7915),(#7916,#7917,#7918,#7919,#7920,#7921,#7922,#7923,
#7924,#7925,#7926),(#7927,#7928,#7929,#7930,#7931,#7932,#7933,#7934,#7935,
#7936,#7937),(#7938,#7939,#7940,#7941,#7942,#7943,#7944,#7945,#7946,#7947,
#7948)),.UNSPECIFIED.,.F.,.F.,.F.,(4,1,1,4),(4,1,1,1,1,1,1,1,4),(0.,0.285714285714286,
0.571428571428571,1.),(0.852753081404886,1.21748347263584,1.58221386386679,
1.94694425509774,2.31167464632869,2.67640503755964,3.04113542879059,3.22350062440607,
3.40586582002154),.UNSPECIFIED.);
#5459=B_SPLINE_SURFACE_WITH_KNOTS('',3,3,((#8177,#8178,#8179,#8180,#8181,
#8182,#8183,#8184,#8185,#8186),(#8187,#8188,#8189,#8190,#8191,#8192,#8193,
#8194,#8195,#8196),(#8197,#8198,#8199,#8200,#8201,#8202,#8203,#8204,#8205,
#8206),(#8207,#8208,#8209,#8210,#8211,#8212,#8213,#8214,#8215,#8216),(#8217,
#8218,#8219,#8220,#8221,#8222,#8223,#8224,#8225,#8226),(#8227,#8228,#8229,
#8230,#8231,#8232,#8233,#8234,#8235,#8236)),.UNSPECIFIED.,.F.,.F.,.F.,(4,
1,1,4),(4,1,1,1,1,1,1,4),(0.,0.285714285714286,0.571428571428571,1.),(3.40743904632573,
3.77216944057795,4.13689983483017,4.5016302290824,4.86636062333462,5.23109101758684,
5.59582141183906,5.96055180609128),.UNSPECIFIED.);
#5460=B_SPLINE_SURFACE_WITH_KNOTS('',3,3,((#9183,#9184,#9185,#9186),(#9187,
#9188,#9189,#9190),(#9191,#9192,#9193,#9194),(#9195,#9196,#9197,#9198),
(#9199,#9200,#9201,#9202),(#9203,#9204,#9205,#9206)),.UNSPECIFIED.,.F.,
 .F.,.F.,(4,1,1,4),(4,4),(0.,0.285714285714286,0.571428571428571,1.),(3.34909103190597,
10.1479027870244),.UNSPECIFIED.);
#5461=B_SPLINE_SURFACE_WITH_KNOTS('',3,1,((#9497,#9498),(#9499,#9500),(#9501,
#9502),(#9503,#9504),(#9505,#9506),(#9507,#9508),(#9509,#9510),(#9511,#9512),
(#9513,#9514),(#9515,#9516)),.UNSPECIFIED.,.F.,.F.,.F.,(4,2,2,2,4),(2,2),
(-0.755207064652166,-0.586730523060188,-0.391336339695314,-0.195727062041462,
0.),(0.,0.4534),.UNSPECIFIED.);
#5462=B_SPLINE_SURFACE_WITH_KNOTS('',3,1,((#9723,#9724),(#9725,#9726),(#9727,
#9728),(#9729,#9730),(#9731,#9732),(#9733,#9734),(#9735,#9736),(#9737,#9738),
(#9739,#9740),(#9741,#9742),(#9743,#9744),(#9745,#9746)),.UNSPECIFIED.,
 .F.,.F.,.F.,(4,2,2,2,2,4),(2,2),(-0.998357478059763,-0.889665880720357,
-0.780988282776716,-0.585552995196066,-0.390326620726212,-0.24364476031994),
(0.,0.4534),.UNSPECIFIED.);
#5463=B_SPLINE_SURFACE_WITH_KNOTS('',3,3,((#10654,#10655,#10656,#10657),
(#10658,#10659,#10660,#10661),(#10662,#10663,#10664,#10665),(#10666,#10667,
#10668,#10669)),.UNSPECIFIED.,.F.,.F.,.F.,(4,4),(4,4),(0.,1.),(-17.2836402454703,
-16.9738482582784),.UNSPECIFIED.);
#5464=B_SPLINE_SURFACE_WITH_KNOTS('',3,3,((#10679,#10680,#10681,#10682,
#10683,#10684,#10685),(#10686,#10687,#10688,#10689,#10690,#10691,#10692),
(#10693,#10694,#10695,#10696,#10697,#10698,#10699),(#10700,#10701,#10702,
#10703,#10704,#10705,#10706)),.UNSPECIFIED.,.F.,.F.,.F.,(4,4),(4,1,1,1,
4),(0.,1.),(0.,0.5730632772734,1.1461265545468,1.91021092424467,2.67429529394254),
 .UNSPECIFIED.);
#5465=B_SPLINE_SURFACE_WITH_KNOTS('',3,3,((#10710,#10711,#10712,#10713),
(#10714,#10715,#10716,#10717),(#10718,#10719,#10720,#10721),(#10722,#10723,
#10724,#10725)),.UNSPECIFIED.,.F.,.F.,.F.,(4,4),(4,4),(0.,1.),(0.,0.502198533768661),
 .UNSPECIFIED.);
#5466=B_SPLINE_SURFACE_WITH_KNOTS('',3,3,((#10729,#10730,#10731,#10732),
(#10733,#10734,#10735,#10736),(#10737,#10738,#10739,#10740),(#10741,#10742,
#10743,#10744)),.UNSPECIFIED.,.F.,.F.,.F.,(4,4),(4,4),(0.,1.),(-17.6234110059931,
-17.1311105246636),.UNSPECIFIED.);
#5467=B_SPLINE_SURFACE_WITH_KNOTS('',3,3,((#10748,#10749,#10750,#10751),
(#10752,#10753,#10754,#10755),(#10756,#10757,#10758,#10759),(#10760,#10761,
#10762,#10763)),.UNSPECIFIED.,.F.,.F.,.F.,(4,4),(4,4),(0.,1.),(2.25481284307703,
2.70683980353978),.UNSPECIFIED.);
#5468=B_SPLINE_SURFACE_WITH_KNOTS('',3,3,((#10774,#10775,#10776,#10777,
#10778,#10779),(#10780,#10781,#10782,#10783,#10784,#10785),(#10786,#10787,
#10788,#10789,#10790,#10791),(#10792,#10793,#10794,#10795,#10796,#10797)),
 .UNSPECIFIED.,.F.,.F.,.F.,(4,4),(4,1,1,4),(0.,1.),(-12.6537284065528,-11.8672796856188,
-11.3429805383294,-10.8186813910401),.UNSPECIFIED.);
#5469=B_SPLINE_SURFACE_WITH_KNOTS('',3,3,((#10799,#10800,#10801,#10802),
(#10803,#10804,#10805,#10806),(#10807,#10808,#10809,#10810),(#10811,#10812,
#10813,#10814)),.UNSPECIFIED.,.F.,.F.,.F.,(4,4),(4,4),(0.,1.),(-17.6250393917108,
-17.1234272992374),.UNSPECIFIED.);
#5470=B_SPLINE_SURFACE_WITH_KNOTS('',3,3,((#10818,#10819,#10820,#10821),
(#10822,#10823,#10824,#10825),(#10826,#10827,#10828,#10829),(#10830,#10831,
#10832,#10833)),.UNSPECIFIED.,.F.,.F.,.F.,(4,4),(4,4),(0.,1.),(-7.76135915615322E-15,
0.4249105308422),.UNSPECIFIED.);
#5471=B_SPLINE_SURFACE_WITH_KNOTS('',3,3,((#10837,#10838,#10839,#10840,
#10841),(#10842,#10843,#10844,#10845,#10846),(#10847,#10848,#10849,#10850,
#10851),(#10852,#10853,#10854,#10855,#10856)),.UNSPECIFIED.,.F.,.F.,.F.,
(4,4),(4,1,4),(0.,1.),(-2.18605993508552E-15,1.14748433193147,2.67746344117342),
 .UNSPECIFIED.);
#5472=B_SPLINE_SURFACE_WITH_KNOTS('',3,3,((#10860,#10861,#10862,#10863),
(#10864,#10865,#10866,#10867),(#10868,#10869,#10870,#10871),(#10872,#10873,
#10874,#10875)),.UNSPECIFIED.,.F.,.F.,.F.,(4,4),(4,4),(0.,1.),(0.,0.494604256880038),
 .UNSPECIFIED.);
#5473=B_SPLINE_SURFACE_WITH_KNOTS('',3,3,((#10879,#10880,#10881,#10882),
(#10883,#10884,#10885,#10886),(#10887,#10888,#10889,#10890),(#10891,#10892,
#10893,#10894)),.UNSPECIFIED.,.F.,.F.,.F.,(4,4),(4,4),(0.,1.),(-17.2629323140554,
-16.9531826245681),.UNSPECIFIED.);
#5474=B_SPLINE_SURFACE_WITH_KNOTS('',3,3,((#10906,#10907,#10908,#10909),
(#10910,#10911,#10912,#10913),(#10914,#10915,#10916,#10917),(#10918,#10919,
#10920,#10921)),.UNSPECIFIED.,.F.,.F.,.F.,(4,4),(4,4),(0.,1.),(0.,0.503973714332567),
 .UNSPECIFIED.);
#5475=B_SPLINE_SURFACE_WITH_KNOTS('',3,3,((#10927,#10928,#10929,#10930),
(#10931,#10932,#10933,#10934),(#10935,#10936,#10937,#10938),(#10939,#10940,
#10941,#10942)),.UNSPECIFIED.,.F.,.F.,.F.,(4,4),(4,4),(0.,1.),(-17.2623595868441,
-16.7598107196571),.UNSPECIFIED.);
#5476=B_SPLINE_SURFACE_WITH_KNOTS('',3,3,((#10948,#10949,#10950,#10951),
(#10952,#10953,#10954,#10955),(#10956,#10957,#10958,#10959),(#10960,#10961,
#10962,#10963)),.UNSPECIFIED.,.F.,.F.,.F.,(4,4),(4,4),(0.,1.),(-8.35189502869736,
-7.94742777693465),.UNSPECIFIED.);
#5477=B_SPLINE_SURFACE_WITH_KNOTS('',3,3,((#10968,#10969,#10970,#10971),
(#10972,#10973,#10974,#10975),(#10976,#10977,#10978,#10979),(#10980,#10981,
#10982,#10983)),.UNSPECIFIED.,.F.,.F.,.F.,(4,4),(4,4),(0.,1.),(0.,0.398123034120468),
 .UNSPECIFIED.);
#5478=B_SPLINE_SURFACE_WITH_KNOTS('',3,3,((#10988,#10989,#10990,#10991,
#10992,#10993),(#10994,#10995,#10996,#10997,#10998,#10999),(#11000,#11001,
#11002,#11003,#11004,#11005),(#11006,#11007,#11008,#11009,#11010,#11011)),
 .UNSPECIFIED.,.F.,.F.,.F.,(4,4),(4,1,1,4),(0.,1.),(-11.7796240508086,-10.9598030053321,
-10.4132556416811,-9.86670827803016),.UNSPECIFIED.);
#5479=B_SPLINE_SURFACE_WITH_KNOTS('',3,3,((#11038,#11039,#11040,#11041),
(#11042,#11043,#11044,#11045),(#11046,#11047,#11048,#11049),(#11050,#11051,
#11052,#11053),(#11054,#11055,#11056,#11057),(#11058,#11059,#11060,#11061)),
 .UNSPECIFIED.,.F.,.F.,.F.,(4,1,1,4),(4,4),(0.,0.285714285714286,0.571428571428571,
1.),(22.7757591009598,29.5745708560561),.UNSPECIFIED.);
#5480=B_SPLINE_SURFACE_WITH_KNOTS('',3,3,((#11108,#11109,#11110,#11111,
#11112,#11113),(#11114,#11115,#11116,#11117,#11118,#11119),(#11120,#11121,
#11122,#11123,#11124,#11125),(#11126,#11127,#11128,#11129,#11130,#11131),
(#11132,#11133,#11134,#11135,#11136,#11137),(#11138,#11139,#11140,#11141,
#11142,#11143),(#11144,#11145,#11146,#11147,#11148,#11149)),
 .UNSPECIFIED.,.F.,.F.,.F.,(4,1,1,1,4),(4,1,1,4),(0.,0.285714285714286,
0.571428571428571,0.714285714285714,1.),(18.007651227398,19.9872351607709,
20.9770271274573,24.9361949942031),.UNSPECIFIED.);
#5481=B_SPLINE_SURFACE_WITH_KNOTS('',3,3,((#11367,#11368,#11369,#11370,
#11371,#11372),(#11373,#11374,#11375,#11376,#11377,#11378),(#11379,#11380,
#11381,#11382,#11383,#11384),(#11385,#11386,#11387,#11388,#11389,#11390),
(#11391,#11392,#11393,#11394,#11395,#11396),(#11397,#11398,#11399,#11400,
#11401,#11402),(#11403,#11404,#11405,#11406,#11407,#11408)),
 .UNSPECIFIED.,.F.,.F.,.F.,(4,1,1,1,4),(4,1,1,4),(0.,0.285714285714286,
0.571428571428571,0.714285714285714,1.),(3.39623765554556,6.36561355560485,
8.34519748897771,10.3247814223506),.UNSPECIFIED.);
#5482=ADVANCED_FACE('',(#601),#5458,.T.);
#5483=ADVANCED_FACE('',(#602,#220,#221),#508,.F.);
#5484=ADVANCED_FACE('',(#603),#5459,.T.);
#5485=ADVANCED_FACE('',(#604,#222),#46,.F.);
#5486=ADVANCED_FACE('',(#605,#223,#224,#225,#226),#509,.T.);
#5487=ADVANCED_FACE('',(#606),#510,.F.);
#5488=ADVANCED_FACE('',(#607),#47,.T.);
#5489=ADVANCED_FACE('',(#608),#48,.T.);
#5490=ADVANCED_FACE('',(#609,#227),#49,.T.);
#5491=ADVANCED_FACE('',(#610),#50,.T.);
#5492=ADVANCED_FACE('',(#611),#51,.T.);
#5493=ADVANCED_FACE('',(#612),#511,.F.);
#5494=ADVANCED_FACE('',(#613),#512,.F.);
#5495=ADVANCED_FACE('',(#614),#513,.F.);
#5496=ADVANCED_FACE('',(#615),#52,.T.);
#5497=ADVANCED_FACE('',(#616),#53,.T.);
#5498=ADVANCED_FACE('',(#617),#54,.T.);
#5499=ADVANCED_FACE('',(#618),#514,.T.);
#5500=ADVANCED_FACE('',(#619),#38,.F.);
#5501=ADVANCED_FACE('',(#620),#39,.T.);
#5502=ADVANCED_FACE('',(#621,#228),#515,.T.);
#5503=ADVANCED_FACE('',(#622),#55,.F.);
#5504=ADVANCED_FACE('',(#623),#516,.F.);
#5505=ADVANCED_FACE('',(#624),#56,.F.);
#5506=ADVANCED_FACE('',(#625),#57,.F.);
#5507=ADVANCED_FACE('',(#626,#229),#58,.T.);
#5508=ADVANCED_FACE('',(#627),#59,.T.);
#5509=ADVANCED_FACE('',(#628),#60,.T.);
#5510=ADVANCED_FACE('',(#629),#517,.F.);
#5511=ADVANCED_FACE('',(#630,#230),#518,.T.);
#5512=ADVANCED_FACE('',(#631),#61,.T.);
#5513=ADVANCED_FACE('',(#632,#231),#62,.T.);
#5514=ADVANCED_FACE('',(#633),#63,.T.);
#5515=ADVANCED_FACE('',(#634,#232),#64,.T.);
#5516=ADVANCED_FACE('',(#635),#65,.T.);
#5517=ADVANCED_FACE('',(#636),#40,.T.);
#5518=ADVANCED_FACE('',(#637),#41,.T.);
#5519=ADVANCED_FACE('',(#638),#66,.T.);
#5520=ADVANCED_FACE('',(#639),#67,.T.);
#5521=ADVANCED_FACE('',(#640),#68,.T.);
#5522=ADVANCED_FACE('',(#641),#69,.T.);
#5523=ADVANCED_FACE('',(#642),#42,.T.);
#5524=ADVANCED_FACE('',(#643),#70,.T.);
#5525=ADVANCED_FACE('',(#644),#71,.T.);
#5526=ADVANCED_FACE('',(#645),#519,.F.);
#5527=ADVANCED_FACE('',(#646),#520,.F.);
#5528=ADVANCED_FACE('',(#647),#5460,.T.);
#5529=ADVANCED_FACE('',(#648,#233,#234,#235),#72,.T.);
#5530=ADVANCED_FACE('',(#649),#73,.T.);
#5531=ADVANCED_FACE('',(#650,#236),#74,.T.);
#5532=ADVANCED_FACE('',(#651),#521,.F.);
#5533=ADVANCED_FACE('',(#652),#522,.F.);
#5534=ADVANCED_FACE('',(#653),#523,.F.);
#5535=ADVANCED_FACE('',(#654),#75,.F.);
#5536=ADVANCED_FACE('',(#655),#524,.F.);
#5537=ADVANCED_FACE('',(#656),#525,.F.);
#5538=ADVANCED_FACE('',(#657),#5461,.T.);
#5539=ADVANCED_FACE('',(#658),#76,.T.);
#5540=ADVANCED_FACE('',(#659,#237,#238,#239,#240,#241),#77,.T.);
#5541=ADVANCED_FACE('',(#660),#5462,.T.);
#5542=ADVANCED_FACE('',(#661),#78,.T.);
#5543=ADVANCED_FACE('',(#662),#526,.F.);
#5544=ADVANCED_FACE('',(#663),#21,.F.);
#5545=ADVANCED_FACE('',(#664),#79,.T.);
#5546=ADVANCED_FACE('',(#665),#22,.F.);
#5547=ADVANCED_FACE('',(#666),#80,.F.);
#5548=ADVANCED_FACE('',(#667),#81,.F.);
#5549=ADVANCED_FACE('',(#668),#82,.F.);
#5550=ADVANCED_FACE('',(#669),#83,.T.);
#5551=ADVANCED_FACE('',(#670),#84,.T.);
#5552=ADVANCED_FACE('',(#671),#85,.T.);
#5553=ADVANCED_FACE('',(#672),#86,.F.);
#5554=ADVANCED_FACE('',(#673),#87,.F.);
#5555=ADVANCED_FACE('',(#674),#88,.T.);
#5556=ADVANCED_FACE('',(#675),#89,.T.);
#5557=ADVANCED_FACE('',(#676),#527,.T.);
#5558=ADVANCED_FACE('',(#677,#242),#90,.T.);
#5559=ADVANCED_FACE('',(#678),#528,.F.);
#5560=ADVANCED_FACE('',(#679,#243),#91,.F.);
#5561=ADVANCED_FACE('',(#680),#92,.F.);
#5562=ADVANCED_FACE('',(#681,#244),#93,.F.);
#5563=ADVANCED_FACE('',(#682),#94,.F.);
#5564=ADVANCED_FACE('',(#683),#95,.F.);
#5565=ADVANCED_FACE('',(#684),#96,.F.);
#5566=ADVANCED_FACE('',(#685),#97,.F.);
#5567=ADVANCED_FACE('',(#686),#98,.T.);
#5568=ADVANCED_FACE('',(#687),#529,.T.);
#5569=ADVANCED_FACE('',(#688),#99,.T.);
#5570=ADVANCED_FACE('',(#689),#530,.F.);
#5571=ADVANCED_FACE('',(#690),#100,.T.);
#5572=ADVANCED_FACE('',(#691,#245),#101,.F.);
#5573=ADVANCED_FACE('',(#692),#102,.T.);
#5574=ADVANCED_FACE('',(#693),#103,.T.);
#5575=ADVANCED_FACE('',(#694),#104,.T.);
#5576=ADVANCED_FACE('',(#695),#531,.F.);
#5577=ADVANCED_FACE('',(#696),#105,.F.);
#5578=ADVANCED_FACE('',(#697),#106,.F.);
#5579=ADVANCED_FACE('',(#698),#107,.F.);
#5580=ADVANCED_FACE('',(#699),#108,.F.);
#5581=ADVANCED_FACE('',(#700),#109,.F.);
#5582=ADVANCED_FACE('',(#701),#532,.T.);
#5583=ADVANCED_FACE('',(#702,#246),#110,.F.);
#5584=ADVANCED_FACE('',(#703),#111,.F.);
#5585=ADVANCED_FACE('',(#704),#112,.F.);
#5586=ADVANCED_FACE('',(#705),#113,.T.);
#5587=ADVANCED_FACE('',(#706),#114,.T.);
#5588=ADVANCED_FACE('',(#707),#533,.F.);
#5589=ADVANCED_FACE('',(#708,#247),#115,.F.);
#5590=ADVANCED_FACE('',(#709),#116,.T.);
#5591=ADVANCED_FACE('',(#710),#534,.F.);
#5592=ADVANCED_FACE('',(#711),#535,.F.);
#5593=ADVANCED_FACE('',(#712),#117,.T.);
#5594=ADVANCED_FACE('',(#713),#536,.F.);
#5595=ADVANCED_FACE('',(#714),#118,.T.);
#5596=ADVANCED_FACE('',(#715),#537,.F.);
#5597=ADVANCED_FACE('',(#716),#119,.T.);
#5598=ADVANCED_FACE('',(#717),#538,.F.);
#5599=ADVANCED_FACE('',(#718),#120,.T.);
#5600=ADVANCED_FACE('',(#719),#121,.T.);
#5601=ADVANCED_FACE('',(#720,#248,#249,#250,#251),#122,.T.);
#5602=ADVANCED_FACE('',(#721),#123,.T.);
#5603=ADVANCED_FACE('',(#722),#124,.T.);
#5604=ADVANCED_FACE('',(#723),#125,.T.);
#5605=ADVANCED_FACE('',(#724),#126,.T.);
#5606=ADVANCED_FACE('',(#725),#127,.F.);
#5607=ADVANCED_FACE('',(#726),#128,.T.);
#5608=ADVANCED_FACE('',(#727),#129,.F.);
#5609=ADVANCED_FACE('',(#728),#43,.F.);
#5610=ADVANCED_FACE('',(#729),#130,.F.);
#5611=ADVANCED_FACE('',(#730),#131,.T.);
#5612=ADVANCED_FACE('',(#731),#132,.T.);
#5613=ADVANCED_FACE('',(#732),#133,.T.);
#5614=ADVANCED_FACE('',(#733),#134,.T.);
#5615=ADVANCED_FACE('',(#734),#135,.T.);
#5616=ADVANCED_FACE('',(#735),#136,.T.);
#5617=ADVANCED_FACE('',(#736),#137,.T.);
#5618=ADVANCED_FACE('',(#737),#44,.F.);
#5619=ADVANCED_FACE('',(#738),#138,.T.);
#5620=ADVANCED_FACE('',(#739),#45,.F.);
#5621=ADVANCED_FACE('',(#740),#139,.T.);
#5622=ADVANCED_FACE('',(#741),#140,.T.);
#5623=ADVANCED_FACE('',(#742),#141,.T.);
#5624=ADVANCED_FACE('',(#743),#142,.T.);
#5625=ADVANCED_FACE('',(#744),#143,.T.);
#5626=ADVANCED_FACE('',(#745),#539,.F.);
#5627=ADVANCED_FACE('',(#746,#252),#144,.F.);
#5628=ADVANCED_FACE('',(#747),#145,.T.);
#5629=ADVANCED_FACE('',(#748),#146,.T.);
#5630=ADVANCED_FACE('',(#749),#540,.T.);
#5631=ADVANCED_FACE('',(#750),#147,.T.);
#5632=ADVANCED_FACE('',(#751),#148,.T.);
#5633=ADVANCED_FACE('',(#752),#149,.T.);
#5634=ADVANCED_FACE('',(#753),#541,.T.);
#5635=ADVANCED_FACE('',(#754),#150,.T.);
#5636=ADVANCED_FACE('',(#755),#542,.T.);
#5637=ADVANCED_FACE('',(#756),#543,.T.);
#5638=ADVANCED_FACE('',(#757),#544,.T.);
#5639=ADVANCED_FACE('',(#758),#545,.T.);
#5640=ADVANCED_FACE('',(#759),#5463,.T.);
#5641=ADVANCED_FACE('',(#760),#546,.F.);
#5642=ADVANCED_FACE('',(#761),#5464,.T.);
#5643=ADVANCED_FACE('',(#762),#5465,.T.);
#5644=ADVANCED_FACE('',(#763),#5466,.T.);
#5645=ADVANCED_FACE('',(#764),#5467,.T.);
#5646=ADVANCED_FACE('',(#765),#547,.F.);
#5647=ADVANCED_FACE('',(#766),#5468,.T.);
#5648=ADVANCED_FACE('',(#767),#5469,.T.);
#5649=ADVANCED_FACE('',(#768),#5470,.T.);
#5650=ADVANCED_FACE('',(#769),#5471,.T.);
#5651=ADVANCED_FACE('',(#770),#5472,.T.);
#5652=ADVANCED_FACE('',(#771),#5473,.T.);
#5653=ADVANCED_FACE('',(#772),#548,.F.);
#5654=ADVANCED_FACE('',(#773),#549,.F.);
#5655=ADVANCED_FACE('',(#774),#5474,.T.);
#5656=ADVANCED_FACE('',(#775),#5475,.T.);
#5657=ADVANCED_FACE('',(#776),#5476,.T.);
#5658=ADVANCED_FACE('',(#777),#5477,.T.);
#5659=ADVANCED_FACE('',(#778),#5478,.T.);
#5660=ADVANCED_FACE('',(#779),#151,.T.);
#5661=ADVANCED_FACE('',(#780),#550,.F.);
#5662=ADVANCED_FACE('',(#781),#551,.T.);
#5663=ADVANCED_FACE('',(#782),#152,.T.);
#5664=ADVANCED_FACE('',(#783),#552,.T.);
#5665=ADVANCED_FACE('',(#784),#153,.F.);
#5666=ADVANCED_FACE('',(#785),#553,.F.);
#5667=ADVANCED_FACE('',(#786),#154,.T.);
#5668=ADVANCED_FACE('',(#787),#155,.T.);
#5669=ADVANCED_FACE('',(#788),#5479,.T.);
#5670=ADVANCED_FACE('',(#789),#5480,.T.);
#5671=ADVANCED_FACE('',(#790),#156,.T.);
#5672=ADVANCED_FACE('',(#791),#554,.F.);
#5673=ADVANCED_FACE('',(#792),#555,.F.);
#5674=ADVANCED_FACE('',(#793),#556,.F.);
#5675=ADVANCED_FACE('',(#794),#157,.T.);
#5676=ADVANCED_FACE('',(#795),#557,.F.);
#5677=ADVANCED_FACE('',(#796),#158,.T.);
#5678=ADVANCED_FACE('',(#797),#558,.F.);
#5679=ADVANCED_FACE('',(#798),#159,.T.);
#5680=ADVANCED_FACE('',(#799),#559,.F.);
#5681=ADVANCED_FACE('',(#800),#160,.T.);
#5682=ADVANCED_FACE('',(#801),#560,.F.);
#5683=ADVANCED_FACE('',(#802),#561,.F.);
#5684=ADVANCED_FACE('',(#803),#161,.T.);
#5685=ADVANCED_FACE('',(#804),#5481,.T.);
#5686=ADVANCED_FACE('',(#805),#162,.T.);
#5687=ADVANCED_FACE('',(#806,#253),#163,.T.);
#5688=ADVANCED_FACE('',(#807),#164,.T.);
#5689=ADVANCED_FACE('',(#808),#562,.T.);
#5690=ADVANCED_FACE('',(#809),#563,.F.);
#5691=ADVANCED_FACE('',(#810),#564,.F.);
#5692=ADVANCED_FACE('',(#811),#565,.F.);
#5693=ADVANCED_FACE('',(#812),#165,.T.);
#5694=ADVANCED_FACE('',(#813),#566,.T.);
#5695=ADVANCED_FACE('',(#814),#166,.T.);
#5696=ADVANCED_FACE('',(#815,#254),#167,.T.);
#5697=ADVANCED_FACE('',(#816),#567,.F.);
#5698=ADVANCED_FACE('',(#817),#568,.F.);
#5699=ADVANCED_FACE('',(#818),#168,.F.);
#5700=ADVANCED_FACE('',(#819),#569,.F.);
#5701=ADVANCED_FACE('',(#820),#169,.F.);
#5702=ADVANCED_FACE('',(#821),#570,.F.);
#5703=ADVANCED_FACE('',(#822),#170,.F.);
#5704=ADVANCED_FACE('',(#823),#571,.F.);
#5705=ADVANCED_FACE('',(#824),#171,.F.);
#5706=ADVANCED_FACE('',(#825),#172,.T.);
#5707=ADVANCED_FACE('',(#826),#173,.T.);
#5708=ADVANCED_FACE('',(#827),#174,.T.);
#5709=ADVANCED_FACE('',(#828),#175,.T.);
#5710=ADVANCED_FACE('',(#829),#572,.F.);
#5711=ADVANCED_FACE('',(#830),#176,.F.);
#5712=ADVANCED_FACE('',(#831),#177,.F.);
#5713=ADVANCED_FACE('',(#832),#178,.F.);
#5714=ADVANCED_FACE('',(#833),#179,.T.);
#5715=ADVANCED_FACE('',(#834),#180,.F.);
#5716=ADVANCED_FACE('',(#835),#573,.F.);
#5717=ADVANCED_FACE('',(#836),#574,.T.);
#5718=ADVANCED_FACE('',(#837),#181,.T.);
#5719=ADVANCED_FACE('',(#838),#182,.T.);
#5720=ADVANCED_FACE('',(#839),#183,.T.);
#5721=ADVANCED_FACE('',(#840),#575,.F.);
#5722=ADVANCED_FACE('',(#841),#23,.F.);
#5723=ADVANCED_FACE('',(#842),#576,.F.);
#5724=ADVANCED_FACE('',(#843),#184,.T.);
#5725=ADVANCED_FACE('',(#844),#577,.F.);
#5726=ADVANCED_FACE('',(#845),#24,.F.);
#5727=ADVANCED_FACE('',(#846),#578,.F.);
#5728=ADVANCED_FACE('',(#847),#579,.F.);
#5729=ADVANCED_FACE('',(#848),#580,.F.);
#5730=ADVANCED_FACE('',(#849),#581,.F.);
#5731=ADVANCED_FACE('',(#850),#582,.F.);
#5732=ADVANCED_FACE('',(#851),#583,.F.);
#5733=ADVANCED_FACE('',(#852),#185,.F.);
#5734=ADVANCED_FACE('',(#853),#584,.F.);
#5735=ADVANCED_FACE('',(#854),#186,.T.);
#5736=ADVANCED_FACE('',(#855),#187,.F.);
#5737=ADVANCED_FACE('',(#856),#188,.F.);
#5738=ADVANCED_FACE('',(#857),#585,.F.);
#5739=ADVANCED_FACE('',(#858),#189,.T.);
#5740=ADVANCED_FACE('',(#859,#255,#256,#257,#258),#190,.F.);
#5741=ADVANCED_FACE('',(#860),#191,.T.);
#5742=ADVANCED_FACE('',(#861),#192,.T.);
#5743=ADVANCED_FACE('',(#862),#586,.F.);
#5744=ADVANCED_FACE('',(#863),#193,.T.);
#5745=ADVANCED_FACE('',(#864),#587,.F.);
#5746=ADVANCED_FACE('',(#865),#588,.F.);
#5747=ADVANCED_FACE('',(#866),#194,.F.);
#5748=ADVANCED_FACE('',(#867),#589,.T.);
#5749=ADVANCED_FACE('',(#868),#590,.F.);
#5750=ADVANCED_FACE('',(#869),#591,.T.);
#5751=ADVANCED_FACE('',(#870),#592,.F.);
#5752=ADVANCED_FACE('',(#871),#593,.T.);
#5753=ADVANCED_FACE('',(#872),#195,.T.);
#5754=ADVANCED_FACE('',(#873),#196,.F.);
#5755=ADVANCED_FACE('',(#874),#197,.T.);
#5756=ADVANCED_FACE('',(#875),#198,.T.);
#5757=ADVANCED_FACE('',(#876),#199,.T.);
#5758=ADVANCED_FACE('',(#877),#200,.F.);
#5759=ADVANCED_FACE('',(#878),#594,.F.);
#5760=ADVANCED_FACE('',(#879,#259),#201,.T.);
#5761=ADVANCED_FACE('',(#880),#202,.T.);
#5762=ADVANCED_FACE('',(#881),#203,.F.);
#5763=ADVANCED_FACE('',(#882),#595,.F.);
#5764=ADVANCED_FACE('',(#883),#204,.T.);
#5765=ADVANCED_FACE('',(#884),#596,.F.);
#5766=ADVANCED_FACE('',(#885),#205,.T.);
#5767=ADVANCED_FACE('',(#886),#206,.T.);
#5768=ADVANCED_FACE('',(#887),#207,.T.);
#5769=ADVANCED_FACE('',(#888),#208,.F.);
#5770=ADVANCED_FACE('',(#889,#260),#209,.T.);
#5771=ADVANCED_FACE('',(#890),#210,.T.);
#5772=ADVANCED_FACE('',(#891),#211,.T.);
#5773=ADVANCED_FACE('',(#892),#597,.F.);
#5774=ADVANCED_FACE('',(#893),#212,.T.);
#5775=ADVANCED_FACE('',(#894),#213,.T.);
#5776=ADVANCED_FACE('',(#895),#214,.T.);
#5777=ADVANCED_FACE('',(#896),#215,.T.);
#5778=ADVANCED_FACE('',(#897),#216,.F.);
#5779=ADVANCED_FACE('',(#898),#598,.F.);
#5780=ADVANCED_FACE('',(#899),#217,.T.);
#5781=ADVANCED_FACE('',(#900),#599,.F.);
#5782=ADVANCED_FACE('',(#901),#218,.F.);
#5783=ADVANCED_FACE('',(#902),#600,.F.);
#5784=ADVANCED_FACE('',(#903),#219,.T.);
#5785=CLOSED_SHELL('',(#5482,#5483,#5484,#5485,#5486,#5487,#5488,#5489,
#5490,#5491,#5492,#5493,#5494,#5495,#5496,#5497,#5498,#5499,#5500,#5501));
#5786=CLOSED_SHELL('',(#5502,#5503,#5504,#5505,#5506,#5507));
#5787=CLOSED_SHELL('',(#5508,#5509,#5510,#5511,#5512,#5513));
#5788=CLOSED_SHELL('',(#5514,#5515,#5516,#5517,#5518,#5519,#5520,#5521,
#5522,#5523,#5524,#5525,#5526,#5527,#5528,#5529,#5530,#5531,#5532,#5533,
#5534,#5535,#5536,#5537,#5538,#5539,#5540,#5541,#5542,#5543,#5544,#5545,
#5546,#5547,#5548,#5549,#5550,#5551,#5552,#5553,#5554,#5555,#5556,#5557,
#5558,#5559,#5560,#5561,#5562,#5563,#5564,#5565,#5566,#5567,#5568,#5569,
#5570,#5571,#5572,#5573,#5574,#5575,#5576,#5577,#5578,#5579,#5580,#5581,
#5582,#5583,#5584,#5585,#5586,#5587,#5588,#5589,#5590,#5591,#5592,#5593,
#5594,#5595,#5596,#5597,#5598,#5599,#5600,#5601,#5602,#5603,#5604,#5605,
#5606,#5607,#5608,#5609,#5610,#5611,#5612,#5613,#5614,#5615,#5616,#5617,
#5618,#5619,#5620,#5621,#5622,#5623,#5624,#5625,#5626,#5627,#5628,#5629,
#5630,#5631,#5632,#5633,#5634,#5635,#5636,#5637,#5638,#5639,#5640,#5641,
#5642,#5643,#5644,#5645,#5646,#5647,#5648,#5649,#5650,#5651,#5652,#5653,
#5654,#5655,#5656,#5657,#5658,#5659,#5660,#5661,#5662,#5663,#5664,#5665,
#5666,#5667,#5668,#5669,#5670,#5671,#5672,#5673,#5674,#5675,#5676,#5677,
#5678,#5679,#5680,#5681,#5682,#5683,#5684,#5685,#5686,#5687,#5688,#5689,
#5690,#5691,#5692,#5693,#5694,#5695,#5696,#5697,#5698,#5699,#5700,#5701,
#5702,#5703,#5704,#5705,#5706,#5707,#5708,#5709,#5710,#5711,#5712,#5713,
#5714,#5715,#5716,#5717,#5718,#5719,#5720,#5721,#5722,#5723,#5724,#5725,
#5726,#5727,#5728,#5729,#5730,#5731,#5732,#5733,#5734,#5735,#5736,#5737,
#5738,#5739,#5740,#5741,#5742,#5743,#5744,#5745,#5746,#5747,#5748,#5749,
#5750,#5751,#5752,#5753,#5754,#5755,#5756,#5757,#5758,#5759,#5760,#5761,
#5762,#5763,#5764,#5765,#5766,#5767,#5768,#5769,#5770,#5771,#5772,#5773,
#5774,#5775,#5776,#5777));
#5789=CLOSED_SHELL('',(#5778,#5779,#5780,#5781));
#5790=CLOSED_SHELL('',(#5782,#5783,#5784));
#5791=DERIVED_UNIT_ELEMENT(#5795,1.);
#5792=DERIVED_UNIT_ELEMENT(#11800,-3.);
#5793=DERIVED_UNIT_ELEMENT(#5795,1.);
#5794=DERIVED_UNIT_ELEMENT(#11800,-3.);
#5795=(
MASS_UNIT()
NAMED_UNIT(*)
SI_UNIT(.KILO.,.GRAM.)
);
#5796=DERIVED_UNIT((#5791,#5792));
#5797=DERIVED_UNIT((#5793,#5794));
#5798=MEASURE_REPRESENTATION_ITEM('density measure',
POSITIVE_RATIO_MEASURE(7850.),#5796);
#5799=MEASURE_REPRESENTATION_ITEM('density measure',
POSITIVE_RATIO_MEASURE(7850.),#5797);
#5800=PROPERTY_DEFINITION_REPRESENTATION(#5810,#5804);
#5801=PROPERTY_DEFINITION_REPRESENTATION(#5811,#5805);
#5802=PROPERTY_DEFINITION_REPRESENTATION(#5812,#5806);
#5803=PROPERTY_DEFINITION_REPRESENTATION(#5813,#5807);
#5804=REPRESENTATION('material name',(#5808),#11796);
#5805=REPRESENTATION('density',(#5798),#11796);
#5806=REPRESENTATION('material name',(#5809),#11797);
#5807=REPRESENTATION('density',(#5799),#11797);
#5808=DESCRIPTIVE_REPRESENTATION_ITEM('Stahl','Stahl');
#5809=DESCRIPTIVE_REPRESENTATION_ITEM('Stahl','Stahl');
#5810=PROPERTY_DEFINITION('material property','material name',#11816);
#5811=PROPERTY_DEFINITION('material property','density of part',#11816);
#5812=PROPERTY_DEFINITION('material property','material name',#11817);
#5813=PROPERTY_DEFINITION('material property','density of part',#11817);
#5814=AXIS2_PLACEMENT_3D('',#7881,#6337,#6338);
#5815=AXIS2_PLACEMENT_3D('',#7882,#6339,#6340);
#5816=AXIS2_PLACEMENT_3D('',#8057,#6342,#6343);
#5817=AXIS2_PLACEMENT_3D('',#8060,#6344,#6345);
#5818=AXIS2_PLACEMENT_3D('',#8076,#6348,#6349);
#5819=AXIS2_PLACEMENT_3D('',#8080,#6351,#6352);
#5820=AXIS2_PLACEMENT_3D('',#8084,#6354,#6355);
#5821=AXIS2_PLACEMENT_3D('',#8089,#6358,#6359);
#5822=AXIS2_PLACEMENT_3D('',#8090,#6360,#6361);
#5823=AXIS2_PLACEMENT_3D('',#8334,#6363,#6364);
#5824=AXIS2_PLACEMENT_3D('',#8366,#6370,#6371);
#5825=AXIS2_PLACEMENT_3D('',#8367,#6372,#6373);
#5826=AXIS2_PLACEMENT_3D('',#8370,#6374,#6375);
#5827=AXIS2_PLACEMENT_3D('',#8371,#6376,#6377);
#5828=AXIS2_PLACEMENT_3D('',#8373,#6378,#6379);
#5829=AXIS2_PLACEMENT_3D('',#8376,#6381,#6382);
#5830=AXIS2_PLACEMENT_3D('',#8549,#6383,#6384);
#5831=AXIS2_PLACEMENT_3D('',#8552,#6386,#6387);
#5832=AXIS2_PLACEMENT_3D('',#8553,#6388,#6389);
#5833=AXIS2_PLACEMENT_3D('',#8557,#6392,#6393);
#5834=AXIS2_PLACEMENT_3D('',#8559,#6395,#6396);
#5835=AXIS2_PLACEMENT_3D('',#8584,#6399,#6400);
#5836=AXIS2_PLACEMENT_3D('',#8586,#6402,#6403);
#5837=AXIS2_PLACEMENT_3D('',#8587,#6404,#6405);
#5838=AXIS2_PLACEMENT_3D('',#8589,#6407,#6408);
#5839=AXIS2_PLACEMENT_3D('',#8591,#6410,#6411);
#5840=AXIS2_PLACEMENT_3D('',#8593,#6413,#6414);
#5841=AXIS2_PLACEMENT_3D('',#8596,#6417,#6418);
#5842=AXIS2_PLACEMENT_3D('',#8597,#6419,#6420);
#5843=AXIS2_PLACEMENT_3D('',#8598,#6421,#6422);
#5844=AXIS2_PLACEMENT_3D('',#8669,#6423,#6424);
#5845=AXIS2_PLACEMENT_3D('',#8674,#6426,#6427);
#5846=AXIS2_PLACEMENT_3D('',#8677,#6429,#6430);
#5847=AXIS2_PLACEMENT_3D('',#8721,#6431,#6432);
#5848=AXIS2_PLACEMENT_3D('',#8725,#6435,#6436);
#5849=AXIS2_PLACEMENT_3D('',#8727,#6437,#6438);
#5850=AXIS2_PLACEMENT_3D('',#8729,#6440,#6441);
#5851=AXIS2_PLACEMENT_3D('',#8733,#6444,#6445);
#5852=AXIS2_PLACEMENT_3D('',#8735,#6447,#6448);
#5853=AXIS2_PLACEMENT_3D('',#8736,#6449,#6450);
#5854=AXIS2_PLACEMENT_3D('',#8742,#6453,#6454);
#5855=AXIS2_PLACEMENT_3D('',#8743,#6455,#6456);
#5856=AXIS2_PLACEMENT_3D('',#8749,#6460,#6461);
#5857=AXIS2_PLACEMENT_3D('',#8751,#6462,#6463);
#5858=AXIS2_PLACEMENT_3D('',#8803,#6465,#6466);
#5859=AXIS2_PLACEMENT_3D('',#8806,#6468,#6469);
#5860=AXIS2_PLACEMENT_3D('',#8807,#6470,#6471);
#5861=AXIS2_PLACEMENT_3D('',#8809,#6473,#6474);
#5862=AXIS2_PLACEMENT_3D('',#8810,#6475,#6476);
#5863=AXIS2_PLACEMENT_3D('',#8811,#6477,#6478);
#5864=AXIS2_PLACEMENT_3D('',#8823,#6480,#6481);
#5865=AXIS2_PLACEMENT_3D('',#8825,#6483,#6484);
#5866=AXIS2_PLACEMENT_3D('',#8847,#6490,#6491);
#5867=AXIS2_PLACEMENT_3D('',#8848,#6492,#6493);
#5868=AXIS2_PLACEMENT_3D('',#8857,#6498,#6499);
#5869=AXIS2_PLACEMENT_3D('',#8873,#6500,#6501);
#5870=AXIS2_PLACEMENT_3D('',#8901,#6502,#6503);
#5871=AXIS2_PLACEMENT_3D('',#8907,#6504,#6505);
#5872=AXIS2_PLACEMENT_3D('',#8958,#6506,#6507);
#5873=AXIS2_PLACEMENT_3D('',#8964,#6508,#6509);
#5874=AXIS2_PLACEMENT_3D('',#8971,#6510,#6511);
#5875=AXIS2_PLACEMENT_3D('',#8977,#6512,#6513);
#5876=AXIS2_PLACEMENT_3D('',#8979,#6514,#6515);
#5877=AXIS2_PLACEMENT_3D('',#8988,#6516,#6517);
#5878=AXIS2_PLACEMENT_3D('',#8997,#6518,#6519);
#5879=AXIS2_PLACEMENT_3D('',#9006,#6520,#6521);
#5880=AXIS2_PLACEMENT_3D('',#9013,#6522,#6523);
#5881=AXIS2_PLACEMENT_3D('',#9019,#6524,#6525);
#5882=AXIS2_PLACEMENT_3D('',#9020,#6526,#6527);
#5883=AXIS2_PLACEMENT_3D('',#9037,#6528,#6529);
#5884=AXIS2_PLACEMENT_3D('',#9052,#6534,#6535);
#5885=AXIS2_PLACEMENT_3D('',#9055,#6536,#6537);
#5886=AXIS2_PLACEMENT_3D('',#9058,#6540,#6541);
#5887=AXIS2_PLACEMENT_3D('',#9113,#6547,#6548);
#5888=AXIS2_PLACEMENT_3D('',#9120,#6549,#6550);
#5889=AXIS2_PLACEMENT_3D('',#9138,#6551,#6552);
#5890=AXIS2_PLACEMENT_3D('',#9144,#6553,#6554);
#5891=AXIS2_PLACEMENT_3D('',#9145,#6555,#6556);
#5892=AXIS2_PLACEMENT_3D('',#9151,#6560,#6561);
#5893=AXIS2_PLACEMENT_3D('',#9161,#6567,#6568);
#5894=AXIS2_PLACEMENT_3D('',#9164,#6569,#6570);
#5895=AXIS2_PLACEMENT_3D('',#9168,#6572,#6573);
#5896=AXIS2_PLACEMENT_3D('',#9170,#6575,#6576);
#5897=AXIS2_PLACEMENT_3D('',#9296,#6578,#6579);
#5898=AXIS2_PLACEMENT_3D('',#9331,#6597,#6598);
#5899=AXIS2_PLACEMENT_3D('',#9333,#6599,#6600);
#5900=AXIS2_PLACEMENT_3D('',#9337,#6602,#6603);
#5901=AXIS2_PLACEMENT_3D('',#9341,#6605,#6606);
#5902=AXIS2_PLACEMENT_3D('',#9345,#6608,#6609);
#5903=AXIS2_PLACEMENT_3D('',#9347,#6610,#6611);
#5904=AXIS2_PLACEMENT_3D('',#9393,#6632,#6633);
#5905=AXIS2_PLACEMENT_3D('',#9401,#6637,#6638);
#5906=AXIS2_PLACEMENT_3D('',#9405,#6640,#6641);
#5907=AXIS2_PLACEMENT_3D('',#9409,#6643,#6644);
#5908=AXIS2_PLACEMENT_3D('',#9412,#6646,#6647);
#5909=AXIS2_PLACEMENT_3D('',#9421,#6651,#6652);
#5910=AXIS2_PLACEMENT_3D('',#9423,#6654,#6655);
#5911=AXIS2_PLACEMENT_3D('',#9425,#6657,#6658);
#5912=AXIS2_PLACEMENT_3D('',#9428,#6660,#6661);
#5913=AXIS2_PLACEMENT_3D('',#9429,#6662,#6663);
#5914=AXIS2_PLACEMENT_3D('',#9430,#6664,#6665);
#5915=AXIS2_PLACEMENT_3D('',#9431,#6666,#6667);
#5916=AXIS2_PLACEMENT_3D('',#9432,#6668,#6669);
#5917=AXIS2_PLACEMENT_3D('',#9443,#6670,#6671);
#5918=AXIS2_PLACEMENT_3D('',#9456,#6672,#6673);
#5919=AXIS2_PLACEMENT_3D('',#9459,#6675,#6676);
#5920=AXIS2_PLACEMENT_3D('',#9460,#6677,#6678);
#5921=AXIS2_PLACEMENT_3D('',#9466,#6682,#6683);
#5922=AXIS2_PLACEMENT_3D('',#9479,#6684,#6685);
#5923=AXIS2_PLACEMENT_3D('',#9482,#6687,#6688);
#5924=AXIS2_PLACEMENT_3D('',#9483,#6689,#6690);
#5925=AXIS2_PLACEMENT_3D('',#9487,#6692,#6693);
#5926=AXIS2_PLACEMENT_3D('',#9494,#6697,#6698);
#5927=AXIS2_PLACEMENT_3D('',#9495,#6699,#6700);
#5928=AXIS2_PLACEMENT_3D('',#9496,#6701,#6702);
#5929=AXIS2_PLACEMENT_3D('',#9549,#6705,#6706);
#5930=AXIS2_PLACEMENT_3D('',#9551,#6707,#6708);
#5931=AXIS2_PLACEMENT_3D('',#9553,#6710,#6711);
#5932=AXIS2_PLACEMENT_3D('',#9594,#6719,#6720);
#5933=AXIS2_PLACEMENT_3D('',#9596,#6721,#6722);
#5934=AXIS2_PLACEMENT_3D('',#9600,#6724,#6725);
#5935=AXIS2_PLACEMENT_3D('',#9610,#6730,#6731);
#5936=AXIS2_PLACEMENT_3D('',#9612,#6732,#6733);
#5937=AXIS2_PLACEMENT_3D('',#9616,#6735,#6736);
#5938=AXIS2_PLACEMENT_3D('',#9620,#6738,#6739);
#5939=AXIS2_PLACEMENT_3D('',#9624,#6741,#6742);
#5940=AXIS2_PLACEMENT_3D('',#9626,#6743,#6744);
#5941=AXIS2_PLACEMENT_3D('',#9636,#6749,#6750);
#5942=AXIS2_PLACEMENT_3D('',#9639,#6752,#6753);
#5943=AXIS2_PLACEMENT_3D('',#9641,#6754,#6755);
#5944=AXIS2_PLACEMENT_3D('',#9687,#6765,#6766);
#5945=AXIS2_PLACEMENT_3D('',#9689,#6767,#6768);
#5946=AXIS2_PLACEMENT_3D('',#9693,#6770,#6771);
#5947=AXIS2_PLACEMENT_3D('',#9695,#6772,#6773);
#5948=AXIS2_PLACEMENT_3D('',#9709,#6780,#6781);
#5949=AXIS2_PLACEMENT_3D('',#9713,#6783,#6784);
#5950=AXIS2_PLACEMENT_3D('',#9717,#6786,#6787);
#5951=AXIS2_PLACEMENT_3D('',#9720,#6789,#6790);
#5952=AXIS2_PLACEMENT_3D('',#9722,#6791,#6792);
#5953=AXIS2_PLACEMENT_3D('',#9782,#6794,#6795);
#5954=AXIS2_PLACEMENT_3D('',#9783,#6796,#6797);
#5955=AXIS2_PLACEMENT_3D('',#9784,#6798,#6799);
#5956=AXIS2_PLACEMENT_3D('',#9786,#6800,#6801);
#5957=AXIS2_PLACEMENT_3D('',#9789,#6803,#6804);
#5958=AXIS2_PLACEMENT_3D('',#9790,#6805,#6806);
#5959=AXIS2_PLACEMENT_3D('',#9792,#6807,#6808);
#5960=AXIS2_PLACEMENT_3D('',#9795,#6810,#6811);
#5961=AXIS2_PLACEMENT_3D('',#9796,#6812,#6813);
#5962=AXIS2_PLACEMENT_3D('',#9797,#6814,#6815);
#5963=AXIS2_PLACEMENT_3D('',#9799,#6816,#6817);
#5964=AXIS2_PLACEMENT_3D('',#9818,#6818,#6819);
#5965=AXIS2_PLACEMENT_3D('',#9820,#6821,#6822);
#5966=AXIS2_PLACEMENT_3D('',#9840,#6823,#6824);
#5967=AXIS2_PLACEMENT_3D('',#9841,#6825,#6826);
#5968=AXIS2_PLACEMENT_3D('',#9843,#6828,#6829);
#5969=AXIS2_PLACEMENT_3D('',#9861,#6834,#6835);
#5970=AXIS2_PLACEMENT_3D('',#9868,#6837,#6838);
#5971=AXIS2_PLACEMENT_3D('',#9874,#6842,#6843);
#5972=AXIS2_PLACEMENT_3D('',#9875,#6844,#6845);
#5973=AXIS2_PLACEMENT_3D('',#9881,#6849,#6850);
#5974=AXIS2_PLACEMENT_3D('',#9892,#6856,#6857);
#5975=AXIS2_PLACEMENT_3D('',#9893,#6858,#6859);
#5976=AXIS2_PLACEMENT_3D('',#9897,#6862,#6863);
#5977=AXIS2_PLACEMENT_3D('',#9913,#6867,#6868);
#5978=AXIS2_PLACEMENT_3D('',#9917,#6870,#6871);
#5979=AXIS2_PLACEMENT_3D('',#9929,#6878,#6879);
#5980=AXIS2_PLACEMENT_3D('',#9930,#6880,#6881);
#5981=AXIS2_PLACEMENT_3D('',#9934,#6884,#6885);
#5982=AXIS2_PLACEMENT_3D('',#9939,#6887,#6888);
#5983=AXIS2_PLACEMENT_3D('',#9941,#6889,#6890);
#5984=AXIS2_PLACEMENT_3D('',#9944,#6892,#6893);
#5985=AXIS2_PLACEMENT_3D('',#9945,#6894,#6895);
#5986=AXIS2_PLACEMENT_3D('',#9947,#6896,#6897);
#5987=AXIS2_PLACEMENT_3D('',#9949,#6898,#6899);
#5988=AXIS2_PLACEMENT_3D('',#9950,#6900,#6901);
#5989=AXIS2_PLACEMENT_3D('',#9953,#6903,#6904);
#5990=AXIS2_PLACEMENT_3D('',#9954,#6905,#6906);
#5991=AXIS2_PLACEMENT_3D('',#9961,#6910,#6911);
#5992=AXIS2_PLACEMENT_3D('',#9962,#6912,#6913);
#5993=AXIS2_PLACEMENT_3D('',#9966,#6916,#6917);
#5994=AXIS2_PLACEMENT_3D('',#9967,#6918,#6919);
#5995=AXIS2_PLACEMENT_3D('',#9969,#6921,#6922);
#5996=AXIS2_PLACEMENT_3D('',#9971,#6924,#6925);
#5997=AXIS2_PLACEMENT_3D('',#9972,#6926,#6927);
#5998=AXIS2_PLACEMENT_3D('',#9973,#6928,#6929);
#5999=AXIS2_PLACEMENT_3D('',#9974,#6930,#6931);
#6000=AXIS2_PLACEMENT_3D('',#9983,#6936,#6937);
#6001=AXIS2_PLACEMENT_3D('',#9985,#6938,#6939);
#6002=AXIS2_PLACEMENT_3D('',#9987,#6940,#6941);
#6003=AXIS2_PLACEMENT_3D('',#9989,#6943,#6944);
#6004=AXIS2_PLACEMENT_3D('',#9995,#6948,#6949);
#6005=AXIS2_PLACEMENT_3D('',#10009,#6950,#6951);
#6006=AXIS2_PLACEMENT_3D('',#10012,#6953,#6954);
#6007=AXIS2_PLACEMENT_3D('',#10013,#6955,#6956);
#6008=AXIS2_PLACEMENT_3D('',#10014,#6957,#6958);
#6009=AXIS2_PLACEMENT_3D('',#10025,#6965,#6966);
#6010=AXIS2_PLACEMENT_3D('',#10029,#6969,#6970);
#6011=AXIS2_PLACEMENT_3D('',#10035,#6974,#6975);
#6012=AXIS2_PLACEMENT_3D('',#10039,#6978,#6979);
#6013=AXIS2_PLACEMENT_3D('',#10041,#6981,#6982);
#6014=AXIS2_PLACEMENT_3D('',#10043,#6983,#6984);
#6015=AXIS2_PLACEMENT_3D('',#10046,#6986,#6987);
#6016=AXIS2_PLACEMENT_3D('',#10047,#6988,#6989);
#6017=AXIS2_PLACEMENT_3D('',#10056,#6994,#6995);
#6018=AXIS2_PLACEMENT_3D('',#10062,#6999,#7000);
#6019=AXIS2_PLACEMENT_3D('',#10068,#7004,#7005);
#6020=AXIS2_PLACEMENT_3D('',#10074,#7009,#7010);
#6021=AXIS2_PLACEMENT_3D('',#10080,#7014,#7015);
#6022=AXIS2_PLACEMENT_3D('',#10084,#7017,#7018);
#6023=AXIS2_PLACEMENT_3D('',#10085,#7019,#7020);
#6024=AXIS2_PLACEMENT_3D('',#10086,#7021,#7022);
#6025=AXIS2_PLACEMENT_3D('',#10089,#7025,#7026);
#6026=AXIS2_PLACEMENT_3D('',#10097,#7031,#7032);
#6027=AXIS2_PLACEMENT_3D('',#10099,#7033,#7034);
#6028=AXIS2_PLACEMENT_3D('',#10101,#7036,#7037);
#6029=AXIS2_PLACEMENT_3D('',#10106,#7040,#7041);
#6030=AXIS2_PLACEMENT_3D('',#10107,#7042,#7043);
#6031=AXIS2_PLACEMENT_3D('',#10110,#7045,#7046);
#6032=AXIS2_PLACEMENT_3D('',#10111,#7047,#7048);
#6033=AXIS2_PLACEMENT_3D('',#10116,#7050,#7051);
#6034=AXIS2_PLACEMENT_3D('',#10118,#7052,#7053);
#6035=AXIS2_PLACEMENT_3D('',#10120,#7054,#7055);
#6036=AXIS2_PLACEMENT_3D('',#10123,#7057,#7058);
#6037=AXIS2_PLACEMENT_3D('',#10124,#7059,#7060);
#6038=AXIS2_PLACEMENT_3D('',#10127,#7061,#7062);
#6039=AXIS2_PLACEMENT_3D('',#10130,#7065,#7066);
#6040=AXIS2_PLACEMENT_3D('',#10131,#7067,#7068);
#6041=AXIS2_PLACEMENT_3D('',#10132,#7069,#7070);
#6042=AXIS2_PLACEMENT_3D('',#10133,#7071,#7072);
#6043=AXIS2_PLACEMENT_3D('',#10135,#7073,#7074);
#6044=AXIS2_PLACEMENT_3D('',#10139,#7077,#7078);
#6045=AXIS2_PLACEMENT_3D('',#10140,#7079,#7080);
#6046=AXIS2_PLACEMENT_3D('',#10143,#7081,#7082);
#6047=AXIS2_PLACEMENT_3D('',#10147,#7084,#7085);
#6048=AXIS2_PLACEMENT_3D('',#10149,#7087,#7088);
#6049=AXIS2_PLACEMENT_3D('',#10155,#7092,#7093);
#6050=AXIS2_PLACEMENT_3D('',#10157,#7094,#7095);
#6051=AXIS2_PLACEMENT_3D('',#10160,#7097,#7098);
#6052=AXIS2_PLACEMENT_3D('',#10161,#7099,#7100);
#6053=AXIS2_PLACEMENT_3D('',#10167,#7104,#7105);
#6054=AXIS2_PLACEMENT_3D('',#10169,#7106,#7107);
#6055=AXIS2_PLACEMENT_3D('',#10172,#7109,#7110);
#6056=AXIS2_PLACEMENT_3D('',#10173,#7111,#7112);
#6057=AXIS2_PLACEMENT_3D('',#10179,#7116,#7117);
#6058=AXIS2_PLACEMENT_3D('',#10181,#7118,#7119);
#6059=AXIS2_PLACEMENT_3D('',#10184,#7121,#7122);
#6060=AXIS2_PLACEMENT_3D('',#10185,#7123,#7124);
#6061=AXIS2_PLACEMENT_3D('',#10193,#7128,#7129);
#6062=AXIS2_PLACEMENT_3D('',#10198,#7133,#7134);
#6063=AXIS2_PLACEMENT_3D('',#10207,#7139,#7140);
#6064=AXIS2_PLACEMENT_3D('',#10211,#7143,#7144);
#6065=AXIS2_PLACEMENT_3D('',#10227,#7152,#7153);
#6066=AXIS2_PLACEMENT_3D('',#10231,#7155,#7156);
#6067=AXIS2_PLACEMENT_3D('',#10234,#7158,#7159);
#6068=AXIS2_PLACEMENT_3D('',#10236,#7160,#7161);
#6069=AXIS2_PLACEMENT_3D('',#10238,#7162,#7163);
#6070=AXIS2_PLACEMENT_3D('',#10240,#7164,#7165);
#6071=AXIS2_PLACEMENT_3D('',#10241,#7166,#7167);
#6072=AXIS2_PLACEMENT_3D('',#10247,#7171,#7172);
#6073=AXIS2_PLACEMENT_3D('',#10252,#7176,#7177);
#6074=AXIS2_PLACEMENT_3D('',#10253,#7178,#7179);
#6075=AXIS2_PLACEMENT_3D('',#10259,#7183,#7184);
#6076=AXIS2_PLACEMENT_3D('',#10263,#7187,#7188);
#6077=AXIS2_PLACEMENT_3D('',#10265,#7189,#7190);
#6078=AXIS2_PLACEMENT_3D('',#10270,#7194,#7195);
#6079=AXIS2_PLACEMENT_3D('',#10328,#7200,#7201);
#6080=AXIS2_PLACEMENT_3D('',#10370,#7202,#7203);
#6081=AXIS2_PLACEMENT_3D('',#10378,#7210,#7211);
#6082=AXIS2_PLACEMENT_3D('',#10405,#7212,#7213);
#6083=AXIS2_PLACEMENT_3D('',#10406,#7214,#7215);
#6084=AXIS2_PLACEMENT_3D('',#10451,#7216,#7217);
#6085=AXIS2_PLACEMENT_3D('',#10453,#7219,#7220);
#6086=AXIS2_PLACEMENT_3D('',#10458,#7224,#7225);
#6087=AXIS2_PLACEMENT_3D('',#10462,#7228,#7229);
#6088=AXIS2_PLACEMENT_3D('',#10464,#7231,#7232);
#6089=AXIS2_PLACEMENT_3D('',#10466,#7233,#7234);
#6090=AXIS2_PLACEMENT_3D('',#10477,#7236,#7237);
#6091=AXIS2_PLACEMENT_3D('',#10488,#7239,#7240);
#6092=AXIS2_PLACEMENT_3D('',#10491,#7243,#7244);
#6093=AXIS2_PLACEMENT_3D('',#10495,#7247,#7248);
#6094=AXIS2_PLACEMENT_3D('',#10497,#7249,#7250);
#6095=AXIS2_PLACEMENT_3D('',#10501,#7253,#7254);
#6096=AXIS2_PLACEMENT_3D('',#10506,#7257,#7258);
#6097=AXIS2_PLACEMENT_3D('',#10507,#7259,#7260);
#6098=AXIS2_PLACEMENT_3D('',#10510,#7262,#7263);
#6099=AXIS2_PLACEMENT_3D('',#10511,#7264,#7265);
#6100=AXIS2_PLACEMENT_3D('',#10516,#7267,#7268);
#6101=AXIS2_PLACEMENT_3D('',#10519,#7270,#7271);
#6102=AXIS2_PLACEMENT_3D('',#10520,#7272,#7273);
#6103=AXIS2_PLACEMENT_3D('',#10523,#7274,#7275);
#6104=AXIS2_PLACEMENT_3D('',#10526,#7278,#7279);
#6105=AXIS2_PLACEMENT_3D('',#10527,#7280,#7281);
#6106=AXIS2_PLACEMENT_3D('',#10530,#7284,#7285);
#6107=AXIS2_PLACEMENT_3D('',#10531,#7286,#7287);
#6108=AXIS2_PLACEMENT_3D('',#10533,#7289,#7290);
#6109=AXIS2_PLACEMENT_3D('',#10542,#7295,#7296);
#6110=AXIS2_PLACEMENT_3D('',#10548,#7300,#7301);
#6111=AXIS2_PLACEMENT_3D('',#10554,#7305,#7306);
#6112=AXIS2_PLACEMENT_3D('',#10563,#7307,#7308);
#6113=AXIS2_PLACEMENT_3D('',#10564,#7309,#7310);
#6114=AXIS2_PLACEMENT_3D('',#10573,#7315,#7316);
#6115=AXIS2_PLACEMENT_3D('',#10575,#7317,#7318);
#6116=AXIS2_PLACEMENT_3D('',#10589,#7319,#7320);
#6117=AXIS2_PLACEMENT_3D('',#10591,#7321,#7322);
#6118=AXIS2_PLACEMENT_3D('',#10593,#7323,#7324);
#6119=AXIS2_PLACEMENT_3D('',#10595,#7325,#7326);
#6120=AXIS2_PLACEMENT_3D('',#10596,#7327,#7328);
#6121=AXIS2_PLACEMENT_3D('',#10597,#7329,#7330);
#6122=AXIS2_PLACEMENT_3D('',#10601,#7332,#7333);
#6123=AXIS2_PLACEMENT_3D('',#10603,#7334,#7335);
#6124=AXIS2_PLACEMENT_3D('',#10604,#7336,#7337);
#6125=AXIS2_PLACEMENT_3D('',#10605,#7338,#7339);
#6126=AXIS2_PLACEMENT_3D('',#10607,#7340,#7341);
#6127=AXIS2_PLACEMENT_3D('',#10609,#7342,#7343);
#6128=AXIS2_PLACEMENT_3D('',#10611,#7344,#7345);
#6129=AXIS2_PLACEMENT_3D('',#10613,#7347,#7348);
#6130=AXIS2_PLACEMENT_3D('',#10653,#7349,#7350);
#6131=AXIS2_PLACEMENT_3D('',#10671,#7351,#7352);
#6132=AXIS2_PLACEMENT_3D('',#10673,#7353,#7354);
#6133=AXIS2_PLACEMENT_3D('',#10675,#7356,#7357);
#6134=AXIS2_PLACEMENT_3D('',#10678,#7359,#7360);
#6135=AXIS2_PLACEMENT_3D('',#10708,#7361,#7362);
#6136=AXIS2_PLACEMENT_3D('',#10709,#7363,#7364);
#6137=AXIS2_PLACEMENT_3D('',#10728,#7366,#7367);
#6138=AXIS2_PLACEMENT_3D('',#10746,#7368,#7369);
#6139=AXIS2_PLACEMENT_3D('',#10764,#7371,#7372);
#6140=AXIS2_PLACEMENT_3D('',#10765,#7373,#7374);
#6141=AXIS2_PLACEMENT_3D('',#10766,#7375,#7376);
#6142=AXIS2_PLACEMENT_3D('',#10769,#7377,#7378);
#6143=AXIS2_PLACEMENT_3D('',#10772,#7380,#7381);
#6144=AXIS2_PLACEMENT_3D('',#10798,#7383,#7384);
#6145=AXIS2_PLACEMENT_3D('',#10816,#7385,#7386);
#6146=AXIS2_PLACEMENT_3D('',#10835,#7388,#7389);
#6147=AXIS2_PLACEMENT_3D('',#10836,#7390,#7391);
#6148=AXIS2_PLACEMENT_3D('',#10858,#7392,#7393);
#6149=AXIS2_PLACEMENT_3D('',#10859,#7394,#7395);
#6150=AXIS2_PLACEMENT_3D('',#10878,#7397,#7398);
#6151=AXIS2_PLACEMENT_3D('',#10896,#7399,#7400);
#6152=AXIS2_PLACEMENT_3D('',#10898,#7402,#7403);
#6153=AXIS2_PLACEMENT_3D('',#10901,#7405,#7406);
#6154=AXIS2_PLACEMENT_3D('',#10902,#7407,#7408);
#6155=AXIS2_PLACEMENT_3D('',#10904,#7409,#7410);
#6156=AXIS2_PLACEMENT_3D('',#10925,#7413,#7414);
#6157=AXIS2_PLACEMENT_3D('',#10926,#7415,#7416);
#6158=AXIS2_PLACEMENT_3D('',#10944,#7417,#7418);
#6159=AXIS2_PLACEMENT_3D('',#10946,#7419,#7420);
#6160=AXIS2_PLACEMENT_3D('',#10964,#7422,#7423);
#6161=AXIS2_PLACEMENT_3D('',#10966,#7424,#7425);
#6162=AXIS2_PLACEMENT_3D('',#10967,#7426,#7427);
#6163=AXIS2_PLACEMENT_3D('',#10985,#7428,#7429);
#6164=AXIS2_PLACEMENT_3D('',#10986,#7430,#7431);
#6165=AXIS2_PLACEMENT_3D('',#10987,#7432,#7433);
#6166=AXIS2_PLACEMENT_3D('',#11012,#7434,#7435);
#6167=AXIS2_PLACEMENT_3D('',#11013,#7436,#7437);
#6168=AXIS2_PLACEMENT_3D('',#11016,#7439,#7440);
#6169=AXIS2_PLACEMENT_3D('',#11017,#7441,#7442);
#6170=AXIS2_PLACEMENT_3D('',#11018,#7443,#7444);
#6171=AXIS2_PLACEMENT_3D('',#11019,#7445,#7446);
#6172=AXIS2_PLACEMENT_3D('',#11021,#7448,#7449);
#6173=AXIS2_PLACEMENT_3D('',#11024,#7452,#7453);
#6174=AXIS2_PLACEMENT_3D('',#11025,#7454,#7455);
#6175=AXIS2_PLACEMENT_3D('',#11026,#7456,#7457);
#6176=AXIS2_PLACEMENT_3D('',#11028,#7458,#7459);
#6177=AXIS2_PLACEMENT_3D('',#11032,#7461,#7462);
#6178=AXIS2_PLACEMENT_3D('',#11033,#7463,#7464);
#6179=AXIS2_PLACEMENT_3D('',#11034,#7465,#7466);
#6180=AXIS2_PLACEMENT_3D('',#11036,#7468,#7469);
#6181=AXIS2_PLACEMENT_3D('',#11037,#7470,#7471);
#6182=AXIS2_PLACEMENT_3D('',#11230,#7472,#7473);
#6183=AXIS2_PLACEMENT_3D('',#11232,#7475,#7476);
#6184=AXIS2_PLACEMENT_3D('',#11233,#7477,#7478);
#6185=AXIS2_PLACEMENT_3D('',#11234,#7479,#7480);
#6186=AXIS2_PLACEMENT_3D('',#11235,#7481,#7482);
#6187=AXIS2_PLACEMENT_3D('',#11236,#7483,#7484);
#6188=AXIS2_PLACEMENT_3D('',#11237,#7485,#7486);
#6189=AXIS2_PLACEMENT_3D('',#11238,#7487,#7488);
#6190=AXIS2_PLACEMENT_3D('',#11240,#7489,#7490);
#6191=AXIS2_PLACEMENT_3D('',#11242,#7492,#7493);
#6192=AXIS2_PLACEMENT_3D('',#11245,#7496,#7497);
#6193=AXIS2_PLACEMENT_3D('',#11247,#7499,#7500);
#6194=AXIS2_PLACEMENT_3D('',#11249,#7502,#7503);
#6195=AXIS2_PLACEMENT_3D('',#11250,#7504,#7505);
#6196=AXIS2_PLACEMENT_3D('',#11263,#7507,#7508);
#6197=AXIS2_PLACEMENT_3D('',#11266,#7510,#7511);
#6198=AXIS2_PLACEMENT_3D('',#11363,#7512,#7513);
#6199=AXIS2_PLACEMENT_3D('',#11364,#7514,#7515);
#6200=AXIS2_PLACEMENT_3D('',#11366,#7517,#7518);
#6201=AXIS2_PLACEMENT_3D('',#11413,#7519,#7520);
#6202=AXIS2_PLACEMENT_3D('',#11414,#7521,#7522);
#6203=AXIS2_PLACEMENT_3D('',#11419,#7524,#7525);
#6204=AXIS2_PLACEMENT_3D('',#11423,#7527,#7528);
#6205=AXIS2_PLACEMENT_3D('',#11426,#7530,#7531);
#6206=AXIS2_PLACEMENT_3D('',#11427,#7532,#7533);
#6207=AXIS2_PLACEMENT_3D('',#11429,#7534,#7535);
#6208=AXIS2_PLACEMENT_3D('',#11430,#7536,#7537);
#6209=AXIS2_PLACEMENT_3D('',#11436,#7541,#7542);
#6210=AXIS2_PLACEMENT_3D('',#11438,#7543,#7544);
#6211=AXIS2_PLACEMENT_3D('',#11440,#7546,#7547);
#6212=AXIS2_PLACEMENT_3D('',#11442,#7548,#7549);
#6213=AXIS2_PLACEMENT_3D('',#11453,#7550,#7551);
#6214=AXIS2_PLACEMENT_3D('',#11456,#7553,#7554);
#6215=AXIS2_PLACEMENT_3D('',#11457,#7555,#7556);
#6216=AXIS2_PLACEMENT_3D('',#11460,#7557,#7558);
#6217=AXIS2_PLACEMENT_3D('',#11472,#7560,#7561);
#6218=AXIS2_PLACEMENT_3D('',#11476,#7564,#7565);
#6219=AXIS2_PLACEMENT_3D('',#11478,#7566,#7567);
#6220=AXIS2_PLACEMENT_3D('',#11480,#7569,#7570);
#6221=AXIS2_PLACEMENT_3D('',#11482,#7572,#7573);
#6222=AXIS2_PLACEMENT_3D('',#11484,#7575,#7576);
#6223=AXIS2_PLACEMENT_3D('',#11485,#7577,#7578);
#6224=AXIS2_PLACEMENT_3D('',#11488,#7581,#7582);
#6225=AXIS2_PLACEMENT_3D('',#11490,#7584,#7585);
#6226=AXIS2_PLACEMENT_3D('',#11492,#7587,#7588);
#6227=AXIS2_PLACEMENT_3D('',#11494,#7590,#7591);
#6228=AXIS2_PLACEMENT_3D('',#11496,#7593,#7594);
#6229=AXIS2_PLACEMENT_3D('',#11498,#7596,#7597);
#6230=AXIS2_PLACEMENT_3D('',#11500,#7599,#7600);
#6231=AXIS2_PLACEMENT_3D('',#11501,#7601,#7602);
#6232=AXIS2_PLACEMENT_3D('',#11507,#7606,#7607);
#6233=AXIS2_PLACEMENT_3D('',#11513,#7611,#7612);
#6234=AXIS2_PLACEMENT_3D('',#11515,#7614,#7615);
#6235=AXIS2_PLACEMENT_3D('',#11519,#7618,#7619);
#6236=AXIS2_PLACEMENT_3D('',#11521,#7620,#7621);
#6237=AXIS2_PLACEMENT_3D('',#11523,#7623,#7624);
#6238=AXIS2_PLACEMENT_3D('',#11525,#7626,#7627);
#6239=AXIS2_PLACEMENT_3D('',#11527,#7629,#7630);
#6240=AXIS2_PLACEMENT_3D('',#11530,#7633,#7634);
#6241=AXIS2_PLACEMENT_3D('',#11531,#7635,#7636);
#6242=AXIS2_PLACEMENT_3D('',#11533,#7638,#7639);
#6243=AXIS2_PLACEMENT_3D('',#11534,#7640,#7641);
#6244=AXIS2_PLACEMENT_3D('',#11547,#7642,#7643);
#6245=AXIS2_PLACEMENT_3D('',#11548,#7644,#7645);
#6246=AXIS2_PLACEMENT_3D('',#11551,#7648,#7649);
#6247=AXIS2_PLACEMENT_3D('',#11554,#7652,#7653);
#6248=AXIS2_PLACEMENT_3D('',#11555,#7654,#7655);
#6249=AXIS2_PLACEMENT_3D('',#11556,#7656,#7657);
#6250=AXIS2_PLACEMENT_3D('',#11557,#7658,#7659);
#6251=AXIS2_PLACEMENT_3D('',#11558,#7660,#7661);
#6252=AXIS2_PLACEMENT_3D('',#11559,#7662,#7663);
#6253=AXIS2_PLACEMENT_3D('',#11560,#7664,#7665);
#6254=AXIS2_PLACEMENT_3D('',#11561,#7666,#7667);
#6255=AXIS2_PLACEMENT_3D('',#11562,#7668,#7669);
#6256=AXIS2_PLACEMENT_3D('',#11563,#7670,#7671);
#6257=AXIS2_PLACEMENT_3D('',#11564,#7672,#7673);
#6258=AXIS2_PLACEMENT_3D('',#11565,#7674,#7675);
#6259=AXIS2_PLACEMENT_3D('',#11566,#7676,#7677);
#6260=AXIS2_PLACEMENT_3D('',#11569,#7680,#7681);
#6261=AXIS2_PLACEMENT_3D('',#11572,#7683,#7684);
#6262=AXIS2_PLACEMENT_3D('',#11573,#7685,#7686);
#6263=AXIS2_PLACEMENT_3D('',#11576,#7688,#7689);
#6264=AXIS2_PLACEMENT_3D('',#11577,#7690,#7691);
#6265=AXIS2_PLACEMENT_3D('',#11580,#7693,#7694);
#6266=AXIS2_PLACEMENT_3D('',#11581,#7695,#7696);
#6267=AXIS2_PLACEMENT_3D('',#11584,#7698,#7699);
#6268=AXIS2_PLACEMENT_3D('',#11585,#7700,#7701);
#6269=AXIS2_PLACEMENT_3D('',#11587,#7703,#7704);
#6270=AXIS2_PLACEMENT_3D('',#11589,#7706,#7707);
#6271=AXIS2_PLACEMENT_3D('',#11595,#7711,#7712);
#6272=AXIS2_PLACEMENT_3D('',#11596,#7713,#7714);
#6273=AXIS2_PLACEMENT_3D('',#11598,#7716,#7717);
#6274=AXIS2_PLACEMENT_3D('',#11600,#7719,#7720);
#6275=AXIS2_PLACEMENT_3D('',#11615,#7721,#7722);
#6276=AXIS2_PLACEMENT_3D('',#11617,#7724,#7725);
#6277=AXIS2_PLACEMENT_3D('',#11619,#7726,#7727);
#6278=AXIS2_PLACEMENT_3D('',#11621,#7729,#7730);
#6279=AXIS2_PLACEMENT_3D('',#11625,#7733,#7734);
#6280=AXIS2_PLACEMENT_3D('',#11627,#7735,#7736);
#6281=AXIS2_PLACEMENT_3D('',#11628,#7737,#7738);
#6282=AXIS2_PLACEMENT_3D('',#11629,#7739,#7740);
#6283=AXIS2_PLACEMENT_3D('',#11633,#7742,#7743);
#6284=AXIS2_PLACEMENT_3D('',#11635,#7745,#7746);
#6285=AXIS2_PLACEMENT_3D('',#11650,#7748,#7749);
#6286=AXIS2_PLACEMENT_3D('',#11654,#7752,#7753);
#6287=AXIS2_PLACEMENT_3D('',#11667,#7754,#7755);
#6288=AXIS2_PLACEMENT_3D('',#11669,#7757,#7758);
#6289=AXIS2_PLACEMENT_3D('',#11670,#7759,#7760);
#6290=AXIS2_PLACEMENT_3D('',#11681,#7762,#7763);
#6291=AXIS2_PLACEMENT_3D('',#11694,#7764,#7765);
#6292=AXIS2_PLACEMENT_3D('',#11695,#7766,#7767);
#6293=AXIS2_PLACEMENT_3D('',#11697,#7769,#7770);
#6294=AXIS2_PLACEMENT_3D('',#11698,#7771,#7772);
#6295=AXIS2_PLACEMENT_3D('',#11701,#7775,#7776);
#6296=AXIS2_PLACEMENT_3D('',#11703,#7778,#7779);
#6297=AXIS2_PLACEMENT_3D('',#11705,#7781,#7782);
#6298=AXIS2_PLACEMENT_3D('',#11706,#7783,#7784);
#6299=AXIS2_PLACEMENT_3D('',#11708,#7786,#7787);
#6300=AXIS2_PLACEMENT_3D('',#11709,#7788,#7789);
#6301=AXIS2_PLACEMENT_3D('',#11711,#7790,#7791);
#6302=AXIS2_PLACEMENT_3D('',#11713,#7793,#7794);
#6303=AXIS2_PLACEMENT_3D('',#11715,#7796,#7797);
#6304=AXIS2_PLACEMENT_3D('',#11716,#7798,#7799);
#6305=AXIS2_PLACEMENT_3D('',#11718,#7801,#7802);
#6306=AXIS2_PLACEMENT_3D('',#11719,#7803,#7804);
#6307=AXIS2_PLACEMENT_3D('',#11720,#7805,#7806);
#6308=AXIS2_PLACEMENT_3D('',#11721,#7807,#7808);
#6309=AXIS2_PLACEMENT_3D('',#11723,#7810,#7811);
#6310=AXIS2_PLACEMENT_3D('',#11725,#7812,#7813);
#6311=AXIS2_PLACEMENT_3D('',#11726,#7814,#7815);
#6312=AXIS2_PLACEMENT_3D('',#11730,#7818,#7819);
#6313=AXIS2_PLACEMENT_3D('',#11731,#7820,#7821);
#6314=AXIS2_PLACEMENT_3D('',#11732,#7822,#7823);
#6315=AXIS2_PLACEMENT_3D('',#11740,#7828,#7829);
#6316=AXIS2_PLACEMENT_3D('',#11741,#7830,#7831);
#6317=AXIS2_PLACEMENT_3D('',#11743,#7833,#7834);
#6318=AXIS2_PLACEMENT_3D('',#11744,#7835,#7836);
#6319=AXIS2_PLACEMENT_3D('',#11746,#7838,#7839);
#6320=AXIS2_PLACEMENT_3D('',#11749,#7842,#7843);
#6321=AXIS2_PLACEMENT_3D('',#11751,#7845,#7846);
#6322=AXIS2_PLACEMENT_3D('',#11753,#7848,#7849);
#6323=AXIS2_PLACEMENT_3D('',#11754,#7850,#7851);
#6324=AXIS2_PLACEMENT_3D('',#11759,#7853,#7854);
#6325=AXIS2_PLACEMENT_3D('',#11760,#7855,#7856);
#6326=AXIS2_PLACEMENT_3D('',#11761,#7857,#7858);
#6327=AXIS2_PLACEMENT_3D('',#11776,#7859,#7860);
#6328=AXIS2_PLACEMENT_3D('',#11778,#7861,#7862);
#6329=AXIS2_PLACEMENT_3D('',#11779,#7863,#7864);
#6330=AXIS2_PLACEMENT_3D('',#11781,#7866,#7867);
#6331=AXIS2_PLACEMENT_3D('',#11783,#7868,#7869);
#6332=AXIS2_PLACEMENT_3D('',#11784,#7870,#7871);
#6333=AXIS2_PLACEMENT_3D('',#11786,#7872,#7873);
#6334=AXIS2_PLACEMENT_3D('',#11788,#7875,#7876);
#6335=AXIS2_PLACEMENT_3D('',#11789,#7877,#7878);
#6336=AXIS2_PLACEMENT_3D('',#11790,#7879,#7880);
#6337=DIRECTION('axis',(0.,0.,1.));
#6338=DIRECTION('refdir',(1.,0.,0.));
#6339=DIRECTION('axis',(0.,0.,1.));
#6340=DIRECTION('refdir',(1.,0.,0.));
#6341=DIRECTION('',(0.,-1.,0.));
#6342=DIRECTION('center_axis',(0.,0.,-1.));
#6343=DIRECTION('ref_axis',(1.,0.,0.));
#6344=DIRECTION('center_axis',(0.,0.,1.));
#6345=DIRECTION('ref_axis',(1.,0.,0.));
#6346=DIRECTION('',(0.,0.,-1.));
#6347=DIRECTION('',(0.,0.,1.));
#6348=DIRECTION('center_axis',(0.,0.,-1.));
#6349=DIRECTION('ref_axis',(1.,0.,0.));
#6350=DIRECTION('',(0.,0.,-1.));
#6351=DIRECTION('center_axis',(0.,0.,1.));
#6352=DIRECTION('ref_axis',(1.,0.,0.));
#6353=DIRECTION('',(0.,0.,-1.));
#6354=DIRECTION('center_axis',(0.,0.,-1.));
#6355=DIRECTION('ref_axis',(1.,0.,0.));
#6356=DIRECTION('',(0.,0.,-1.));
#6357=DIRECTION('',(0.,0.,-1.));
#6358=DIRECTION('center_axis',(0.,0.,1.));
#6359=DIRECTION('ref_axis',(1.,0.,0.));
#6360=DIRECTION('center_axis',(0.,0.,1.));
#6361=DIRECTION('ref_axis',(1.,0.,0.));
#6362=DIRECTION('',(0.,-1.,0.));
#6363=DIRECTION('center_axis',(0.,-1.,0.));
#6364=DIRECTION('ref_axis',(1.,0.,0.));
#6365=DIRECTION('',(0.,0.,-1.));
#6366=DIRECTION('',(1.,0.,0.));
#6367=DIRECTION('',(0.,0.,-1.));
#6368=DIRECTION('',(1.,0.,0.));
#6369=DIRECTION('',(-1.,0.,0.));
#6370=DIRECTION('center_axis',(0.,-1.,0.));
#6371=DIRECTION('ref_axis',(-1.,0.,0.));
#6372=DIRECTION('center_axis',(0.,0.,-1.));
#6373=DIRECTION('ref_axis',(1.,0.,0.));
#6374=DIRECTION('center_axis',(0.,0.,-1.));
#6375=DIRECTION('ref_axis',(1.,0.,0.));
#6376=DIRECTION('center_axis',(0.,0.,-1.));
#6377=DIRECTION('ref_axis',(1.,0.,0.));
#6378=DIRECTION('center_axis',(0.,0.,1.));
#6379=DIRECTION('ref_axis',(1.,0.,0.));
#6380=DIRECTION('',(0.,0.,-1.));
#6381=DIRECTION('center_axis',(0.,0.,-1.));
#6382=DIRECTION('ref_axis',(1.,0.,0.));
#6383=DIRECTION('center_axis',(0.,-1.,0.));
#6384=DIRECTION('ref_axis',(-1.,0.,0.));
#6385=DIRECTION('',(0.,1.,0.));
#6386=DIRECTION('center_axis',(0.,-1.,0.));
#6387=DIRECTION('ref_axis',(-1.,0.,0.));
#6388=DIRECTION('center_axis',(1.,0.,0.));
#6389=DIRECTION('ref_axis',(0.,0.,1.));
#6390=DIRECTION('',(0.,0.,-1.));
#6391=DIRECTION('',(0.,-1.,0.));
#6392=DIRECTION('center_axis',(0.,0.,1.));
#6393=DIRECTION('ref_axis',(-1.,0.,0.));
#6394=DIRECTION('',(1.,0.,0.));
#6395=DIRECTION('center_axis',(0.,1.,0.));
#6396=DIRECTION('ref_axis',(-1.,0.,0.));
#6397=DIRECTION('',(-1.,0.,0.));
#6398=DIRECTION('',(1.,0.,0.));
#6399=DIRECTION('center_axis',(-1.,0.,0.));
#6400=DIRECTION('ref_axis',(0.,0.,-1.));
#6401=DIRECTION('',(0.,-1.,0.));
#6402=DIRECTION('center_axis',(0.,0.,1.));
#6403=DIRECTION('ref_axis',(-1.,0.,0.));
#6404=DIRECTION('center_axis',(0.,-1.,0.));
#6405=DIRECTION('ref_axis',(-1.,0.,0.));
#6406=DIRECTION('',(0.,1.,0.));
#6407=DIRECTION('center_axis',(0.,-1.,0.));
#6408=DIRECTION('ref_axis',(1.,0.,0.));
#6409=DIRECTION('',(0.,-1.,0.));
#6410=DIRECTION('center_axis',(0.,-1.,0.));
#6411=DIRECTION('ref_axis',(1.,0.,0.));
#6412=DIRECTION('',(0.,-1.,0.));
#6413=DIRECTION('center_axis',(0.,0.,-1.));
#6414=DIRECTION('ref_axis',(1.,0.,0.));
#6415=DIRECTION('',(0.,1.,0.));
#6416=DIRECTION('',(0.,-1.,0.));
#6417=DIRECTION('center_axis',(0.,0.,-1.));
#6418=DIRECTION('ref_axis',(-1.,0.,0.));
#6419=DIRECTION('center_axis',(0.,0.,-1.));
#6420=DIRECTION('ref_axis',(-1.,0.,0.));
#6421=DIRECTION('center_axis',(-1.,0.,0.));
#6422=DIRECTION('ref_axis',(0.,0.875482080007402,0.483250584672086));
#6423=DIRECTION('center_axis',(0.,0.,-1.));
#6424=DIRECTION('ref_axis',(-0.987157913468336,-0.159747469078045,0.));
#6425=DIRECTION('',(0.,0.,1.));
#6426=DIRECTION('center_axis',(0.,0.,1.));
#6427=DIRECTION('ref_axis',(-0.987157913468336,-0.159747469078045,0.));
#6428=DIRECTION('',(0.,0.,1.));
#6429=DIRECTION('center_axis',(0.,0.,-1.));
#6430=DIRECTION('ref_axis',(-0.987157913468336,-0.159747469078045,0.));
#6431=DIRECTION('center_axis',(0.,0.,1.));
#6432=DIRECTION('ref_axis',(-1.,0.,0.));
#6433=DIRECTION('',(-1.,0.,0.));
#6434=DIRECTION('',(0.,1.,0.));
#6435=DIRECTION('center_axis',(0.,-1.,0.));
#6436=DIRECTION('ref_axis',(1.,0.,0.));
#6437=DIRECTION('center_axis',(0.,-1.,0.));
#6438=DIRECTION('ref_axis',(1.,0.,0.));
#6439=DIRECTION('',(0.,-1.,0.));
#6440=DIRECTION('center_axis',(0.,0.,-1.));
#6441=DIRECTION('ref_axis',(1.,0.,0.));
#6442=DIRECTION('',(1.,0.,0.));
#6443=DIRECTION('',(0.,-1.,0.));
#6444=DIRECTION('center_axis',(-1.,0.,0.));
#6445=DIRECTION('ref_axis',(0.,0.,-1.));
#6446=DIRECTION('',(0.,0.,-1.));
#6447=DIRECTION('center_axis',(0.,1.,0.));
#6448=DIRECTION('ref_axis',(1.,0.,0.));
#6449=DIRECTION('center_axis',(0.,0.,1.));
#6450=DIRECTION('ref_axis',(-1.,0.,0.));
#6451=DIRECTION('',(1.,0.,0.));
#6452=DIRECTION('',(0.,-1.,0.));
#6453=DIRECTION('center_axis',(0.,0.,1.));
#6454=DIRECTION('ref_axis',(0.987157913468336,-0.159747469078045,0.));
#6455=DIRECTION('center_axis',(-1.,0.,0.));
#6456=DIRECTION('ref_axis',(0.,0.,-1.));
#6457=DIRECTION('',(0.,0.,1.));
#6458=DIRECTION('',(0.,1.,0.));
#6459=DIRECTION('',(0.,0.,1.));
#6460=DIRECTION('center_axis',(0.,-1.,0.));
#6461=DIRECTION('ref_axis',(1.,0.,0.));
#6462=DIRECTION('center_axis',(0.,-1.,0.));
#6463=DIRECTION('ref_axis',(1.,0.,0.));
#6464=DIRECTION('',(0.,-1.,0.));
#6465=DIRECTION('center_axis',(0.,0.,1.));
#6466=DIRECTION('ref_axis',(0.987157913468336,-0.159747469078045,0.));
#6467=DIRECTION('',(0.,0.,-1.));
#6468=DIRECTION('center_axis',(0.,0.,-1.));
#6469=DIRECTION('ref_axis',(0.987157913468336,-0.159747469078045,0.));
#6470=DIRECTION('center_axis',(0.,0.,-1.));
#6471=DIRECTION('ref_axis',(1.,0.,0.));
#6472=DIRECTION('',(-1.,0.,0.));
#6473=DIRECTION('center_axis',(0.,1.,0.));
#6474=DIRECTION('ref_axis',(1.,0.,0.));
#6475=DIRECTION('axis',(0.,0.,1.));
#6476=DIRECTION('refdir',(1.,0.,0.));
#6477=DIRECTION('center_axis',(0.,1.,0.));
#6478=DIRECTION('ref_axis',(0.,0.,1.));
#6479=DIRECTION('',(-1.,0.,0.));
#6480=DIRECTION('center_axis',(0.,1.,0.));
#6481=DIRECTION('ref_axis',(-0.707106781186546,4.31775426138039E-15,0.707106781186549));
#6482=DIRECTION('',(1.,0.,0.));
#6483=DIRECTION('center_axis',(0.,-1.,6.10622663543836E-15));
#6484=DIRECTION('ref_axis',(1.22464679914735E-16,6.10622663543836E-15,1.));
#6485=DIRECTION('',(1.,7.88860905221012E-31,-4.81696347111656E-45));
#6486=DIRECTION('',(-1.,8.62412079789749E-46,-5.26608361233596E-60));
#6487=DIRECTION('',(-1.,0.,0.));
#6488=DIRECTION('',(-1.,0.,0.));
#6489=DIRECTION('',(-1.22464679914735E-16,-6.10622663543836E-15,-1.));
#6490=DIRECTION('center_axis',(-7.88860905221012E-31,1.,-6.10622663543836E-15));
#6491=DIRECTION('ref_axis',(1.,0.,0.));
#6492=DIRECTION('center_axis',(0.,-6.10622663543836E-15,-1.));
#6493=DIRECTION('ref_axis',(7.88860905221012E-31,-1.,6.10622663543836E-15));
#6494=DIRECTION('',(-7.88860905221012E-31,1.,-6.10622663543836E-15));
#6495=DIRECTION('',(-1.,0.,0.));
#6496=DIRECTION('',(0.,-1.,6.10622663543836E-15));
#6497=DIRECTION('',(-1.,0.,0.));
#6498=DIRECTION('center_axis',(0.,-3.05311331771918E-15,-1.));
#6499=DIRECTION('ref_axis',(1.,0.,0.));
#6500=DIRECTION('center_axis',(0.,0.,-1.));
#6501=DIRECTION('ref_axis',(1.,0.,0.));
#6502=DIRECTION('center_axis',(0.,0.,1.));
#6503=DIRECTION('ref_axis',(1.,0.,0.));
#6504=DIRECTION('center_axis',(0.,3.05311331771918E-15,1.));
#6505=DIRECTION('ref_axis',(1.,0.,0.));
#6506=DIRECTION('center_axis',(0.,3.05311331771918E-15,1.));
#6507=DIRECTION('ref_axis',(1.,0.,0.));
#6508=DIRECTION('center_axis',(0.,3.05311331771918E-15,1.));
#6509=DIRECTION('ref_axis',(1.,0.,0.));
#6510=DIRECTION('center_axis',(0.,-3.05311331771918E-15,-1.));
#6511=DIRECTION('ref_axis',(1.,0.,0.));
#6512=DIRECTION('center_axis',(0.,-3.05311331771918E-15,-1.));
#6513=DIRECTION('ref_axis',(1.,0.,0.));
#6514=DIRECTION('center_axis',(0.,3.05311331771918E-15,1.));
#6515=DIRECTION('ref_axis',(1.,0.,0.));
#6516=DIRECTION('center_axis',(0.,0.,1.));
#6517=DIRECTION('ref_axis',(1.,0.,0.));
#6518=DIRECTION('center_axis',(0.,3.05311331771918E-15,1.));
#6519=DIRECTION('ref_axis',(1.,0.,0.));
#6520=DIRECTION('center_axis',(0.,-3.05311331771918E-15,-1.));
#6521=DIRECTION('ref_axis',(1.,0.,0.));
#6522=DIRECTION('center_axis',(0.,-3.05311331771918E-15,-1.));
#6523=DIRECTION('ref_axis',(1.,0.,0.));
#6524=DIRECTION('center_axis',(0.,3.05311331771918E-15,1.));
#6525=DIRECTION('ref_axis',(1.,0.,0.));
#6526=DIRECTION('center_axis',(0.,6.10622663543836E-15,1.));
#6527=DIRECTION('ref_axis',(-7.88860905221012E-31,1.,-6.10622663543836E-15));
#6528=DIRECTION('center_axis',(0.,6.10622663543836E-15,1.));
#6529=DIRECTION('ref_axis',(-7.88860905221012E-31,1.,-6.10622663543836E-15));
#6530=DIRECTION('',(7.88860905221012E-31,-1.,6.10622663543836E-15));
#6531=DIRECTION('',(-1.,-8.47409175530384E-31,1.00571218153703E-44));
#6532=DIRECTION('',(0.,1.,0.));
#6533=DIRECTION('',(1.,0.,0.));
#6534=DIRECTION('center_axis',(0.,1.,0.));
#6535=DIRECTION('ref_axis',(0.,0.,1.));
#6536=DIRECTION('center_axis',(0.,1.,0.));
#6537=DIRECTION('ref_axis',(0.707106781186546,4.31775426138039E-15,0.707106781186549));
#6538=DIRECTION('',(-1.,0.,0.));
#6539=DIRECTION('',(1.,0.,0.));
#6540=DIRECTION('center_axis',(0.,6.10622663543836E-15,1.));
#6541=DIRECTION('ref_axis',(7.88860905221012E-31,-1.,6.10622663543836E-15));
#6542=DIRECTION('',(0.,-1.,0.));
#6543=DIRECTION('',(-1.,0.,1.38777878078145E-16));
#6544=DIRECTION('',(-7.88860905221012E-31,1.,-6.10622663543836E-15));
#6545=DIRECTION('',(1.,0.,-1.38777878078145E-16));
#6546=DIRECTION('',(-7.88860905221012E-31,1.,-6.10622663543836E-15));
#6547=DIRECTION('center_axis',(0.,3.05311331771918E-15,1.));
#6548=DIRECTION('ref_axis',(1.,0.,0.));
#6549=DIRECTION('center_axis',(0.,0.,1.));
#6550=DIRECTION('ref_axis',(1.,0.,0.));
#6551=DIRECTION('center_axis',(0.,0.,-1.));
#6552=DIRECTION('ref_axis',(1.,0.,0.));
#6553=DIRECTION('center_axis',(0.,-3.05311331771918E-15,-1.));
#6554=DIRECTION('ref_axis',(1.,0.,0.));
#6555=DIRECTION('center_axis',(0.,-6.10622663543836E-15,-1.));
#6556=DIRECTION('ref_axis',(-7.88860905221012E-31,1.,-6.10622663543836E-15));
#6557=DIRECTION('',(-7.88860905221012E-31,1.,-6.10622663543836E-15));
#6558=DIRECTION('',(1.,0.,0.));
#6559=DIRECTION('',(1.,0.,0.));
#6560=DIRECTION('center_axis',(0.,-6.10622663543836E-15,-1.));
#6561=DIRECTION('ref_axis',(-7.88860905221012E-31,1.,-6.10622663543836E-15));
#6562=DIRECTION('',(1.,0.,0.));
#6563=DIRECTION('',(1.,0.,0.));
#6564=DIRECTION('',(0.,1.,-6.10622663543836E-15));
#6565=DIRECTION('',(1.,0.,0.));
#6566=DIRECTION('',(7.88860905221012E-31,-1.,6.10622663543836E-15));
#6567=DIRECTION('center_axis',(-1.,-8.47409175530384E-31,5.1744724787385E-45));
#6568=DIRECTION('ref_axis',(0.,0.500000000000005,0.866025403784436));
#6569=DIRECTION('center_axis',(-1.,-4.10638148252219E-32,1.22464679914735E-16));
#6570=DIRECTION('ref_axis',(0.,0.500000000000005,0.866025403784436));
#6571=DIRECTION('',(1.,8.47409175530384E-31,-5.1744724787385E-45));
#6572=DIRECTION('center_axis',(1.,0.,0.));
#6573=DIRECTION('ref_axis',(0.,1.,-8.88178419700125E-15));
#6574=DIRECTION('',(1.,0.,0.));
#6575=DIRECTION('center_axis',(-1.,-8.47409175530384E-31,5.1744724787385E-45));
#6576=DIRECTION('ref_axis',(0.,0.500000000000005,0.866025403784436));
#6577=DIRECTION('',(1.,0.,0.));
#6578=DIRECTION('center_axis',(8.47409175530384E-31,-1.,6.10622663543836E-15));
#6579=DIRECTION('ref_axis',(-1.22464679914735E-16,-6.10622663543836E-15,
-1.));
#6580=DIRECTION('',(1.,8.47409175530384E-31,0.));
#6581=DIRECTION('',(0.,0.,1.));
#6582=DIRECTION('',(-1.,0.,0.));
#6583=DIRECTION('',(0.,-6.10622663543836E-15,-1.));
#6584=DIRECTION('',(1.,8.47409175530384E-31,0.));
#6585=DIRECTION('',(0.,6.10622663543836E-15,1.));
#6586=DIRECTION('',(1.,8.47409175530384E-31,0.));
#6587=DIRECTION('',(0.,-6.10622663543836E-15,-1.));
#6588=DIRECTION('',(-1.,-8.47409175530384E-31,0.));
#6589=DIRECTION('',(1.22464679914735E-16,6.10622663543836E-15,1.));
#6590=DIRECTION('',(4.88264933663178E-45,6.10622663543836E-15,1.));
#6591=DIRECTION('',(-1.,-7.88860905221012E-31,9.69961280774835E-45));
#6592=DIRECTION('',(5.55111512312578E-16,-6.10622663543836E-15,-1.));
#6593=DIRECTION('',(1.,8.47409175530384E-31,0.));
#6594=DIRECTION('',(0.,-6.10622663543836E-15,-1.));
#6595=DIRECTION('',(-1.,-8.47409175530384E-31,0.));
#6596=DIRECTION('',(0.,-6.10622663543836E-15,-1.));
#6597=DIRECTION('center_axis',(-8.47409175530384E-31,1.,-6.10622663543836E-15));
#6598=DIRECTION('ref_axis',(1.,0.,0.));
#6599=DIRECTION('center_axis',(8.47409175530384E-31,-1.,6.10622663543836E-15));
#6600=DIRECTION('ref_axis',(0.707106781186548,4.36136794078827E-15,0.707106781186547));
#6601=DIRECTION('',(-4.88264933663179E-45,-6.10622663543836E-15,-1.));
#6602=DIRECTION('center_axis',(8.47409175530384E-31,-1.,6.10622663543836E-15));
#6603=DIRECTION('ref_axis',(0.707106781186548,-4.36136794078826E-15,-0.707106781186547));
#6604=DIRECTION('',(-1.,-7.88860905221012E-31,9.69961280774835E-45));
#6605=DIRECTION('center_axis',(8.47409175530384E-31,-1.,6.10622663543836E-15));
#6606=DIRECTION('ref_axis',(-0.707106781186547,-4.36136794078826E-15,-0.707106781186547));
#6607=DIRECTION('',(4.88264933663178E-45,6.10622663543836E-15,1.));
#6608=DIRECTION('center_axis',(8.47409175530384E-31,-1.,6.10622663543836E-15));
#6609=DIRECTION('ref_axis',(-0.707106781186548,4.36136794078827E-15,0.707106781186547));
#6610=DIRECTION('center_axis',(-8.47409175530384E-31,1.,-6.10622663543836E-15));
#6611=DIRECTION('ref_axis',(-1.,0.,0.));
#6612=DIRECTION('',(0.,6.10622663543836E-15,1.));
#6613=DIRECTION('',(-1.,-8.47409175530384E-31,0.));
#6614=DIRECTION('',(0.,6.10622663543836E-15,1.));
#6615=DIRECTION('',(1.,8.47409175530384E-31,0.));
#6616=DIRECTION('',(-5.55111512312578E-16,6.10622663543836E-15,1.));
#6617=DIRECTION('',(-1.,-7.88860905221012E-31,9.69961280774835E-45));
#6618=DIRECTION('',(-4.88264933663178E-45,-6.10622663543836E-15,-1.));
#6619=DIRECTION('',(-1.22464679914735E-16,-6.10622663543836E-15,-1.));
#6620=DIRECTION('',(1.,8.47409175530384E-31,-5.1744724787385E-45));
#6621=DIRECTION('',(-1.,-8.47409175530384E-31,0.));
#6622=DIRECTION('',(0.,0.,-1.));
#6623=DIRECTION('',(-1.,-8.47409175530384E-31,0.));
#6624=DIRECTION('',(0.,6.10622663543836E-15,1.));
#6625=DIRECTION('',(1.,8.47409175530384E-31,0.));
#6626=DIRECTION('',(0.,0.,-1.));
#6627=DIRECTION('',(1.,0.,0.));
#6628=DIRECTION('',(0.,0.,1.));
#6629=DIRECTION('',(-1.,-4.10638148252219E-32,1.22464679914735E-16));
#6630=DIRECTION('',(1.,4.10638148252219E-32,-1.22464679914735E-16));
#6631=DIRECTION('',(1.22464679914735E-16,6.10622663543836E-15,1.));
#6632=DIRECTION('center_axis',(7.88860905221012E-31,-1.,6.10622663543836E-15));
#6633=DIRECTION('ref_axis',(5.37281213801114E-31,6.14376819638325E-15,1.));
#6634=DIRECTION('',(1.,9.96120851345939E-32,-1.22464679914735E-16));
#6635=DIRECTION('',(1.22464679914735E-16,6.10622663543836E-15,1.));
#6636=DIRECTION('',(-1.,-8.47409175530384E-31,0.));
#6637=DIRECTION('center_axis',(-8.47409175530384E-31,1.,-6.10622663543836E-15));
#6638=DIRECTION('ref_axis',(-1.,0.,0.));
#6639=DIRECTION('',(0.,6.10622663543836E-15,1.));
#6640=DIRECTION('center_axis',(-8.47409175530384E-31,1.,-6.10622663543836E-15));
#6641=DIRECTION('ref_axis',(7.40148683083438E-16,0.,1.));
#6642=DIRECTION('',(1.,8.47409175530384E-31,0.));
#6643=DIRECTION('center_axis',(-8.47409175530384E-31,1.,-6.10622663543836E-15));
#6644=DIRECTION('ref_axis',(1.,0.,0.));
#6645=DIRECTION('',(0.,-6.10622663543836E-15,-1.));
#6646=DIRECTION('center_axis',(-8.47409175530384E-31,1.,-6.10622663543836E-15));
#6647=DIRECTION('ref_axis',(-7.40148683083438E-16,0.,-1.));
#6648=DIRECTION('',(1.,9.96120851345939E-32,-1.22464679914735E-16));
#6649=DIRECTION('',(-1.22464679914735E-16,-6.10622663543836E-15,-1.));
#6650=DIRECTION('',(1.,9.96120851345939E-32,-1.22464679914735E-16));
#6651=DIRECTION('center_axis',(7.88860905221012E-31,-1.,6.10622663543836E-15));
#6652=DIRECTION('ref_axis',(5.37281213801114E-31,6.14376819638325E-15,1.));
#6653=DIRECTION('',(-1.22464679914735E-16,-6.10622663543836E-15,-1.));
#6654=DIRECTION('center_axis',(-1.,-4.10638148252219E-32,1.22464679914735E-16));
#6655=DIRECTION('ref_axis',(1.22464679914735E-16,6.10622663543836E-15,1.));
#6656=DIRECTION('',(-1.22464679914735E-16,-6.10622663543836E-15,-1.));
#6657=DIRECTION('center_axis',(0.,-1.,6.10622663543836E-15));
#6658=DIRECTION('ref_axis',(-1.22464679914735E-16,-6.10622663543836E-15,
-1.));
#6659=DIRECTION('',(-1.,0.,0.));
#6660=DIRECTION('center_axis',(-7.88860905221012E-31,1.,-6.10622663543836E-15));
#6661=DIRECTION('ref_axis',(1.,0.,0.));
#6662=DIRECTION('center_axis',(-1.,-8.47409175530384E-31,5.1744724787385E-45));
#6663=DIRECTION('ref_axis',(0.,0.500000000000005,0.866025403784436));
#6664=DIRECTION('center_axis',(1.,4.10638148252219E-32,-1.22464679914735E-16));
#6665=DIRECTION('ref_axis',(0.,0.500000000000005,0.866025403784436));
#6666=DIRECTION('center_axis',(-1.,0.,0.));
#6667=DIRECTION('ref_axis',(0.,0.500000000000005,0.866025403784436));
#6668=DIRECTION('center_axis',(-1.,-8.47409175530384E-31,5.1744724787385E-45));
#6669=DIRECTION('ref_axis',(0.,0.500000000000005,0.866025403784436));
#6670=DIRECTION('center_axis',(1.,8.47409175530384E-31,0.));
#6671=DIRECTION('ref_axis',(0.,0.70710678118655,0.707106781186545));
#6672=DIRECTION('center_axis',(1.,0.,0.));
#6673=DIRECTION('ref_axis',(0.,0.70710678118655,0.707106781186545));
#6674=DIRECTION('',(-1.,-8.47409175530384E-31,0.));
#6675=DIRECTION('center_axis',(-1.,0.,0.));
#6676=DIRECTION('ref_axis',(0.,0.70710678118655,0.707106781186545));
#6677=DIRECTION('center_axis',(0.,0.,1.));
#6678=DIRECTION('ref_axis',(1.,0.,0.));
#6679=DIRECTION('',(0.,1.,0.));
#6680=DIRECTION('',(-1.,0.,0.));
#6681=DIRECTION('',(0.,1.,0.));
#6682=DIRECTION('center_axis',(-1.,-8.47409175530384E-31,0.));
#6683=DIRECTION('ref_axis',(0.,0.70710678118655,0.707106781186545));
#6684=DIRECTION('center_axis',(1.,0.,0.));
#6685=DIRECTION('ref_axis',(0.,0.70710678118655,0.707106781186545));
#6686=DIRECTION('',(-1.,-8.47409175530384E-31,0.));
#6687=DIRECTION('center_axis',(-1.,0.,0.));
#6688=DIRECTION('ref_axis',(0.,0.70710678118655,0.707106781186545));
#6689=DIRECTION('center_axis',(0.,0.,1.));
#6690=DIRECTION('ref_axis',(1.,0.,0.));
#6691=DIRECTION('',(0.,0.,-1.));
#6692=DIRECTION('center_axis',(0.,0.,1.));
#6693=DIRECTION('ref_axis',(1.,0.,0.));
#6694=DIRECTION('',(0.,0.,1.));
#6695=DIRECTION('',(0.,0.,1.));
#6696=DIRECTION('',(0.,0.,1.));
#6697=DIRECTION('center_axis',(0.,0.,-1.));
#6698=DIRECTION('ref_axis',(1.,0.,0.));
#6699=DIRECTION('center_axis',(0.,0.,-1.));
#6700=DIRECTION('ref_axis',(1.,0.,0.));
#6701=DIRECTION('center_axis',(0.,0.,-1.));
#6702=DIRECTION('ref_axis',(1.,0.,0.));
#6703=DIRECTION('',(0.,0.,-1.));
#6704=DIRECTION('',(0.,0.,-1.));
#6705=DIRECTION('center_axis',(0.,0.,-1.));
#6706=DIRECTION('ref_axis',(-1.,0.,0.));
#6707=DIRECTION('center_axis',(0.,0.,1.));
#6708=DIRECTION('ref_axis',(1.,0.,0.));
#6709=DIRECTION('',(1.,8.47409175530384E-31,0.));
#6710=DIRECTION('center_axis',(-8.47409175530384E-31,1.,-6.10622663543836E-15));
#6711=DIRECTION('ref_axis',(1.22464679914735E-16,6.10622663543836E-15,1.));
#6712=DIRECTION('',(1.,4.10638148252219E-32,-1.22464679914735E-16));
#6713=DIRECTION('',(0.,-6.10622663543836E-15,-1.));
#6714=DIRECTION('',(-1.,-8.47409175530384E-31,0.));
#6715=DIRECTION('',(0.,-6.10622663543836E-15,-1.));
#6716=DIRECTION('',(1.,8.47409175530384E-31,0.));
#6717=DIRECTION('',(0.,-6.10622663543836E-15,-1.));
#6718=DIRECTION('',(-1.,-8.47409175530384E-31,1.00571218153703E-44));
#6719=DIRECTION('center_axis',(8.47409175530384E-31,-1.,6.10622663543836E-15));
#6720=DIRECTION('ref_axis',(1.,0.,0.));
#6721=DIRECTION('center_axis',(7.88860905221012E-31,-1.,6.10622663543836E-15));
#6722=DIRECTION('ref_axis',(-0.707106781186548,4.31775426138038E-15,0.707106781186548));
#6723=DIRECTION('',(1.,4.10638148252219E-32,-1.22464679914735E-16));
#6724=DIRECTION('center_axis',(-7.88860905221012E-31,1.,-6.10622663543836E-15));
#6725=DIRECTION('ref_axis',(0.707106781186546,-4.31775426138039E-15,-0.707106781186549));
#6726=DIRECTION('',(-4.88264933663178E-45,-6.10622663543836E-15,-1.));
#6727=DIRECTION('',(-1.,-7.88860905221012E-31,9.69961280774835E-45));
#6728=DIRECTION('',(0.,0.,1.));
#6729=DIRECTION('',(-1.,0.,0.));
#6730=DIRECTION('center_axis',(8.47409175530384E-31,-1.,6.10622663543836E-15));
#6731=DIRECTION('ref_axis',(-1.,0.,0.));
#6732=DIRECTION('center_axis',(-8.47409175530384E-31,1.,-6.10622663543836E-15));
#6733=DIRECTION('ref_axis',(-0.707106781186548,4.36136794078827E-15,0.707106781186547));
#6734=DIRECTION('',(-4.88264933663178E-45,-6.10622663543836E-15,-1.));
#6735=DIRECTION('center_axis',(-8.47409175530384E-31,1.,-6.10622663543836E-15));
#6736=DIRECTION('ref_axis',(-0.707106781186547,-4.36136794078826E-15,-0.707106781186547));
#6737=DIRECTION('',(1.,7.88860905221012E-31,-9.69961280774835E-45));
#6738=DIRECTION('center_axis',(-8.47409175530384E-31,1.,-6.10622663543836E-15));
#6739=DIRECTION('ref_axis',(0.707106781186548,-4.36136794078826E-15,-0.707106781186547));
#6740=DIRECTION('',(0.,6.10622663543836E-15,1.));
#6741=DIRECTION('center_axis',(-8.47409175530384E-31,1.,-6.10622663543836E-15));
#6742=DIRECTION('ref_axis',(0.707106781186548,4.36136794078827E-15,0.707106781186547));
#6743=DIRECTION('center_axis',(8.47409175530384E-31,-1.,6.10622663543836E-15));
#6744=DIRECTION('ref_axis',(1.,0.,0.));
#6745=DIRECTION('',(-1.,0.,0.));
#6746=DIRECTION('',(0.,6.10622663543836E-15,1.));
#6747=DIRECTION('',(1.,0.,0.));
#6748=DIRECTION('',(-4.88264933663178E-45,-6.10622663543836E-15,-1.));
#6749=DIRECTION('center_axis',(-7.88860905221012E-31,1.,-6.10622663543836E-15));
#6750=DIRECTION('ref_axis',(-0.707106781186547,-4.31775426138039E-15,-0.707106781186549));
#6751=DIRECTION('',(1.,4.10638148252219E-32,-1.22464679914735E-16));
#6752=DIRECTION('center_axis',(7.88860905221012E-31,-1.,6.10622663543836E-15));
#6753=DIRECTION('ref_axis',(0.707106781186546,4.31775426138039E-15,0.707106781186549));
#6754=DIRECTION('center_axis',(8.47409175530384E-31,-1.,6.10622663543836E-15));
#6755=DIRECTION('ref_axis',(1.,0.,0.));
#6756=DIRECTION('',(-1.,0.,1.38777878078145E-16));
#6757=DIRECTION('',(0.,0.,-1.));
#6758=DIRECTION('',(1.,8.47409175530384E-31,0.));
#6759=DIRECTION('',(0.,0.,-1.));
#6760=DIRECTION('',(-1.,-8.47409175530384E-31,0.));
#6761=DIRECTION('',(0.,-6.10622663543836E-15,-1.));
#6762=DIRECTION('',(1.,8.47409175530384E-31,0.));
#6763=DIRECTION('',(0.,0.,-1.));
#6764=DIRECTION('',(-1.,-8.47409175530384E-31,0.));
#6765=DIRECTION('center_axis',(8.47409175530384E-31,-1.,6.10622663543836E-15));
#6766=DIRECTION('ref_axis',(1.,0.,9.6339269422331E-45));
#6767=DIRECTION('center_axis',(7.88860905221012E-31,-1.,6.10622663543836E-15));
#6768=DIRECTION('ref_axis',(-1.,-4.10638148252219E-32,1.22464679914735E-16));
#6769=DIRECTION('',(1.,0.,0.));
#6770=DIRECTION('center_axis',(8.47409175530384E-31,-1.,6.10622663543836E-15));
#6771=DIRECTION('ref_axis',(1.,0.,9.6339269422331E-45));
#6772=DIRECTION('center_axis',(7.88860905221012E-31,-1.,6.10622663543836E-15));
#6773=DIRECTION('ref_axis',(-1.,-4.10638148252219E-32,1.22464679914735E-16));
#6774=DIRECTION('',(-1.,0.,0.));
#6775=DIRECTION('',(0.,6.09036630651514E-15,1.));
#6776=DIRECTION('',(1.,7.90803235325936E-31,-9.71147311556985E-45));
#6777=DIRECTION('',(0.,6.09036630651514E-15,1.));
#6778=DIRECTION('',(1.,7.90803235325936E-31,-9.71147311556985E-45));
#6779=DIRECTION('',(1.,8.47409175530384E-31,0.));
#6780=DIRECTION('center_axis',(8.47409175530384E-31,-1.,6.10622663543836E-15));
#6781=DIRECTION('ref_axis',(-7.40148683083438E-16,0.,-1.));
#6782=DIRECTION('',(0.,6.10622663543836E-15,1.));
#6783=DIRECTION('center_axis',(8.47409175530384E-31,-1.,6.10622663543836E-15));
#6784=DIRECTION('ref_axis',(1.,0.,0.));
#6785=DIRECTION('',(-1.,-8.47409175530384E-31,0.));
#6786=DIRECTION('center_axis',(8.47409175530384E-31,-1.,6.10622663543836E-15));
#6787=DIRECTION('ref_axis',(7.40148683083438E-16,0.,1.));
#6788=DIRECTION('',(0.,-6.10622663543836E-15,-1.));
#6789=DIRECTION('center_axis',(8.47409175530384E-31,-1.,6.10622663543836E-15));
#6790=DIRECTION('ref_axis',(-1.,0.,0.));
#6791=DIRECTION('center_axis',(8.47409175530384E-31,-1.,6.10622663543836E-15));
#6792=DIRECTION('ref_axis',(1.,0.,0.));
#6793=DIRECTION('',(0.,0.,1.));
#6794=DIRECTION('center_axis',(0.,0.,-1.));
#6795=DIRECTION('ref_axis',(-1.,0.,0.));
#6796=DIRECTION('center_axis',(0.,0.,1.));
#6797=DIRECTION('ref_axis',(1.,0.,0.));
#6798=DIRECTION('center_axis',(0.,0.,1.));
#6799=DIRECTION('ref_axis',(1.,0.,0.));
#6800=DIRECTION('center_axis',(0.,0.,1.));
#6801=DIRECTION('ref_axis',(1.,0.,0.));
#6802=DIRECTION('',(0.,0.,1.));
#6803=DIRECTION('center_axis',(0.,0.,-1.));
#6804=DIRECTION('ref_axis',(-0.899061738905469,0.437821869755582,0.));
#6805=DIRECTION('center_axis',(0.,0.,1.));
#6806=DIRECTION('ref_axis',(1.,0.,0.));
#6807=DIRECTION('center_axis',(0.,0.,-1.));
#6808=DIRECTION('ref_axis',(0.89906173890547,0.437821869755581,0.));
#6809=DIRECTION('',(0.,0.,1.));
#6810=DIRECTION('center_axis',(0.,0.,-1.));
#6811=DIRECTION('ref_axis',(1.,0.,0.));
#6812=DIRECTION('center_axis',(0.,0.,-1.));
#6813=DIRECTION('ref_axis',(1.,0.,0.));
#6814=DIRECTION('center_axis',(0.,0.,1.));
#6815=DIRECTION('ref_axis',(1.,0.,0.));
#6816=DIRECTION('center_axis',(0.,0.,1.));
#6817=DIRECTION('ref_axis',(0.89906173890547,0.437821869755581,0.));
#6818=DIRECTION('center_axis',(0.,0.,-1.));
#6819=DIRECTION('ref_axis',(-1.,0.,0.));
#6820=DIRECTION('',(0.,1.,0.));
#6821=DIRECTION('center_axis',(0.,0.,-1.));
#6822=DIRECTION('ref_axis',(-1.,0.,0.));
#6823=DIRECTION('center_axis',(0.,0.,1.));
#6824=DIRECTION('ref_axis',(-0.899061738905469,0.437821869755582,0.));
#6825=DIRECTION('center_axis',(0.,0.,1.));
#6826=DIRECTION('ref_axis',(1.,0.,0.));
#6827=DIRECTION('',(0.,1.,0.));
#6828=DIRECTION('center_axis',(0.,0.977608495718875,0.210432005879045));
#6829=DIRECTION('ref_axis',(0.,-0.210432005879045,0.977608495718875));
#6830=DIRECTION('',(1.,0.,0.));
#6831=DIRECTION('',(-1.,0.,0.));
#6832=DIRECTION('',(0.,-0.210432005879045,0.977608495718875));
#6833=DIRECTION('',(1.,0.,0.));
#6834=DIRECTION('center_axis',(0.,0.0212085414976927,-0.999775073587825));
#6835=DIRECTION('ref_axis',(0.,0.999775073587825,0.0212085414976927));
#6836=DIRECTION('',(-1.,0.,0.));
#6837=DIRECTION('center_axis',(0.,6.10622663543836E-15,1.));
#6838=DIRECTION('ref_axis',(-7.88860905221012E-31,1.,-6.10622663543836E-15));
#6839=DIRECTION('',(7.88860905221012E-31,-1.,6.10622663543836E-15));
#6840=DIRECTION('',(-1.,0.,0.));
#6841=DIRECTION('',(-1.,0.,0.));
#6842=DIRECTION('center_axis',(0.,3.05311331771918E-15,1.));
#6843=DIRECTION('ref_axis',(1.,0.,0.));
#6844=DIRECTION('center_axis',(-1.,-7.88860905221012E-31,9.69961280774835E-45));
#6845=DIRECTION('ref_axis',(7.88860905221012E-31,-1.,6.10622663543836E-15));
#6846=DIRECTION('',(7.88860905221012E-31,-1.,0.));
#6847=DIRECTION('',(-4.88264933663178E-45,-6.10622663543836E-15,-1.));
#6848=DIRECTION('',(7.88860905221012E-31,-1.,6.10622663543836E-15));
#6849=DIRECTION('center_axis',(0.,0.,-1.));
#6850=DIRECTION('ref_axis',(-7.88860905221012E-31,1.,0.));
#6851=DIRECTION('',(-1.,0.,0.));
#6852=DIRECTION('',(0.,-1.,0.));
#6853=DIRECTION('',(1.,0.,0.));
#6854=DIRECTION('',(-1.22704222052172E-16,-1.,0.));
#6855=DIRECTION('',(1.,7.88860905221012E-31,0.));
#6856=DIRECTION('center_axis',(0.,0.,1.));
#6857=DIRECTION('ref_axis',(-0.707106781186547,-0.707106781186547,4.31775426138038E-15));
#6858=DIRECTION('center_axis',(0.,7.73771182394966E-15,1.));
#6859=DIRECTION('ref_axis',(0.,1.,-7.73771182394966E-15));
#6860=DIRECTION('',(-1.,0.,0.));
#6861=DIRECTION('',(-1.,0.,0.));
#6862=DIRECTION('center_axis',(0.,0.978399653976848,0.206722318819194));
#6863=DIRECTION('ref_axis',(0.,0.206722318819194,-0.978399653976848));
#6864=DIRECTION('',(-1.,0.,0.));
#6865=DIRECTION('',(1.,0.,0.));
#6866=DIRECTION('',(0.,0.206722318819194,-0.978399653976848));
#6867=DIRECTION('center_axis',(0.,0.,-1.));
#6868=DIRECTION('ref_axis',(-7.88860905221012E-31,1.,0.));
#6869=DIRECTION('',(-7.88860905221012E-31,1.,0.));
#6870=DIRECTION('center_axis',(0.,0.,1.));
#6871=DIRECTION('ref_axis',(0.707106781186547,-0.707106781186547,4.31775426138038E-15));
#6872=DIRECTION('',(1.,7.88860905221012E-31,0.));
#6873=DIRECTION('',(0.,1.,0.));
#6874=DIRECTION('',(-1.,-7.88860905221012E-31,0.));
#6875=DIRECTION('',(0.,1.,0.));
#6876=DIRECTION('',(1.,0.,0.));
#6877=DIRECTION('',(1.,0.,0.));
#6878=DIRECTION('center_axis',(0.,0.,-1.));
#6879=DIRECTION('ref_axis',(1.,0.,0.));
#6880=DIRECTION('center_axis',(1.,7.88860905221012E-31,-9.69961280774835E-45));
#6881=DIRECTION('ref_axis',(-7.88860905221012E-31,1.,-6.10622663543836E-15));
#6882=DIRECTION('',(7.88860905221012E-31,-1.,6.10622663543836E-15));
#6883=DIRECTION('',(4.88264933663178E-45,6.10622663543836E-15,1.));
#6884=DIRECTION('center_axis',(0.,0.,1.));
#6885=DIRECTION('ref_axis',(-1.83697019872103E-16,1.,0.));
#6886=DIRECTION('',(0.,0.,-1.));
#6887=DIRECTION('center_axis',(0.,0.,1.));
#6888=DIRECTION('ref_axis',(1.,0.,0.));
#6889=DIRECTION('center_axis',(0.,0.,1.));
#6890=DIRECTION('ref_axis',(1.,0.,0.));
#6891=DIRECTION('',(0.,0.,-1.));
#6892=DIRECTION('center_axis',(0.,0.,-1.));
#6893=DIRECTION('ref_axis',(1.,0.,0.));
#6894=DIRECTION('center_axis',(0.,-1.,0.));
#6895=DIRECTION('ref_axis',(0.,0.,-1.));
#6896=DIRECTION('center_axis',(0.,-1.,0.));
#6897=DIRECTION('ref_axis',(1.,0.,0.));
#6898=DIRECTION('center_axis',(0.,1.,0.));
#6899=DIRECTION('ref_axis',(1.,0.,0.));
#6900=DIRECTION('center_axis',(0.,-1.,0.));
#6901=DIRECTION('ref_axis',(1.,0.,0.));
#6902=DIRECTION('',(0.,1.,0.));
#6903=DIRECTION('center_axis',(-8.47409175530384E-31,1.,-6.10622663543836E-15));
#6904=DIRECTION('ref_axis',(1.,0.,0.));
#6905=DIRECTION('center_axis',(0.,1.,0.));
#6906=DIRECTION('ref_axis',(-1.,0.,0.));
#6907=DIRECTION('',(0.,0.,1.));
#6908=DIRECTION('',(0.,0.,-1.));
#6909=DIRECTION('',(1.,0.,0.));
#6910=DIRECTION('center_axis',(0.,1.,0.));
#6911=DIRECTION('ref_axis',(1.,0.,0.));
#6912=DIRECTION('center_axis',(1.,0.,0.));
#6913=DIRECTION('ref_axis',(0.,0.,-1.));
#6914=DIRECTION('',(0.,0.,-1.));
#6915=DIRECTION('',(0.,1.,0.));
#6916=DIRECTION('center_axis',(0.,1.,0.));
#6917=DIRECTION('ref_axis',(1.,0.,0.));
#6918=DIRECTION('center_axis',(-1.,0.,0.));
#6919=DIRECTION('ref_axis',(0.,0.,1.));
#6920=DIRECTION('',(0.,1.,0.));
#6921=DIRECTION('center_axis',(-1.,0.,0.));
#6922=DIRECTION('ref_axis',(0.,0.,1.));
#6923=DIRECTION('',(0.,1.,0.));
#6924=DIRECTION('center_axis',(0.,0.,-1.));
#6925=DIRECTION('ref_axis',(-1.,0.,0.));
#6926=DIRECTION('center_axis',(0.,0.,1.));
#6927=DIRECTION('ref_axis',(1.,0.,0.));
#6928=DIRECTION('center_axis',(0.,0.,-1.));
#6929=DIRECTION('ref_axis',(-1.,0.,0.));
#6930=DIRECTION('center_axis',(1.,0.,0.));
#6931=DIRECTION('ref_axis',(0.,0.,1.));
#6932=DIRECTION('',(0.,1.,0.));
#6933=DIRECTION('',(0.,0.,1.));
#6934=DIRECTION('',(0.,-1.,0.));
#6935=DIRECTION('',(0.,0.,-1.));
#6936=DIRECTION('center_axis',(0.,0.,1.));
#6937=DIRECTION('ref_axis',(0.987157913468336,-0.159747469078045,0.));
#6938=DIRECTION('center_axis',(0.,0.,1.));
#6939=DIRECTION('ref_axis',(0.987157913468336,-0.159747469078045,0.));
#6940=DIRECTION('center_axis',(0.,0.,1.));
#6941=DIRECTION('ref_axis',(0.987157913468336,-0.159747469078045,0.));
#6942=DIRECTION('',(0.,0.,-1.));
#6943=DIRECTION('center_axis',(0.994966749461298,-0.100205625921991,0.));
#6944=DIRECTION('ref_axis',(0.100205625921991,0.994966749461298,0.));
#6945=DIRECTION('',(0.100205625921991,0.994966749461298,0.));
#6946=DIRECTION('',(0.,0.,1.));
#6947=DIRECTION('',(0.100205625921991,0.994966749461298,0.));
#6948=DIRECTION('center_axis',(0.,-1.,0.));
#6949=DIRECTION('ref_axis',(1.,0.,0.));
#6950=DIRECTION('center_axis',(0.,-1.,0.));
#6951=DIRECTION('ref_axis',(1.,0.,0.));
#6952=DIRECTION('',(0.,-1.,0.));
#6953=DIRECTION('center_axis',(0.,-1.,0.));
#6954=DIRECTION('ref_axis',(1.,0.,0.));
#6955=DIRECTION('center_axis',(0.,-1.,0.));
#6956=DIRECTION('ref_axis',(1.,0.,0.));
#6957=DIRECTION('center_axis',(0.,0.,1.));
#6958=DIRECTION('ref_axis',(-1.,0.,0.));
#6959=DIRECTION('',(0.,-1.,0.));
#6960=DIRECTION('',(1.,0.,0.));
#6961=DIRECTION('',(0.0750686337537738,0.997178369313305,0.));
#6962=DIRECTION('',(0.,1.,0.));
#6963=DIRECTION('',(-0.0351792593263804,0.999381018287443,0.));
#6964=DIRECTION('',(-1.,0.,0.));
#6965=DIRECTION('center_axis',(0.,1.,0.));
#6966=DIRECTION('ref_axis',(1.,0.,0.));
#6967=DIRECTION('',(1.,0.,0.));
#6968=DIRECTION('',(0.,0.,1.));
#6969=DIRECTION('center_axis',(0.999381018287443,0.0351792593263804,0.));
#6970=DIRECTION('ref_axis',(-0.0351792593263804,0.999381018287443,0.));
#6971=DIRECTION('',(-2.14902029161533E-16,6.10498949801477E-15,1.));
#6972=DIRECTION('',(0.,0.,1.));
#6973=DIRECTION('',(-0.0351792593263804,0.999381018287443,0.));
#6974=DIRECTION('center_axis',(1.,0.,0.));
#6975=DIRECTION('ref_axis',(0.,1.,0.));
#6976=DIRECTION('',(0.,1.,0.));
#6977=DIRECTION('',(0.,0.,1.));
#6978=DIRECTION('center_axis',(0.997178369313305,-0.0750686337537738,0.));
#6979=DIRECTION('ref_axis',(0.0750686337537738,0.997178369313305,0.));
#6980=DIRECTION('',(0.0750686337537738,0.997178369313305,0.));
#6981=DIRECTION('center_axis',(0.,-1.,0.));
#6982=DIRECTION('ref_axis',(1.,0.,0.));
#6983=DIRECTION('center_axis',(0.,-1.,0.));
#6984=DIRECTION('ref_axis',(1.,0.,0.));
#6985=DIRECTION('',(0.,-1.,0.));
#6986=DIRECTION('center_axis',(0.,-1.,0.));
#6987=DIRECTION('ref_axis',(1.,0.,0.));
#6988=DIRECTION('center_axis',(1.,0.,0.));
#6989=DIRECTION('ref_axis',(0.,1.,0.));
#6990=DIRECTION('',(0.,-1.,0.));
#6991=DIRECTION('',(0.,0.,1.));
#6992=DIRECTION('',(0.,1.,0.));
#6993=DIRECTION('',(0.,0.,1.));
#6994=DIRECTION('center_axis',(0.997178369313305,0.0750686337537738,0.));
#6995=DIRECTION('ref_axis',(-0.0750686337537738,0.997178369313305,0.));
#6996=DIRECTION('',(0.0750686337537738,-0.997178369313305,0.));
#6997=DIRECTION('',(0.,0.,1.));
#6998=DIRECTION('',(-0.0750686337537738,0.997178369313305,0.));
#6999=DIRECTION('center_axis',(0.994966749461298,0.100205625921991,0.));
#7000=DIRECTION('ref_axis',(-0.100205625921991,0.994966749461298,0.));
#7001=DIRECTION('',(0.100205625921991,-0.994966749461298,0.));
#7002=DIRECTION('',(0.,0.,1.));
#7003=DIRECTION('',(-0.100205625921991,0.994966749461298,0.));
#7004=DIRECTION('center_axis',(1.,0.,0.));
#7005=DIRECTION('ref_axis',(0.,0.,1.));
#7006=DIRECTION('',(0.,0.,-1.));
#7007=DIRECTION('',(0.,-1.,0.));
#7008=DIRECTION('',(0.,-1.,0.));
#7009=DIRECTION('center_axis',(-1.,0.,0.));
#7010=DIRECTION('ref_axis',(0.,0.,-1.));
#7011=DIRECTION('',(0.,0.,-1.));
#7012=DIRECTION('',(0.,1.,0.));
#7013=DIRECTION('',(0.,-1.,0.));
#7014=DIRECTION('center_axis',(0.,0.,-1.));
#7015=DIRECTION('ref_axis',(-0.987157913468336,-0.159747469078045,0.));
#7016=DIRECTION('',(0.,0.,1.));
#7017=DIRECTION('center_axis',(0.,0.,-1.));
#7018=DIRECTION('ref_axis',(-0.987157913468336,-0.159747469078045,0.));
#7019=DIRECTION('center_axis',(0.,0.,1.));
#7020=DIRECTION('ref_axis',(-0.987157913468336,-0.159747469078045,0.));
#7021=DIRECTION('center_axis',(0.,1.,0.));
#7022=DIRECTION('ref_axis',(1.,0.,0.));
#7023=DIRECTION('',(1.,0.,0.));
#7024=DIRECTION('',(-1.,0.,0.));
#7025=DIRECTION('center_axis',(0.999381018287443,-0.0351792593263804,0.));
#7026=DIRECTION('ref_axis',(0.0351792593263804,0.999381018287443,0.));
#7027=DIRECTION('',(-0.0351792593263804,-0.999381018287443,0.));
#7028=DIRECTION('',(0.0351792593263804,0.999381018287443,0.));
#7029=DIRECTION('',(-2.14902029161533E-16,-6.10498949801477E-15,-1.));
#7030=DIRECTION('',(0.0351792593263804,0.999381018287443,0.));
#7031=DIRECTION('center_axis',(0.,0.,-1.));
#7032=DIRECTION('ref_axis',(1.,0.,0.));
#7033=DIRECTION('center_axis',(0.,0.,1.));
#7034=DIRECTION('ref_axis',(1.,0.,0.));
#7035=DIRECTION('',(-1.,0.,0.));
#7036=DIRECTION('center_axis',(-1.,-4.10638148252219E-32,1.22464679914735E-16));
#7037=DIRECTION('ref_axis',(1.22464679914735E-16,6.10622663543836E-15,1.));
#7038=DIRECTION('',(1.22464679914735E-16,6.10622663543836E-15,1.));
#7039=DIRECTION('',(-7.88860905221012E-31,1.,-6.10622663543836E-15));
#7040=DIRECTION('center_axis',(-1.,-4.10638148252219E-32,1.22464679914735E-16));
#7041=DIRECTION('ref_axis',(0.,0.250000000000006,0.968245836551853));
#7042=DIRECTION('center_axis',(1.22464679914735E-16,6.10622663543836E-15,
1.));
#7043=DIRECTION('ref_axis',(1.,4.10638148252219E-32,-1.22464679914735E-16));
#7044=DIRECTION('',(1.,4.10638148252219E-32,-1.22464679914735E-16));
#7045=DIRECTION('center_axis',(1.22464679914735E-16,6.10622663543836E-15,
1.));
#7046=DIRECTION('ref_axis',(-0.968245836551854,0.25,-1.38777878078145E-15));
#7047=DIRECTION('center_axis',(-7.88860905221012E-31,1.,-6.10622663543836E-15));
#7048=DIRECTION('ref_axis',(-0.995230324409998,5.95681151534271E-16,0.0975530695302318));
#7049=DIRECTION('',(-7.88860905221012E-31,1.,-6.10622663543836E-15));
#7050=DIRECTION('center_axis',(7.88860905221012E-31,-1.,6.10622663543836E-15));
#7051=DIRECTION('ref_axis',(1.,4.10638148252219E-32,-1.22464679914735E-16));
#7052=DIRECTION('center_axis',(7.88860905221012E-31,-1.,6.10622663543836E-15));
#7053=DIRECTION('ref_axis',(1.,4.10638148252219E-32,-1.22464679914735E-16));
#7054=DIRECTION('center_axis',(7.88860905221012E-31,-1.,6.10622663543836E-15));
#7055=DIRECTION('ref_axis',(1.,4.10638148252219E-32,-1.22464679914735E-16));
#7056=DIRECTION('',(7.88860905221012E-31,-1.,6.10622663543836E-15));
#7057=DIRECTION('center_axis',(-7.88860905221012E-31,1.,-6.10622663543836E-15));
#7058=DIRECTION('ref_axis',(1.,4.10638148252219E-32,-1.22464679914735E-16));
#7059=DIRECTION('center_axis',(-7.88860905221012E-31,1.,-6.10622663543836E-15));
#7060=DIRECTION('ref_axis',(-1.,-4.10638148252219E-32,1.22464679914735E-16));
#7061=DIRECTION('center_axis',(-7.88860905221012E-31,1.,-6.10622663543836E-15));
#7062=DIRECTION('ref_axis',(0.707106781186548,-4.31775426138038E-15,-0.707106781186548));
#7063=DIRECTION('',(-1.22464679914735E-16,-6.10622663543836E-15,-1.));
#7064=DIRECTION('',(-1.,-4.10638148252219E-32,1.22464679914735E-16));
#7065=DIRECTION('center_axis',(-7.88860905221012E-31,1.,-6.10622663543836E-15));
#7066=DIRECTION('ref_axis',(1.,7.88860905221012E-31,4.81696347111655E-45));
#7067=DIRECTION('center_axis',(-7.88860905221012E-31,1.,-6.10622663543836E-15));
#7068=DIRECTION('ref_axis',(1.,4.10638148252219E-32,-1.22464679914735E-16));
#7069=DIRECTION('center_axis',(-7.88860905221012E-31,1.,-6.10622663543836E-15));
#7070=DIRECTION('ref_axis',(-1.,-4.10638148252219E-32,1.22464679914735E-16));
#7071=DIRECTION('center_axis',(-7.88860905221012E-31,1.,-6.10622663543836E-15));
#7072=DIRECTION('ref_axis',(1.,7.88860905221012E-31,4.81696347111655E-45));
#7073=DIRECTION('center_axis',(-8.47409175530384E-31,1.,-6.10622663543836E-15));
#7074=DIRECTION('ref_axis',(1.,0.,9.6339269422331E-45));
#7075=DIRECTION('',(0.,-1.,6.10622663543836E-15));
#7076=DIRECTION('',(0.,1.,-6.10622663543836E-15));
#7077=DIRECTION('center_axis',(-8.47409175530384E-31,1.,-6.10622663543836E-15));
#7078=DIRECTION('ref_axis',(1.,0.,9.6339269422331E-45));
#7079=DIRECTION('center_axis',(0.,1.,0.));
#7080=DIRECTION('ref_axis',(1.2490009027033E-15,0.,1.));
#7081=DIRECTION('center_axis',(-5.60519385729927E-45,-1.,2.40613751245838E-59));
#7082=DIRECTION('ref_axis',(1.2490009027033E-15,0.,1.));
#7083=DIRECTION('',(0.,1.,0.));
#7084=DIRECTION('center_axis',(-8.50714055232113E-45,-1.,-7.88860905221008E-31));
#7085=DIRECTION('ref_axis',(1.2490009027033E-15,-7.88860905221008E-31,1.));
#7086=DIRECTION('',(0.,1.,0.));
#7087=DIRECTION('center_axis',(1.,0.,0.));
#7088=DIRECTION('ref_axis',(0.,0.,-1.));
#7089=DIRECTION('',(0.,-2.40613751245838E-59,-1.));
#7090=DIRECTION('',(0.,1.,0.));
#7091=DIRECTION('',(0.,0.,-1.));
#7092=DIRECTION('center_axis',(0.,1.,0.));
#7093=DIRECTION('ref_axis',(-1.,0.,-6.66133814775091E-15));
#7094=DIRECTION('center_axis',(-5.60519385729927E-45,-1.,2.40613751245838E-59));
#7095=DIRECTION('ref_axis',(-1.,0.,-6.66133814775091E-15));
#7096=DIRECTION('',(0.,1.,0.));
#7097=DIRECTION('center_axis',(0.,-1.,0.));
#7098=DIRECTION('ref_axis',(-1.,0.,-6.66133814775091E-15));
#7099=DIRECTION('center_axis',(0.,0.,1.));
#7100=DIRECTION('ref_axis',(1.,3.15965016740158E-59,0.));
#7101=DIRECTION('',(1.,-5.60519385729927E-45,0.));
#7102=DIRECTION('',(0.,1.,0.));
#7103=DIRECTION('',(1.,3.15965016740158E-59,0.));
#7104=DIRECTION('center_axis',(0.,1.,0.));
#7105=DIRECTION('ref_axis',(5.55111512312575E-15,0.,-1.));
#7106=DIRECTION('center_axis',(-5.60519385729927E-45,-1.,2.40613751245838E-59));
#7107=DIRECTION('ref_axis',(5.55111512312575E-15,0.,-1.));
#7108=DIRECTION('',(0.,1.,0.));
#7109=DIRECTION('center_axis',(0.,-1.,0.));
#7110=DIRECTION('ref_axis',(5.55111512312575E-15,0.,-1.));
#7111=DIRECTION('center_axis',(-1.,0.,0.));
#7112=DIRECTION('ref_axis',(0.,-1.31886911399295E-45,1.));
#7113=DIRECTION('',(0.,2.40613751245838E-59,1.));
#7114=DIRECTION('',(0.,1.,0.));
#7115=DIRECTION('',(0.,-1.31886911399295E-45,1.));
#7116=DIRECTION('center_axis',(0.,1.,0.));
#7117=DIRECTION('ref_axis',(1.,0.,1.11022302462514E-14));
#7118=DIRECTION('center_axis',(-5.60519385729927E-45,-1.,2.40613751245838E-59));
#7119=DIRECTION('ref_axis',(1.,0.,1.11022302462514E-14));
#7120=DIRECTION('',(0.,1.,0.));
#7121=DIRECTION('center_axis',(-5.60519385729927E-45,-1.,2.40613751245847E-59));
#7122=DIRECTION('ref_axis',(1.,-5.60519385729927E-45,1.11022302462514E-14));
#7123=DIRECTION('center_axis',(1.,0.,5.66180276033647E-16));
#7124=DIRECTION('ref_axis',(5.66180276033647E-16,-1.78797903229492E-31,
-1.));
#7125=DIRECTION('',(5.66180276033647E-16,-2.72349253299316E-59,-1.));
#7126=DIRECTION('',(0.,0.,-1.));
#7127=DIRECTION('',(0.,1.,0.));
#7128=DIRECTION('center_axis',(1.,0.,0.));
#7129=DIRECTION('ref_axis',(5.5780889549474E-31,-0.707106781186543,0.707106781186552));
#7130=DIRECTION('',(0.,0.,-1.));
#7131=DIRECTION('',(-7.88860905221013E-31,1.,-6.10622663543836E-15));
#7132=DIRECTION('',(0.,1.,0.));
#7133=DIRECTION('center_axis',(-1.,0.,-5.03271356474353E-16));
#7134=DIRECTION('ref_axis',(-5.03271356474353E-16,0.,1.));
#7135=DIRECTION('',(-5.03271356474353E-16,2.68823086404486E-59,1.));
#7136=DIRECTION('',(0.,1.,0.));
#7137=DIRECTION('',(7.88860905221013E-31,-1.,6.10622663543836E-15));
#7138=DIRECTION('',(0.,0.,1.));
#7139=DIRECTION('center_axis',(-1.,0.,0.));
#7140=DIRECTION('ref_axis',(5.5780889549474E-31,-0.707106781186543,0.707106781186552));
#7141=DIRECTION('',(0.,1.,0.));
#7142=DIRECTION('',(-5.03271356474353E-16,0.,1.));
#7143=DIRECTION('center_axis',(-5.60519385729927E-45,-1.,2.40613751245838E-59));
#7144=DIRECTION('ref_axis',(1.,-5.60519385729927E-45,0.));
#7145=DIRECTION('',(1.,-5.60519385729927E-45,0.));
#7146=DIRECTION('',(0.,-2.40613751245838E-59,-1.));
#7147=DIRECTION('',(1.,-5.60519385729927E-45,0.));
#7148=DIRECTION('',(1.,-5.60519385729927E-45,0.));
#7149=DIRECTION('',(0.,2.40613751245838E-59,1.));
#7150=DIRECTION('',(1.,-5.60519385729927E-45,0.));
#7151=DIRECTION('',(0.,-2.40613751245838E-59,-1.));
#7152=DIRECTION('center_axis',(-5.60519385729927E-45,-1.,2.40613751245838E-59));
#7153=DIRECTION('ref_axis',(-0.707106781186547,0.,0.707106781186548));
#7154=DIRECTION('',(-1.,5.60519385729927E-45,0.));
#7155=DIRECTION('center_axis',(-5.60519385729927E-45,-1.,2.40613751245838E-59));
#7156=DIRECTION('ref_axis',(0.707106781186547,0.,0.707106781186548));
#7157=DIRECTION('',(0.,2.40613751245838E-59,1.));
#7158=DIRECTION('center_axis',(5.60519385729927E-45,1.,-2.40613751245838E-59));
#7159=DIRECTION('ref_axis',(0.,-2.40613751245838E-59,-1.));
#7160=DIRECTION('center_axis',(5.60519385729927E-45,1.,-2.40613751245838E-59));
#7161=DIRECTION('ref_axis',(0.,-2.40613751245838E-59,-1.));
#7162=DIRECTION('center_axis',(5.60519385729927E-45,1.,-2.40613751245838E-59));
#7163=DIRECTION('ref_axis',(0.,-2.40613751245838E-59,-1.));
#7164=DIRECTION('center_axis',(5.60519385729927E-45,1.,-2.40613751245838E-59));
#7165=DIRECTION('ref_axis',(0.,-2.40613751245838E-59,-1.));
#7166=DIRECTION('center_axis',(0.,0.,1.));
#7167=DIRECTION('ref_axis',(1.,0.,0.));
#7168=DIRECTION('',(0.,1.,0.));
#7169=DIRECTION('',(1.,0.,0.));
#7170=DIRECTION('',(0.,1.,0.));
#7171=DIRECTION('center_axis',(1.,0.,0.));
#7172=DIRECTION('ref_axis',(0.,0.,-1.));
#7173=DIRECTION('',(0.,1.,0.));
#7174=DIRECTION('',(0.,-1.,0.));
#7175=DIRECTION('',(0.,0.,-1.));
#7176=DIRECTION('center_axis',(0.,0.,-1.));
#7177=DIRECTION('ref_axis',(-1.,0.,0.));
#7178=DIRECTION('center_axis',(0.,0.,1.));
#7179=DIRECTION('ref_axis',(1.,0.,0.));
#7180=DIRECTION('',(1.,7.88860905221012E-31,-9.69961280774835E-45));
#7181=DIRECTION('',(1.,0.,0.));
#7182=DIRECTION('',(0.,1.,0.));
#7183=DIRECTION('center_axis',(0.,1.,0.));
#7184=DIRECTION('ref_axis',(0.,0.,1.));
#7185=DIRECTION('',(1.,0.,0.));
#7186=DIRECTION('',(0.,0.,-1.));
#7187=DIRECTION('center_axis',(0.,0.,1.));
#7188=DIRECTION('ref_axis',(1.,0.,0.));
#7189=DIRECTION('center_axis',(0.,0.,-1.));
#7190=DIRECTION('ref_axis',(0.707106781186547,0.707106781186547,-4.31775426138038E-15));
#7191=DIRECTION('',(0.,1.,0.));
#7192=DIRECTION('',(1.,0.,0.));
#7193=DIRECTION('',(1.,7.88860905221012E-31,-9.69961280774835E-45));
#7194=DIRECTION('center_axis',(0.,1.,0.));
#7195=DIRECTION('ref_axis',(0.,0.,1.));
#7196=DIRECTION('',(1.,0.,0.));
#7197=DIRECTION('',(0.,0.,1.));
#7198=DIRECTION('',(1.,0.,0.));
#7199=DIRECTION('',(0.,0.,1.));
#7200=DIRECTION('center_axis',(-1.22464679914735E-16,1.,0.));
#7201=DIRECTION('ref_axis',(-1.,-1.22464679914735E-16,0.));
#7202=DIRECTION('center_axis',(0.,1.,-6.10498949801477E-15));
#7203=DIRECTION('ref_axis',(-4.88362526597964E-45,-6.10498949801477E-15,
-1.));
#7204=DIRECTION('',(0.,0.,-1.));
#7205=DIRECTION('',(0.,0.,1.));
#7206=DIRECTION('',(0.,0.,-1.));
#7207=DIRECTION('',(1.,0.,0.));
#7208=DIRECTION('',(-1.,0.,0.));
#7209=DIRECTION('',(-1.,0.,0.));
#7210=DIRECTION('center_axis',(0.,0.,1.));
#7211=DIRECTION('ref_axis',(1.,0.,0.));
#7212=DIRECTION('center_axis',(0.,0.,-1.));
#7213=DIRECTION('ref_axis',(1.,0.,0.));
#7214=DIRECTION('center_axis',(0.,0.,1.));
#7215=DIRECTION('ref_axis',(1.,0.,0.));
#7216=DIRECTION('center_axis',(0.,0.,1.));
#7217=DIRECTION('ref_axis',(1.,0.,0.));
#7218=DIRECTION('',(1.,0.,0.));
#7219=DIRECTION('center_axis',(0.,-6.10622663543836E-15,-1.));
#7220=DIRECTION('ref_axis',(-7.88860905221012E-31,1.,-6.10622663543836E-15));
#7221=DIRECTION('',(1.,0.,0.));
#7222=DIRECTION('',(7.88860905221012E-31,-1.,6.10622663543836E-15));
#7223=DIRECTION('',(1.,0.,0.));
#7224=DIRECTION('center_axis',(0.,1.,-6.10622663543836E-15));
#7225=DIRECTION('ref_axis',(4.88264933663178E-45,6.10622663543836E-15,1.));
#7226=DIRECTION('',(-4.88264933663178E-45,-6.10622663543836E-15,-1.));
#7227=DIRECTION('',(1.,0.,0.));
#7228=DIRECTION('center_axis',(0.,6.10622663543836E-15,1.));
#7229=DIRECTION('ref_axis',(7.88860905221012E-31,-1.,6.10622663543836E-15));
#7230=DIRECTION('',(7.88860905221012E-31,-1.,6.10622663543836E-15));
#7231=DIRECTION('center_axis',(0.,1.,-6.10622663543836E-15));
#7232=DIRECTION('ref_axis',(4.88264933663178E-45,6.10622663543836E-15,1.));
#7233=DIRECTION('center_axis',(0.,1.,-6.10622663543836E-15));
#7234=DIRECTION('ref_axis',(-0.707106781186547,-4.31775426138039E-15,-0.707106781186549));
#7235=DIRECTION('',(1.,0.,0.));
#7236=DIRECTION('center_axis',(0.,-1.,0.));
#7237=DIRECTION('ref_axis',(-9.69961280774835E-45,0.,-1.));
#7238=DIRECTION('',(0.,0.,-1.));
#7239=DIRECTION('center_axis',(0.,1.,-6.10622663543836E-15));
#7240=DIRECTION('ref_axis',(-4.88264933663178E-45,-6.10622663543836E-15,
-1.));
#7241=DIRECTION('',(4.88264933663178E-45,6.10622663543836E-15,1.));
#7242=DIRECTION('',(-1.,0.,0.));
#7243=DIRECTION('center_axis',(0.,-6.10622663543836E-15,-1.));
#7244=DIRECTION('ref_axis',(7.88860905221012E-31,-1.,6.10622663543836E-15));
#7245=DIRECTION('',(-7.88860905221012E-31,1.,-6.10622663543836E-15));
#7246=DIRECTION('',(-1.,0.,0.));
#7247=DIRECTION('center_axis',(0.,1.,-6.10622663543836E-15));
#7248=DIRECTION('ref_axis',(-4.88264933663178E-45,-6.10622663543836E-15,
-1.));
#7249=DIRECTION('center_axis',(0.,1.,-6.10622663543836E-15));
#7250=DIRECTION('ref_axis',(0.707106781186546,-4.31775426138039E-15,-0.707106781186549));
#7251=DIRECTION('',(-1.,0.,0.));
#7252=DIRECTION('',(-1.,0.,0.));
#7253=DIRECTION('center_axis',(1.22464679914735E-16,6.10622663543836E-15,
1.));
#7254=DIRECTION('ref_axis',(1.,4.10638148252219E-32,-1.22464679914735E-16));
#7255=DIRECTION('',(-1.,-4.10638148252219E-32,1.22464679914735E-16));
#7256=DIRECTION('',(-7.88860905221012E-31,1.,-6.10622663543836E-15));
#7257=DIRECTION('center_axis',(1.22464679914735E-16,6.10622663543836E-15,
1.));
#7258=DIRECTION('ref_axis',(0.968245836551854,0.25,-1.66533453693773E-15));
#7259=DIRECTION('center_axis',(1.,4.10638148252219E-32,-1.22464679914735E-16));
#7260=DIRECTION('ref_axis',(-1.22464679914735E-16,-6.10622663543836E-15,
-1.));
#7261=DIRECTION('',(1.22464679914735E-16,6.10622663543836E-15,1.));
#7262=DIRECTION('center_axis',(1.,4.10638148252219E-32,-1.22464679914735E-16));
#7263=DIRECTION('ref_axis',(0.,0.250000000000006,0.968245836551853));
#7264=DIRECTION('center_axis',(-7.88860905221012E-31,1.,-6.10622663543836E-15));
#7265=DIRECTION('ref_axis',(-1.,-4.1063814825222E-32,1.22464679914735E-16));
#7266=DIRECTION('',(0.,1.,-6.10622663543836E-15));
#7267=DIRECTION('center_axis',(7.88860905221012E-31,-1.,6.10622663543836E-15));
#7268=DIRECTION('ref_axis',(-1.,-4.1063814825222E-32,1.22464679914735E-16));
#7269=DIRECTION('',(0.,-1.,6.10622663543836E-15));
#7270=DIRECTION('center_axis',(-7.88860905221012E-31,1.,-6.10622663543836E-15));
#7271=DIRECTION('ref_axis',(-1.,-4.1063814825222E-32,1.22464679914735E-16));
#7272=DIRECTION('center_axis',(-7.88860905221012E-31,1.,-6.10622663543836E-15));
#7273=DIRECTION('ref_axis',(-1.,-4.10638148252219E-32,1.22464679914735E-16));
#7274=DIRECTION('center_axis',(-7.88860905221012E-31,1.,-6.10622663543836E-15));
#7275=DIRECTION('ref_axis',(-0.707106781186544,-4.3177542613804E-15,-0.707106781186551));
#7276=DIRECTION('',(1.,4.10638148252219E-32,-1.22464679914735E-16));
#7277=DIRECTION('',(-1.22464679914735E-16,-6.10622663543836E-15,-1.));
#7278=DIRECTION('center_axis',(-7.88860905221012E-31,1.,-6.10622663543836E-15));
#7279=DIRECTION('ref_axis',(1.,0.,9.6339269422331E-45));
#7280=DIRECTION('center_axis',(1.22464679914735E-16,6.10622663543836E-15,
1.));
#7281=DIRECTION('ref_axis',(1.,4.10638148252219E-32,-1.22464679914735E-16));
#7282=DIRECTION('',(7.88860905221012E-31,-1.,6.10622663543836E-15));
#7283=DIRECTION('',(-7.88860905221012E-31,1.,-6.10622663543836E-15));
#7284=DIRECTION('center_axis',(1.,4.10638148252219E-32,-1.22464679914735E-16));
#7285=DIRECTION('ref_axis',(-1.22464679914735E-16,-6.10622663543836E-15,
-1.));
#7286=DIRECTION('center_axis',(-7.88860905221012E-31,1.,-6.10622663543836E-15));
#7287=DIRECTION('ref_axis',(-0.707106781186546,4.31775426138039E-15,0.707106781186549));
#7288=DIRECTION('',(-7.88860905221012E-31,1.,-6.10622663543836E-15));
#7289=DIRECTION('center_axis',(1.,7.88860905221012E-31,-9.69961280774835E-45));
#7290=DIRECTION('ref_axis',(-7.88860905221012E-31,1.,-6.10622663543836E-15));
#7291=DIRECTION('',(-7.88860905221012E-31,1.,-6.10622663543836E-15));
#7292=DIRECTION('',(4.88264933663178E-45,6.10622663543836E-15,1.));
#7293=DIRECTION('',(-7.88860905221012E-31,1.,-6.10622663543836E-15));
#7294=DIRECTION('',(0.,-6.10622663543836E-15,-1.));
#7295=DIRECTION('center_axis',(7.88860905221012E-31,-1.,6.10622663543836E-15));
#7296=DIRECTION('ref_axis',(1.,7.88860905221012E-31,-9.69961280774835E-45));
#7297=DIRECTION('',(1.,7.88860905221012E-31,-9.69961280774835E-45));
#7298=DIRECTION('',(4.88264933663178E-45,6.10622663543836E-15,1.));
#7299=DIRECTION('',(1.,7.88860905221012E-31,-9.69961280774835E-45));
#7300=DIRECTION('center_axis',(-1.,-7.88860905221012E-31,9.69961280774835E-45));
#7301=DIRECTION('ref_axis',(7.88860905221012E-31,-1.,6.10622663543836E-15));
#7302=DIRECTION('',(7.88860905221012E-31,-1.,6.10622663543836E-15));
#7303=DIRECTION('',(0.,6.10622663543836E-15,1.));
#7304=DIRECTION('',(7.88860905221012E-31,-1.,6.10622663543836E-15));
#7305=DIRECTION('center_axis',(4.88264933663178E-45,6.10622663543836E-15,
1.));
#7306=DIRECTION('ref_axis',(-0.707106781186544,0.707106781186551,-4.3177542613804E-15));
#7307=DIRECTION('center_axis',(-4.88264933663178E-45,-6.10622663543836E-15,
-1.));
#7308=DIRECTION('ref_axis',(-0.707106781186544,0.707106781186551,-4.3177542613804E-15));
#7309=DIRECTION('center_axis',(-7.88860905221012E-31,1.,-6.10622663543836E-15));
#7310=DIRECTION('ref_axis',(-1.,-7.88860905221012E-31,9.69961280774835E-45));
#7311=DIRECTION('',(-4.88264933663178E-45,-6.10622663543836E-15,-1.));
#7312=DIRECTION('',(-1.,-7.88860905221012E-31,9.69961280774835E-45));
#7313=DIRECTION('',(4.88264933663178E-45,6.10622663543836E-15,1.));
#7314=DIRECTION('',(1.,7.88860905221012E-31,-9.69961280774835E-45));
#7315=DIRECTION('center_axis',(-4.88264933663178E-45,-6.10622663543836E-15,
-1.));
#7316=DIRECTION('ref_axis',(-0.707106781186547,0.707106781186547,-4.31775426138038E-15));
#7317=DIRECTION('center_axis',(4.88264933663178E-45,6.10622663543836E-15,
1.));
#7318=DIRECTION('ref_axis',(-0.707106781186547,0.707106781186547,-4.31775426138038E-15));
#7319=DIRECTION('center_axis',(-4.88264933663178E-45,-6.10622663543836E-15,
-1.));
#7320=DIRECTION('ref_axis',(-0.707106781186547,0.707106781186547,-4.31775426138038E-15));
#7321=DIRECTION('center_axis',(-4.88264933663178E-45,-6.10622663543836E-15,
-1.));
#7322=DIRECTION('ref_axis',(-0.707106781186547,0.707106781186547,-4.31775426138038E-15));
#7323=DIRECTION('center_axis',(-4.88264933663178E-45,-6.10622663543836E-15,
-1.));
#7324=DIRECTION('ref_axis',(-0.707106781186547,0.707106781186547,-4.31775426138038E-15));
#7325=DIRECTION('center_axis',(-4.88264933663178E-45,-6.10622663543836E-15,
-1.));
#7326=DIRECTION('ref_axis',(-0.707106781186547,0.707106781186547,-4.31775426138038E-15));
#7327=DIRECTION('center_axis',(-4.88264933663178E-45,-6.10622663543836E-15,
-1.));
#7328=DIRECTION('ref_axis',(-0.707106781186547,0.707106781186547,-4.31775426138038E-15));
#7329=DIRECTION('center_axis',(-4.88264933663178E-45,-6.10622663543836E-15,
-1.));
#7330=DIRECTION('ref_axis',(-0.707106781186547,-0.707106781186547,4.31775426138038E-15));
#7331=DIRECTION('',(4.88264933663178E-45,6.10622663543836E-15,1.));
#7332=DIRECTION('center_axis',(-4.88264933663178E-45,-6.10622663543836E-15,
-1.));
#7333=DIRECTION('ref_axis',(-0.707106781186547,-0.707106781186547,4.31775426138038E-15));
#7334=DIRECTION('center_axis',(-4.88264933663178E-45,-6.10622663543836E-15,
-1.));
#7335=DIRECTION('ref_axis',(-0.707106781186547,-0.707106781186547,4.31775426138038E-15));
#7336=DIRECTION('center_axis',(-4.88264933663178E-45,-6.10622663543836E-15,
-1.));
#7337=DIRECTION('ref_axis',(-0.707106781186547,-0.707106781186547,4.31775426138038E-15));
#7338=DIRECTION('center_axis',(4.88264933663178E-45,6.10622663543836E-15,
1.));
#7339=DIRECTION('ref_axis',(0.707106781186547,-0.707106781186547,4.31775426138038E-15));
#7340=DIRECTION('center_axis',(-4.88264933663178E-45,-6.10622663543836E-15,
-1.));
#7341=DIRECTION('ref_axis',(0.707106781186547,-0.707106781186547,4.31775426138038E-15));
#7342=DIRECTION('center_axis',(-4.88264933663178E-45,-6.10622663543836E-15,
-1.));
#7343=DIRECTION('ref_axis',(0.707106781186547,-0.707106781186547,4.31775426138038E-15));
#7344=DIRECTION('center_axis',(-4.88264933663178E-45,-6.10622663543836E-15,
-1.));
#7345=DIRECTION('ref_axis',(0.707106781186547,-0.707106781186547,4.31775426138038E-15));
#7346=DIRECTION('',(-4.88264933663178E-45,-6.10622663543836E-15,-1.));
#7347=DIRECTION('center_axis',(4.88264933663178E-45,6.10622663543836E-15,
1.));
#7348=DIRECTION('ref_axis',(0.707106781186544,0.707106781186551,-4.3177542613804E-15));
#7349=DIRECTION('center_axis',(-4.88264933663178E-45,-6.10622663543836E-15,
-1.));
#7350=DIRECTION('ref_axis',(0.707106781186544,0.707106781186551,-4.3177542613804E-15));
#7351=DIRECTION('center_axis',(7.88860905221012E-31,-1.,6.10622663543836E-15));
#7352=DIRECTION('ref_axis',(0.756996875826053,-3.98992142003976E-15,-0.653418495291949));
#7353=DIRECTION('center_axis',(0.0223046271207253,0.980637071447545,0.194559599382265));
#7354=DIRECTION('ref_axis',(0.993492722406887,-1.55499992504764E-15,-0.113895612402553));
#7355=DIRECTION('',(7.88860905221012E-31,-1.,6.10622663543836E-15));
#7356=DIRECTION('center_axis',(7.88860905221012E-31,-1.,6.10622663543836E-15));
#7357=DIRECTION('ref_axis',(0.756996875826053,-3.98992142003976E-15,-0.653418495291949));
#7358=DIRECTION('',(7.88860905221012E-31,-1.,6.10622663543836E-15));
#7359=DIRECTION('center_axis',(1.74840202558628E-17,-1.,6.23610150312779E-15));
#7360=DIRECTION('ref_axis',(0.756996875826054,-4.06154871195105E-15,-0.653418495291949));
#7361=DIRECTION('center_axis',(-0.964572770965771,-0.0605461525419696,-0.256775257616031));
#7362=DIRECTION('ref_axis',(1.14603667058081E-15,0.97330851067723,-0.229500638437614));
#7363=DIRECTION('center_axis',(-4.88264933663178E-45,-6.10622663543836E-15,
-1.));
#7364=DIRECTION('ref_axis',(-0.707106781186544,-0.707106781186551,4.3177542613804E-15));
#7365=DIRECTION('',(7.88860905221012E-31,-1.,6.10622663543836E-15));
#7366=DIRECTION('center_axis',(0.0257369685795213,-0.949909643805075,0.311463123105213));
#7367=DIRECTION('ref_axis',(0.77849312179211,-0.176410799148336,-0.602351798591339));
#7368=DIRECTION('center_axis',(-1.,-7.88860905221012E-31,9.69961280774835E-45));
#7369=DIRECTION('ref_axis',(-7.5958355836406E-31,0.962886553683691,-0.269906437002057));
#7370=DIRECTION('',(1.,7.88860905221012E-31,-9.69961280774835E-45));
#7371=DIRECTION('center_axis',(-4.88264933663178E-45,-6.10622663543836E-15,
-1.));
#7372=DIRECTION('ref_axis',(-0.707106781186544,0.707106781186551,-4.3177542613804E-15));
#7373=DIRECTION('center_axis',(-0.246211001466348,-0.938231794052345,0.243107472913227));
#7374=DIRECTION('ref_axis',(0.783438841763737,-0.340328637078187,-0.520000000000383));
#7375=DIRECTION('center_axis',(-1.,-7.88860905221012E-31,9.69961280774835E-45));
#7376=DIRECTION('ref_axis',(-7.5958355836406E-31,0.962886553683691,-0.269906437002057));
#7377=DIRECTION('center_axis',(-1.,0.,0.));
#7378=DIRECTION('ref_axis',(-7.5958355836406E-31,0.962886553683691,-0.269906437002057));
#7379=DIRECTION('',(-1.,-7.88860905221012E-31,9.69961280774835E-45));
#7380=DIRECTION('center_axis',(-1.,5.19803410661483E-16,1.8543896923846E-15));
#7381=DIRECTION('ref_axis',(-7.5958355836406E-31,0.962886553683691,-0.269906437002056));
#7382=DIRECTION('',(1.,7.88860905221012E-31,-9.69961280774835E-45));
#7383=DIRECTION('center_axis',(-0.941759689908351,-0.23235198100634,-0.243107472913021));
#7384=DIRECTION('ref_axis',(0.328741485370716,-0.788371128210731,-0.519999999999994));
#7385=DIRECTION('center_axis',(-0.963201256504185,0.0612734018810512,0.261703858761546));
#7386=DIRECTION('ref_axis',(-5.73018335290403E-15,0.973668723491164,-0.227967578605134));
#7387=DIRECTION('',(1.,7.88860905221012E-31,-9.69961280774835E-45));
#7388=DIRECTION('center_axis',(-4.88264933663178E-45,-6.10622663543836E-15,
-1.));
#7389=DIRECTION('ref_axis',(-0.707106781186544,0.707106781186551,-4.3177542613804E-15));
#7390=DIRECTION('center_axis',(-0.950849459180204,0.0238714152168052,-0.308732022168516));
#7391=DIRECTION('ref_axis',(0.174211635076488,-0.78302807784619,-0.597090726362818));
#7392=DIRECTION('center_axis',(0.0208778870538312,-0.98035516289524,-0.196132272756973));
#7393=DIRECTION('ref_axis',(-0.994382110395397,3.56438112033876E-16,-0.105849981226242));
#7394=DIRECTION('center_axis',(-4.88264933663178E-45,-6.10622663543836E-15,
-1.));
#7395=DIRECTION('ref_axis',(0.707106781186544,-0.707106781186551,4.3177542613804E-15));
#7396=DIRECTION('',(-1.,-7.88860905221012E-31,9.69961280774835E-45));
#7397=DIRECTION('center_axis',(-1.,-7.88860905221012E-31,9.69961280774835E-45));
#7398=DIRECTION('ref_axis',(6.01515761346693E-31,-0.762511815917883,-0.646974288967971));
#7399=DIRECTION('center_axis',(7.88860905221012E-31,-1.,6.10622663543836E-15));
#7400=DIRECTION('ref_axis',(-0.992088439593623,-7.66581441603153E-16,-0.125540941627385));
#7401=DIRECTION('',(-7.88860905221012E-31,1.,-6.10622663543836E-15));
#7402=DIRECTION('center_axis',(-1.,-7.88860905221012E-31,9.69961280774835E-45));
#7403=DIRECTION('ref_axis',(6.01515761346693E-31,-0.762511815917883,-0.646974288967971));
#7404=DIRECTION('',(-1.,-7.88860905221012E-31,9.69961280774835E-45));
#7405=DIRECTION('center_axis',(-1.,-7.88860905221012E-31,9.69961280774835E-45));
#7406=DIRECTION('ref_axis',(6.01515761346693E-31,-0.762511815917883,-0.646974288967971));
#7407=DIRECTION('center_axis',(7.88860905221012E-31,-1.,6.10622663543836E-15));
#7408=DIRECTION('ref_axis',(-0.992088439593623,-7.66581441603153E-16,-0.125540941627385));
#7409=DIRECTION('center_axis',(7.0743565589496E-17,-1.,6.6882734902605E-15));
#7410=DIRECTION('ref_axis',(-0.992088439593623,-9.09836025425762E-16,-0.125540941627387));
#7411=DIRECTION('',(-7.88860905221012E-31,1.,-6.10622663543836E-15));
#7412=DIRECTION('',(-1.,-7.88860905221012E-31,9.69961280774835E-45));
#7413=DIRECTION('center_axis',(-0.949048490503358,-0.0237046096522464,0.314237257744099));
#7414=DIRECTION('ref_axis',(-0.177507549428218,-0.783710556276528,-0.595221667848814));
#7415=DIRECTION('center_axis',(-4.88264933663178E-45,-6.10622663543836E-15,
-1.));
#7416=DIRECTION('ref_axis',(0.707106781186547,0.707106781186547,-4.31775426138038E-15));
#7417=DIRECTION('center_axis',(-4.88264933663178E-45,-6.10622663543836E-15,
-1.));
#7418=DIRECTION('ref_axis',(0.707106781186547,0.707106781186547,-4.31775426138038E-15));
#7419=DIRECTION('center_axis',(-0.0232894213464763,-0.949259430816307,0.313630572265598));
#7420=DIRECTION('ref_axis',(-0.997254262210925,-1.02520643424645E-15,-0.0740536055985385));
#7421=DIRECTION('',(-7.88860905221012E-31,1.,-6.10622663543836E-15));
#7422=DIRECTION('center_axis',(-4.88264933663178E-45,-6.10622663543836E-15,
-1.));
#7423=DIRECTION('ref_axis',(0.707106781186544,0.707106781186551,-4.3177542613804E-15));
#7424=DIRECTION('center_axis',(-0.942047502478429,0.219739902899087,0.253497294163182));
#7425=DIRECTION('ref_axis',(-0.324254401282838,-0.79022723519407,-0.520000000006005));
#7426=DIRECTION('center_axis',(-4.88264933663178E-45,-6.10622663543836E-15,
-1.));
#7427=DIRECTION('ref_axis',(0.707106781186547,0.707106781186547,-4.31775426138038E-15));
#7428=DIRECTION('center_axis',(-4.88264933663178E-45,-6.10622663543836E-15,
-1.));
#7429=DIRECTION('ref_axis',(0.707106781186547,0.707106781186547,-4.31775426138038E-15));
#7430=DIRECTION('center_axis',(0.216697703412156,-0.942751943614603,0.25349729416068));
#7431=DIRECTION('ref_axis',(-0.974585718347004,-0.224014904847992,-9.51946259179966E-15));
#7432=DIRECTION('center_axis',(-4.88264933663178E-45,-6.10622663543836E-15,
-1.));
#7433=DIRECTION('ref_axis',(0.707106781186544,0.707106781186551,-4.3177542613804E-15));
#7434=DIRECTION('center_axis',(-4.88264933663178E-45,-6.10622663543836E-15,
-1.));
#7435=DIRECTION('ref_axis',(0.707106781186547,0.707106781186547,-4.31775426138038E-15));
#7436=DIRECTION('center_axis',(-4.88264933663178E-45,-6.10622663543836E-15,
-1.));
#7437=DIRECTION('ref_axis',(-1.,-7.88860905221012E-31,9.69961280774835E-45));
#7438=DIRECTION('',(1.,7.88860905221012E-31,-9.69961280774835E-45));
#7439=DIRECTION('center_axis',(4.88264933663178E-45,6.10622663543836E-15,
1.));
#7440=DIRECTION('ref_axis',(0.707106781186547,0.707106781186547,-4.31775426138038E-15));
#7441=DIRECTION('center_axis',(-7.88860905221012E-31,1.,-6.10622663543836E-15));
#7442=DIRECTION('ref_axis',(0.707106781186546,-4.31775426138039E-15,-0.707106781186549));
#7443=DIRECTION('center_axis',(-7.88860905221012E-31,1.,-6.10622663543836E-15));
#7444=DIRECTION('ref_axis',(0.707106781186546,4.31775426138039E-15,0.707106781186549));
#7445=DIRECTION('center_axis',(-7.88860905221012E-31,1.,-6.10622663543836E-15));
#7446=DIRECTION('ref_axis',(0.707106781186546,4.31775426138039E-15,0.707106781186549));
#7447=DIRECTION('',(1.,0.,0.));
#7448=DIRECTION('center_axis',(1.22464679914735E-16,6.10622663543836E-15,
1.));
#7449=DIRECTION('ref_axis',(1.,4.10638148252219E-32,-1.22464679914735E-16));
#7450=DIRECTION('',(7.88860905221012E-31,-1.,6.10622663543836E-15));
#7451=DIRECTION('',(-7.88860905221012E-31,1.,-6.10622663543836E-15));
#7452=DIRECTION('center_axis',(-7.88860905221012E-31,1.,-6.10622663543836E-15));
#7453=DIRECTION('ref_axis',(0.707106781186546,4.31775426138039E-15,0.707106781186549));
#7454=DIRECTION('center_axis',(-7.88860905221012E-31,1.,-6.10622663543836E-15));
#7455=DIRECTION('ref_axis',(0.707106781186546,4.31775426138039E-15,0.707106781186549));
#7456=DIRECTION('center_axis',(-7.88860905221012E-31,1.,-6.10622663543836E-15));
#7457=DIRECTION('ref_axis',(-1.,-4.10638148252219E-32,1.22464679914735E-16));
#7458=DIRECTION('center_axis',(-7.88860905221012E-31,1.,-6.10622663543836E-15));
#7459=DIRECTION('ref_axis',(1.,0.,9.6339269422331E-45));
#7460=DIRECTION('',(1.,0.,0.));
#7461=DIRECTION('center_axis',(-7.88860905221012E-31,1.,-6.10622663543836E-15));
#7462=DIRECTION('ref_axis',(-1.,-4.10638148252219E-32,1.22464679914735E-16));
#7463=DIRECTION('center_axis',(-7.88860905221012E-31,1.,-6.10622663543836E-15));
#7464=DIRECTION('ref_axis',(1.,0.,9.6339269422331E-45));
#7465=DIRECTION('center_axis',(-1.,0.,0.));
#7466=DIRECTION('ref_axis',(0.,0.875482080007402,0.483250584672086));
#7467=DIRECTION('',(-1.,0.,0.));
#7468=DIRECTION('center_axis',(0.,0.,-1.));
#7469=DIRECTION('ref_axis',(-1.,0.,0.));
#7470=DIRECTION('center_axis',(8.47409175530384E-31,-1.,6.10622663543836E-15));
#7471=DIRECTION('ref_axis',(-1.22464679914735E-16,-6.10622663543836E-15,
-1.));
#7472=DIRECTION('center_axis',(1.38777878078145E-16,6.10622663543836E-15,
1.));
#7473=DIRECTION('ref_axis',(7.88860905221012E-31,-1.,6.10622663543836E-15));
#7474=DIRECTION('',(0.,1.,0.));
#7475=DIRECTION('center_axis',(-1.,0.,0.));
#7476=DIRECTION('ref_axis',(0.,0.875482080007402,0.483250584672086));
#7477=DIRECTION('center_axis',(-1.,0.,0.));
#7478=DIRECTION('ref_axis',(0.,0.875482080007402,0.483250584672086));
#7479=DIRECTION('center_axis',(7.88860905221012E-31,-1.,6.10622663543836E-15));
#7480=DIRECTION('ref_axis',(-0.707106781186547,-4.31775426138039E-15,-0.707106781186549));
#7481=DIRECTION('center_axis',(0.,0.,-1.));
#7482=DIRECTION('ref_axis',(-1.,0.,0.));
#7483=DIRECTION('center_axis',(0.,0.,-1.));
#7484=DIRECTION('ref_axis',(1.,0.,0.));
#7485=DIRECTION('center_axis',(-7.88860905221012E-31,1.,-6.10622663543836E-15));
#7486=DIRECTION('ref_axis',(-1.,-4.10638148252219E-32,1.22464679914735E-16));
#7487=DIRECTION('center_axis',(-7.88860905221012E-31,1.,-6.10622663543836E-15));
#7488=DIRECTION('ref_axis',(-1.,-4.10638148252219E-32,1.22464679914735E-16));
#7489=DIRECTION('center_axis',(-7.88860905221012E-31,1.,-6.10622663543836E-15));
#7490=DIRECTION('ref_axis',(-1.,-4.10638148252219E-32,1.22464679914735E-16));
#7491=DIRECTION('',(-7.88860905221012E-31,1.,-6.10622663543836E-15));
#7492=DIRECTION('center_axis',(0.,6.10622663543836E-15,1.));
#7493=DIRECTION('ref_axis',(7.88860905221012E-31,-1.,6.10622663543836E-15));
#7494=DIRECTION('',(0.,1.,-6.10622663543836E-15));
#7495=DIRECTION('',(-7.88860905221012E-31,1.,-6.10622663543836E-15));
#7496=DIRECTION('center_axis',(-7.88860905221012E-31,1.,-6.10622663543836E-15));
#7497=DIRECTION('ref_axis',(-1.,-4.10638148252219E-32,1.22464679914735E-16));
#7498=DIRECTION('',(0.,-1.,6.10622663543836E-15));
#7499=DIRECTION('center_axis',(0.,6.10622663543836E-15,1.));
#7500=DIRECTION('ref_axis',(-7.88860905221012E-31,1.,-6.10622663543836E-15));
#7501=DIRECTION('',(-1.,0.,0.));
#7502=DIRECTION('center_axis',(0.,1.,-6.10622663543836E-15));
#7503=DIRECTION('ref_axis',(1.,0.,9.6339269422331E-45));
#7504=DIRECTION('center_axis',(4.88264933663178E-45,6.10622663543836E-15,
1.));
#7505=DIRECTION('ref_axis',(-7.88860905221012E-31,1.,-6.10622663543836E-15));
#7506=DIRECTION('',(0.,-1.,0.));
#7507=DIRECTION('center_axis',(0.,1.,0.));
#7508=DIRECTION('ref_axis',(1.,0.,0.));
#7509=DIRECTION('',(0.,1.,0.));
#7510=DIRECTION('center_axis',(0.,1.,0.));
#7511=DIRECTION('ref_axis',(1.,0.,0.));
#7512=DIRECTION('center_axis',(0.,1.,0.));
#7513=DIRECTION('ref_axis',(1.,0.,0.));
#7514=DIRECTION('center_axis',(0.,1.,0.));
#7515=DIRECTION('ref_axis',(1.,0.,0.));
#7516=DIRECTION('',(0.,1.,0.));
#7517=DIRECTION('center_axis',(0.,6.10622663543836E-15,1.));
#7518=DIRECTION('ref_axis',(7.88860905221012E-31,-1.,6.10622663543836E-15));
#7519=DIRECTION('center_axis',(0.,-1.,0.));
#7520=DIRECTION('ref_axis',(1.,0.,0.));
#7521=DIRECTION('center_axis',(-4.88264933663178E-45,-6.10622663543836E-15,
-1.));
#7522=DIRECTION('ref_axis',(-1.,-7.88860905221012E-31,9.69961280774835E-45));
#7523=DIRECTION('',(-7.88860905221012E-31,1.,-6.10622663543836E-15));
#7524=DIRECTION('center_axis',(-4.88264933663178E-45,-6.10622663543836E-15,
-1.));
#7525=DIRECTION('ref_axis',(-0.707106781186549,0.707106781186546,-4.31775426138038E-15));
#7526=DIRECTION('',(1.,7.88860905221012E-31,-9.69961280774835E-45));
#7527=DIRECTION('center_axis',(-4.88264933663178E-45,-6.10622663543836E-15,
-1.));
#7528=DIRECTION('ref_axis',(0.707106781186549,0.707106781186546,-4.31775426138038E-15));
#7529=DIRECTION('',(7.88860905221012E-31,-1.,6.10622663543836E-15));
#7530=DIRECTION('center_axis',(4.88264933663178E-45,6.10622663543836E-15,
1.));
#7531=DIRECTION('ref_axis',(-0.707106781186548,-0.707106781186548,4.31775426138038E-15));
#7532=DIRECTION('center_axis',(4.88264933663178E-45,6.10622663543836E-15,
1.));
#7533=DIRECTION('ref_axis',(0.707106781186548,-0.707106781186548,4.31775426138038E-15));
#7534=DIRECTION('center_axis',(4.88264933663178E-45,6.10622663543836E-15,
1.));
#7535=DIRECTION('ref_axis',(-1.,-7.88860905221012E-31,9.69961280774835E-45));
#7536=DIRECTION('center_axis',(-1.,-7.88860905221012E-31,4.80445187768509E-45));
#7537=DIRECTION('ref_axis',(-7.88860905221012E-31,1.,-6.10622663543836E-15));
#7538=DIRECTION('',(-7.88860905221012E-31,1.,-6.10622663543836E-15));
#7539=DIRECTION('',(0.,-6.09036630651514E-15,-1.));
#7540=DIRECTION('',(0.,-6.09036630651514E-15,-1.));
#7541=DIRECTION('center_axis',(0.,-6.09036630651514E-15,-1.));
#7542=DIRECTION('ref_axis',(-0.707106781186549,0.707106781186546,-4.30653931524692E-15));
#7543=DIRECTION('center_axis',(-4.88264933663178E-45,-6.10622663543836E-15,
-1.));
#7544=DIRECTION('ref_axis',(-0.707106781186549,0.707106781186546,-4.30653931524692E-15));
#7545=DIRECTION('',(0.,-6.09036630651514E-15,-1.));
#7546=DIRECTION('center_axis',(0.,-6.09036630651514E-15,-1.));
#7547=DIRECTION('ref_axis',(0.707106781186548,-0.707106781186548,4.30653931524693E-15));
#7548=DIRECTION('center_axis',(4.88264933663178E-45,6.10622663543836E-15,
1.));
#7549=DIRECTION('ref_axis',(0.707106781186548,-0.707106781186548,4.30653931524693E-15));
#7550=DIRECTION('center_axis',(0.,-6.09036630651514E-15,-1.));
#7551=DIRECTION('ref_axis',(-1.,-7.88860905221012E-31,4.80445187768509E-45));
#7552=DIRECTION('',(0.,6.09036630651514E-15,1.));
#7553=DIRECTION('center_axis',(4.88264933663178E-45,6.10622663543836E-15,
1.));
#7554=DIRECTION('ref_axis',(-1.,-7.88860905221012E-31,4.80445187768509E-45));
#7555=DIRECTION('center_axis',(0.,-6.09036630651514E-15,-1.));
#7556=DIRECTION('ref_axis',(-0.707106781186548,-0.707106781186548,4.30653931524693E-15));
#7557=DIRECTION('center_axis',(4.88264933663178E-45,6.10622663543836E-15,
1.));
#7558=DIRECTION('ref_axis',(-0.707106781186548,-0.707106781186548,4.30653931524693E-15));
#7559=DIRECTION('',(0.,-6.09036630651514E-15,-1.));
#7560=DIRECTION('center_axis',(1.,7.88860905221012E-31,-4.80445187768509E-45));
#7561=DIRECTION('ref_axis',(7.88860905221012E-31,-1.,6.10622663543836E-15));
#7562=DIRECTION('',(7.88860905221012E-31,-1.,6.10622663543836E-15));
#7563=DIRECTION('',(0.,-6.09036630651514E-15,-1.));
#7564=DIRECTION('center_axis',(0.,-6.09036630651514E-15,-1.));
#7565=DIRECTION('ref_axis',(0.707106781186549,0.707106781186546,-4.30653931524692E-15));
#7566=DIRECTION('center_axis',(-4.88264933663178E-45,-6.10622663543836E-15,
-1.));
#7567=DIRECTION('ref_axis',(0.707106781186549,0.707106781186546,-4.30653931524692E-15));
#7568=DIRECTION('',(0.,-6.09036630651514E-15,-1.));
#7569=DIRECTION('center_axis',(-7.88860905221012E-31,1.,-6.09036630651514E-15));
#7570=DIRECTION('ref_axis',(1.,7.88860905221012E-31,-9.69961280774835E-45));
#7571=DIRECTION('',(1.,7.88860905221012E-31,-9.69961280774835E-45));
#7572=DIRECTION('center_axis',(4.88264933663178E-45,6.10622663543836E-15,
1.));
#7573=DIRECTION('ref_axis',(1.,7.88860905221012E-31,-9.69961280774835E-45));
#7574=DIRECTION('',(-1.,-7.90803235325936E-31,9.71147311556985E-45));
#7575=DIRECTION('center_axis',(-1.,-7.90803235325936E-31,9.71147311556985E-45));
#7576=DIRECTION('ref_axis',(0.,-0.707106781186552,-0.707106781186543));
#7577=DIRECTION('center_axis',(0.,1.,0.));
#7578=DIRECTION('ref_axis',(-1.,0.,0.));
#7579=DIRECTION('',(0.,1.,0.));
#7580=DIRECTION('',(0.,1.,0.));
#7581=DIRECTION('center_axis',(-1.,0.,0.));
#7582=DIRECTION('ref_axis',(0.,0.,1.));
#7583=DIRECTION('',(0.,1.,0.));
#7584=DIRECTION('center_axis',(0.,1.,0.));
#7585=DIRECTION('ref_axis',(7.40148683083438E-16,0.,1.));
#7586=DIRECTION('',(0.,1.,0.));
#7587=DIRECTION('center_axis',(0.,0.,1.));
#7588=DIRECTION('ref_axis',(1.,0.,0.));
#7589=DIRECTION('',(0.,1.,0.));
#7590=DIRECTION('center_axis',(0.,1.,0.));
#7591=DIRECTION('ref_axis',(1.,0.,0.));
#7592=DIRECTION('',(0.,1.,0.));
#7593=DIRECTION('center_axis',(1.,0.,0.));
#7594=DIRECTION('ref_axis',(0.,0.,-1.));
#7595=DIRECTION('',(0.,1.,0.));
#7596=DIRECTION('center_axis',(0.,1.,0.));
#7597=DIRECTION('ref_axis',(-7.40148683083438E-16,0.,-1.));
#7598=DIRECTION('',(0.,1.,0.));
#7599=DIRECTION('center_axis',(0.,0.,-1.));
#7600=DIRECTION('ref_axis',(-1.,0.,0.));
#7601=DIRECTION('center_axis',(-7.88860905221012E-31,1.,-6.10622663543836E-15));
#7602=DIRECTION('ref_axis',(-1.,-7.88860905221012E-31,9.69961280774835E-45));
#7603=DIRECTION('',(-7.49259788975719E-31,-6.10622663543836E-15,-1.));
#7604=DIRECTION('',(4.88264933663178E-45,6.10622663543836E-15,1.));
#7605=DIRECTION('',(-1.,-7.88860905221012E-31,9.69961280774835E-45));
#7606=DIRECTION('center_axis',(-7.88860905221012E-31,1.,-6.10622663543836E-15));
#7607=DIRECTION('ref_axis',(-1.,-7.88860905221012E-31,9.69961280774835E-45));
#7608=DIRECTION('',(0.,6.10622663543836E-15,1.));
#7609=DIRECTION('',(-1.,-7.88860905221012E-31,9.69961280774835E-45));
#7610=DIRECTION('',(-4.88264933663178E-45,-6.10622663543836E-15,-1.));
#7611=DIRECTION('center_axis',(7.88860905221012E-31,-1.,6.10622663543836E-15));
#7612=DIRECTION('ref_axis',(1.,7.88860905221012E-31,-9.69961280774835E-45));
#7613=DIRECTION('',(0.,-6.10622663543836E-15,-1.));
#7614=DIRECTION('center_axis',(7.88860905221012E-31,-1.,6.10622663543836E-15));
#7615=DIRECTION('ref_axis',(1.,7.88860905221012E-31,-9.69961280774835E-45));
#7616=DIRECTION('',(7.49259788975719E-31,6.10622663543836E-15,1.));
#7617=DIRECTION('',(-1.,-7.88860905221012E-31,9.69961280774835E-45));
#7618=DIRECTION('center_axis',(-1.,-7.88860905221012E-31,9.69961280774835E-45));
#7619=DIRECTION('ref_axis',(-7.5958355836406E-31,0.962886553683691,-0.269906437002057));
#7620=DIRECTION('center_axis',(1.,-1.22704222052172E-16,0.));
#7621=DIRECTION('ref_axis',(-7.5958355836406E-31,0.962886553683691,-0.269906437002057));
#7622=DIRECTION('',(1.,7.88860905221012E-31,-9.69961280774835E-45));
#7623=DIRECTION('center_axis',(-1.,1.22704222052172E-16,0.));
#7624=DIRECTION('ref_axis',(1.22704222052172E-16,1.,0.));
#7625=DIRECTION('',(1.22704222052172E-16,1.,-6.10622663543836E-15));
#7626=DIRECTION('center_axis',(1.,0.,0.));
#7627=DIRECTION('ref_axis',(0.,-1.,0.));
#7628=DIRECTION('',(0.,-1.,6.10622663543836E-15));
#7629=DIRECTION('center_axis',(-7.76534953944278E-31,1.,-6.12843109593086E-15));
#7630=DIRECTION('ref_axis',(-1.,-4.17849750632351E-30,-5.55111495768967E-16));
#7631=DIRECTION('',(1.,7.76534953944278E-31,-9.62434775575524E-45));
#7632=DIRECTION('',(-1.,-7.88860905221012E-31,9.69961280774835E-45));
#7633=DIRECTION('center_axis',(8.47409175530384E-31,-1.,6.10622663543836E-15));
#7634=DIRECTION('ref_axis',(-1.22464679914735E-16,-6.10622663543836E-15,
-1.));
#7635=DIRECTION('center_axis',(0.,0.,-1.));
#7636=DIRECTION('ref_axis',(1.,0.,0.));
#7637=DIRECTION('',(0.,1.,0.));
#7638=DIRECTION('center_axis',(1.,7.88860905221012E-31,-9.69961280774835E-45));
#7639=DIRECTION('ref_axis',(5.5780889549474E-31,-0.707106781186543,0.707106781186552));
#7640=DIRECTION('center_axis',(-1.,0.,0.));
#7641=DIRECTION('ref_axis',(5.5780889549474E-31,-0.707106781186543,0.707106781186552));
#7642=DIRECTION('center_axis',(4.88264933663178E-45,6.10622663543836E-15,
1.));
#7643=DIRECTION('ref_axis',(0.707106781186547,0.707106781186547,-4.31775426138038E-15));
#7644=DIRECTION('center_axis',(0.,0.,1.));
#7645=DIRECTION('ref_axis',(1.,0.,0.));
#7646=DIRECTION('',(0.,1.,0.));
#7647=DIRECTION('',(0.,1.,0.));
#7648=DIRECTION('center_axis',(-1.,0.,0.));
#7649=DIRECTION('ref_axis',(0.,0.,1.));
#7650=DIRECTION('',(0.,-1.,0.));
#7651=DIRECTION('',(0.,1.,0.));
#7652=DIRECTION('center_axis',(0.,0.,-1.));
#7653=DIRECTION('ref_axis',(-1.,0.,0.));
#7654=DIRECTION('center_axis',(1.22464679914735E-16,6.10622663543836E-15,
1.));
#7655=DIRECTION('ref_axis',(0.968245836551854,0.25,-1.66533453693773E-15));
#7656=DIRECTION('center_axis',(1.43329176164976E-16,6.10622663543836E-15,
1.));
#7657=DIRECTION('ref_axis',(0.968245836551854,0.25,-1.66533453693773E-15));
#7658=DIRECTION('center_axis',(7.88860905221012E-31,-1.,6.10622663543836E-15));
#7659=DIRECTION('ref_axis',(0.,6.10606825953006E-15,1.));
#7660=DIRECTION('center_axis',(-1.,0.,0.));
#7661=DIRECTION('ref_axis',(0.,0.250000000000006,0.968245836551853));
#7662=DIRECTION('center_axis',(-1.,-9.96120851345939E-32,1.22464679914735E-16));
#7663=DIRECTION('ref_axis',(0.,0.250000000000006,0.968245836551853));
#7664=DIRECTION('center_axis',(8.47409175530384E-31,-1.,6.10622663543836E-15));
#7665=DIRECTION('ref_axis',(-1.22464679914735E-16,-6.10622663543836E-15,
-1.));
#7666=DIRECTION('center_axis',(-1.22464679914735E-16,-6.10622663543836E-15,
-1.));
#7667=DIRECTION('ref_axis',(-0.968245836551854,0.25,-1.38777878078145E-15));
#7668=DIRECTION('center_axis',(-1.43329176164975E-16,6.10622663543836E-15,
1.));
#7669=DIRECTION('ref_axis',(0.,1.,-6.10622663543836E-15));
#7670=DIRECTION('center_axis',(7.88860905221012E-31,-1.,6.10622663543836E-15));
#7671=DIRECTION('ref_axis',(0.,6.10606825953006E-15,1.));
#7672=DIRECTION('center_axis',(1.,0.,0.));
#7673=DIRECTION('ref_axis',(0.,1.,-6.10622663543836E-15));
#7674=DIRECTION('center_axis',(-1.,-9.96120851345939E-32,1.22464679914735E-16));
#7675=DIRECTION('ref_axis',(0.,0.250000000000006,0.968245836551853));
#7676=DIRECTION('center_axis',(-7.88860905221012E-31,1.,-6.10622663543836E-15));
#7677=DIRECTION('ref_axis',(-0.707106781186547,-4.36136794078826E-15,-0.707106781186547));
#7678=DIRECTION('',(-7.88860905221012E-31,1.,-6.10622663543836E-15));
#7679=DIRECTION('',(7.88860905221012E-31,-1.,6.10622663543836E-15));
#7680=DIRECTION('center_axis',(5.60519385729927E-45,1.,-2.40613751245838E-59));
#7681=DIRECTION('ref_axis',(0.,-2.40613751245838E-59,-1.));
#7682=DIRECTION('',(5.60519385729927E-45,1.,-2.40613751245838E-59));
#7683=DIRECTION('center_axis',(-5.60519385729927E-45,-1.,2.40613751245838E-59));
#7684=DIRECTION('ref_axis',(0.,-2.40613751245838E-59,-1.));
#7685=DIRECTION('center_axis',(5.60519385729927E-45,1.,-2.40613751245838E-59));
#7686=DIRECTION('ref_axis',(0.,-2.40613751245838E-59,-1.));
#7687=DIRECTION('',(5.60519385729927E-45,1.,-2.40613751245838E-59));
#7688=DIRECTION('center_axis',(-5.60519385729927E-45,-1.,2.40613751245838E-59));
#7689=DIRECTION('ref_axis',(0.,-2.40613751245838E-59,-1.));
#7690=DIRECTION('center_axis',(5.60519385729927E-45,1.,-2.40613751245838E-59));
#7691=DIRECTION('ref_axis',(0.,-2.40613751245838E-59,-1.));
#7692=DIRECTION('',(5.60519385729927E-45,1.,-2.40613751245838E-59));
#7693=DIRECTION('center_axis',(-5.60519385729927E-45,-1.,2.40613751245838E-59));
#7694=DIRECTION('ref_axis',(0.,-2.40613751245838E-59,-1.));
#7695=DIRECTION('center_axis',(5.60519385729927E-45,1.,-2.40613751245838E-59));
#7696=DIRECTION('ref_axis',(0.,-2.40613751245838E-59,-1.));
#7697=DIRECTION('',(5.60519385729927E-45,1.,-2.40613751245838E-59));
#7698=DIRECTION('center_axis',(-5.60519385729927E-45,-1.,2.40613751245838E-59));
#7699=DIRECTION('ref_axis',(0.,-2.40613751245838E-59,-1.));
#7700=DIRECTION('center_axis',(-4.88264933663178E-45,-6.10622663543836E-15,
-1.));
#7701=DIRECTION('ref_axis',(1.,7.88860905221012E-31,-9.69961280774835E-45));
#7702=DIRECTION('',(7.88860905221012E-31,-1.,6.10622663543836E-15));
#7703=DIRECTION('center_axis',(-7.88860905221012E-31,1.,-6.10622663543836E-15));
#7704=DIRECTION('ref_axis',(0.707106781186548,-4.36136794078826E-15,-0.707106781186547));
#7705=DIRECTION('',(-7.88860905221012E-31,1.,-6.10622663543836E-15));
#7706=DIRECTION('center_axis',(-1.,0.,0.));
#7707=DIRECTION('ref_axis',(0.,0.,1.));
#7708=DIRECTION('',(0.,1.,-6.05743380852542E-15));
#7709=DIRECTION('',(0.,-1.,0.));
#7710=DIRECTION('',(0.,-1.,0.));
#7711=DIRECTION('center_axis',(1.,0.,0.));
#7712=DIRECTION('ref_axis',(0.,0.860044510428765,-0.510219011877591));
#7713=DIRECTION('center_axis',(1.,7.88860905221012E-31,-9.69961280774835E-45));
#7714=DIRECTION('ref_axis',(4.88264933663178E-45,6.10622663543836E-15,1.));
#7715=DIRECTION('',(7.88860905221012E-31,-1.,6.12122964928465E-15));
#7716=DIRECTION('center_axis',(-1.,-7.88860905221012E-31,9.69961280774835E-45));
#7717=DIRECTION('ref_axis',(-4.88264933663178E-45,-6.10622663543836E-15,
-1.));
#7718=DIRECTION('',(-7.88860905221012E-31,1.,-6.12122964928465E-15));
#7719=DIRECTION('center_axis',(1.,-7.93016368507145E-17,-7.9301644616083E-17));
#7720=DIRECTION('ref_axis',(6.16790569236198E-17,-0.20167478375054,0.979452541779934));
#7721=DIRECTION('center_axis',(-1.,0.,0.));
#7722=DIRECTION('ref_axis',(6.16790569236198E-17,-0.20167478375054,0.979452541779934));
#7723=DIRECTION('',(-1.,7.93016368507145E-17,7.9301644616083E-17));
#7724=DIRECTION('center_axis',(-1.,0.,0.));
#7725=DIRECTION('ref_axis',(0.,0.,1.));
#7726=DIRECTION('center_axis',(1.,0.,0.));
#7727=DIRECTION('ref_axis',(0.,0.860044510428765,-0.510219011877591));
#7728=DIRECTION('',(0.,0.,1.));
#7729=DIRECTION('center_axis',(-5.60519385729927E-45,-1.,2.40613751245838E-59));
#7730=DIRECTION('ref_axis',(1.,-5.60519385729927E-45,0.));
#7731=DIRECTION('',(1.,0.,-7.9301644616083E-17));
#7732=DIRECTION('',(0.,0.,-1.));
#7733=DIRECTION('center_axis',(1.,0.,0.));
#7734=DIRECTION('ref_axis',(0.,0.,-1.));
#7735=DIRECTION('center_axis',(-1.,0.,0.));
#7736=DIRECTION('ref_axis',(0.,0.860044510428765,-0.510219011877591));
#7737=DIRECTION('center_axis',(1.,0.,0.));
#7738=DIRECTION('ref_axis',(6.16790569236198E-17,-0.20167478375054,0.979452541779934));
#7739=DIRECTION('center_axis',(1.,0.,0.));
#7740=DIRECTION('ref_axis',(0.,0.,-1.));
#7741=DIRECTION('',(0.,-1.,6.21209602624497E-15));
#7742=DIRECTION('center_axis',(-1.,0.,0.));
#7743=DIRECTION('ref_axis',(0.,0.860044510428765,-0.510219011877591));
#7744=DIRECTION('',(0.,1.,0.));
#7745=DIRECTION('center_axis',(0.,1.,0.));
#7746=DIRECTION('ref_axis',(-0.707106781186547,0.,0.707106781186548));
#7747=DIRECTION('',(0.,-1.,0.));
#7748=DIRECTION('center_axis',(0.,0.,-1.));
#7749=DIRECTION('ref_axis',(-1.,0.,0.));
#7750=DIRECTION('',(0.,1.,0.));
#7751=DIRECTION('',(-1.,7.93016368507145E-17,7.9301644616083E-17));
#7752=DIRECTION('center_axis',(0.,-1.,0.));
#7753=DIRECTION('ref_axis',(0.707106781186547,0.,0.707106781186548));
#7754=DIRECTION('center_axis',(-7.88860905221012E-31,1.,-6.12122964928465E-15));
#7755=DIRECTION('ref_axis',(0.707106781186548,4.36136794078827E-15,0.707106781186547));
#7756=DIRECTION('',(0.,-1.,6.05743380852542E-15));
#7757=DIRECTION('center_axis',(0.,0.,-1.));
#7758=DIRECTION('ref_axis',(1.,0.,0.));
#7759=DIRECTION('center_axis',(1.,-7.93016368507145E-17,-7.9301644616083E-17));
#7760=DIRECTION('ref_axis',(0.,0.860044510428765,-0.510219011877591));
#7761=DIRECTION('',(1.,-7.93016368507145E-17,-7.9301644616083E-17));
#7762=DIRECTION('center_axis',(1.,-7.93016368507145E-17,-7.9301644616083E-17));
#7763=DIRECTION('ref_axis',(6.16790569236198E-17,-0.20167478375054,0.979452541779934));
#7764=DIRECTION('center_axis',(0.,-1.,6.05743380852542E-15));
#7765=DIRECTION('ref_axis',(1.,0.,0.));
#7766=DIRECTION('center_axis',(7.88860905221012E-31,-1.,6.12122964928465E-15));
#7767=DIRECTION('ref_axis',(-0.707106781186548,4.36136794078827E-15,0.707106781186547));
#7768=DIRECTION('',(0.,1.,-6.21209602624497E-15));
#7769=DIRECTION('center_axis',(0.,1.,-6.21209602624497E-15));
#7770=DIRECTION('ref_axis',(-1.,0.,0.));
#7771=DIRECTION('center_axis',(4.88264933663178E-45,6.10622663543836E-15,
1.));
#7772=DIRECTION('ref_axis',(7.88860905221012E-31,-1.,6.10622663543836E-15));
#7773=DIRECTION('',(0.,-1.,6.10622663543836E-15));
#7774=DIRECTION('',(0.,1.,-6.10622663543836E-15));
#7775=DIRECTION('center_axis',(1.,0.,0.));
#7776=DIRECTION('ref_axis',(0.,0.,-1.));
#7777=DIRECTION('',(0.,-1.,6.10622663543836E-15));
#7778=DIRECTION('center_axis',(0.,-1.,0.));
#7779=DIRECTION('ref_axis',(9.69961280774835E-45,0.,1.));
#7780=DIRECTION('',(0.,0.,1.));
#7781=DIRECTION('center_axis',(0.,-6.10622663543836E-15,-1.));
#7782=DIRECTION('ref_axis',(7.88860905221012E-31,-1.,6.10622663543836E-15));
#7783=DIRECTION('center_axis',(4.88264933663178E-45,6.10622663543836E-15,
1.));
#7784=DIRECTION('ref_axis',(7.88860905221012E-31,-1.,6.10622663543836E-15));
#7785=DIRECTION('',(0.,1.,-6.10622663543836E-15));
#7786=DIRECTION('center_axis',(-1.,0.,0.));
#7787=DIRECTION('ref_axis',(0.,0.,1.));
#7788=DIRECTION('center_axis',(0.,1.,0.));
#7789=DIRECTION('ref_axis',(1.,0.,0.));
#7790=DIRECTION('center_axis',(-8.47409175530384E-31,1.,-6.10622663543836E-15));
#7791=DIRECTION('ref_axis',(1.,0.,0.));
#7792=DIRECTION('',(0.,1.,0.));
#7793=DIRECTION('center_axis',(8.47409175530384E-31,-1.,6.10622663543836E-15));
#7794=DIRECTION('ref_axis',(-1.22464679914735E-16,-6.10622663543836E-15,
-1.));
#7795=DIRECTION('',(0.,0.,1.));
#7796=DIRECTION('center_axis',(8.47409175530384E-31,-1.,6.10622663543836E-15));
#7797=DIRECTION('ref_axis',(-1.22464679914735E-16,-6.10622663543836E-15,
-1.));
#7798=DIRECTION('center_axis',(0.,1.,-6.10498949801477E-15));
#7799=DIRECTION('ref_axis',(-4.88362526597964E-45,-6.10498949801477E-15,
-1.));
#7800=DIRECTION('',(-1.,-6.72624949503285E-15,0.));
#7801=DIRECTION('center_axis',(0.,0.,1.));
#7802=DIRECTION('ref_axis',(1.,0.,0.));
#7803=DIRECTION('center_axis',(8.47409175530384E-31,-1.,6.10622663543836E-15));
#7804=DIRECTION('ref_axis',(-1.22464679914735E-16,-6.10622663543836E-15,
-1.));
#7805=DIRECTION('center_axis',(0.,0.,1.));
#7806=DIRECTION('ref_axis',(-0.998402641204226,0.0564992569546432,0.));
#7807=DIRECTION('center_axis',(-1.,0.,0.));
#7808=DIRECTION('ref_axis',(0.,0.,-1.));
#7809=DIRECTION('',(0.,-1.,0.));
#7810=DIRECTION('center_axis',(8.47409175530384E-31,-1.,6.10622663543836E-15));
#7811=DIRECTION('ref_axis',(-1.22464679914735E-16,-6.10622663543836E-15,
-1.));
#7812=DIRECTION('center_axis',(8.47409175530384E-31,-1.,6.10622663543836E-15));
#7813=DIRECTION('ref_axis',(1.,0.,0.));
#7814=DIRECTION('center_axis',(0.,0.,-1.));
#7815=DIRECTION('ref_axis',(1.,0.,0.));
#7816=DIRECTION('',(0.,-1.,0.));
#7817=DIRECTION('',(1.,0.,0.));
#7818=DIRECTION('center_axis',(-4.88264933663178E-45,-6.10622663543836E-15,
-1.));
#7819=DIRECTION('ref_axis',(1.,0.,0.));
#7820=DIRECTION('center_axis',(0.,0.,1.));
#7821=DIRECTION('ref_axis',(1.,0.,0.));
#7822=DIRECTION('center_axis',(0.,-1.,0.));
#7823=DIRECTION('ref_axis',(1.,0.,0.));
#7824=DIRECTION('',(0.,0.,1.));
#7825=DIRECTION('',(-1.,0.,0.));
#7826=DIRECTION('',(0.,0.,-1.));
#7827=DIRECTION('',(1.,0.,0.));
#7828=DIRECTION('center_axis',(0.,1.,0.));
#7829=DIRECTION('ref_axis',(1.,0.,0.));
#7830=DIRECTION('center_axis',(-1.,0.,0.));
#7831=DIRECTION('ref_axis',(0.,0.,1.));
#7832=DIRECTION('',(0.,1.,0.));
#7833=DIRECTION('center_axis',(0.,0.,1.));
#7834=DIRECTION('ref_axis',(1.,0.,0.));
#7835=DIRECTION('center_axis',(0.,1.,0.));
#7836=DIRECTION('ref_axis',(1.,0.,0.));
#7837=DIRECTION('',(0.,-1.,0.));
#7838=DIRECTION('center_axis',(-1.,0.,0.));
#7839=DIRECTION('ref_axis',(0.,0.,1.));
#7840=DIRECTION('',(0.,1.,0.));
#7841=DIRECTION('',(0.,1.,0.));
#7842=DIRECTION('center_axis',(0.,0.,1.));
#7843=DIRECTION('ref_axis',(1.,0.,0.));
#7844=DIRECTION('',(0.,1.,0.));
#7845=DIRECTION('center_axis',(1.,0.,0.));
#7846=DIRECTION('ref_axis',(0.,0.,-1.));
#7847=DIRECTION('',(0.,1.,0.));
#7848=DIRECTION('center_axis',(0.,0.,-1.));
#7849=DIRECTION('ref_axis',(-1.,0.,0.));
#7850=DIRECTION('center_axis',(0.,1.,0.));
#7851=DIRECTION('ref_axis',(-1.,0.,0.));
#7852=DIRECTION('',(0.,0.,-1.));
#7853=DIRECTION('center_axis',(0.,1.,0.));
#7854=DIRECTION('ref_axis',(1.,0.,0.));
#7855=DIRECTION('center_axis',(0.,1.,0.));
#7856=DIRECTION('ref_axis',(1.,0.,0.));
#7857=DIRECTION('center_axis',(0.,0.,1.));
#7858=DIRECTION('ref_axis',(1.,0.,0.));
#7859=DIRECTION('center_axis',(-8.47409175530384E-31,1.,-6.10622663543836E-15));
#7860=DIRECTION('ref_axis',(1.22464679914735E-16,6.10622663543836E-15,1.));
#7861=DIRECTION('center_axis',(-8.47409175530384E-31,1.,-6.10622663543836E-15));
#7862=DIRECTION('ref_axis',(1.,0.,0.));
#7863=DIRECTION('center_axis',(0.,1.,0.));
#7864=DIRECTION('ref_axis',(1.,0.,0.));
#7865=DIRECTION('',(0.,-1.,0.));
#7866=DIRECTION('center_axis',(0.,1.,0.));
#7867=DIRECTION('ref_axis',(-1.,0.,0.));
#7868=DIRECTION('center_axis',(0.,-1.,0.));
#7869=DIRECTION('ref_axis',(1.,0.,0.));
#7870=DIRECTION('center_axis',(0.,-1.,0.));
#7871=DIRECTION('ref_axis',(1.,0.,0.));
#7872=DIRECTION('center_axis',(8.47409175530384E-31,-1.,6.10622663543836E-15));
#7873=DIRECTION('ref_axis',(1.,0.,0.));
#7874=DIRECTION('',(0.,1.,0.));
#7875=DIRECTION('center_axis',(-8.47409175530384E-31,1.,-6.10622663543836E-15));
#7876=DIRECTION('ref_axis',(1.22464679914735E-16,6.10622663543836E-15,1.));
#7877=DIRECTION('',(0.,0.,1.));
#7878=DIRECTION('',(1.,0.,0.));
#7879=DIRECTION('',(0.,0.,1.));
#7880=DIRECTION('',(1.,0.,0.));
#7881=CARTESIAN_POINT('',(0.,0.,0.));
#7882=CARTESIAN_POINT('',(0.,0.,0.));
#7883=CARTESIAN_POINT('Ctrl Pts',(26.4982430260235,-0.263620475395998,12.4657379527555));
#7884=CARTESIAN_POINT('Ctrl Pts',(26.4982430260235,-1.48103277255456,12.4657379527555));
#7885=CARTESIAN_POINT('Ctrl Pts',(26.4982430260235,-3.93159657428625,12.4657379527554));
#7886=CARTESIAN_POINT('Ctrl Pts',(26.4982430260235,-7.5427675131084,12.4657379527555));
#7887=CARTESIAN_POINT('Ctrl Pts',(26.4982430260235,-10.9680177004512,12.4657379527554));
#7888=CARTESIAN_POINT('Ctrl Pts',(26.4982430260235,-14.1605718208513,12.4657379527555));
#7889=CARTESIAN_POINT('Ctrl Pts',(26.4982430260235,-16.9330189026421,12.4657379527554));
#7890=CARTESIAN_POINT('Ctrl Pts',(26.4982430260235,-18.6105097295001,12.4657379527555));
#7891=CARTESIAN_POINT('Ctrl Pts',(26.4982430260235,-19.3270657319842,12.4657379527555));
#7892=CARTESIAN_POINT('Ctrl Pts',(26.4982430260235,-19.4502762956261,12.4657379527555));
#7893=CARTESIAN_POINT('Ctrl Pts',(26.4982415195735,-19.4502796810699,12.4657394592011));
#7894=CARTESIAN_POINT('Ctrl Pts',(27.7698195730608,-0.276270671721138,12.4658046283764));
#7895=CARTESIAN_POINT('Ctrl Pts',(27.7680828437965,-1.55213786857425,12.4639874989777));
#7896=CARTESIAN_POINT('Ctrl Pts',(27.7405926092689,-4.11966167275319,12.4345062321451));
#7897=CARTESIAN_POINT('Ctrl Pts',(27.6247248855047,-7.88339022852389,12.3263760129676));
#7898=CARTESIAN_POINT('Ctrl Pts',(27.4356315123736,-11.4268772190729,12.1943430896861));
#7899=CARTESIAN_POINT('Ctrl Pts',(27.175297047917,-14.70808923076,12.0880620169744));
#7900=CARTESIAN_POINT('Ctrl Pts',(26.8650006479093,-17.5449364164922,12.0702929281999));
#7901=CARTESIAN_POINT('Ctrl Pts',(26.6277142482014,-19.2589547163675,12.1782815743087));
#7902=CARTESIAN_POINT('Ctrl Pts',(26.5176747879935,-19.9914816838781,12.3329323446373));
#7903=CARTESIAN_POINT('Ctrl Pts',(26.4982430260235,-20.1174476637351,12.4211853663818));
#7904=CARTESIAN_POINT('Ctrl Pts',(26.4982430260235,-20.1174476637351,12.4657379527555));
#7905=CARTESIAN_POINT('Ctrl Pts',(30.3068124852607,-0.301509476561214,11.8838565259078));
#7906=CARTESIAN_POINT('Ctrl Pts',(30.3007934487176,-1.69402586435461,11.87949360953));
#7907=CARTESIAN_POINT('Ctrl Pts',(30.2052467211882,-4.49489833345266,11.8081305681359));
#7908=CARTESIAN_POINT('Ctrl Pts',(29.8113767093874,-8.56336394000814,11.553101426254));
#7909=CARTESIAN_POINT('Ctrl Pts',(29.192887556431,-12.3433823169265,11.2589122943068));
#7910=CARTESIAN_POINT('Ctrl Pts',(28.3748548325457,-15.8022523612783,11.0597642932351));
#7911=CARTESIAN_POINT('Ctrl Pts',(27.4327798470733,-18.7682386893819,11.1212947475699));
#7912=CARTESIAN_POINT('Ctrl Pts',(26.7253542929453,-20.5554753735591,11.5204747514631));
#7913=CARTESIAN_POINT('Ctrl Pts',(26.3978723444971,-21.3200051985468,12.0332565905695));
#7914=CARTESIAN_POINT('Ctrl Pts',(26.3400745494049,-21.4514931015118,12.320666245703));
#7915=CARTESIAN_POINT('Ctrl Pts',(26.3400745494049,-21.4514931015118,12.4657379527555));
#7916=CARTESIAN_POINT('Ctrl Pts',(33.8850523537914,-0.337105879469656,9.04115745974248));
#7917=CARTESIAN_POINT('Ctrl Pts',(33.8716652266292,-1.89377571661264,9.03659398765222));
#7918=CARTESIAN_POINT('Ctrl Pts',(33.6572255642826,-5.02485841771379,8.96062858177127));
#7919=CARTESIAN_POINT('Ctrl Pts',(32.7884308902089,-9.54970883696862,8.70964117655822));
#7920=CARTESIAN_POINT('Ctrl Pts',(31.453663501207,-13.7222864738813,8.48391408702344));
#7921=CARTESIAN_POINT('Ctrl Pts',(29.7306520031864,-17.5113005109015,8.50003126120544));
#7922=CARTESIAN_POINT('Ctrl Pts',(27.7827619340104,-20.7418127587383,9.03432213061214));
#7923=CARTESIAN_POINT('Ctrl Pts',(26.3260531531243,-22.6840297623953,10.1486346520543));
#7924=CARTESIAN_POINT('Ctrl Pts',(25.647335238927,-23.5152347096148,11.4187032702661));
#7925=CARTESIAN_POINT('Ctrl Pts',(25.5273355465054,-23.6581680993842,12.1146150781719));
#7926=CARTESIAN_POINT('Ctrl Pts',(25.5273355465054,-23.6581680993842,12.4657379527554));
#7927=CARTESIAN_POINT('Ctrl Pts',(34.9982681199653,-0.348178981299937,5.87319717252268));
#7928=CARTESIAN_POINT('Ctrl Pts',(34.9822369159261,-1.95646027607337,5.87145556503339));
#7929=CARTESIAN_POINT('Ctrl Pts',(34.7275351470944,-5.19138666816221,5.84115864867655));
#7930=CARTESIAN_POINT('Ctrl Pts',(33.6806313843373,-9.91194425294273,5.7721628182223));
#7931=CARTESIAN_POINT('Ctrl Pts',(32.0475662266168,-14.3226453372197,5.82680837174256));
#7932=CARTESIAN_POINT('Ctrl Pts',(29.9032058752787,-18.3761164439603,6.23237193973362));
#7933=CARTESIAN_POINT('Ctrl Pts',(27.435195584071,-21.8589552915943,7.30282778002118));
#7934=CARTESIAN_POINT('Ctrl Pts',(25.5511281402789,-23.9577016951248,9.04510091329953));
#7935=CARTESIAN_POINT('Ctrl Pts',(24.6632321321075,-24.8550244830903,10.9294774840338));
#7936=CARTESIAN_POINT('Ctrl Pts',(24.5057927200075,-25.0093510080026,11.9506455681058));
#7937=CARTESIAN_POINT('Ctrl Pts',(24.5057927200075,-25.0093510080026,12.4657379527555));
#7938=CARTESIAN_POINT('Ctrl Pts',(34.9982681298633,-0.348177986372075,3.9657379644407));
#7939=CARTESIAN_POINT('Ctrl Pts',(34.9822720114675,-1.95608102035509,3.96573732937743));
#7940=CARTESIAN_POINT('Ctrl Pts',(34.7275425139903,-5.19267472075541,3.96297081336951));
#7941=CARTESIAN_POINT('Ctrl Pts',(33.6695301010592,-9.96214577203003,4.0051472474076));
#7942=CARTESIAN_POINT('Ctrl Pts',(31.9817925122004,-14.4860611138034,4.22994816997704));
#7943=CARTESIAN_POINT('Ctrl Pts',(29.7111934544709,-18.7026420275397,4.87080077650013));
#7944=CARTESIAN_POINT('Ctrl Pts',(27.0321527656133,-22.364364588395,6.26352577836822));
#7945=CARTESIAN_POINT('Ctrl Pts',(24.9428425515378,-24.5799185106607,8.38289999024147));
#7946=CARTESIAN_POINT('Ctrl Pts',(23.9481616577272,-25.5263132309221,10.6358824823404));
#7947=CARTESIAN_POINT('Ctrl Pts',(23.7712643739934,-25.6890441640345,11.8522227706278));
#7948=CARTESIAN_POINT('Ctrl Pts',(23.7712643739934,-25.6890441640345,12.4657379527555));
#7949=CARTESIAN_POINT('',(26.4982430280282,-22.865762974971,6.91262408508223));
#7950=CARTESIAN_POINT('',(26.4982430260235,-19.4502762956261,12.4657379527555));
#7951=CARTESIAN_POINT('Ctrl Pts',(26.4982430260235,-22.8657629772941,6.91262408684117));
#7952=CARTESIAN_POINT('Ctrl Pts',(26.4982430260235,-22.8657629772941,7.90232909925414));
#7953=CARTESIAN_POINT('Ctrl Pts',(26.4982430260235,-22.681846826718,8.82500061684462));
#7954=CARTESIAN_POINT('Ctrl Pts',(26.4982430260235,-22.0445160837972,10.391086990983));
#7955=CARTESIAN_POINT('Ctrl Pts',(26.4982430260235,-21.6235250051294,11.0166896440144));
#7956=CARTESIAN_POINT('Ctrl Pts',(26.4982430260235,-20.9042661445265,11.7417558211951));
#7957=CARTESIAN_POINT('Ctrl Pts',(26.4982430260235,-20.6259285608428,11.9669954850893));
#7958=CARTESIAN_POINT('Ctrl Pts',(26.4982430260235,-20.1847742603904,12.2267341940671));
#7959=CARTESIAN_POINT('Ctrl Pts',(26.4982430260235,-20.0357674149765,12.3008726094826));
#7960=CARTESIAN_POINT('Ctrl Pts',(26.4982430260235,-19.8106384384177,12.3866758874331));
#7961=CARTESIAN_POINT('Ctrl Pts',(26.4982430260235,-19.7344357723116,12.4116225403993));
#7962=CARTESIAN_POINT('Ctrl Pts',(26.4982430260235,-19.6215619643625,12.4403202799032));
#7963=CARTESIAN_POINT('Ctrl Pts',(26.4982430260235,-19.58331979413,12.4486968205429));
#7964=CARTESIAN_POINT('Ctrl Pts',(26.4982430260235,-19.5275565872936,12.4581213858847));
#7965=CARTESIAN_POINT('Ctrl Pts',(26.4982430260235,-19.5087852464154,12.4608399049246));
#7966=CARTESIAN_POINT('Ctrl Pts',(26.4982430260235,-19.4821392370295,12.4637390381643));
#7967=CARTESIAN_POINT('Ctrl Pts',(26.4982430260235,-19.4734364631726,12.4645408549415));
#7968=CARTESIAN_POINT('Ctrl Pts',(26.4982430260235,-19.4611405824925,12.46534900303));
#7969=CARTESIAN_POINT('Ctrl Pts',(26.4982430260235,-19.4569423556137,12.4655728234719));
#7970=CARTESIAN_POINT('Ctrl Pts',(26.4982430260235,-19.4524478607405,12.4657029287482));
#7971=CARTESIAN_POINT('Ctrl Pts',(26.4982430260235,-19.4516982673428,12.4657208038811));
#7972=CARTESIAN_POINT('Ctrl Pts',(26.4982430260235,-19.4507619319527,12.4657344215289));
#7973=CARTESIAN_POINT('Ctrl Pts',(26.4982430260235,-19.4500334731835,12.4657379527555));
#7974=CARTESIAN_POINT('Ctrl Pts',(26.4982430260235,-19.4502762956261,12.4657379527555));
#7975=CARTESIAN_POINT('',(26.4982430260235,-0.348178283956804,12.4657379527555));
#7976=CARTESIAN_POINT('',(26.4982430260235,-0.348178283956804,12.4657379527555));
#7977=CARTESIAN_POINT('',(34.9982681268999,-0.348178284252538,3.96573796444059));
#7978=CARTESIAN_POINT('Ctrl Pts',(26.4982430260235,-0.348178371295261,12.4657379527555));
#7979=CARTESIAN_POINT('Ctrl Pts',(26.7157671338993,-0.348178896269648,12.4657242203781));
#7980=CARTESIAN_POINT('Ctrl Pts',(26.9327969023563,-0.348178940946799,12.4572002424781));
#7981=CARTESIAN_POINT('Ctrl Pts',(27.1488961400892,-0.348178265536847,12.4403865621041));
#7982=CARTESIAN_POINT('Ctrl Pts',(27.3698279331706,-0.348177575022927,12.4231968829905));
#7983=CARTESIAN_POINT('Ctrl Pts',(27.589787723498,-0.348176144050109,12.397342616941));
#7984=CARTESIAN_POINT('Ctrl Pts',(27.8083136919218,-0.348174166922519,12.3630046553763));
#7985=CARTESIAN_POINT('Ctrl Pts',(28.0265508395895,-0.348172192408053,12.3287120775072));
#7986=CARTESIAN_POINT('Ctrl Pts',(28.2433585930187,-0.348169686125658,12.2859580337675));
#7987=CARTESIAN_POINT('Ctrl Pts',(28.4582717083986,-0.348167093360761,12.2348701985753));
#7988=CARTESIAN_POINT('Ctrl Pts',(28.6736114562457,-0.348164495448864,12.1836809469147));
#7989=CARTESIAN_POINT('Ctrl Pts',(28.8870496883966,-0.348161822604772,12.1241246429993));
#7990=CARTESIAN_POINT('Ctrl Pts',(29.0981034088843,-0.348159589713343,12.0562793473714));
#7991=CARTESIAN_POINT('Ctrl Pts',(29.3091571293719,-0.348157356821914,11.9884340517435));
#7992=CARTESIAN_POINT('Ctrl Pts',(29.517826996846,-0.348155575102613,11.9122996181874));
#7993=CARTESIAN_POINT('Ctrl Pts',(29.7236052293527,-0.348154653057832,11.8279059570243));
#7994=CARTESIAN_POINT('Ctrl Pts',(29.8790708341632,-0.348153956452327,11.7641464844355));
#7995=CARTESIAN_POINT('Ctrl Pts',(30.032439963272,-0.348153116206292,11.6958544003094));
#7996=CARTESIAN_POINT('Ctrl Pts',(30.1835176809212,-0.348152292146788,11.6231033611938));
#7997=CARTESIAN_POINT('Ctrl Pts',(30.3808604134269,-0.348151215732893,11.5280735376361));
#7998=CARTESIAN_POINT('Ctrl Pts',(30.5742943437153,-0.348150193449149,11.4254373920269));
#7999=CARTESIAN_POINT('Ctrl Pts',(30.7634359080588,-0.348149967714734,11.3155614019846));
#8000=CARTESIAN_POINT('Ctrl Pts',(30.9546619709024,-0.348149739492537,11.2044744864789));
#8001=CARTESIAN_POINT('Ctrl Pts',(31.1415011373024,-0.34815033428802,11.0859869349925));
#8002=CARTESIAN_POINT('Ctrl Pts',(31.3235348930273,-0.34815192151739,10.9604294310528));
#8003=CARTESIAN_POINT('Ctrl Pts',(31.5052317496305,-0.348153505809194,10.8351043027659));
#8004=CARTESIAN_POINT('Ctrl Pts',(31.6821415298634,-0.348156086010475,10.7027349408732));
#8005=CARTESIAN_POINT('Ctrl Pts',(31.8538174199511,-0.348159120265052,10.5636084634789));
#8006=CARTESIAN_POINT('Ctrl Pts',(32.0232928846786,-0.348162115628607,10.4262652151041));
#8007=CARTESIAN_POINT('Ctrl Pts',(32.1876682446875,-0.348165558597242,10.2823364968047));
#8008=CARTESIAN_POINT('Ctrl Pts',(32.3464761627287,-0.348168146338977,10.1320645081425));
#8009=CARTESIAN_POINT('Ctrl Pts',(32.387700995441,-0.348168818088985,10.0930555111708));
#8010=CARTESIAN_POINT('Ctrl Pts',(32.4285504376679,-0.348169427844662,10.0536189026891));
#8011=CARTESIAN_POINT('Ctrl Pts',(32.46901583275,-0.348169943401645,10.0137585959451));
#8012=CARTESIAN_POINT('Ctrl Pts',(32.6270219038324,-0.348171956507736,9.8581152259004));
#8013=CARTESIAN_POINT('Ctrl Pts',(32.7785781791872,-0.34817213378837,9.69660276081255));
#8014=CARTESIAN_POINT('Ctrl Pts',(32.9232886745783,-0.348170615474272,9.52956770761066));
#8015=CARTESIAN_POINT('Ctrl Pts',(32.9983544094843,-0.348169827878574,9.44292154563212));
#8016=CARTESIAN_POINT('Ctrl Pts',(33.0715776194821,-0.348168569823243,9.35478863015017));
#8017=CARTESIAN_POINT('Ctrl Pts',(33.1428996702973,-0.348166763848212,9.26521294634607));
#8018=CARTESIAN_POINT('Ctrl Pts',(33.279810699979,-0.348163297067629,9.09326193030151));
#8019=CARTESIAN_POINT('Ctrl Pts',(33.4097187110123,-0.348157885221615,8.91599643799402));
#8020=CARTESIAN_POINT('Ctrl Pts',(33.5325091990456,-0.348152598722624,8.73391086634467));
#8021=CARTESIAN_POINT('Ctrl Pts',(33.656130100451,-0.348147276471845,8.55059387770231));
#8022=CARTESIAN_POINT('Ctrl Pts',(33.7725371674387,-0.348142083026264,8.36239079392116));
#8023=CARTESIAN_POINT('Ctrl Pts',(33.8815695633479,-0.348137956506567,8.16977650060032));
#8024=CARTESIAN_POINT('Ctrl Pts',(33.9905261204423,-0.348133832857121,7.97729618250398));
#8025=CARTESIAN_POINT('Ctrl Pts',(34.0921185049932,-0.34813077552312,7.7804101524358));
#8026=CARTESIAN_POINT('Ctrl Pts',(34.1861385569362,-0.348128534150033,7.57957218764413));
#8027=CARTESIAN_POINT('Ctrl Pts',(34.2304788951281,-0.348127477107001,7.4848559744897));
#8028=CARTESIAN_POINT('Ctrl Pts',(34.2731343505406,-0.348126584356609,7.38926057530278));
#8029=CARTESIAN_POINT('Ctrl Pts',(34.3140791648812,-0.348125736883488,7.29283265291787));
#8030=CARTESIAN_POINT('Ctrl Pts',(34.4007793597448,-0.348123942368459,7.08864758587781));
#8031=CARTESIAN_POINT('Ctrl Pts',(34.4795634886795,-0.348123424549637,6.88131762480752));
#8032=CARTESIAN_POINT('Ctrl Pts',(34.5502870064159,-0.348124814640045,6.67132776403081));
#8033=CARTESIAN_POINT('Ctrl Pts',(34.6208662060398,-0.34812620189384,6.46176640767995));
#8034=CARTESIAN_POINT('Ctrl Pts',(34.6834178738355,-0.348129490906308,6.24955534904279));
#8035=CARTESIAN_POINT('Ctrl Pts',(34.7377500596443,-0.348134100970753,6.03515852061379));
#8036=CARTESIAN_POINT('Ctrl Pts',(34.7689833427324,-0.348136751102452,5.91191082247996));
#8037=CARTESIAN_POINT('Ctrl Pts',(34.7974994956979,-0.348139815406329,5.78794052936713));
#8038=CARTESIAN_POINT('Ctrl Pts',(34.8232543741721,-0.348142998483901,5.6633343178473));
#8039=CARTESIAN_POINT('Ctrl Pts',(34.8680892057478,-0.348148539676689,5.44641624881591));
#8040=CARTESIAN_POINT('Ctrl Pts',(34.9044707629393,-0.348154492352036,5.22799769565828));
#8041=CARTESIAN_POINT('Ctrl Pts',(34.9322250289324,-0.348160244623118,5.0085472754284));
#8042=CARTESIAN_POINT('Ctrl Pts',(34.9596288042068,-0.348165924252479,4.79186815296973));
#8043=CARTESIAN_POINT('Ctrl Pts',(34.9786219254642,-0.348171409428474,4.57418243077223));
#8044=CARTESIAN_POINT('Ctrl Pts',(34.9889871391363,-0.348174883874762,4.35593326701398));
#8045=CARTESIAN_POINT('Ctrl Pts',(34.9951562602201,-0.34817695178002,4.22603671492475));
#8046=CARTESIAN_POINT('Ctrl Pts',(34.9982681269024,-0.348178283961861,4.09594046616246));
#8047=CARTESIAN_POINT('Ctrl Pts',(34.9982681269028,-0.348178283956798,3.96573796444059));
#8048=CARTESIAN_POINT('Ctrl Pts',(34.9982681268999,-0.348178284252529,3.96573796444059));
#8049=CARTESIAN_POINT('Ctrl Pts',(34.9822719957371,-1.95608122022576,3.96573732920659));
#8050=CARTESIAN_POINT('Ctrl Pts',(34.7275424922117,-5.19267481893243,3.96297081423769));
#8051=CARTESIAN_POINT('Ctrl Pts',(33.6695301010592,-9.96214577203003,4.0051472474076));
#8052=CARTESIAN_POINT('Ctrl Pts',(31.9817925122004,-14.4860611138034,4.22994816997704));
#8053=CARTESIAN_POINT('Ctrl Pts',(29.7111934544709,-18.7026420275397,4.87080077650013));
#8054=CARTESIAN_POINT('Ctrl Pts',(27.7293951399614,-21.4113711743146,5.90105764148805));
#8055=CARTESIAN_POINT('Ctrl Pts',(26.6831910901353,-22.6510168132751,6.75211716610566));
#8056=CARTESIAN_POINT('Ctrl Pts',(26.4985278597797,-22.8647397015015,6.91429688922498));
#8057=CARTESIAN_POINT('Origin',(0.,0.,25.));
#8058=CARTESIAN_POINT('',(-34.9982681269028,-0.348178283956655,-39.582));
#8059=CARTESIAN_POINT('',(28.623441085557,-20.1419616825584,-39.581999627471));
#8060=CARTESIAN_POINT('Origin',(0.,0.,-39.582));
#8061=CARTESIAN_POINT('',(-34.9982681268999,-0.348178284252543,3.96573796444059));
#8062=CARTESIAN_POINT('',(-34.9982681269028,-0.348178283956655,25.));
#8063=CARTESIAN_POINT('',(-26.4982430280282,-22.865762974971,6.91262408508224));
#8064=CARTESIAN_POINT('Ctrl Pts',(-26.4984502471674,-22.8652440219013,6.91354476607705));
#8065=CARTESIAN_POINT('Ctrl Pts',(-26.6833547040614,-22.6514023514081,6.75139355998815));
#8066=CARTESIAN_POINT('Ctrl Pts',(-27.7308417404263,-21.4111547453089,5.90047214141101));
#8067=CARTESIAN_POINT('Ctrl Pts',(-29.7100917555483,-18.7031445644864,4.87063176650321));
#8068=CARTESIAN_POINT('Ctrl Pts',(-31.982208098348,-14.4858989462981,4.2298732774849));
#8069=CARTESIAN_POINT('Ctrl Pts',(-33.6692802479181,-9.96225486908658,4.0051184212622));
#8070=CARTESIAN_POINT('Ctrl Pts',(-34.7276408429759,-5.19263491192321,3.96296145204011));
#8071=CARTESIAN_POINT('Ctrl Pts',(-34.9822719964918,-1.95608114031597,3.96573732904266));
#8072=CARTESIAN_POINT('Ctrl Pts',(-34.9982681268999,-0.348178284252559,
3.96573796444059));
#8073=CARTESIAN_POINT('',(-26.4982430260235,-22.8657629772941,20.4657379527555));
#8074=CARTESIAN_POINT('',(-26.4982430260235,-22.8657629772941,25.));
#8075=CARTESIAN_POINT('',(-34.9982681269028,-0.348178283956804,20.4657379527555));
#8076=CARTESIAN_POINT('Origin',(0.,0.,20.4657379527555));
#8077=CARTESIAN_POINT('',(-34.9982681269028,-0.348178283956655,25.));
#8078=CARTESIAN_POINT('',(-34.9982681269028,-0.348178283956655,25.));
#8079=CARTESIAN_POINT('',(34.9982681269028,-0.348178283956651,25.));
#8080=CARTESIAN_POINT('Origin',(0.,0.,25.));
#8081=CARTESIAN_POINT('',(34.9982681269028,-0.348178283956804,20.4657379527555));
#8082=CARTESIAN_POINT('',(34.9982681269028,-0.348178283956651,25.));
#8083=CARTESIAN_POINT('',(26.4982430260235,-22.8657629772941,20.4657379527555));
#8084=CARTESIAN_POINT('Origin',(0.,0.,20.4657379527555));
#8085=CARTESIAN_POINT('',(26.4982430260235,-22.8657629772941,25.));
#8086=CARTESIAN_POINT('',(34.9982681269028,-0.348178283956651,-39.582));
#8087=CARTESIAN_POINT('',(34.9982681269028,-0.348178283956651,25.));
#8088=CARTESIAN_POINT('',(34.623441085557,-5.12028587043399,-39.581999627471));
#8089=CARTESIAN_POINT('Origin',(0.,0.,-39.582));
#8090=CARTESIAN_POINT('Origin',(0.,0.,-39.5824033771975));
#8091=CARTESIAN_POINT('',(-33.3005002510536,-10.77388894641,-32.6916078921293));
#8092=CARTESIAN_POINT('Ctrl Pts',(-33.3005002510536,-10.77388894641,-32.6916078921293));
#8093=CARTESIAN_POINT('Ctrl Pts',(-33.3005002510536,-10.77388894641,-32.7589286863471));
#8094=CARTESIAN_POINT('Ctrl Pts',(-33.295760967296,-10.7885639289833,-32.8298764534133));
#8095=CARTESIAN_POINT('Ctrl Pts',(-33.2781706489979,-10.8427011553579,-32.9621111100382));
#8096=CARTESIAN_POINT('Ctrl Pts',(-33.2654745888473,-10.8816368979586,-33.0236334915252));
#8097=CARTESIAN_POINT('Ctrl Pts',(-33.1981767801216,-11.0865224658082,-33.2867430404956));
#8098=CARTESIAN_POINT('Ctrl Pts',(-33.1081687597462,-11.3538392272247,-33.453069346354));
#8099=CARTESIAN_POINT('Ctrl Pts',(-32.8627986490367,-12.0532879745039,-33.8090847378884));
#8100=CARTESIAN_POINT('Ctrl Pts',(-32.6617062614244,-12.5919447093283,-33.969380099881));
#8101=CARTESIAN_POINT('Ctrl Pts',(-32.2213790588452,-13.6794320974289,-34.1886945196055));
#8102=CARTESIAN_POINT('Ctrl Pts',(-31.9816947609662,-14.2293032264509,-34.2416078921293));
#8103=CARTESIAN_POINT('Ctrl Pts',(-31.5611245069635,-15.1359823346251,-34.2416078921293));
#8104=CARTESIAN_POINT('Ctrl Pts',(-31.345359673647,-15.5786200943393,-34.2063367734338));
#8105=CARTESIAN_POINT('Ctrl Pts',(-30.9116851727643,-16.4223231260086,-34.0163462718902));
#8106=CARTESIAN_POINT('Ctrl Pts',(-30.6934187589026,-16.8242590661923,-33.8663380044572));
#8107=CARTESIAN_POINT('Ctrl Pts',(-30.4312185227449,-17.2906366213608,-33.5155403692308));
#8108=CARTESIAN_POINT('Ctrl Pts',(-30.3522185188881,-17.4286016650062,-33.3813539517028));
#8109=CARTESIAN_POINT('Ctrl Pts',(-30.2655037500486,-17.5784701720054,-33.1437097438128));
#8110=CARTESIAN_POINT('Ctrl Pts',(-30.2418003227036,-17.619152230557,-33.0584654775139));
#8111=CARTESIAN_POINT('Ctrl Pts',(-30.209303044369,-17.6748147098307,-32.8798426516705));
#8112=CARTESIAN_POINT('Ctrl Pts',(-30.2005002510537,-17.6898214967282,-32.786473936478));
#8113=CARTESIAN_POINT('Ctrl Pts',(-30.2005002510537,-17.6898214967282,-32.5967418477807));
#8114=CARTESIAN_POINT('Ctrl Pts',(-30.209303044369,-17.6748147098307,-32.5033731325881));
#8115=CARTESIAN_POINT('Ctrl Pts',(-30.2418003227036,-17.619152230557,-32.3247503067447));
#8116=CARTESIAN_POINT('Ctrl Pts',(-30.2655037500486,-17.5784701720054,-32.2395060404458));
#8117=CARTESIAN_POINT('Ctrl Pts',(-30.3522185188881,-17.4286016650062,-32.0018618325559));
#8118=CARTESIAN_POINT('Ctrl Pts',(-30.4312185227449,-17.2906366213608,-31.8676754150278));
#8119=CARTESIAN_POINT('Ctrl Pts',(-30.6934187589026,-16.8242590661923,-31.5168777798015));
#8120=CARTESIAN_POINT('Ctrl Pts',(-30.9116851727643,-16.4223231260086,-31.3668695123685));
#8121=CARTESIAN_POINT('Ctrl Pts',(-31.345359673647,-15.5786200943393,-31.1768790108248));
#8122=CARTESIAN_POINT('Ctrl Pts',(-31.5611245069635,-15.1359823346251,-31.1416078921293));
#8123=CARTESIAN_POINT('Ctrl Pts',(-31.9816947609662,-14.2293032264509,-31.1416078921293));
#8124=CARTESIAN_POINT('Ctrl Pts',(-32.2213790588452,-13.6794320974289,-31.1945212646531));
#8125=CARTESIAN_POINT('Ctrl Pts',(-32.6617062614244,-12.5919447093283,-31.4138356843777));
#8126=CARTESIAN_POINT('Ctrl Pts',(-32.8627986490367,-12.0532879745039,-31.5741310463702));
#8127=CARTESIAN_POINT('Ctrl Pts',(-33.1081687597462,-11.3538392272247,-31.9301464379047));
#8128=CARTESIAN_POINT('Ctrl Pts',(-33.1981767801216,-11.0865224658082,-32.096472743763));
#8129=CARTESIAN_POINT('Ctrl Pts',(-33.2654745888473,-10.8816368979586,-32.3595822927334));
#8130=CARTESIAN_POINT('Ctrl Pts',(-33.2781706489979,-10.8427011553579,-32.4211046742204));
#8131=CARTESIAN_POINT('Ctrl Pts',(-33.295760967296,-10.7885639289833,-32.5533393308453));
#8132=CARTESIAN_POINT('Ctrl Pts',(-33.3005002510536,-10.77388894641,-32.6242870979115));
#8133=CARTESIAN_POINT('Ctrl Pts',(-33.3005002510536,-10.77388894641,-32.6916078921293));
#8134=CARTESIAN_POINT('',(30.20264759933,-17.6861549803988,-32.6828959551211));
#8135=CARTESIAN_POINT('Ctrl Pts',(30.20264759933,-17.6861549803988,-32.6828959551211));
#8136=CARTESIAN_POINT('Ctrl Pts',(30.20264759933,-17.6861549803988,-32.7777619993089));
#8137=CARTESIAN_POINT('Ctrl Pts',(30.2114503077475,-17.6711441630799,-32.8711280922547));
#8138=CARTESIAN_POINT('Ctrl Pts',(30.2439453788133,-17.6154699145851,-33.0497431021901));
#8139=CARTESIAN_POINT('Ctrl Pts',(30.2676466920388,-17.5747800897617,-33.1349821627035));
#8140=CARTESIAN_POINT('Ctrl Pts',(30.3543515595123,-17.4248864844998,-33.3726099396911));
#8141=CARTESIAN_POINT('Ctrl Pts',(30.4333398302467,-17.2869026801985,-33.5067842324641));
#8142=CARTESIAN_POINT('Ctrl Pts',(30.6955446999921,-16.8203827055752,-33.8576196264377));
#8143=CARTESIAN_POINT('Ctrl Pts',(30.9138262355993,-16.4182963912664,-34.0076316876741));
#8144=CARTESIAN_POINT('Ctrl Pts',(31.3475144766658,-15.5742879480965,-34.1976279958978));
#8145=CARTESIAN_POINT('Ctrl Pts',(31.5632782100188,-15.1314944346741,-34.2328959551211));
#8146=CARTESIAN_POINT('Ctrl Pts',(31.9838703349637,-14.224421680592,-34.2328959551211));
#8147=CARTESIAN_POINT('Ctrl Pts',(32.2235742738676,-13.6742716605141,-34.179969991295));
#8148=CARTESIAN_POINT('Ctrl Pts',(32.663919368256,-12.5862151750985,-33.9606241574723));
#8149=CARTESIAN_POINT('Ctrl Pts',(32.8650099134892,-12.0472677602253,-33.8003140555039));
#8150=CARTESIAN_POINT('Ctrl Pts',(33.1103590228964,-11.3474521992359,-33.4442782537749));
#8151=CARTESIAN_POINT('Ctrl Pts',(33.2003520186128,-11.0800080012612,-33.277972140931));
#8152=CARTESIAN_POINT('Ctrl Pts',(33.2676367407317,-10.8750249266332,-33.0148513157789));
#8153=CARTESIAN_POINT('Ctrl Pts',(33.2803268165436,-10.836081274308,-32.9533455354402));
#8154=CARTESIAN_POINT('Ctrl Pts',(33.2979097324209,-10.7819301520495,-32.8211411968739));
#8155=CARTESIAN_POINT('Ctrl Pts',(33.30264759933,-10.7672495501331,-32.7502068969188));
#8156=CARTESIAN_POINT('Ctrl Pts',(33.30264759933,-10.7672495501331,-32.6155850133234));
#8157=CARTESIAN_POINT('Ctrl Pts',(33.2979097324209,-10.7819301520495,-32.5446507133683));
#8158=CARTESIAN_POINT('Ctrl Pts',(33.2803268165436,-10.836081274308,-32.412446374802));
#8159=CARTESIAN_POINT('Ctrl Pts',(33.2676367407317,-10.8750249266332,-32.3509405944633));
#8160=CARTESIAN_POINT('Ctrl Pts',(33.2003520186128,-11.0800080012612,-32.0878197693112));
#8161=CARTESIAN_POINT('Ctrl Pts',(33.1103590228964,-11.3474521992359,-31.9215136564673));
#8162=CARTESIAN_POINT('Ctrl Pts',(32.8650099134892,-12.0472677602252,-31.5654778547383));
#8163=CARTESIAN_POINT('Ctrl Pts',(32.663919368256,-12.5862151750985,-31.4051677527699));
#8164=CARTESIAN_POINT('Ctrl Pts',(32.2235742738676,-13.6742716605141,-31.1858219189472));
#8165=CARTESIAN_POINT('Ctrl Pts',(31.9838703349637,-14.224421680592,-31.1328959551211));
#8166=CARTESIAN_POINT('Ctrl Pts',(31.5632782100188,-15.1314944346741,-31.1328959551211));
#8167=CARTESIAN_POINT('Ctrl Pts',(31.3475144766658,-15.5742879480965,-31.1681639143444));
#8168=CARTESIAN_POINT('Ctrl Pts',(30.9138262355993,-16.4182963912664,-31.3581602225681));
#8169=CARTESIAN_POINT('Ctrl Pts',(30.6955446999921,-16.8203827055752,-31.5081722838045));
#8170=CARTESIAN_POINT('Ctrl Pts',(30.4333398302467,-17.2869026801985,-31.8590076777781));
#8171=CARTESIAN_POINT('Ctrl Pts',(30.3543515595123,-17.4248864844998,-31.9931819705511));
#8172=CARTESIAN_POINT('Ctrl Pts',(30.2676466920388,-17.5747800897617,-32.2308097475387));
#8173=CARTESIAN_POINT('Ctrl Pts',(30.2439453788133,-17.6154699145851,-32.3160488080521));
#8174=CARTESIAN_POINT('Ctrl Pts',(30.2114503077475,-17.6711441630799,-32.4946638179875));
#8175=CARTESIAN_POINT('Ctrl Pts',(30.20264759933,-17.6861549803988,-32.5880299109333));
#8176=CARTESIAN_POINT('Ctrl Pts',(30.20264759933,-17.6861549803988,-32.6828959551211));
#8177=CARTESIAN_POINT('Ctrl Pts',(-26.4982415195735,-19.4502796810699,12.4657394592011));
#8178=CARTESIAN_POINT('Ctrl Pts',(-26.4982430260235,-19.4502762956261,12.4657379527555));
#8179=CARTESIAN_POINT('Ctrl Pts',(-26.4982430260235,-18.9479214612402,12.4657379527555));
#8180=CARTESIAN_POINT('Ctrl Pts',(-26.4982430260235,-16.9326456852372,12.4657379527555));
#8181=CARTESIAN_POINT('Ctrl Pts',(-26.4982430260235,-14.160952313111,12.4657379527555));
#8182=CARTESIAN_POINT('Ctrl Pts',(-26.4982430260235,-10.9678949164829,12.4657379527555));
#8183=CARTESIAN_POINT('Ctrl Pts',(-26.4982430260235,-7.54285011516547,12.4657379527555));
#8184=CARTESIAN_POINT('Ctrl Pts',(-26.4982430260235,-3.93156628917687,12.4657379527555));
#8185=CARTESIAN_POINT('Ctrl Pts',(-26.4982430260235,-1.48103256995916,12.4657379527555));
#8186=CARTESIAN_POINT('Ctrl Pts',(-26.4982430260235,-0.263620263621136,
12.4657379527555));
#8187=CARTESIAN_POINT('Ctrl Pts',(-26.4982430260235,-20.1174476637351,12.4657379527555));
#8188=CARTESIAN_POINT('Ctrl Pts',(-26.4982430260235,-20.1174476637351,12.3766327792701));
#8189=CARTESIAN_POINT('Ctrl Pts',(-26.5796983977775,-19.6037042944825,12.1996911545446));
#8190=CARTESIAN_POINT('Ctrl Pts',(-26.8652039557817,-17.5445445675257,12.0701887942808));
#8191=CARTESIAN_POINT('Ctrl Pts',(-27.1751762914912,-14.7084783822403,12.0880271541545));
#8192=CARTESIAN_POINT('Ctrl Pts',(-27.4356715531313,-11.4267534691815,12.1943345293429));
#8193=CARTESIAN_POINT('Ctrl Pts',(-27.6247000426374,-7.88347794366426,12.3263721720232));
#8194=CARTESIAN_POINT('Ctrl Pts',(-27.7406057760554,-4.11963343436074,12.4345098376461));
#8195=CARTESIAN_POINT('Ctrl Pts',(-27.7680828454805,-1.55213765628703,12.4639875007382));
#8196=CARTESIAN_POINT('Ctrl Pts',(-27.7698195733625,-0.27627044978596,12.4658046286916));
#8197=CARTESIAN_POINT('Ctrl Pts',(-26.3400745494049,-21.4514931015118,12.4657379527555));
#8198=CARTESIAN_POINT('Ctrl Pts',(-26.3400745494049,-21.4514931015118,12.1755945362472));
#8199=CARTESIAN_POINT('Ctrl Pts',(-26.582251539888,-20.9149285742554,11.5999108530903));
#8200=CARTESIAN_POINT('Ctrl Pts',(-27.4333749925079,-18.7678095188744,11.1210145139601));
#8201=CARTESIAN_POINT('Ctrl Pts',(-28.3744980983683,-15.8026581293798,11.0596960119994));
#8202=CARTESIAN_POINT('Ctrl Pts',(-29.1929984108656,-12.3432577686429,11.2588868901962));
#8203=CARTESIAN_POINT('Ctrl Pts',(-29.8113019438125,-8.56346296586857,11.553091519337));
#8204=CARTESIAN_POINT('Ctrl Pts',(-30.2052866800225,-4.49487591057468,11.8081302118251));
#8205=CARTESIAN_POINT('Ctrl Pts',(-30.3007934545523,-1.69402563273067,11.8794936137577));
#8206=CARTESIAN_POINT('Ctrl Pts',(-30.3068124863053,-0.301509234354837,
11.8838565266657));
#8207=CARTESIAN_POINT('Ctrl Pts',(-25.5273355465054,-23.6581680993842,12.4657379527555));
#8208=CARTESIAN_POINT('Ctrl Pts',(-25.5273355465054,-23.6581680993842,11.7634921977712));
#8209=CARTESIAN_POINT('Ctrl Pts',(-26.0316111097815,-23.0747195480069,10.370828379347));
#8210=CARTESIAN_POINT('Ctrl Pts',(-27.7841220873009,-20.7413322514689,9.03380364641034));
#8211=CARTESIAN_POINT('Ctrl Pts',(-29.7299800731923,-17.5117505990192,8.49992296619684));
#8212=CARTESIAN_POINT('Ctrl Pts',(-31.4539150221275,-13.7221343784266,8.48386671142583));
#8213=CARTESIAN_POINT('Ctrl Pts',(-32.7882781933007,-9.54980686353843,8.70962335447307));
#8214=CARTESIAN_POINT('Ctrl Pts',(-33.6572793305111,-5.0248181307079,8.96061930281247));
#8215=CARTESIAN_POINT('Ctrl Pts',(-33.871665239612,-1.89377545767399,9.03659399207444));
#8216=CARTESIAN_POINT('Ctrl Pts',(-33.8850523561211,-0.33710560867048,9.04115746053646));
#8217=CARTESIAN_POINT('Ctrl Pts',(-24.5057927200075,-25.0093510080026,12.4657379527555));
#8218=CARTESIAN_POINT('Ctrl Pts',(-24.5057927200075,-25.0093510080026,11.4355531749226));
#8219=CARTESIAN_POINT('Ctrl Pts',(-25.1697413530549,-24.3797362377792,9.39260290623356));
#8220=CARTESIAN_POINT('Ctrl Pts',(-27.4371116130024,-21.8584627360965,7.30215934463618));
#8221=CARTESIAN_POINT('Ctrl Pts',(-29.9021829646992,-18.3765830852898,6.23220098081669));
#8222=CARTESIAN_POINT('Ctrl Pts',(-32.0479061222291,-14.3225139113247,5.82673967857473));
#8223=CARTESIAN_POINT('Ctrl Pts',(-33.6804125479293,-9.91206873251606,5.77213555508487));
#8224=CARTESIAN_POINT('Ctrl Pts',(-34.7276478045718,-5.19137471806409,5.8411580242466));
#8225=CARTESIAN_POINT('Ctrl Pts',(-34.9822369314666,-1.95646000856724,5.87145556671727));
#8226=CARTESIAN_POINT('Ctrl Pts',(-34.9982681227479,-0.348178701601193,
5.87319717282375));
#8227=CARTESIAN_POINT('Ctrl Pts',(-23.7712643739934,-25.6890441640345,12.4657379527555));
#8228=CARTESIAN_POINT('Ctrl Pts',(-23.7712643739934,-25.6890441640345,11.2387075783359));
#8229=CARTESIAN_POINT('Ctrl Pts',(-24.5199929225001,-25.0255566469213,8.80578899955021));
#8230=CARTESIAN_POINT('Ctrl Pts',(-27.0345131296025,-22.3638716597471,6.26278479122831));
#8231=CARTESIAN_POINT('Ctrl Pts',(-29.7100917555483,-18.7031445644864,4.87063176650321));
#8232=CARTESIAN_POINT('Ctrl Pts',(-31.982208098348,-14.4858989462981,4.2298732774849));
#8233=CARTESIAN_POINT('Ctrl Pts',(-33.6692802479181,-9.96225486908658,4.0051184212622));
#8234=CARTESIAN_POINT('Ctrl Pts',(-34.727640885218,-5.19263472155434,3.96296145035751));
#8235=CARTESIAN_POINT('Ctrl Pts',(-34.982272026981,-1.95608075277623,3.96573732937504));
#8236=CARTESIAN_POINT('Ctrl Pts',(-34.9982681326459,-0.348177706669427,
3.96573796444081));
#8237=CARTESIAN_POINT('',(-26.4982430260235,-0.348178283956804,12.4657379527555));
#8238=CARTESIAN_POINT('Ctrl Pts',(-34.9982681269028,-0.348178283956817,
3.96573796444059));
#8239=CARTESIAN_POINT('Ctrl Pts',(-34.9982681269014,-0.348178283973081,
4.1813701424727));
#8240=CARTESIAN_POINT('Ctrl Pts',(-34.9897358438148,-0.348173614416173,
4.39652048598627));
#8241=CARTESIAN_POINT('Ctrl Pts',(-34.9729534704105,-0.348167584863338,
4.610767037466));
#8242=CARTESIAN_POINT('Ctrl Pts',(-34.9556144357976,-0.348161355313871,
4.83212001789977));
#8243=CARTESIAN_POINT('Ctrl Pts',(-34.9294689863475,-0.348153676930942,
5.05250885238349));
#8244=CARTESIAN_POINT('Ctrl Pts',(-34.8947718174756,-0.348146863619377,
5.27147254839494));
#8245=CARTESIAN_POINT('Ctrl Pts',(-34.8601341075411,-0.348140061983469,
5.49006101642283));
#8246=CARTESIAN_POINT('Ctrl Pts',(-34.8169737027864,-0.348134118521397,
5.70722986756187));
#8247=CARTESIAN_POINT('Ctrl Pts',(-34.7654906347327,-0.34813004499032,5.92251531032914));
#8248=CARTESIAN_POINT('Ctrl Pts',(-34.7138750032735,-0.348125960970336,
6.13835509013424));
#8249=CARTESIAN_POINT('Ctrl Pts',(-34.653893582151,-0.348123754287361,6.35230240578937));
#8250=CARTESIAN_POINT('Ctrl Pts',(-34.5856977514255,-0.34812319140012,6.56387493751807));
#8251=CARTESIAN_POINT('Ctrl Pts',(-34.5175019206999,-0.348122628512879,
6.77544746924678));
#8252=CARTESIAN_POINT('Ctrl Pts',(-34.4410914574599,-0.348123707371256,
6.98464587846623));
#8253=CARTESIAN_POINT('Ctrl Pts',(-34.3565708955302,-0.348124975826542,
7.19096305363236));
#8254=CARTESIAN_POINT('Ctrl Pts',(-34.2722999735452,-0.348126240535317,
7.39667085035832));
#8255=CARTESIAN_POINT('Ctrl Pts',(-34.1802862702892,-0.348127821635766,
7.5987343029288));
#8256=CARTESIAN_POINT('Ctrl Pts',(-34.0807645070939,-0.348130625739377,
7.79670480975817));
#8257=CARTESIAN_POINT('Ctrl Pts',(-33.9811361424969,-0.348133432846566,
7.99488737004038));
#8258=CARTESIAN_POINT('Ctrl Pts',(-33.8739833769788,-0.348137464413874,
8.18896885360585));
#8259=CARTESIAN_POINT('Ctrl Pts',(-33.7594917040926,-0.348142425414924,
8.37848412211535));
#8260=CARTESIAN_POINT('Ctrl Pts',(-33.6461195430195,-0.348147337906776,
8.56614629007618));
#8261=CARTESIAN_POINT('Ctrl Pts',(-33.5255509852035,-0.348153159103803,
8.74933168424359));
#8262=CARTESIAN_POINT('Ctrl Pts',(-33.3979214325923,-0.348158453618782,
8.92756483943426));
#8263=CARTESIAN_POINT('Ctrl Pts',(-33.3158274414648,-0.348161859161282,
9.04220812354437));
#8264=CARTESIAN_POINT('Ctrl Pts',(-33.2308111947561,-0.348165023764676,
9.15480199801211));
#8265=CARTESIAN_POINT('Ctrl Pts',(-33.1428996671693,-0.348167316978543,
9.26521294464245));
#8266=CARTESIAN_POINT('Ctrl Pts',(-33.0053864027939,-0.348170904077225,
9.43792032569556));
#8267=CARTESIAN_POINT('Ctrl Pts',(-32.8607903490706,-0.348172397476587,
9.60528861053243));
#8268=CARTESIAN_POINT('Ctrl Pts',(-32.7095189494915,-0.348172022834839,
9.7669883413868));
#8269=CARTESIAN_POINT('Ctrl Pts',(-32.6562732927465,-0.348171890965589,
9.82390464141961));
#8270=CARTESIAN_POINT('Ctrl Pts',(-32.6022003022769,-0.34817151929822,9.88011826305881));
#8271=CARTESIAN_POINT('Ctrl Pts',(-32.5473168713385,-0.348170891286402,
9.93561357369915));
#8272=CARTESIAN_POINT('Ctrl Pts',(-32.3938238097444,-0.348169134919226,
10.0908178856137));
#8273=CARTESIAN_POINT('Ctrl Pts',(-32.234565419832,-0.348165873653189,10.2398292444724));
#8274=CARTESIAN_POINT('Ctrl Pts',(-32.0700190486881,-0.34816270151392,10.3824158523749));
#8275=CARTESIAN_POINT('Ctrl Pts',(-31.9028564399835,-0.348159478938597,
10.5272695442407));
#8276=CARTESIAN_POINT('Ctrl Pts',(-31.7302358923558,-0.348156343664465,
10.6654930404476));
#8277=CARTESIAN_POINT('Ctrl Pts',(-31.5526160710376,-0.348154111509246,
10.7968098875249));
#8278=CARTESIAN_POINT('Ctrl Pts',(-31.3747989175468,-0.348151876874147,
10.9282726250695));
#8279=CARTESIAN_POINT('Ctrl Pts',(-31.1919708043918,-0.34815054024463,11.052813778839));
#8280=CARTESIAN_POINT('Ctrl Pts',(-31.0045583432125,-0.348150161697052,
11.1701160420605));
#8281=CARTESIAN_POINT('Ctrl Pts',(-30.818960892029,-0.348149786815546,11.2862822827415));
#8282=CARTESIAN_POINT('Ctrl Pts',(-30.6288668662512,-0.348150343144167,
11.3953495023185));
#8283=CARTESIAN_POINT('Ctrl Pts',(-30.4346664285804,-0.348151263098109,
11.496964859732));
#8284=CARTESIAN_POINT('Ctrl Pts',(-30.3516902758736,-0.348151656167453,
11.5403821224077));
#8285=CARTESIAN_POINT('Ctrl Pts',(-30.2679642047011,-0.348152108520525,
11.5824383827793));
#8286=CARTESIAN_POINT('Ctrl Pts',(-30.1835176865419,-0.348152546395554,
11.6231033602403));
#8287=CARTESIAN_POINT('Ctrl Pts',(-30.0657136688343,-0.348153157237053,
11.679831545479));
#8288=CARTESIAN_POINT('Ctrl Pts',(-29.9465076382075,-0.348153740779682,
11.7338524483397));
#8289=CARTESIAN_POINT('Ctrl Pts',(-29.8259916924857,-0.348154215926737,
11.7851307807168));
#8290=CARTESIAN_POINT('Ctrl Pts',(-29.6231762253471,-0.348155015548489,
11.8714267382589));
#8291=CARTESIAN_POINT('Ctrl Pts',(-29.4172311783516,-0.348156182930865,
11.9497116421376));
#8292=CARTESIAN_POINT('Ctrl Pts',(-29.2086364244623,-0.348157724655787,
12.0199151780851));
#8293=CARTESIAN_POINT('Ctrl Pts',(-28.9992850600889,-0.348159271972822,
12.0903733548149));
#8294=CARTESIAN_POINT('Ctrl Pts',(-28.7872641051189,-0.348161185412543,
12.1526916191408));
#8295=CARTESIAN_POINT('Ctrl Pts',(-28.5730404735284,-0.34816330661538,12.2067498834403));
#8296=CARTESIAN_POINT('Ctrl Pts',(-28.4482171401791,-0.348164542592974,
12.2382484286514));
#8297=CARTESIAN_POINT('Ctrl Pts',(-28.3226456773333,-0.348165846824131,
12.2669416649869));
#8298=CARTESIAN_POINT('Ctrl Pts',(-28.196416911274,-0.348167185661446,12.2927978148949));
#8299=CARTESIAN_POINT('Ctrl Pts',(-27.9797704511,-0.348169483508236,12.3371747309195));
#8300=CARTESIAN_POINT('Ctrl Pts',(-27.7616133712612,-0.348172065885981,
12.3731102143871));
#8301=CARTESIAN_POINT('Ctrl Pts',(-27.5424161889788,-0.348174134160761,
12.4005020807284));
#8302=CARTESIAN_POINT('Ctrl Pts',(-27.3247103118834,-0.348176188364061,
12.4277075868622));
#8303=CARTESIAN_POINT('Ctrl Pts',(-27.1059778021831,-0.348177723430933,
12.4464854302004));
#8304=CARTESIAN_POINT('Ctrl Pts',(-26.8866715050148,-0.348178302954938,
12.4566850930511));
#8305=CARTESIAN_POINT('Ctrl Pts',(-26.7573639866437,-0.348178644654251,
12.4626990247461));
#8306=CARTESIAN_POINT('Ctrl Pts',(-26.6278568825753,-0.348178661534203,
12.4657297704746));
#8307=CARTESIAN_POINT('Ctrl Pts',(-26.4982430260235,-0.348178347611696,
12.4657379527555));
#8308=CARTESIAN_POINT('',(-26.4982430260235,-19.4502762956261,12.4657379527555));
#8309=CARTESIAN_POINT('',(-26.4982430260235,-0.348178283956804,12.4657379527555));
#8310=CARTESIAN_POINT('Ctrl Pts',(-26.4982430260235,-19.4502762956261,12.4657379527555));
#8311=CARTESIAN_POINT('Ctrl Pts',(-26.4982430260235,-19.4504852675415,12.4657379527555));
#8312=CARTESIAN_POINT('Ctrl Pts',(-26.4982430260235,-19.4508240421541,12.4657335726679));
#8313=CARTESIAN_POINT('Ctrl Pts',(-26.4982430260235,-19.4517940777138,12.4657191937585));
#8314=CARTESIAN_POINT('Ctrl Pts',(-26.4982430260235,-19.4526202589542,12.4656987311252));
#8315=CARTESIAN_POINT('Ctrl Pts',(-26.4982430260235,-19.4572397662337,12.4655594658768));
#8316=CARTESIAN_POINT('Ctrl Pts',(-26.4982430260235,-19.4614714670631,12.4653303710815));
#8317=CARTESIAN_POINT('Ctrl Pts',(-26.4982430260235,-19.4738773781777,12.4645048246307));
#8318=CARTESIAN_POINT('Ctrl Pts',(-26.4982430260235,-19.4826465804475,12.4636902655821));
#8319=CARTESIAN_POINT('Ctrl Pts',(-26.4982430260235,-19.5094073662777,12.4607576398865));
#8320=CARTESIAN_POINT('Ctrl Pts',(-26.4982430260235,-19.5282168719652,12.4580212542424));
#8321=CARTESIAN_POINT('Ctrl Pts',(-26.4982430260235,-19.5840384595321,12.4485510987463));
#8322=CARTESIAN_POINT('Ctrl Pts',(-26.4982430260235,-19.6222865803169,12.4401536820087));
#8323=CARTESIAN_POINT('Ctrl Pts',(-26.4982430260235,-19.7351527690966,12.4114037354261));
#8324=CARTESIAN_POINT('Ctrl Pts',(-26.4982430260235,-19.8113262076754,12.3864383981411));
#8325=CARTESIAN_POINT('Ctrl Pts',(-26.4982430260235,-20.0363621919274,12.3005946924236));
#8326=CARTESIAN_POINT('Ctrl Pts',(-26.4982430260235,-20.1852915721386,12.2264586135937));
#8327=CARTESIAN_POINT('Ctrl Pts',(-26.4982430260235,-20.6262167728878,11.9667637387219));
#8328=CARTESIAN_POINT('Ctrl Pts',(-26.4982430260235,-20.9044057462144,11.7416184036297));
#8329=CARTESIAN_POINT('Ctrl Pts',(-26.4982430260235,-21.6235446489477,11.0166635244699));
#8330=CARTESIAN_POINT('Ctrl Pts',(-26.4982430260235,-22.0445318505234,10.3910586450816));
#8331=CARTESIAN_POINT('Ctrl Pts',(-26.4982430260235,-22.6818512363107,8.82497860517209));
#8332=CARTESIAN_POINT('Ctrl Pts',(-26.4982430260235,-22.8657629772941,7.90231719530447));
#8333=CARTESIAN_POINT('Ctrl Pts',(-26.4982430260235,-22.8657629772941,6.91262408684117));
#8334=CARTESIAN_POINT('Origin',(30.4982430260235,-0.348178283956804,16.4657379527555));
#8335=CARTESIAN_POINT('',(35.998316773238,-0.348178283956651,25.000000372529));
#8336=CARTESIAN_POINT('',(35.998316773238,-0.348178283956651,-39.581999627471));
#8337=CARTESIAN_POINT('',(35.998316773238,-0.348178283956651,25.000000372529));
#8338=CARTESIAN_POINT('',(45.4574551831308,-0.348178283956651,-39.581999627471));
#8339=CARTESIAN_POINT('',(26.4982430260235,-0.348178283956804,20.4657379527555));
#8340=CARTESIAN_POINT('',(26.4982430260235,-0.348178283956804,20.4657379527555));
#8341=CARTESIAN_POINT('',(34.4982430260235,-0.348178283956804,20.4657379527555));
#8342=CARTESIAN_POINT('',(31.3736274823518,-0.348178283956297,77.6538623257321));
#8343=CARTESIAN_POINT('Ctrl Pts',(34.9982635701481,-0.34817828395665,25.0000001898326));
#8344=CARTESIAN_POINT('Ctrl Pts',(35.1393076224776,-0.348178283956629,28.385297458579));
#8345=CARTESIAN_POINT('Ctrl Pts',(35.2059363169598,-0.348178283956611,31.7173082215012));
#8346=CARTESIAN_POINT('Ctrl Pts',(35.2059363169598,-0.348178283956551,41.5433809717538));
#8347=CARTESIAN_POINT('Ctrl Pts',(34.9313676604364,-0.348178283956508,48.4227136310466));
#8348=CARTESIAN_POINT('Ctrl Pts',(33.7314389543313,-0.348178283956422,62.4279219979068));
#8349=CARTESIAN_POINT('Ctrl Pts',(32.8058224191744,-0.34817828395638,69.5537757292948));
#8350=CARTESIAN_POINT('Ctrl Pts',(31.4974209153317,-0.348178283956333,76.9657839102037));
#8351=CARTESIAN_POINT('Ctrl Pts',(31.4358993244231,-0.348178283956331,77.3098983635909));
#8352=CARTESIAN_POINT('Ctrl Pts',(31.3736274823518,-0.348178283956329,77.6538623257321));
#8353=CARTESIAN_POINT('',(32.4296155693699,-0.348178283956297,77.6538623257321));
#8354=CARTESIAN_POINT('',(54.9149098298199,-0.348178283956297,77.6538623257321));
#8355=CARTESIAN_POINT('Ctrl Pts',(32.4296155693699,-0.348178283956329,77.6538623257321));
#8356=CARTESIAN_POINT('Ctrl Pts',(32.4441384882253,-0.348178283956329,77.573040250024));
#8357=CARTESIAN_POINT('Ctrl Pts',(32.4586199549469,-0.348178283956331,77.4922106681804));
#8358=CARTESIAN_POINT('Ctrl Pts',(33.7526146203011,-0.348178283956375,70.2482595197659));
#8359=CARTESIAN_POINT('Ctrl Pts',(34.7020208674654,-0.348178283956417,63.0248774929512));
#8360=CARTESIAN_POINT('Ctrl Pts',(35.9328732971315,-0.348178283956506,48.8261299811853));
#8361=CARTESIAN_POINT('Ctrl Pts',(36.2145783305692,-0.348178283956548,41.850786936536));
#8362=CARTESIAN_POINT('Ctrl Pts',(36.2145783305692,-0.348178283956608,31.862609713905));
#8363=CARTESIAN_POINT('Ctrl Pts',(36.1452041270209,-0.348178283956629,28.4585453074226));
#8364=CARTESIAN_POINT('Ctrl Pts',(35.998316773238,-0.34817828395665,25.000000372529));
#8365=CARTESIAN_POINT('',(32.562500461936,-0.348178283956804,16.5000002458692));
#8366=CARTESIAN_POINT('Origin',(31.000000461936,-0.348178283956804,16.5000002458692));
#8367=CARTESIAN_POINT('Origin',(0.,0.,25.000000372529));
#8368=CARTESIAN_POINT('',(34.623441085557,-9.85988671429727,-39.581999627471));
#8369=CARTESIAN_POINT('',(28.623441085557,-21.8334298507005,-39.581999627471));
#8370=CARTESIAN_POINT('Origin',(0.,0.,-39.5824033771975));
#8371=CARTESIAN_POINT('Origin',(0.,0.,-39.581999627471));
#8372=CARTESIAN_POINT('',(-35.998316773238,-0.348178283956651,25.000000372529));
#8373=CARTESIAN_POINT('Origin',(0.,0.,25.000000372529));
#8374=CARTESIAN_POINT('',(-35.998316773238,-0.348178283956651,-39.581999627471));
#8375=CARTESIAN_POINT('',(-35.998316773238,-0.348178283956651,25.000000372529));
#8376=CARTESIAN_POINT('Origin',(0.,0.,-39.581999627471));
#8377=CARTESIAN_POINT('',(32.562500461936,-15.3519901735973,16.5000002458692));
#8378=CARTESIAN_POINT('Ctrl Pts',(32.562500461936,-15.3519901735973,16.5000002458692));
#8379=CARTESIAN_POINT('Ctrl Pts',(32.562500461936,-15.3519901735973,16.6018115209996));
#8380=CARTESIAN_POINT('Ctrl Pts',(32.5526292269923,-15.3729615583723,16.6982078725888));
#8381=CARTESIAN_POINT('Ctrl Pts',(32.5184732478277,-15.4450814899666,16.8796855830161));
#8382=CARTESIAN_POINT('Ctrl Pts',(32.4941554899618,-15.4962731988068,16.964743570774));
#8383=CARTESIAN_POINT('Ctrl Pts',(32.4063964480086,-15.6794078430958,17.2012235901873));
#8384=CARTESIAN_POINT('Ctrl Pts',(32.3279318046475,-15.8409453339881,17.3335715922037));
#8385=CARTESIAN_POINT('Ctrl Pts',(32.0851867924072,-16.330294708768,17.6572945537539));
#8386=CARTESIAN_POINT('Ctrl Pts',(31.8836929277009,-16.7223531890788,17.8106299403549));
#8387=CARTESIAN_POINT('Ctrl Pts',(31.4509706942749,-17.5226543067069,18.0150210043396));
#8388=CARTESIAN_POINT('Ctrl Pts',(31.2193037987934,-17.9315690317078,18.0625002458692));
#8389=CARTESIAN_POINT('Ctrl Pts',(30.8059370489396,-18.6316928142798,18.0625002458692));
#8390=CARTESIAN_POINT('Ctrl Pts',(30.5883219087156,-18.9871984076663,18.0252954509642));
#8391=CARTESIAN_POINT('Ctrl Pts',(30.1601124033227,-19.6602838276775,17.8381306144783));
#8392=CARTESIAN_POINT('Ctrl Pts',(29.9493284154098,-19.9783523672589,17.6903687449692));
#8393=CARTESIAN_POINT('Ctrl Pts',(29.6867074351062,-20.3647687027549,17.3582971651184));
#8394=CARTESIAN_POINT('Ctrl Pts',(29.5994821470286,-20.4910379397783,17.2152606876662));
#8395=CARTESIAN_POINT('Ctrl Pts',(29.5057796837447,-20.6255178985363,16.9654264474321));
#8396=CARTESIAN_POINT('Ctrl Pts',(29.4805735775004,-20.6614779384511,16.8763008913405));
#8397=CARTESIAN_POINT('Ctrl Pts',(29.446436491272,-20.7101021622701,16.691460337866));
#8398=CARTESIAN_POINT('Ctrl Pts',(29.437500461936,-20.7227798612379,16.5957498286038));
#8399=CARTESIAN_POINT('Ctrl Pts',(29.437500461936,-20.7227798612379,16.4042506631346));
#8400=CARTESIAN_POINT('Ctrl Pts',(29.446436491272,-20.7101021622701,16.3085401538724));
#8401=CARTESIAN_POINT('Ctrl Pts',(29.4805735775004,-20.6614779384511,16.1236996003979));
#8402=CARTESIAN_POINT('Ctrl Pts',(29.5057796837447,-20.6255178985363,16.0345740443063));
#8403=CARTESIAN_POINT('Ctrl Pts',(29.5994821470286,-20.4910379397783,15.7847398040721));
#8404=CARTESIAN_POINT('Ctrl Pts',(29.6867074351062,-20.3647687027549,15.6417033266199));
#8405=CARTESIAN_POINT('Ctrl Pts',(29.9493284154098,-19.9783523672589,15.3096317467691));
#8406=CARTESIAN_POINT('Ctrl Pts',(30.1601124033227,-19.6602838276775,15.16186987726));
#8407=CARTESIAN_POINT('Ctrl Pts',(30.5883219087156,-18.9871984076663,14.9747050407741));
#8408=CARTESIAN_POINT('Ctrl Pts',(30.8059370489396,-18.6316928142798,14.9375002458692));
#8409=CARTESIAN_POINT('Ctrl Pts',(31.2193037987934,-17.9315690317078,14.9375002458692));
#8410=CARTESIAN_POINT('Ctrl Pts',(31.4509706942749,-17.5226543067069,14.9849794873987));
#8411=CARTESIAN_POINT('Ctrl Pts',(31.8836929277009,-16.7223531890788,15.1893705513835));
#8412=CARTESIAN_POINT('Ctrl Pts',(32.0851867924072,-16.330294708768,15.3427059379844));
#8413=CARTESIAN_POINT('Ctrl Pts',(32.3279318046475,-15.8409453339881,15.6664288995346));
#8414=CARTESIAN_POINT('Ctrl Pts',(32.4063964480086,-15.6794078430958,15.798776901551));
#8415=CARTESIAN_POINT('Ctrl Pts',(32.4941554899618,-15.4962731988068,16.0352569209643));
#8416=CARTESIAN_POINT('Ctrl Pts',(32.5184732478277,-15.4450814899666,16.1203149087222));
#8417=CARTESIAN_POINT('Ctrl Pts',(32.5526292269923,-15.3729615583723,16.3017926191495));
#8418=CARTESIAN_POINT('Ctrl Pts',(32.562500461936,-15.3519901735973,16.3981889707388));
#8419=CARTESIAN_POINT('Ctrl Pts',(32.562500461936,-15.3519901735973,16.5000002458692));
#8420=CARTESIAN_POINT('',(-29.437500461936,-20.7227798612379,16.5000002458692));
#8421=CARTESIAN_POINT('Ctrl Pts',(-29.437500461936,-20.7227798612379,16.5000002458692));
#8422=CARTESIAN_POINT('Ctrl Pts',(-29.437500461936,-20.7227798612379,16.5957498286038));
#8423=CARTESIAN_POINT('Ctrl Pts',(-29.446436491272,-20.7101021622701,16.691460337866));
#8424=CARTESIAN_POINT('Ctrl Pts',(-29.4805735775004,-20.6614779384511,16.8763008913404));
#8425=CARTESIAN_POINT('Ctrl Pts',(-29.5057796837447,-20.6255178985363,16.9654264474321));
#8426=CARTESIAN_POINT('Ctrl Pts',(-29.5994821470286,-20.4910379397783,17.2152606876662));
#8427=CARTESIAN_POINT('Ctrl Pts',(-29.6867074351062,-20.3647687027549,17.3582971651184));
#8428=CARTESIAN_POINT('Ctrl Pts',(-29.9493284154098,-19.9783523672589,17.6903687449692));
#8429=CARTESIAN_POINT('Ctrl Pts',(-30.1601124033227,-19.6602838276775,17.8381306144783));
#8430=CARTESIAN_POINT('Ctrl Pts',(-30.5883219087156,-18.9871984076663,18.0252954509642));
#8431=CARTESIAN_POINT('Ctrl Pts',(-30.8059370489396,-18.6316928142798,18.0625002458692));
#8432=CARTESIAN_POINT('Ctrl Pts',(-31.2193037987934,-17.9315690317078,18.0625002458692));
#8433=CARTESIAN_POINT('Ctrl Pts',(-31.4509706942749,-17.5226543067069,18.0150210043396));
#8434=CARTESIAN_POINT('Ctrl Pts',(-31.8836929277009,-16.7223531890788,17.8106299403549));
#8435=CARTESIAN_POINT('Ctrl Pts',(-32.0851867924072,-16.330294708768,17.6572945537539));
#8436=CARTESIAN_POINT('Ctrl Pts',(-32.3279318046475,-15.8409453339881,17.3335715922037));
#8437=CARTESIAN_POINT('Ctrl Pts',(-32.4063964480086,-15.6794078430958,17.2012235901873));
#8438=CARTESIAN_POINT('Ctrl Pts',(-32.4941554899618,-15.4962731988068,16.964743570774));
#8439=CARTESIAN_POINT('Ctrl Pts',(-32.5184732478277,-15.4450814899666,16.8796855830162));
#8440=CARTESIAN_POINT('Ctrl Pts',(-32.5526292269923,-15.3729615583723,16.6982078725888));
#8441=CARTESIAN_POINT('Ctrl Pts',(-32.562500461936,-15.3519901735973,16.6018115209996));
#8442=CARTESIAN_POINT('Ctrl Pts',(-32.562500461936,-15.3519901735973,16.3981889707388));
#8443=CARTESIAN_POINT('Ctrl Pts',(-32.5526292269923,-15.3729615583723,16.3017926191495));
#8444=CARTESIAN_POINT('Ctrl Pts',(-32.5184732478277,-15.4450814899666,16.1203149087222));
#8445=CARTESIAN_POINT('Ctrl Pts',(-32.4941554899618,-15.4962731988068,16.0352569209643));
#8446=CARTESIAN_POINT('Ctrl Pts',(-32.4063964480086,-15.6794078430958,15.798776901551));
#8447=CARTESIAN_POINT('Ctrl Pts',(-32.3279318046475,-15.8409453339881,15.6664288995346));
#8448=CARTESIAN_POINT('Ctrl Pts',(-32.0851867924072,-16.330294708768,15.3427059379844));
#8449=CARTESIAN_POINT('Ctrl Pts',(-31.8836929277009,-16.7223531890788,15.1893705513835));
#8450=CARTESIAN_POINT('Ctrl Pts',(-31.4509706942749,-17.5226543067069,14.9849794873987));
#8451=CARTESIAN_POINT('Ctrl Pts',(-31.2193037987934,-17.9315690317078,14.9375002458692));
#8452=CARTESIAN_POINT('Ctrl Pts',(-30.8059370489396,-18.6316928142798,14.9375002458692));
#8453=CARTESIAN_POINT('Ctrl Pts',(-30.5883219087156,-18.9871984076663,14.9747050407741));
#8454=CARTESIAN_POINT('Ctrl Pts',(-30.1601124033227,-19.6602838276775,15.16186987726));
#8455=CARTESIAN_POINT('Ctrl Pts',(-29.9493284154098,-19.9783523672589,15.3096317467691));
#8456=CARTESIAN_POINT('Ctrl Pts',(-29.6867074351062,-20.3647687027549,15.6417033266199));
#8457=CARTESIAN_POINT('Ctrl Pts',(-29.5994821470286,-20.4910379397783,15.7847398040721));
#8458=CARTESIAN_POINT('Ctrl Pts',(-29.5057796837447,-20.6255178985363,16.0345740443063));
#8459=CARTESIAN_POINT('Ctrl Pts',(-29.4805735775004,-20.6614779384511,16.1236996003979));
#8460=CARTESIAN_POINT('Ctrl Pts',(-29.446436491272,-20.7101021622701,16.3085401538724));
#8461=CARTESIAN_POINT('Ctrl Pts',(-29.437500461936,-20.7227798612379,16.4042506631346));
#8462=CARTESIAN_POINT('Ctrl Pts',(-29.437500461936,-20.7227798612379,16.5000002458692));
#8463=CARTESIAN_POINT('',(30.20264759933,-19.5908171502492,-32.6828959551211));
#8464=CARTESIAN_POINT('Ctrl Pts',(30.20264759933,-19.5908171502492,-32.6828959551211));
#8465=CARTESIAN_POINT('Ctrl Pts',(30.20264759933,-19.5908171502492,-32.5879492534505));
#8466=CARTESIAN_POINT('Ctrl Pts',(30.2114908636038,-19.5772017755612,-32.4936326503344));
#8467=CARTESIAN_POINT('Ctrl Pts',(30.2447949254265,-19.5257094214594,-32.3122113408549));
#8468=CARTESIAN_POINT('Ctrl Pts',(30.2692622141626,-19.4878144423181,-32.2251129354751));
#8469=CARTESIAN_POINT('Ctrl Pts',(30.3595863382021,-19.347040864703,-31.9815622889744));
#8470=CARTESIAN_POINT('Ctrl Pts',(30.4428929087278,-19.2160042935719,-31.8429682124503));
#8471=CARTESIAN_POINT('Ctrl Pts',(30.7036355621099,-18.7989160250162,-31.5053362787747));
#8472=CARTESIAN_POINT('Ctrl Pts',(30.9163521313172,-18.4488819409379,-31.3570613370719));
#8473=CARTESIAN_POINT('Ctrl Pts',(31.3449029339512,-17.7109890791974,-31.1693003228364));
#8474=CARTESIAN_POINT('Ctrl Pts',(31.5609958617796,-17.3224997628742,-31.1328959551211));
#8475=CARTESIAN_POINT('Ctrl Pts',(31.9745242833995,-16.5484604926943,-31.1328959551211));
#8476=CARTESIAN_POINT('Ctrl Pts',(32.2076383153925,-16.0909039317718,-31.1817667178359));
#8477=CARTESIAN_POINT('Ctrl Pts',(32.6413515873193,-15.1918175465976,-31.3903744371563));
#8478=CARTESIAN_POINT('Ctrl Pts',(32.8424080771845,-14.7494569330045,-31.5455541138344));
#8479=CARTESIAN_POINT('Ctrl Pts',(33.0945299712258,-14.1703947452051,-31.8929548610916));
#8480=CARTESIAN_POINT('Ctrl Pts',(33.1899266364371,-13.9445433120351,-32.0657376914426));
#8481=CARTESIAN_POINT('Ctrl Pts',(33.2621161848025,-13.7707443175989,-32.3257290929298));
#8482=CARTESIAN_POINT('Ctrl Pts',(33.2770324040101,-13.734622898307,-32.3931258362987));
#8483=CARTESIAN_POINT('Ctrl Pts',(33.2973723806439,-13.6852381893111,-32.5361270159439));
#8484=CARTESIAN_POINT('Ctrl Pts',(33.30264759933,-13.6723700029896,-32.6118886720277));
#8485=CARTESIAN_POINT('Ctrl Pts',(33.30264759933,-13.6723700029896,-32.7539032382145));
#8486=CARTESIAN_POINT('Ctrl Pts',(33.2973723806439,-13.6852381893111,-32.8296648942983));
#8487=CARTESIAN_POINT('Ctrl Pts',(33.2770324040101,-13.734622898307,-32.9726660739435));
#8488=CARTESIAN_POINT('Ctrl Pts',(33.2621161848025,-13.7707443175989,-33.0400628173124));
#8489=CARTESIAN_POINT('Ctrl Pts',(33.1899266364371,-13.9445433120351,-33.3000542187996));
#8490=CARTESIAN_POINT('Ctrl Pts',(33.0945299712258,-14.1703947452051,-33.4728370491506));
#8491=CARTESIAN_POINT('Ctrl Pts',(32.8424080771845,-14.7494569330045,-33.8202377964078));
#8492=CARTESIAN_POINT('Ctrl Pts',(32.6413515873193,-15.1918175465976,-33.9754174730859));
#8493=CARTESIAN_POINT('Ctrl Pts',(32.2076383153925,-16.0909039317718,-34.1840251924063));
#8494=CARTESIAN_POINT('Ctrl Pts',(31.9745242833995,-16.5484604926943,-34.2328959551211));
#8495=CARTESIAN_POINT('Ctrl Pts',(31.5609958617796,-17.3224997628742,-34.2328959551211));
#8496=CARTESIAN_POINT('Ctrl Pts',(31.3449029339512,-17.7109890791974,-34.1964915874058));
#8497=CARTESIAN_POINT('Ctrl Pts',(30.9163521313172,-18.4488819409379,-34.0087305731703));
#8498=CARTESIAN_POINT('Ctrl Pts',(30.7036355621099,-18.7989160250162,-33.8604556314675));
#8499=CARTESIAN_POINT('Ctrl Pts',(30.4428929087278,-19.2160042935719,-33.5228236977919));
#8500=CARTESIAN_POINT('Ctrl Pts',(30.3595863382021,-19.347040864703,-33.3842296212678));
#8501=CARTESIAN_POINT('Ctrl Pts',(30.2692622141626,-19.4878144423181,-33.1406789747671));
#8502=CARTESIAN_POINT('Ctrl Pts',(30.2447949254265,-19.5257094214595,-33.0535805693873));
#8503=CARTESIAN_POINT('Ctrl Pts',(30.2114908636038,-19.5772017755612,-32.8721592599078));
#8504=CARTESIAN_POINT('Ctrl Pts',(30.20264759933,-19.5908171502492,-32.7778426567917));
#8505=CARTESIAN_POINT('Ctrl Pts',(30.20264759933,-19.5908171502492,-32.6828959551211));
#8506=CARTESIAN_POINT('',(-33.3005002510536,-13.6775992649802,-32.6916078921293));
#8507=CARTESIAN_POINT('Ctrl Pts',(-33.3005002510536,-13.6775992649802,-32.6916078921293));
#8508=CARTESIAN_POINT('Ctrl Pts',(-33.3005002510536,-13.6775992649802,-32.6205931296547));
#8509=CARTESIAN_POINT('Ctrl Pts',(-33.2952239292937,-13.6904643857191,-32.5448221033903));
#8510=CARTESIAN_POINT('Ctrl Pts',(-33.27487841696,-13.7398405361105,-32.4018001968843));
#8511=CARTESIAN_POINT('Ctrl Pts',(-33.2599577426978,-13.7759566986637,-32.334392221871));
#8512=CARTESIAN_POINT('Ctrl Pts',(-33.187758114854,-13.9497031161323,-32.074404550182));
#8513=CARTESIAN_POINT('Ctrl Pts',(-33.0923506409806,-14.1754827333382,-31.9016102765943));
#8514=CARTESIAN_POINT('Ctrl Pts',(-32.8402180060716,-14.7543283847207,-31.5542306480138));
#8515=CARTESIAN_POINT('Ctrl Pts',(-32.6391641002837,-15.196511472886,-31.3990607120731));
#8516=CARTESIAN_POINT('Ctrl Pts',(-32.2054645946144,-16.0952491665545,-31.1904723272156));
#8517=CARTESIAN_POINT('Ctrl Pts',(-31.9723617854529,-16.5526340627973,-31.1416078921293));
#8518=CARTESIAN_POINT('Ctrl Pts',(-31.5588451966286,-17.3264155280713,-31.1416078921293));
#8519=CARTESIAN_POINT('Ctrl Pts',(-31.3427525107807,-17.7147919878994,-31.1780140756459));
#8520=CARTESIAN_POINT('Ctrl Pts',(-30.9142130672904,-18.4524638038538,-31.3657691759086));
#8521=CARTESIAN_POINT('Ctrl Pts',(-30.7015078315712,-18.8023892203896,-31.5140394475609));
#8522=CARTESIAN_POINT('Ctrl Pts',(-30.4407666848593,-19.2193723025113,-31.8516450297989));
#8523=CARTESIAN_POINT('Ctrl Pts',(-30.3574504200245,-19.3503921090473,-31.990249048485));
#8524=CARTESIAN_POINT('Ctrl Pts',(-30.2671183100332,-19.4911440253549,-32.2338127646701));
#8525=CARTESIAN_POINT('Ctrl Pts',(-30.2426493689746,-19.5290324238147,-32.3209152146754));
#8526=CARTESIAN_POINT('Ctrl Pts',(-30.2093435826103,-19.5805150507997,-32.5023425274756));
#8527=CARTESIAN_POINT('Ctrl Pts',(-30.2005002510537,-19.5941272632878,-32.5966610957794));
#8528=CARTESIAN_POINT('Ctrl Pts',(-30.2005002510537,-19.5941272632878,-32.7865546884792));
#8529=CARTESIAN_POINT('Ctrl Pts',(-30.2093435826103,-19.5805150507997,-32.880873256783));
#8530=CARTESIAN_POINT('Ctrl Pts',(-30.2426493689746,-19.5290324238147,-33.0623005695833));
#8531=CARTESIAN_POINT('Ctrl Pts',(-30.2671183100332,-19.4911440253549,-33.1494030195885));
#8532=CARTESIAN_POINT('Ctrl Pts',(-30.3574504200245,-19.3503921090473,-33.3929667357737));
#8533=CARTESIAN_POINT('Ctrl Pts',(-30.4407666848593,-19.2193723025113,-33.5315707544597));
#8534=CARTESIAN_POINT('Ctrl Pts',(-30.7015078315712,-18.8023892203896,-33.8691763366977));
#8535=CARTESIAN_POINT('Ctrl Pts',(-30.9142130672904,-18.4524638038538,-34.01744660835));
#8536=CARTESIAN_POINT('Ctrl Pts',(-31.3427525107807,-17.7147919878994,-34.2052017086127));
#8537=CARTESIAN_POINT('Ctrl Pts',(-31.5588451966286,-17.3264155280713,-34.2416078921293));
#8538=CARTESIAN_POINT('Ctrl Pts',(-31.9723617854529,-16.5526340627973,-34.2416078921293));
#8539=CARTESIAN_POINT('Ctrl Pts',(-32.2054645946144,-16.0952491665545,-34.1927434570431));
#8540=CARTESIAN_POINT('Ctrl Pts',(-32.6391641002837,-15.196511472886,-33.9841550721856));
#8541=CARTESIAN_POINT('Ctrl Pts',(-32.8402180060716,-14.7543283847207,-33.8289851362449));
#8542=CARTESIAN_POINT('Ctrl Pts',(-33.0923506409806,-14.1754827333382,-33.4816055076644));
#8543=CARTESIAN_POINT('Ctrl Pts',(-33.187758114854,-13.9497031161323,-33.3088112340766));
#8544=CARTESIAN_POINT('Ctrl Pts',(-33.2599577426978,-13.7759566986637,-33.0488235623877));
#8545=CARTESIAN_POINT('Ctrl Pts',(-33.27487841696,-13.7398405361105,-32.9814155873744));
#8546=CARTESIAN_POINT('Ctrl Pts',(-33.2952239292937,-13.6904643857191,-32.8383936808684));
#8547=CARTESIAN_POINT('Ctrl Pts',(-33.3005002510536,-13.6775992649802,-32.762622654604));
#8548=CARTESIAN_POINT('Ctrl Pts',(-33.3005002510536,-13.6775992649802,-32.6916078921293));
#8549=CARTESIAN_POINT('Origin',(-31.000000461936,-0.348178283956804,16.5000002458692));
#8550=CARTESIAN_POINT('',(-29.437500461936,-0.348178283956804,16.5000002458692));
#8551=CARTESIAN_POINT('',(-29.437500461936,-0.348178283956804,16.5000002458692));
#8552=CARTESIAN_POINT('Origin',(-31.000000461936,-0.348178283956804,16.5000002458692));
#8553=CARTESIAN_POINT('Origin',(-26.4982430260235,-0.348178283956804,12.4657379527555));
#8554=CARTESIAN_POINT('',(-26.4982430260235,-0.348178283956804,20.4657379527555));
#8555=CARTESIAN_POINT('',(-26.4982430260235,-0.348178283956804,20.4657379527555));
#8556=CARTESIAN_POINT('',(-26.4982430260235,-0.348178283956804,20.4657379527555));
#8557=CARTESIAN_POINT('Origin',(-26.4982430260235,-0.348178283956804,20.4657379527555));
#8558=CARTESIAN_POINT('',(-34.4982430260235,-0.348178283956804,20.4657379527555));
#8559=CARTESIAN_POINT('Origin',(-30.4982430260235,-0.348178283956804,16.4657379527555));
#8560=CARTESIAN_POINT('',(-32.4296155693699,-0.348178283956297,77.6538623257321));
#8561=CARTESIAN_POINT('Ctrl Pts',(-35.998316773238,-0.34817828395665,25.000000372529));
#8562=CARTESIAN_POINT('Ctrl Pts',(-36.1452041270209,-0.348178283956629,
28.4585453074227));
#8563=CARTESIAN_POINT('Ctrl Pts',(-36.2145783305692,-0.348178283956608,
31.862609713905));
#8564=CARTESIAN_POINT('Ctrl Pts',(-36.2145783305692,-0.348178283956548,
41.850786936536));
#8565=CARTESIAN_POINT('Ctrl Pts',(-35.9328732971315,-0.348178283956506,
48.8261299811853));
#8566=CARTESIAN_POINT('Ctrl Pts',(-34.7020208674654,-0.348178283956417,
63.0248774929512));
#8567=CARTESIAN_POINT('Ctrl Pts',(-33.7526146203011,-0.348178283956375,
70.2482595197658));
#8568=CARTESIAN_POINT('Ctrl Pts',(-32.4586199549469,-0.348178283956331,
77.4922106681804));
#8569=CARTESIAN_POINT('Ctrl Pts',(-32.4441384882253,-0.348178283956329,
77.573040250024));
#8570=CARTESIAN_POINT('Ctrl Pts',(-32.4296155693699,-0.348178283956329,
77.6538623257321));
#8571=CARTESIAN_POINT('',(-31.3736274823518,-0.348178283956297,77.6538623257321));
#8572=CARTESIAN_POINT('',(54.9149098298199,-0.348178283956297,77.6538623257321));
#8573=CARTESIAN_POINT('Ctrl Pts',(-31.3736274823518,-0.348178283956329,
77.6538623257321));
#8574=CARTESIAN_POINT('Ctrl Pts',(-31.4358993244231,-0.348178283956331,
77.3098983635909));
#8575=CARTESIAN_POINT('Ctrl Pts',(-31.4974209153317,-0.348178283956333,
76.9657839102037));
#8576=CARTESIAN_POINT('Ctrl Pts',(-32.8058224191744,-0.34817828395638,69.5537757292948));
#8577=CARTESIAN_POINT('Ctrl Pts',(-33.7314389543313,-0.348178283956422,
62.4279219979068));
#8578=CARTESIAN_POINT('Ctrl Pts',(-34.9313676604364,-0.348178283956508,
48.4227136310466));
#8579=CARTESIAN_POINT('Ctrl Pts',(-35.2059363169598,-0.348178283956551,
41.5433809717538));
#8580=CARTESIAN_POINT('Ctrl Pts',(-35.2059363169598,-0.348178283956611,
31.7173082215012));
#8581=CARTESIAN_POINT('Ctrl Pts',(-35.1393076224776,-0.348178283956629,
28.3852974585789));
#8582=CARTESIAN_POINT('Ctrl Pts',(-34.9982635701481,-0.34817828395665,25.0000001898326));
#8583=CARTESIAN_POINT('',(45.4574551831308,-0.348178283956651,-39.581999627471));
#8584=CARTESIAN_POINT('Origin',(26.4982430260235,-0.348178283956804,20.4657379527555));
#8585=CARTESIAN_POINT('',(26.4982430260235,-0.348178283956804,20.4657379527555));
#8586=CARTESIAN_POINT('Origin',(34.4982430260235,-0.348178283956804,20.4657379527555));
#8587=CARTESIAN_POINT('Origin',(31.000000461936,-0.348178283956804,16.5000002458692));
#8588=CARTESIAN_POINT('',(32.562500461936,-0.348178283956804,16.5000002458692));
#8589=CARTESIAN_POINT('Origin',(-31.7505002510537,4.237978688357,-32.6916078921293));
#8590=CARTESIAN_POINT('',(-33.3005002510536,4.237978688357,-32.6916078921293));
#8591=CARTESIAN_POINT('Origin',(31.75264759933,4.23797868835745,-32.6828959551211));
#8592=CARTESIAN_POINT('',(30.20264759933,4.23797868835745,-32.6828959551211));
#8593=CARTESIAN_POINT('Origin',(31.623441085557,-13.8442295127363,-39.5824033771975));
#8594=CARTESIAN_POINT('',(34.623441085557,-11.5265449469451,-39.581999627471));
#8595=CARTESIAN_POINT('',(28.623441085557,-9.96195178010387,-39.581999627471));
#8596=CARTESIAN_POINT('Origin',(36.0000005364418,0.,-39.581999627471));
#8597=CARTESIAN_POINT('Origin',(36.0000005364418,0.,-39.581999627471));
#8598=CARTESIAN_POINT('Origin',(54.9149098298199,-294.713609150333,36.5357294742691));
#8599=CARTESIAN_POINT('Ctrl Pts',(31.3736274823518,-0.348178283956297,77.653862325732));
#8600=CARTESIAN_POINT('Ctrl Pts',(28.8837257574347,-2.2529685500286,91.2902890917034));
#8601=CARTESIAN_POINT('Ctrl Pts',(25.351618225517,-4.84932551427085,102.925099855189));
#8602=CARTESIAN_POINT('Ctrl Pts',(18.9097155733565,-8.62949144388785,117.335023308847));
#8603=CARTESIAN_POINT('Ctrl Pts',(16.2963598403717,-9.97789819449623,121.864421760719));
#8604=CARTESIAN_POINT('Ctrl Pts',(11.8277822068307,-11.7646004650138,127.567257763604));
#8605=CARTESIAN_POINT('Ctrl Pts',(9.80219405062103,-12.4632362154331,129.697943631832));
#8606=CARTESIAN_POINT('Ctrl Pts',(6.14451686803726,-13.3054660836049,132.202469441137));
#8607=CARTESIAN_POINT('Ctrl Pts',(4.65448100150894,-13.5669678644617,132.964423791317));
#8608=CARTESIAN_POINT('Ctrl Pts',(1.69593663702615,-13.8479393737717,133.779435629155));
#8609=CARTESIAN_POINT('Ctrl Pts',(0.318491504155798,-13.8935580120713,133.910405605132));
#8610=CARTESIAN_POINT('Ctrl Pts',(-2.68771323242177,-13.791939455157,133.616885036586));
#8611=CARTESIAN_POINT('Ctrl Pts',(-4.20629017657475,-13.6195214467137,133.119421646519));
#8612=CARTESIAN_POINT('Ctrl Pts',(-8.29406545240275,-12.9079016691485,131.030828111796));
#8613=CARTESIAN_POINT('Ctrl Pts',(-10.6216429099404,-12.1826810328463,128.858621499041));
#8614=CARTESIAN_POINT('Ctrl Pts',(-15.1742330533071,-10.483782017853,123.516737067917));
#8615=CARTESIAN_POINT('Ctrl Pts',(-17.6729590741308,-9.26817203194523,119.520091692801));
#8616=CARTESIAN_POINT('Ctrl Pts',(-24.5803527283545,-5.41741228262862,105.414982472973));
#8617=CARTESIAN_POINT('Ctrl Pts',(-28.6172053099535,-2.4568583457547,92.7499396985289));
#8618=CARTESIAN_POINT('Ctrl Pts',(-31.3736274823518,-0.348178283956293,
77.653862325732));
#8619=CARTESIAN_POINT('Ctrl Pts',(-32.4296155693699,-0.348178283956299,
77.6538623257321));
#8620=CARTESIAN_POINT('Ctrl Pts',(-29.9581175239938,-2.25352196833857,91.2942510230453));
#8621=CARTESIAN_POINT('Ctrl Pts',(-26.4422653541996,-4.85746220676225,102.979584211205));
#8622=CARTESIAN_POINT('Ctrl Pts',(-19.9012079356303,-8.75905375608024,117.813982507423));
#8623=CARTESIAN_POINT('Ctrl Pts',(-17.1665372381859,-10.1961861233033,122.599031478901));
#8624=CARTESIAN_POINT('Ctrl Pts',(-12.4774320404244,-12.1069503699679,128.627948274941));
#8625=CARTESIAN_POINT('Ctrl Pts',(-10.3501185385795,-12.8556931261843,130.880483727447));
#8626=CARTESIAN_POINT('Ctrl Pts',(-6.50543666112167,-13.7607518683672,133.532006525725));
#8627=CARTESIAN_POINT('Ctrl Pts',(-4.93887864419642,-14.0425556648743,134.34021855692));
#8628=CARTESIAN_POINT('Ctrl Pts',(-1.83279521752196,-14.3466605717605,135.208205545656));
#8629=CARTESIAN_POINT('Ctrl Pts',(-0.388858279361752,-14.3976711653972,
135.352243891331));
#8630=CARTESIAN_POINT('Ctrl Pts',(2.75855814738835,-14.2949070409317,135.060277118115));
#8631=CARTESIAN_POINT('Ctrl Pts',(4.34715537050099,-14.1150667715825,134.549995170835));
#8632=CARTESIAN_POINT('Ctrl Pts',(8.60148394606497,-13.3720144865646,132.404364495685));
#8633=CARTESIAN_POINT('Ctrl Pts',(11.0174860755776,-12.6167911533975,130.178541543355));
#8634=CARTESIAN_POINT('Ctrl Pts',(15.7425826487139,-10.8451743310412,124.692255266387));
#8635=CARTESIAN_POINT('Ctrl Pts',(18.3287318063434,-9.58063785623716,120.594749703846));
#8636=CARTESIAN_POINT('Ctrl Pts',(25.4684277624865,-5.57990252433285,106.13098812881));
#8637=CARTESIAN_POINT('Ctrl Pts',(29.6238231337825,-2.51123841942186,93.1392475952033));
#8638=CARTESIAN_POINT('Ctrl Pts',(32.4296155693699,-0.348178283956301,77.6538623257321));
#8639=CARTESIAN_POINT('Ctrl Pts',(-35.9983368215644,-0.34609927044883,25.000000372529));
#8640=CARTESIAN_POINT('Ctrl Pts',(-35.655549062286,-36.0000005364418,25.000000372529));
#8641=CARTESIAN_POINT('Ctrl Pts',(0.,-36.0000005364418,25.000000372529));
#8642=CARTESIAN_POINT('Ctrl Pts',(35.655549062286,-36.0000005364418,25.000000372529));
#8643=CARTESIAN_POINT('Ctrl Pts',(35.9983368215644,-0.346099270448826,25.000000372529));
#8644=CARTESIAN_POINT('Ctrl Pts',(-38.4523373308946,-0.36969279895461,82.7861886410238));
#8645=CARTESIAN_POINT('Ctrl Pts',(-38.0861817882647,-38.4541144609327,82.7861886410238));
#8646=CARTESIAN_POINT('Ctrl Pts',(0.,-38.4541144609327,82.7861886410238));
#8647=CARTESIAN_POINT('Ctrl Pts',(38.0861817882647,-38.4541144609327,82.7861886410238));
#8648=CARTESIAN_POINT('Ctrl Pts',(38.4523373308946,-0.369692798954605,82.7861886410238));
#8649=CARTESIAN_POINT('Ctrl Pts',(-14.3271572120061,-0.137745770957691,
135.352224391912));
#8650=CARTESIAN_POINT('Ctrl Pts',(-14.1907294058584,-14.3278193621694,135.352224391912));
#8651=CARTESIAN_POINT('Ctrl Pts',(0.,-14.3278193621694,135.352224391912));
#8652=CARTESIAN_POINT('Ctrl Pts',(14.1907294058584,-14.3278193621694,135.352224391912));
#8653=CARTESIAN_POINT('Ctrl Pts',(14.3271572120061,-0.137745770957689,135.352224391912));
#8654=CARTESIAN_POINT('Ctrl Pts',(-34.9982839403376,-0.346124651651443,
25.0000001898326));
#8655=CARTESIAN_POINT('Ctrl Pts',(-34.6555654522928,-34.9999954434707,25.0000001898326));
#8656=CARTESIAN_POINT('Ctrl Pts',(0.,-34.9999954434707,25.0000001898326));
#8657=CARTESIAN_POINT('Ctrl Pts',(34.6555654522928,-34.9999954434707,25.0000001898326));
#8658=CARTESIAN_POINT('Ctrl Pts',(34.9982839403376,-0.346124651651454,25.0000001898326));
#8659=CARTESIAN_POINT('Ctrl Pts',(-37.3718344309065,-0.369598497915614,
81.9748561772819));
#8660=CARTESIAN_POINT('Ctrl Pts',(-37.0058730993895,-37.3736620065622,81.9748561772819));
#8661=CARTESIAN_POINT('Ctrl Pts',(0.,-37.3736620065622,81.9748561772819));
#8662=CARTESIAN_POINT('Ctrl Pts',(37.0058730993895,-37.3736620065622,81.9748561772819));
#8663=CARTESIAN_POINT('Ctrl Pts',(37.3718344309065,-0.369598497915626,81.9748561772819));
#8664=CARTESIAN_POINT('Ctrl Pts',(-13.8258156225524,-0.13673400742479,133.910386213559));
#8665=CARTESIAN_POINT('Ctrl Pts',(-13.690427195102,-13.8264917393242,133.910386213559));
#8666=CARTESIAN_POINT('Ctrl Pts',(0.,-13.8264917393242,133.910386213559));
#8667=CARTESIAN_POINT('Ctrl Pts',(13.690427195102,-13.8264917393242,133.910386213559));
#8668=CARTESIAN_POINT('Ctrl Pts',(13.8258156225524,-0.136734007424795,133.910386213559));
#8669=CARTESIAN_POINT('Origin',(3.62743454902306,1.55460360659311,-39.5824033771976));
#8670=CARTESIAN_POINT('',(-34.3774758219783,-6.00000008940697,-39.5824033771976));
#8671=CARTESIAN_POINT('',(-34.3774758219783,-6.00000008940697,-29.5824033771975));
#8672=CARTESIAN_POINT('',(-34.3774758219783,-6.00000008940697,-39.5824033771976));
#8673=CARTESIAN_POINT('',(-28.623441085557,-19.9239035602077,-39.5824033771976));
#8674=CARTESIAN_POINT('Origin',(3.62743454902306,1.55460360659311,-39.5824033771976));
#8675=CARTESIAN_POINT('',(-28.623441085557,-19.9239035602077,-29.5824033771975));
#8676=CARTESIAN_POINT('',(-28.623441085557,-19.9239035602077,-39.5824033771976));
#8677=CARTESIAN_POINT('Origin',(3.62743454902306,1.55460360659311,-29.5824033771975));
#8678=CARTESIAN_POINT('',(-34.0755002510537,-7.38597561248592,-32.6916078921293));
#8679=CARTESIAN_POINT('Ctrl Pts',(-34.0755002510537,-7.38597561248592,-32.6916078921293));
#8680=CARTESIAN_POINT('Ctrl Pts',(-34.0755002510537,-7.38597561248592,-32.5949445993944));
#8681=CARTESIAN_POINT('Ctrl Pts',(-34.0690468013941,-7.41327564169827,-32.4960246207489));
#8682=CARTESIAN_POINT('Ctrl Pts',(-34.0466586167124,-7.50686805830528,-32.3153533034013));
#8683=CARTESIAN_POINT('Ctrl Pts',(-34.0309305355619,-7.57213598655044,-32.2330475970908));
#8684=CARTESIAN_POINT('Ctrl Pts',(-33.9359649258724,-7.96100847245102,-31.8254175864494));
#8685=CARTESIAN_POINT('Ctrl Pts',(-33.8067947126562,-8.46123844502926,-31.5856036104596));
#8686=CARTESIAN_POINT('Ctrl Pts',(-33.4590582601834,-9.70423683712976,-31.0610826471029));
#8687=CARTESIAN_POINT('Ctrl Pts',(-33.1683545413181,-10.630854861092,-30.8108303563704));
#8688=CARTESIAN_POINT('Ctrl Pts',(-32.5017044165816,-12.4846565187025,-30.4592740246267));
#8689=CARTESIAN_POINT('Ctrl Pts',(-32.1252121255203,-13.4132715659489,-30.3666078921293));
#8690=CARTESIAN_POINT('Ctrl Pts',(-31.4746921437261,-14.8692537722365,-30.3666078921293));
#8691=CARTESIAN_POINT('Ctrl Pts',(-31.1552515663419,-15.5368207676901,-30.4162895440597));
#8692=CARTESIAN_POINT('Ctrl Pts',(-30.5039785834641,-16.8029201290893,-30.6972211017398));
#8693=CARTESIAN_POINT('Ctrl Pts',(-30.1716569641736,-17.4027759141346,-30.9213252998337));
#8694=CARTESIAN_POINT('Ctrl Pts',(-29.77217258763,-18.0914245282669,-31.4545486444133));
#8695=CARTESIAN_POINT('Ctrl Pts',(-29.6528504104066,-18.2922162196049,-31.6572255738136));
#8696=CARTESIAN_POINT('Ctrl Pts',(-29.5224948858468,-18.5086593482891,-32.0150488555415));
#8697=CARTESIAN_POINT('Ctrl Pts',(-29.486989943617,-18.567082390291,-32.1432429065985));
#8698=CARTESIAN_POINT('Ctrl Pts',(-29.4384976937058,-18.6466738484158,-32.4110083811882));
#8699=CARTESIAN_POINT('Ctrl Pts',(-29.4255002510536,-18.6678777053859,-32.5505674333194));
#8700=CARTESIAN_POINT('Ctrl Pts',(-29.4255002510536,-18.6678777053859,-32.8326483509393));
#8701=CARTESIAN_POINT('Ctrl Pts',(-29.4384976937058,-18.6466738484157,-32.9722074030705));
#8702=CARTESIAN_POINT('Ctrl Pts',(-29.486989943617,-18.567082390291,-33.2399728776602));
#8703=CARTESIAN_POINT('Ctrl Pts',(-29.5224948858468,-18.5086593482891,-33.3681669287172));
#8704=CARTESIAN_POINT('Ctrl Pts',(-29.6528504104066,-18.2922162196049,-33.7259902104451));
#8705=CARTESIAN_POINT('Ctrl Pts',(-29.77217258763,-18.0914245282669,-33.9286671398454));
#8706=CARTESIAN_POINT('Ctrl Pts',(-30.1716569641736,-17.4027759141346,-34.4618904844249));
#8707=CARTESIAN_POINT('Ctrl Pts',(-30.5039785834641,-16.8029201290893,-34.6859946825189));
#8708=CARTESIAN_POINT('Ctrl Pts',(-31.1552515663419,-15.5368207676901,-34.9669262401989));
#8709=CARTESIAN_POINT('Ctrl Pts',(-31.4746921437261,-14.8692537722365,-35.0166078921294));
#8710=CARTESIAN_POINT('Ctrl Pts',(-32.1252121255203,-13.4132715659489,-35.0166078921294));
#8711=CARTESIAN_POINT('Ctrl Pts',(-32.5017044165816,-12.4846565187025,-34.923941759632));
#8712=CARTESIAN_POINT('Ctrl Pts',(-33.1683545413181,-10.630854861092,-34.5723854278883));
#8713=CARTESIAN_POINT('Ctrl Pts',(-33.4590582601834,-9.70423683712976,-34.3221331371558));
#8714=CARTESIAN_POINT('Ctrl Pts',(-33.8067947126562,-8.46123844502926,-33.7976121737991));
#8715=CARTESIAN_POINT('Ctrl Pts',(-33.9359649258724,-7.96100847245102,-33.5577981978093));
#8716=CARTESIAN_POINT('Ctrl Pts',(-34.0309305355619,-7.57213598655044,-33.1501681871678));
#8717=CARTESIAN_POINT('Ctrl Pts',(-34.0466586167124,-7.50686805830526,-33.0678624808574));
#8718=CARTESIAN_POINT('Ctrl Pts',(-34.0690468013941,-7.41327564169826,-32.8871911635098));
#8719=CARTESIAN_POINT('Ctrl Pts',(-34.0755002510537,-7.38597561248592,-32.7882711848643));
#8720=CARTESIAN_POINT('Ctrl Pts',(-34.0755002510537,-7.38597561248592,-32.6916078921293));
#8721=CARTESIAN_POINT('Origin',(-28.623441085557,-4.0530898938902,-39.5824033771976));
#8722=CARTESIAN_POINT('',(-28.623441085557,-6.00000008940697,-39.5824033771976));
#8723=CARTESIAN_POINT('',(-39.8117209227581,-6.00000008940697,-39.5824033771976));
#8724=CARTESIAN_POINT('',(-28.623441085557,-4.0530898938902,-39.5824033771976));
#8725=CARTESIAN_POINT('Origin',(-31.7505002510537,4.23797868835745,-32.6916078921293));
#8726=CARTESIAN_POINT('',(-34.0755002510537,-6.00000008940697,-32.6916078921293));
#8727=CARTESIAN_POINT('Origin',(-31.7505002510537,-6.00000008940697,-32.6916078921293));
#8728=CARTESIAN_POINT('',(-34.0755002510537,4.23797868835745,-32.6916078921293));
#8729=CARTESIAN_POINT('Origin',(-34.623441085557,-4.0530898938902,-29.5824033771975));
#8730=CARTESIAN_POINT('',(-28.623441085557,-6.00000008940697,-29.5824033771975));
#8731=CARTESIAN_POINT('',(-42.8117209227581,-6.00000008940697,-29.5824033771975));
#8732=CARTESIAN_POINT('',(-28.623441085557,-4.0530898938902,-29.5824033771975));
#8733=CARTESIAN_POINT('Origin',(-28.623441085557,-4.0530898938902,-29.5824033771975));
#8734=CARTESIAN_POINT('',(-28.623441085557,-6.00000008940697,-34.5824033771976));
#8735=CARTESIAN_POINT('Origin',(-51.0000007599592,-6.00000008940697,-39.5824033771976));
#8736=CARTESIAN_POINT('Origin',(34.623441085557,-4.0530898938902,-29.5824033771975));
#8737=CARTESIAN_POINT('',(28.623441085557,-6.00000008940697,-29.5824033771975));
#8738=CARTESIAN_POINT('',(34.3774758219783,-6.00000008940697,-29.5824033771975));
#8739=CARTESIAN_POINT('',(-8.18827983720113,-6.00000008940697,-29.5824033771975));
#8740=CARTESIAN_POINT('',(28.623441085557,-19.9239035602077,-29.5824033771975));
#8741=CARTESIAN_POINT('',(28.623441085557,-4.0530898938902,-29.5824033771975));
#8742=CARTESIAN_POINT('Origin',(-3.62743454902306,1.55460360659311,-29.5824033771975));
#8743=CARTESIAN_POINT('Origin',(28.623441085557,-4.0530898938902,-29.5824033771975));
#8744=CARTESIAN_POINT('',(28.623441085557,-6.00000008940697,-39.5824033771976));
#8745=CARTESIAN_POINT('',(28.623441085557,-6.00000008940697,-34.5824033771976));
#8746=CARTESIAN_POINT('',(28.623441085557,-19.9239035602077,-39.5824033771976));
#8747=CARTESIAN_POINT('',(28.623441085557,-4.0530898938902,-39.5824033771976));
#8748=CARTESIAN_POINT('',(28.623441085557,-19.9239035602077,-39.5824033771976));
#8749=CARTESIAN_POINT('Origin',(31.7450159069877,4.23797868835745,-32.686195104522));
#8750=CARTESIAN_POINT('',(29.2450159069877,-6.00000008940697,-32.686195104522));
#8751=CARTESIAN_POINT('Origin',(31.7450159069877,-6.00000008940697,-32.686195104522));
#8752=CARTESIAN_POINT('',(29.2450159069877,-18.9599583026601,-32.686195104522));
#8753=CARTESIAN_POINT('',(29.2450159069877,4.23797868835745,-32.686195104522));
#8754=CARTESIAN_POINT('',(34.2450159069877,-6.63824362550365,-32.686195104522));
#8755=CARTESIAN_POINT('Ctrl Pts',(34.2450159069877,-6.63824362550365,-32.686195104522));
#8756=CARTESIAN_POINT('Ctrl Pts',(34.2450159069877,-6.63824362550365,-32.7893369896695));
#8757=CARTESIAN_POINT('Ctrl Pts',(34.238224896775,-6.66974945747557,-32.8935164129332));
#8758=CARTESIAN_POINT('Ctrl Pts',(34.2152211500083,-6.77495571212689,-33.0826280122951));
#8759=CARTESIAN_POINT('Ctrl Pts',(34.1992065095887,-6.84753861524635,-33.1682037313659));
#8760=CARTESIAN_POINT('Ctrl Pts',(34.1408385096723,-7.10795319234543,-33.4252624309662));
#8761=CARTESIAN_POINT('Ctrl Pts',(34.0854835866055,-7.3474898962208,-33.5773387925623));
#8762=CARTESIAN_POINT('Ctrl Pts',(33.9639276680746,-7.84757446320393,-33.8473815838172));
#8763=CARTESIAN_POINT('Ctrl Pts',(33.8974496968426,-8.10926888442877,-33.9630940671409));
#8764=CARTESIAN_POINT('Ctrl Pts',(33.5934596326739,-9.25899319352476,-34.4252916281649));
#8765=CARTESIAN_POINT('Ctrl Pts',(33.2848765483353,-10.2816735006174,-34.6973564265374));
#8766=CARTESIAN_POINT('Ctrl Pts',(32.5667818029341,-12.3232523952162,-35.0821553032663));
#8767=CARTESIAN_POINT('Ctrl Pts',(32.1567262947126,-13.3435888531173,-35.186195104522));
#8768=CARTESIAN_POINT('Ctrl Pts',(31.4505060240637,-14.9227676373711,-35.186195104522));
#8769=CARTESIAN_POINT('Ctrl Pts',(31.1081591752933,-15.6343467560314,-35.1335342826448));
#8770=CARTESIAN_POINT('Ctrl Pts',(30.4082852592792,-16.9816112822422,-34.8328686446948));
#8771=CARTESIAN_POINT('Ctrl Pts',(30.0502627108184,-17.6186892457229,-34.5923049999393));
#8772=CARTESIAN_POINT('Ctrl Pts',(29.6191843130923,-18.3494276278301,-34.0187880486301));
#8773=CARTESIAN_POINT('Ctrl Pts',(29.4900921070164,-18.5627231611926,-33.7998843465956));
#8774=CARTESIAN_POINT('Ctrl Pts',(29.3493799312809,-18.7919684492596,-33.4139832552555));
#8775=CARTESIAN_POINT('Ctrl Pts',(29.3111187554421,-18.8537114530413,-33.275811982148));
#8776=CARTESIAN_POINT('Ctrl Pts',(29.2589416637846,-18.9376883423117,-32.9875785672344));
#8777=CARTESIAN_POINT('Ctrl Pts',(29.2450159069877,-18.9599583026601,-32.8375287186437));
#8778=CARTESIAN_POINT('Ctrl Pts',(29.2450159069877,-18.9599583026601,-32.686195104522));
#8779=CARTESIAN_POINT('Ctrl Pts',(29.2450159069877,-18.9599583026601,-32.686195104522));
#8780=CARTESIAN_POINT('Ctrl Pts',(29.2450159069877,-18.9599583026601,-32.5348614904003));
#8781=CARTESIAN_POINT('Ctrl Pts',(29.2589416637846,-18.9376883423117,-32.3848116418096));
#8782=CARTESIAN_POINT('Ctrl Pts',(29.3111187554421,-18.8537114530413,-32.096578226896));
#8783=CARTESIAN_POINT('Ctrl Pts',(29.3493799312809,-18.7919684492596,-31.9584069537885));
#8784=CARTESIAN_POINT('Ctrl Pts',(29.4900921070164,-18.5627231611926,-31.5725058624485));
#8785=CARTESIAN_POINT('Ctrl Pts',(29.6191843130923,-18.3494276278301,-31.3536021604139));
#8786=CARTESIAN_POINT('Ctrl Pts',(30.0502627108184,-17.6186892457229,-30.7800852091047));
#8787=CARTESIAN_POINT('Ctrl Pts',(30.4082852592792,-16.9816112822422,-30.5395215643492));
#8788=CARTESIAN_POINT('Ctrl Pts',(31.1081591752933,-15.6343467560314,-30.2388559263992));
#8789=CARTESIAN_POINT('Ctrl Pts',(31.4505060240637,-14.9227676373711,-30.186195104522));
#8790=CARTESIAN_POINT('Ctrl Pts',(32.1567262947126,-13.3435888531173,-30.186195104522));
#8791=CARTESIAN_POINT('Ctrl Pts',(32.5667818029341,-12.3232523952162,-30.2902349057777));
#8792=CARTESIAN_POINT('Ctrl Pts',(33.2848765483353,-10.2816735006174,-30.6750337825066));
#8793=CARTESIAN_POINT('Ctrl Pts',(33.5934596326739,-9.25899319352476,-30.9470985808791));
#8794=CARTESIAN_POINT('Ctrl Pts',(33.8974496968426,-8.10926888442877,-31.4092961419031));
#8795=CARTESIAN_POINT('Ctrl Pts',(33.9639276680746,-7.84757446320393,-31.5250086252268));
#8796=CARTESIAN_POINT('Ctrl Pts',(34.0854835866055,-7.3474898962208,-31.7950514164817));
#8797=CARTESIAN_POINT('Ctrl Pts',(34.1408385096723,-7.10795319234543,-31.9471277780778));
#8798=CARTESIAN_POINT('Ctrl Pts',(34.1992065095887,-6.84753861524635,-32.2041864776781));
#8799=CARTESIAN_POINT('Ctrl Pts',(34.2152211500083,-6.7749557121269,-32.289762196749));
#8800=CARTESIAN_POINT('Ctrl Pts',(34.238224896775,-6.66974945747558,-32.4788737961108));
#8801=CARTESIAN_POINT('Ctrl Pts',(34.2450159069877,-6.63824362550365,-32.5830532193745));
#8802=CARTESIAN_POINT('Ctrl Pts',(34.2450159069877,-6.63824362550365,-32.686195104522));
#8803=CARTESIAN_POINT('Origin',(-3.62743454902306,1.55460360659311,-39.5824033771976));
#8804=CARTESIAN_POINT('',(34.3774758219783,-6.00000008940697,-39.5824033771976));
#8805=CARTESIAN_POINT('',(34.3774758219783,-6.00000008940697,-39.5824033771976));
#8806=CARTESIAN_POINT('Origin',(-3.62743454902306,1.55460360659311,-39.5824033771976));
#8807=CARTESIAN_POINT('Origin',(28.623441085557,-4.0530898938902,-39.5824033771976));
#8808=CARTESIAN_POINT('',(-11.1882798372011,-6.00000008940697,-39.5824033771976));
#8809=CARTESIAN_POINT('Origin',(-51.0000007599592,-6.00000008940697,-39.5824033771976));
#8810=CARTESIAN_POINT('',(0.,0.,0.));
#8811=CARTESIAN_POINT('Origin',(-25.1771243370985,3.88597868835776,94.4720239179943));
#8812=CARTESIAN_POINT('',(-27.1836216318671,3.88597868835776,95.4101236131631));
#8813=CARTESIAN_POINT('',(-27.7008865924499,3.88597868835776,93.4101236131632));
#8814=CARTESIAN_POINT('Ctrl Pts',(-27.1836216318671,3.88597868835776,95.4101236131631));
#8815=CARTESIAN_POINT('Ctrl Pts',(-27.3160588020985,3.88597868835776,94.9071790186211));
#8816=CARTESIAN_POINT('Ctrl Pts',(-27.4470714371804,3.88597868835776,94.4028653339486));
#8817=CARTESIAN_POINT('Ctrl Pts',(-27.6181948297851,3.88597868835776,93.7350126131735));
#8818=CARTESIAN_POINT('Ctrl Pts',(-27.659616535259,3.88597868835776,93.572633433528));
#8819=CARTESIAN_POINT('Ctrl Pts',(-27.7008865924499,3.88597868835776,93.4101236131632));
#8820=CARTESIAN_POINT('',(-23.1279734087374,3.88597868835776,95.4101236131631));
#8821=CARTESIAN_POINT('',(-21.652548872918,3.88597868835776,95.4101236131631));
#8822=CARTESIAN_POINT('',(-25.1279734087374,3.88597868835776,93.4101236131632));
#8823=CARTESIAN_POINT('Origin',(-23.1279734087374,3.88597868835775,93.4101236131631));
#8824=CARTESIAN_POINT('',(-25.152548872918,3.88597868835776,93.4101236131631));
#8825=CARTESIAN_POINT('Origin',(-25.1279734087374,1.23797868835774,89.4101236131631));
#8826=CARTESIAN_POINT('',(-27.432052860806,1.23797868835776,95.4101236131631));
#8827=CARTESIAN_POINT('',(-19.1279734087374,1.23797868835778,95.4101236131632));
#8828=CARTESIAN_POINT('',(-20.1279734087374,1.23797868835778,95.4101236131631));
#8829=CARTESIAN_POINT('',(-27.9447196647473,1.23797868835776,93.4101236131632));
#8830=CARTESIAN_POINT('Ctrl Pts',(-27.9447196647473,1.23797868835776,93.4101236131632));
#8831=CARTESIAN_POINT('Ctrl Pts',(-27.7763990300658,1.23797868835776,94.0787568908986));
#8832=CARTESIAN_POINT('Ctrl Pts',(-27.6054850743225,1.23797868835776,94.7454766701436));
#8833=CARTESIAN_POINT('Ctrl Pts',(-27.4320528608061,1.23797868835776,95.4101236131631));
#8834=CARTESIAN_POINT('',(-27.7052906955002,1.23797868835777,93.4101236131632));
#8835=CARTESIAN_POINT('',(-25.152548872918,1.23797868835776,93.4101236131632));
#8836=CARTESIAN_POINT('',(-28.6759660339603,1.23797868835774,89.4101236131631));
#8837=CARTESIAN_POINT('Ctrl Pts',(-27.7052906955002,1.23797868835777,93.4101236131632));
#8838=CARTESIAN_POINT('Ctrl Pts',(-28.0403097964028,1.23797868835776,92.0795976951725));
#8839=CARTESIAN_POINT('Ctrl Pts',(-28.3638801983607,1.23797868835775,90.7462147919659));
#8840=CARTESIAN_POINT('Ctrl Pts',(-28.6759660339603,1.23797868835774,89.4101236131631));
#8841=CARTESIAN_POINT('',(-25.4917831802281,1.23797868835774,89.4101236131631));
#8842=CARTESIAN_POINT('',(-25.1279734087374,1.23797868835774,89.4101236131631));
#8843=CARTESIAN_POINT('',(-19.1279734087374,1.23797868835774,89.4101236131631));
#8844=CARTESIAN_POINT('',(-25.1279734087374,1.23797868835774,89.4101236131631));
#8845=CARTESIAN_POINT('',(-19.1279734087374,1.23797868835778,95.4101236131632));
#8846=CARTESIAN_POINT('',(-24.9249994948506,1.23797868835776,92.4999979324639));
#8847=CARTESIAN_POINT('Origin',(-22.5999994948506,1.23797868835776,92.4999979324639));
#8848=CARTESIAN_POINT('Origin',(-18.1279734087374,4.23797868835778,95.4101236131631));
#8849=CARTESIAN_POINT('',(-19.1279734087374,4.23797868835778,95.4101236131631));
#8850=CARTESIAN_POINT('',(-19.1279734087374,2.73797868835778,95.4101236131631));
#8851=CARTESIAN_POINT('',(-12.9999734087374,4.23797868835778,95.4101236131631));
#8852=CARTESIAN_POINT('',(-18.1279734087374,4.23797868835778,95.4101236131631));
#8853=CARTESIAN_POINT('',(-12.9999734087374,0.598347122222407,95.4101236131632));
#8854=CARTESIAN_POINT('',(-12.9999734087374,-4.85703029066644,95.4101236131632));
#8855=CARTESIAN_POINT('',(-27.4534532638831,0.598347122222407,95.4101236131632));
#8856=CARTESIAN_POINT('',(-18.1279734087374,0.598347122222407,95.4101236131632));
#8857=CARTESIAN_POINT('Origin',(0.,1.8452039276883E-13,95.4101236131631));
#8858=CARTESIAN_POINT('Ctrl Pts',(-34.9644089614752,1.57790572090854,25.));
#8859=CARTESIAN_POINT('Ctrl Pts',(-35.1030382322803,-1.49394480490748,25.));
#8860=CARTESIAN_POINT('Ctrl Pts',(-34.7039141420583,-4.54290916814376,25.));
#8861=CARTESIAN_POINT('Ctrl Pts',(-36.4706436031409,1.64588045088993,61.1907800378037));
#8862=CARTESIAN_POINT('Ctrl Pts',(-36.6152448956743,-1.55830257570142,61.1907800378037));
#8863=CARTESIAN_POINT('Ctrl Pts',(-36.1989269060309,-4.73861352483798,61.1907800378037));
#8864=CARTESIAN_POINT('Ctrl Pts',(-27.2223066520576,1.22851307024628,96.2099175373644));
#8865=CARTESIAN_POINT('Ctrl Pts',(-27.3302395081504,-1.16314345954624,96.2099175373644));
#8866=CARTESIAN_POINT('Ctrl Pts',(-27.0194927030716,-3.53698146603636,96.2099175373644));
#8867=CARTESIAN_POINT('',(-27.2434433312632,0.598347122222407,96.2099175373643));
#8868=CARTESIAN_POINT('Ctrl Pts',(-27.2434433312633,0.598347122222407,96.2099175373643));
#8869=CARTESIAN_POINT('Ctrl Pts',(-27.3138514746321,0.598347122222407,95.9436500276665));
#8870=CARTESIAN_POINT('Ctrl Pts',(-27.3838564686469,0.598347122222407,95.6770485556938));
#8871=CARTESIAN_POINT('Ctrl Pts',(-27.4534532638831,0.598347122222407,95.4101236131632));
#8872=CARTESIAN_POINT('',(-27.0194927030716,-3.53698146603636,96.2099175373644));
#8873=CARTESIAN_POINT('Origin',(0.,0.,96.2099175373643));
#8874=CARTESIAN_POINT('',(-27.0357833307425,-3.5250786698378,96.1546204610574));
#8875=CARTESIAN_POINT('Ctrl Pts',(-27.0194927030716,-3.53698146603636,96.2099175373644));
#8876=CARTESIAN_POINT('Ctrl Pts',(-27.0249264209895,-3.53301391045359,96.1914853790587));
#8877=CARTESIAN_POINT('Ctrl Pts',(-27.0303567664261,-3.52904621143644,96.1730525543968));
#8878=CARTESIAN_POINT('Ctrl Pts',(-27.0357833307425,-3.52507866983781,96.1546204610575));
#8879=CARTESIAN_POINT('',(-27.0350437895631,-3.53100225371049,96.1544948022014));
#8880=CARTESIAN_POINT('Ctrl Pts',(-27.0357833307425,-3.52507866983781,96.1546204610574));
#8881=CARTESIAN_POINT('Ctrl Pts',(-27.035537054415,-3.52705305578404,96.1545785777905));
#8882=CARTESIAN_POINT('Ctrl Pts',(-27.0352905131228,-3.52902780461666,96.1545366868256));
#8883=CARTESIAN_POINT('Ctrl Pts',(-27.0350437895537,-3.5310022537097,96.1544948022191));
#8884=CARTESIAN_POINT('',(-31.3736274823518,-0.348178283956297,77.6538623257321));
#8885=CARTESIAN_POINT('Ctrl Pts',(-27.0350437895631,-3.53100225371012,96.1544948021837));
#8886=CARTESIAN_POINT('Ctrl Pts',(-28.6895952285532,-2.37517018609205,90.5093226364636));
#8887=CARTESIAN_POINT('Ctrl Pts',(-30.1567170694544,-1.27912229912468,84.3185067814388));
#8888=CARTESIAN_POINT('Ctrl Pts',(-31.3736274823518,-0.348178283956297,
77.653862325732));
#8889=CARTESIAN_POINT('',(-34.9982681269028,-0.348178283956656,25.));
#8890=CARTESIAN_POINT('Ctrl Pts',(-31.3736274823518,-0.348178283956329,
77.6538623257321));
#8891=CARTESIAN_POINT('Ctrl Pts',(-31.4358993244231,-0.348178283956331,
77.3098983635909));
#8892=CARTESIAN_POINT('Ctrl Pts',(-31.4974209153317,-0.348178283956333,
76.9657839102037));
#8893=CARTESIAN_POINT('Ctrl Pts',(-32.8058224191744,-0.348178283956379,
69.5537757292948));
#8894=CARTESIAN_POINT('Ctrl Pts',(-33.7314389543313,-0.348178283956422,
62.4279219979068));
#8895=CARTESIAN_POINT('Ctrl Pts',(-34.9313676604364,-0.348178283956508,
48.4227136310466));
#8896=CARTESIAN_POINT('Ctrl Pts',(-35.2059363169598,-0.348178283956549,
41.5433809717538));
#8897=CARTESIAN_POINT('Ctrl Pts',(-35.2059363169598,-0.348178283956609,
31.7173082215012));
#8898=CARTESIAN_POINT('Ctrl Pts',(-35.1393076224776,-0.34817828395663,28.385297458579));
#8899=CARTESIAN_POINT('Ctrl Pts',(-34.9982635701481,-0.348178283956651,
25.0000001898326));
#8900=CARTESIAN_POINT('',(-34.9987087549234,-0.300641793583278,25.));
#8901=CARTESIAN_POINT('Origin',(0.,0.,25.));
#8902=CARTESIAN_POINT('',(-27.9704051518527,-0.310457751331058,93.4101236131625));
#8903=CARTESIAN_POINT('Ctrl Pts',(-27.9704050899219,-0.310457742104906,
93.4101235975906));
#8904=CARTESIAN_POINT('Ctrl Pts',(-33.5794179009804,-0.300329322208969,
71.1087825414026));
#8905=CARTESIAN_POINT('Ctrl Pts',(-35.9561944735681,-0.299596025577126,
47.9846870063715));
#8906=CARTESIAN_POINT('Ctrl Pts',(-34.9987036440631,-0.300641710461914,
25.0000002129297));
#8907=CARTESIAN_POINT('Origin',(0.,1.78414166133391E-13,93.4101236131632));
#8908=CARTESIAN_POINT('Ctrl Pts',(-34.999995435562,0.,25.));
#8909=CARTESIAN_POINT('Ctrl Pts',(-34.999995435562,-34.999995435562,25.));
#8910=CARTESIAN_POINT('Ctrl Pts',(0.,-34.999995435562,25.));
#8911=CARTESIAN_POINT('Ctrl Pts',(34.999995435562,-34.999995435562,25.));
#8912=CARTESIAN_POINT('Ctrl Pts',(34.999995435562,0.,25.));
#8913=CARTESIAN_POINT('Ctrl Pts',(34.999995435562,34.999995435562,25.));
#8914=CARTESIAN_POINT('Ctrl Pts',(0.,34.999995435562,25.));
#8915=CARTESIAN_POINT('Ctrl Pts',(-34.999995435562,34.999995435562,25.));
#8916=CARTESIAN_POINT('Ctrl Pts',(-34.999995435562,0.,25.));
#8917=CARTESIAN_POINT('Ctrl Pts',(-38.0339475612996,0.,97.8236159318311));
#8918=CARTESIAN_POINT('Ctrl Pts',(-38.0339475612996,-38.0339475612996,97.8236159318311));
#8919=CARTESIAN_POINT('Ctrl Pts',(0.,-38.0339475612996,97.8236159318311));
#8920=CARTESIAN_POINT('Ctrl Pts',(38.0339475612996,-38.0339475612996,97.8236159318311));
#8921=CARTESIAN_POINT('Ctrl Pts',(38.0339475612996,0.,97.8236159318311));
#8922=CARTESIAN_POINT('Ctrl Pts',(38.0339475612996,38.0339475612996,97.8236159318311));
#8923=CARTESIAN_POINT('Ctrl Pts',(0.,38.0339475612996,97.8236159318311));
#8924=CARTESIAN_POINT('Ctrl Pts',(-38.0339475612996,38.0339475612996,97.8236159318311));
#8925=CARTESIAN_POINT('Ctrl Pts',(-38.0339475612996,0.,97.8236159318311));
#8926=CARTESIAN_POINT('Ctrl Pts',(0.,0.,160.));
#8927=CARTESIAN_POINT('Ctrl Pts',(0.,0.,160.));
#8928=CARTESIAN_POINT('Ctrl Pts',(0.,0.,160.));
#8929=CARTESIAN_POINT('Ctrl Pts',(0.,0.,160.));
#8930=CARTESIAN_POINT('Ctrl Pts',(0.,0.,160.));
#8931=CARTESIAN_POINT('Ctrl Pts',(0.,0.,160.));
#8932=CARTESIAN_POINT('Ctrl Pts',(0.,0.,160.));
#8933=CARTESIAN_POINT('Ctrl Pts',(0.,0.,160.));
#8934=CARTESIAN_POINT('Ctrl Pts',(0.,0.,160.));
#8935=CARTESIAN_POINT('',(25.7191394159015,-4.43483019512346,100.410123613163));
#8936=CARTESIAN_POINT('',(-25.719139415902,-4.4348301951231,100.410123613162));
#8937=CARTESIAN_POINT('Ctrl Pts',(25.7191394159015,-4.43483019512346,100.410123613163));
#8938=CARTESIAN_POINT('Ctrl Pts',(24.3462225958106,-5.36141683711687,104.621019742357));
#8939=CARTESIAN_POINT('Ctrl Pts',(22.8680295419796,-6.3067175041268,108.480651491497));
#8940=CARTESIAN_POINT('Ctrl Pts',(18.9097155733574,-8.62949144388731,117.335023308845));
#8941=CARTESIAN_POINT('Ctrl Pts',(16.2963598403727,-9.97789819449583,121.864421760718));
#8942=CARTESIAN_POINT('Ctrl Pts',(11.8277822068307,-11.7646004650138,127.567257763604));
#8943=CARTESIAN_POINT('Ctrl Pts',(9.80219405062102,-12.4632362154331,129.697943631832));
#8944=CARTESIAN_POINT('Ctrl Pts',(6.14451686803729,-13.3054660836049,132.202469441137));
#8945=CARTESIAN_POINT('Ctrl Pts',(4.65448100150896,-13.5669678644617,132.964423791317));
#8946=CARTESIAN_POINT('Ctrl Pts',(1.69593663702616,-13.8479393737717,133.779435629155));
#8947=CARTESIAN_POINT('Ctrl Pts',(0.318491504155806,-13.8935580120713,133.910405605132));
#8948=CARTESIAN_POINT('Ctrl Pts',(-2.68771323242176,-13.791939455157,133.616885036586));
#8949=CARTESIAN_POINT('Ctrl Pts',(-4.20629017657475,-13.6195214467137,133.119421646519));
#8950=CARTESIAN_POINT('Ctrl Pts',(-8.29406545240275,-12.9079016691485,131.030828111796));
#8951=CARTESIAN_POINT('Ctrl Pts',(-10.6216429099404,-12.1826810328463,128.858621499041));
#8952=CARTESIAN_POINT('Ctrl Pts',(-15.1742330533071,-10.483782017853,123.516737067917));
#8953=CARTESIAN_POINT('Ctrl Pts',(-17.6729590741308,-9.26817203194523,119.520091692801));
#8954=CARTESIAN_POINT('Ctrl Pts',(-22.0243880864985,-6.84232104796546,110.634340488474));
#8955=CARTESIAN_POINT('Ctrl Pts',(-23.9590762603808,-5.62270333143065,105.808442739465));
#8956=CARTESIAN_POINT('Ctrl Pts',(-25.719139415902,-4.43483019512309,100.410123613161));
#8957=CARTESIAN_POINT('',(-26.0986944339014,-3.19616826004021E-15,100.410123613163));
#8958=CARTESIAN_POINT('Origin',(0.,1.99785959357426E-13,100.410123613163));
#8959=CARTESIAN_POINT('',(0.,0.,160.));
#8960=CARTESIAN_POINT('Ctrl Pts',(0.,0.,160.));
#8961=CARTESIAN_POINT('Ctrl Pts',(-17.132067006054,0.,131.993178558886));
#8962=CARTESIAN_POINT('Ctrl Pts',(-26.0986944339014,0.,100.410123613163));
#8963=CARTESIAN_POINT('',(-25.0749579393671,7.23797868835781,100.410123613163));
#8964=CARTESIAN_POINT('Origin',(0.,1.99785959357426E-13,100.410123613163));
#8965=CARTESIAN_POINT('',(-25.5842316578266,7.2379786883578,98.6601236131631));
#8966=CARTESIAN_POINT('Ctrl Pts',(-25.5842316578266,7.2379786883578,98.6601236131631));
#8967=CARTESIAN_POINT('Ctrl Pts',(-25.416311389896,7.2379786883578,99.2461310904924));
#8968=CARTESIAN_POINT('Ctrl Pts',(-25.2465261680688,7.23797868835781,99.8295152205417));
#8969=CARTESIAN_POINT('Ctrl Pts',(-25.0749579393672,7.23797868835781,100.410123613163));
#8970=CARTESIAN_POINT('',(-26.2484434138766,4.2379786883578,98.6601236131631));
#8971=CARTESIAN_POINT('Origin',(0.,1.94443011051417E-13,98.6601236131631));
#8972=CARTESIAN_POINT('',(-27.1309721909833,4.23797868835778,95.4101236131631));
#8973=CARTESIAN_POINT('Ctrl Pts',(-27.1309721909833,4.23797868835778,95.4101236131631));
#8974=CARTESIAN_POINT('Ctrl Pts',(-26.8433511940589,4.23797868835779,96.5002801896592));
#8975=CARTESIAN_POINT('Ctrl Pts',(-26.5490379224682,4.23797868835779,97.5838758630444));
#8976=CARTESIAN_POINT('Ctrl Pts',(-26.2484434138766,4.2379786883578,98.6601236131631));
#8977=CARTESIAN_POINT('Origin',(0.,1.8452039276883E-13,95.4101236131631));
#8978=CARTESIAN_POINT('',(-23.7335361618146,14.8042860203911,93.4101834668262));
#8979=CARTESIAN_POINT('Origin',(0.,1.78414166133391E-13,93.4101236131632));
#8980=CARTESIAN_POINT('',(-31.9563373582807,14.2755799578552,25.));
#8981=CARTESIAN_POINT('Ctrl Pts',(-31.9563378403337,14.2755796158752,25.0000001668166));
#8982=CARTESIAN_POINT('Ctrl Pts',(-32.4242116590744,14.2513529609347,35.0158734040859));
#8983=CARTESIAN_POINT('Ctrl Pts',(-32.0311795637592,14.2695869609735,51.8426976221669));
#8984=CARTESIAN_POINT('Ctrl Pts',(-28.7466520645286,14.4491508325943,74.7001057981131));
#8985=CARTESIAN_POINT('Ctrl Pts',(-25.6213387436883,14.655345241174,87.3601385413006));
#8986=CARTESIAN_POINT('Ctrl Pts',(-23.7335361618146,14.8042860203911,93.4101834668262));
#8987=CARTESIAN_POINT('',(31.9563373582807,14.2755799578552,25.));
#8988=CARTESIAN_POINT('Origin',(0.,0.,25.));
#8989=CARTESIAN_POINT('',(23.7335327388089,14.8042815797715,93.4101825073558));
#8990=CARTESIAN_POINT('Ctrl Pts',(23.7335327388089,14.8042815797715,93.4101825073558));
#8991=CARTESIAN_POINT('Ctrl Pts',(25.6214521309897,14.655287241629,87.3596557900602));
#8992=CARTESIAN_POINT('Ctrl Pts',(27.940782171072,14.5017395054419,77.9641899107013));
#8993=CARTESIAN_POINT('Ctrl Pts',(31.7998835609712,14.2772377239961,55.2398389994246));
#8994=CARTESIAN_POINT('Ctrl Pts',(32.5813243899846,14.2431870704012,38.3781660600434));
#8995=CARTESIAN_POINT('Ctrl Pts',(31.9563382280346,14.275579354321,25.0000001480685));
#8996=CARTESIAN_POINT('',(27.6850882198153,3.99697868835776,93.4101236131631));
#8997=CARTESIAN_POINT('Origin',(0.,1.78414166133391E-13,93.4101236131631));
#8998=CARTESIAN_POINT('',(27.1675224625968,3.99697868835776,95.4101236131631));
#8999=CARTESIAN_POINT('Ctrl Pts',(27.6850882198153,3.99697868835776,93.4101236131632));
#9000=CARTESIAN_POINT('Ctrl Pts',(27.6534860655507,3.99697868835776,93.5344929935721));
#9001=CARTESIAN_POINT('Ctrl Pts',(27.6217951058382,3.99697868835776,93.6587853654918));
#9002=CARTESIAN_POINT('Ctrl Pts',(27.4508621827682,3.99697868835776,94.3269040737743));
#9003=CARTESIAN_POINT('Ctrl Pts',(27.3100157147555,3.99697868835776,94.8693104308433));
#9004=CARTESIAN_POINT('Ctrl Pts',(27.1675224625968,3.99697868835776,95.4101236131631));
#9005=CARTESIAN_POINT('',(27.1309721909833,4.23797868835778,95.4101236131631));
#9006=CARTESIAN_POINT('Origin',(0.,1.8452039276883E-13,95.4101236131631));
#9007=CARTESIAN_POINT('',(26.2484434138766,4.2379786883578,98.6601236131631));
#9008=CARTESIAN_POINT('Ctrl Pts',(26.2484434138766,4.2379786883578,98.6601236131631));
#9009=CARTESIAN_POINT('Ctrl Pts',(26.5490380177656,4.23797868835779,97.5838755218419));
#9010=CARTESIAN_POINT('Ctrl Pts',(26.8433508859309,4.23797868835779,96.5002813575426));
#9011=CARTESIAN_POINT('Ctrl Pts',(27.1309721909833,4.23797868835778,95.4101236131631));
#9012=CARTESIAN_POINT('',(25.5842316578266,7.2379786883578,98.6601236131631));
#9013=CARTESIAN_POINT('Origin',(0.,1.94443011051417E-13,98.6601236131632));
#9014=CARTESIAN_POINT('',(25.0749579393671,7.23797868835781,100.410123613163));
#9015=CARTESIAN_POINT('Ctrl Pts',(25.0749579393672,7.23797868835781,100.410123613163));
#9016=CARTESIAN_POINT('Ctrl Pts',(25.2465261081432,7.23797868835781,99.8295154233373));
#9017=CARTESIAN_POINT('Ctrl Pts',(25.4163113489802,7.2379786883578,99.2461312332802));
#9018=CARTESIAN_POINT('Ctrl Pts',(25.5842316578266,7.2379786883578,98.6601236131631));
#9019=CARTESIAN_POINT('Origin',(0.,1.99785959357426E-13,100.410123613163));
#9020=CARTESIAN_POINT('Origin',(-25.1279734087374,1.23797868835777,93.4101236131632));
#9021=CARTESIAN_POINT('Ctrl Pts',(-27.7020222959023,1.23696976814431,93.4093006481389));
#9022=CARTESIAN_POINT('Ctrl Pts',(-27.748999552677,1.10836160613492,93.409319641347));
#9023=CARTESIAN_POINT('Ctrl Pts',(-27.7900722409698,0.977709670197084,93.4093698913878));
#9024=CARTESIAN_POINT('Ctrl Pts',(-27.8250620267595,0.845398555959687,93.4094444351431));
#9025=CARTESIAN_POINT('Ctrl Pts',(-27.8493703586702,0.753478516789305,93.4094962226663));
#9026=CARTESIAN_POINT('Ctrl Pts',(-27.8707418487122,0.660757340009461,93.4095594702283));
#9027=CARTESIAN_POINT('Ctrl Pts',(-27.8891024791429,0.567362216825024,93.4096279127413));
#9028=CARTESIAN_POINT('Ctrl Pts',(-27.9155753773119,0.432702375221189,93.4097265951741));
#9029=CARTESIAN_POINT('Ctrl Pts',(-27.9357182376718,0.297012644700963,93.4098364269972));
#9030=CARTESIAN_POINT('Ctrl Pts',(-27.9493699696616,0.160687133891404,93.4099298605443));
#9031=CARTESIAN_POINT('Ctrl Pts',(-27.9627983567534,0.0265919340284907,
93.410021765501));
#9032=CARTESIAN_POINT('Ctrl Pts',(-27.9699463878706,-0.108119123979736,
93.4100978358155));
#9033=CARTESIAN_POINT('Ctrl Pts',(-27.9706124124424,-0.243074810803191,
93.4101182601487));
#9034=CARTESIAN_POINT('Ctrl Pts',(-27.9707232298353,-0.265529594025481,
93.4101216584789));
#9035=CARTESIAN_POINT('Ctrl Pts',(-27.9706544841764,-0.287991144622443,
93.4101234846722));
#9036=CARTESIAN_POINT('Ctrl Pts',(-27.9704051101874,-0.310457742068312,
93.4101235170154));
#9037=CARTESIAN_POINT('Origin',(-25.1279734087374,1.23797868835777,93.4101236131632));
#9038=CARTESIAN_POINT('',(-25.1279734087374,7.23797868835777,93.4101236131631));
#9039=CARTESIAN_POINT('',(-25.1279734087374,1.23797868835777,93.4101236131632));
#9040=CARTESIAN_POINT('',(-24.7394611667045,7.23797868835777,93.4101236131631));
#9041=CARTESIAN_POINT('',(-0.147594227003409,7.23797868835777,93.4101236131631));
#9042=CARTESIAN_POINT('',(-24.7394611667045,12.3379786883578,93.4101236131631));
#9043=CARTESIAN_POINT('',(-24.7394611667045,1.23797868835776,93.4101236131632));
#9044=CARTESIAN_POINT('',(-24.4715202549475,12.3379786966305,93.4101236131631));
#9045=CARTESIAN_POINT('',(-23.863986451794,12.3379786883578,93.4101236131631));
#9046=CARTESIAN_POINT('Ctrl Pts',(-23.7333477250887,14.8043288984732,93.4101236131631));
#9047=CARTESIAN_POINT('Ctrl Pts',(-24.0726824623131,14.2603292772152,93.4101236131631));
#9048=CARTESIAN_POINT('Ctrl Pts',(-24.3026879874028,13.6566258596537,93.4101236131623));
#9049=CARTESIAN_POINT('Ctrl Pts',(-24.44547521692,12.7967761367086,93.4101236131623));
#9050=CARTESIAN_POINT('Ctrl Pts',(-24.4667347923748,12.5674226628106,93.4101236131631));
#9051=CARTESIAN_POINT('Ctrl Pts',(-24.4715202549475,12.3379787049032,93.4101236131631));
#9052=CARTESIAN_POINT('Origin',(25.3349624451584,3.99697868835776,94.4026952852112));
#9053=CARTESIAN_POINT('',(22.8269926996462,3.99697868835776,95.4101236131631));
#9054=CARTESIAN_POINT('',(24.8269926996461,3.99697868835776,93.4101236131631));
#9055=CARTESIAN_POINT('Origin',(22.8269926996462,3.99697868835775,93.4101236131631));
#9056=CARTESIAN_POINT('',(21.5838736999445,3.99697868835776,95.4101236131631));
#9057=CARTESIAN_POINT('',(25.0809775724023,3.99697868835776,93.4101236131631));
#9058=CARTESIAN_POINT('Origin',(24.8269926996461,3.99711241173601,93.4101236131631));
#9059=CARTESIAN_POINT('',(24.3850420665728,11.3256405034294,93.4101236131648));
#9060=CARTESIAN_POINT('Ctrl Pts',(24.3853799641388,11.3256408543086,93.4103501139563));
#9061=CARTESIAN_POINT('Ctrl Pts',(24.4130884136747,11.4692478786769,93.4103294364383));
#9062=CARTESIAN_POINT('Ctrl Pts',(24.434221354007,11.6141161672894,93.4102985768187));
#9063=CARTESIAN_POINT('Ctrl Pts',(24.4486350330508,11.7598094736037,93.4102463884886));
#9064=CARTESIAN_POINT('Ctrl Pts',(24.453753160207,11.8115434455659,93.4102278570291));
#9065=CARTESIAN_POINT('Ctrl Pts',(24.45802362344,11.8633814291926,93.4102064814859));
#9066=CARTESIAN_POINT('Ctrl Pts',(24.4614384858307,11.9153037527339,93.4101812444194));
#9067=CARTESIAN_POINT('Ctrl Pts',(24.4687917216745,12.0271082844772,93.4101269013506));
#9068=CARTESIAN_POINT('Ctrl Pts',(24.4721787685227,12.1393041961669,93.4100550040957));
#9069=CARTESIAN_POINT('Ctrl Pts',(24.4716072633029,12.2517111607716,93.4099806293114));
#9070=CARTESIAN_POINT('Ctrl Pts',(24.4708585817578,12.3989661936534,93.4098831970808));
#9071=CARTESIAN_POINT('Ctrl Pts',(24.4633218698137,12.5458917630773,93.4097827825245));
#9072=CARTESIAN_POINT('Ctrl Pts',(24.4491604012625,12.6920824559357,93.4097067673798));
#9073=CARTESIAN_POINT('Ctrl Pts',(24.4347207646991,12.8411447135824,93.4096292591003));
#9074=CARTESIAN_POINT('Ctrl Pts',(24.4133935418041,12.9894436860875,93.409577113973));
#9075=CARTESIAN_POINT('Ctrl Pts',(24.3852999877381,13.1365516409604,93.4095613573994));
#9076=CARTESIAN_POINT('Ctrl Pts',(24.3572064336721,13.2836595958333,93.4095456008257));
#9077=CARTESIAN_POINT('Ctrl Pts',(24.3223463767328,13.4295773044673,93.4095661785903));
#9078=CARTESIAN_POINT('Ctrl Pts',(24.2807914369952,13.573867588952,93.4096168182361));
#9079=CARTESIAN_POINT('Ctrl Pts',(24.2394726415194,13.717337915017,93.4096671701121));
#9080=CARTESIAN_POINT('Ctrl Pts',(24.1916933343889,13.8586487935229,93.4097466089463));
#9081=CARTESIAN_POINT('Ctrl Pts',(24.1376238091996,13.9974024757383,93.4098400388343));
#9082=CARTESIAN_POINT('Ctrl Pts',(24.0829658750272,14.1376661381646,93.4099344854687));
#9083=CARTESIAN_POINT('Ctrl Pts',(24.0218799576958,14.2753174203092,93.4100431919781));
#9084=CARTESIAN_POINT('Ctrl Pts',(23.9544915461525,14.4099393225605,93.4101335007829));
#9085=CARTESIAN_POINT('Ctrl Pts',(23.8871031346092,14.5445612248118,93.4102238095876));
#9086=CARTESIAN_POINT('Ctrl Pts',(23.8134120404997,14.6761545188903,93.410295661008));
#9087=CARTESIAN_POINT('Ctrl Pts',(23.733496014747,14.8042844780319,93.4103002028541));
#9088=CARTESIAN_POINT('',(24.385042066578,7.23797868835777,93.4101236131631));
#9089=CARTESIAN_POINT('',(24.385042066578,1.23797868835776,93.4101236131632));
#9090=CARTESIAN_POINT('',(24.8327849547306,7.23797868835777,93.4101236131631));
#9091=CARTESIAN_POINT('',(24.8327849547306,7.23797868835777,93.4101236131631));
#9092=CARTESIAN_POINT('',(24.8327849547306,4.23797868835777,93.4101236131631));
#9093=CARTESIAN_POINT('',(24.8327849547306,4.23797868835777,93.4101236131631));
#9094=CARTESIAN_POINT('',(24.8269926996461,4.23797868835777,93.4101236131631));
#9095=CARTESIAN_POINT('',(24.8327849547306,4.23797868835777,93.4101236131632));
#9096=CARTESIAN_POINT('',(24.8269926996461,2.73797868835777,93.4101236131631));
#9097=CARTESIAN_POINT('Ctrl Pts',(34.70300990209,-4.54981144936833,25.));
#9098=CARTESIAN_POINT('Ctrl Pts',(35.1031963621972,-1.49744876525951,25.));
#9099=CARTESIAN_POINT('Ctrl Pts',(34.9644089614752,1.57790572090854,25.));
#9100=CARTESIAN_POINT('Ctrl Pts',(36.1979837122348,-4.74581315000159,61.1907800378035));
#9101=CARTESIAN_POINT('Ctrl Pts',(36.615409837683,-1.56195748344888,61.1907800378035));
#9102=CARTESIAN_POINT('Ctrl Pts',(36.4706436031409,1.64588045088992,61.1907800378035));
#9103=CARTESIAN_POINT('Ctrl Pts',(27.0187886872328,-3.54235538830975,96.2099175373644));
#9104=CARTESIAN_POINT('Ctrl Pts',(27.3303626236618,-1.16587154464857,96.2099175373644));
#9105=CARTESIAN_POINT('Ctrl Pts',(27.2223066520576,1.22851307024627,96.2099175373644));
#9106=CARTESIAN_POINT('',(27.432052860806,1.23797868835776,95.4101236131631));
#9107=CARTESIAN_POINT('',(27.9447196647473,1.23797868835776,93.4101236131631));
#9108=CARTESIAN_POINT('Ctrl Pts',(27.4320528608061,1.23797868835776,95.4101236131631));
#9109=CARTESIAN_POINT('Ctrl Pts',(27.6054849780752,1.23797868835776,94.7454770389937));
#9110=CARTESIAN_POINT('Ctrl Pts',(27.776399085249,1.23797868835776,94.0787566716898));
#9111=CARTESIAN_POINT('Ctrl Pts',(27.9447196647473,1.23797868835776,93.4101236131631));
#9112=CARTESIAN_POINT('',(27.9704051518527,-0.310457751331058,93.4101236131625));
#9113=CARTESIAN_POINT('Origin',(0.,1.78414166133391E-13,93.4101236131631));
#9114=CARTESIAN_POINT('',(34.9987087549234,-0.300641793583284,25.));
#9115=CARTESIAN_POINT('Ctrl Pts',(34.9987036440631,-0.300641710461914,25.0000002129297));
#9116=CARTESIAN_POINT('Ctrl Pts',(35.9561944735679,-0.299596025577126,47.9846870063684));
#9117=CARTESIAN_POINT('Ctrl Pts',(33.5794179009833,-0.300329322208936,71.1087825413905));
#9118=CARTESIAN_POINT('Ctrl Pts',(27.9704050899219,-0.310457742104906,93.4101235975905));
#9119=CARTESIAN_POINT('',(34.9982681269028,-0.348178283956651,25.));
#9120=CARTESIAN_POINT('Origin',(0.,0.,25.));
#9121=CARTESIAN_POINT('',(31.3736274823518,-0.348178283956297,77.6538623257321));
#9122=CARTESIAN_POINT('Ctrl Pts',(34.9982635701481,-0.348178283956651,25.0000001898326));
#9123=CARTESIAN_POINT('Ctrl Pts',(35.1393076224776,-0.34817828395663,28.385297458579));
#9124=CARTESIAN_POINT('Ctrl Pts',(35.2059363169598,-0.348178283956609,31.7173082215012));
#9125=CARTESIAN_POINT('Ctrl Pts',(35.2059363169598,-0.348178283956549,41.5433809717538));
#9126=CARTESIAN_POINT('Ctrl Pts',(34.9313676604364,-0.348178283956508,48.4227136310466));
#9127=CARTESIAN_POINT('Ctrl Pts',(33.7314389543313,-0.348178283956422,62.4279219979068));
#9128=CARTESIAN_POINT('Ctrl Pts',(32.8058224191744,-0.348178283956379,69.5537757292948));
#9129=CARTESIAN_POINT('Ctrl Pts',(31.4974209153317,-0.348178283956333,76.9657839102037));
#9130=CARTESIAN_POINT('Ctrl Pts',(31.4358993244231,-0.348178283956331,77.3098983635909));
#9131=CARTESIAN_POINT('Ctrl Pts',(31.3736274823518,-0.348178283956329,77.6538623257321));
#9132=CARTESIAN_POINT('',(27.0187886872329,-3.54235538830973,96.2099175373642));
#9133=CARTESIAN_POINT('Ctrl Pts',(31.3736274823518,-0.3481782839563,77.653862325732));
#9134=CARTESIAN_POINT('Ctrl Pts',(30.1518993198061,-1.2828079074933,84.3448921160879));
#9135=CARTESIAN_POINT('Ctrl Pts',(28.6787657362165,-2.38320513122416,90.5540176481636));
#9136=CARTESIAN_POINT('Ctrl Pts',(27.0187886872328,-3.54235538830976,96.2099175373641));
#9137=CARTESIAN_POINT('',(27.2434433312632,0.598347122222407,96.2099175373643));
#9138=CARTESIAN_POINT('Origin',(0.,0.,96.2099175373643));
#9139=CARTESIAN_POINT('',(27.4534532638831,0.598347122222407,95.4101236131632));
#9140=CARTESIAN_POINT('Ctrl Pts',(27.4534532638831,0.598347122222407,95.4101236131632));
#9141=CARTESIAN_POINT('Ctrl Pts',(27.3838564571328,0.598347122222407,95.6770485998542));
#9142=CARTESIAN_POINT('Ctrl Pts',(27.3138514887869,0.598347122222407,95.943649974136));
#9143=CARTESIAN_POINT('Ctrl Pts',(27.2434433312633,0.598347122222407,96.2099175373643));
#9144=CARTESIAN_POINT('Origin',(0.,1.8452039276883E-13,95.4101236131631));
#9145=CARTESIAN_POINT('Origin',(17.8327849547306,0.598347122222407,95.4101236131631));
#9146=CARTESIAN_POINT('',(22.8269926996462,4.23797868835778,95.4101236131631));
#9147=CARTESIAN_POINT('',(22.8269926996462,2.73797868835778,95.4101236131631));
#9148=CARTESIAN_POINT('',(22.8327849547306,4.23797868835778,95.4101236131631));
#9149=CARTESIAN_POINT('',(17.8327849547306,4.23797868835778,95.4101236131631));
#9150=CARTESIAN_POINT('',(17.8327849547306,4.23797868835778,95.4101236131631));
#9151=CARTESIAN_POINT('Origin',(17.8327849547306,0.598347122222407,95.4101236131631));
#9152=CARTESIAN_POINT('',(18.8269926996461,1.23797868835778,95.4101236131631));
#9153=CARTESIAN_POINT('',(21.5838736999445,1.23797868835776,95.4101236131631));
#9154=CARTESIAN_POINT('',(12.7927849547306,0.598347122222407,95.4101236131632));
#9155=CARTESIAN_POINT('',(17.8327849547306,0.598347122222407,95.4101236131632));
#9156=CARTESIAN_POINT('',(12.7927849547306,4.23797868835778,95.4101236131631));
#9157=CARTESIAN_POINT('',(12.7927849547306,-6.62197850625083,95.4101236131632));
#9158=CARTESIAN_POINT('',(18.8269926996461,4.23797868835778,95.4101236131631));
#9159=CARTESIAN_POINT('',(17.8327849547306,4.23797868835778,95.4101236131631));
#9160=CARTESIAN_POINT('',(18.8269926996461,0.918162905290094,95.4101236131631));
#9161=CARTESIAN_POINT('Origin',(24.8269926996461,-1.76202131164229,84.2139711904565));
#9162=CARTESIAN_POINT('',(18.8269926996461,4.23797868835771,84.2139711904565));
#9163=CARTESIAN_POINT('',(18.8269926996461,1.23797868835774,89.4101236131631));
#9164=CARTESIAN_POINT('Origin',(18.8269926996461,-1.76202131164229,84.2139711904565));
#9165=CARTESIAN_POINT('',(25.4917831802281,4.23797868835771,84.2139711904565));
#9166=CARTESIAN_POINT('',(24.8269926996461,4.23797868835771,84.2139711904565));
#9167=CARTESIAN_POINT('',(25.4917831802281,1.23797868835774,89.4101236131631));
#9168=CARTESIAN_POINT('Origin',(25.4917831802281,-1.76202131164229,84.2139711904565));
#9169=CARTESIAN_POINT('',(24.8269926996461,1.23797868835774,89.4101236131631));
#9170=CARTESIAN_POINT('Origin',(24.8269926996461,-1.76202131164229,84.2139711904565));
#9171=CARTESIAN_POINT('',(28.6759660339603,1.23797868835774,89.4101236131631));
#9172=CARTESIAN_POINT('Ctrl Pts',(28.6759660339604,1.23797868835774,89.4101236131631));
#9173=CARTESIAN_POINT('Ctrl Pts',(28.5490724373697,1.79401233555263,89.0890974372767));
#9174=CARTESIAN_POINT('Ctrl Pts',(28.3402686553523,2.27895079347415,88.6900077227691));
#9175=CARTESIAN_POINT('Ctrl Pts',(27.7539459000051,3.20121328195297,87.6721588286995));
#9176=CARTESIAN_POINT('Ctrl Pts',(27.3479931899741,3.58602652013689,87.0272513372248));
#9177=CARTESIAN_POINT('Ctrl Pts',(26.464415975322,4.106338218397,85.6659722472194));
#9178=CARTESIAN_POINT('Ctrl Pts',(25.981439682129,4.23665740388109,84.9432482547196));
#9179=CARTESIAN_POINT('Ctrl Pts',(25.4966860500694,4.23797535603661,84.2212730776682));
#9180=CARTESIAN_POINT('Ctrl Pts',(25.494234635983,4.23797868835771,84.2176221196974));
#9181=CARTESIAN_POINT('Ctrl Pts',(25.4917831802247,4.23797868835771,84.2139711904565));
#9182=CARTESIAN_POINT('',(24.8269926996461,1.23797868835774,89.4101236131631));
#9183=CARTESIAN_POINT('Ctrl Pts',(30.4948913531595,4.23797868835735,25.0000003717967));
#9184=CARTESIAN_POINT('Ctrl Pts',(31.45605611513,4.23797868835749,47.6358323197499));
#9185=CARTESIAN_POINT('Ctrl Pts',(29.1209987671304,4.23797868835763,70.4121038967057));
#9186=CARTESIAN_POINT('Ctrl Pts',(23.5910676822089,4.23797868835776,92.3741849099069));
#9187=CARTESIAN_POINT('Ctrl Pts',(31.1711593974198,4.23797868835735,24.9712846163836));
#9188=CARTESIAN_POINT('Ctrl Pts',(32.1349920209654,4.23797833184578,47.6723290735929));
#9189=CARTESIAN_POINT('Ctrl Pts',(29.7933079415165,4.23797525282189,70.5140102429338));
#9190=CARTESIAN_POINT('Ctrl Pts',(24.2483655996046,4.23797868835776,92.5396889066947));
#9191=CARTESIAN_POINT('Ctrl Pts',(32.5207334013097,3.92642392227402,24.9139788818653));
#9192=CARTESIAN_POINT('Ctrl Pts',(33.4898942742331,3.9265180263465,47.7452399357125));
#9193=CARTESIAN_POINT('Ctrl Pts',(31.1349951390747,3.92645432622011,70.717301155366));
#9194=CARTESIAN_POINT('Ctrl Pts',(25.5600686229699,3.9255483824885,92.8699685062797));
#9195=CARTESIAN_POINT('Ctrl Pts',(34.4169811155775,2.40537933372524,24.8334602383662));
#9196=CARTESIAN_POINT('Ctrl Pts',(35.3937513468841,2.40590303522385,47.8473310100882));
#9197=CARTESIAN_POINT('Ctrl Pts',(33.0201145691358,2.40555298372623,71.003414002363));
#9198=CARTESIAN_POINT('Ctrl Pts',(27.4018845972816,2.40051287292435,93.3337276283286));
#9199=CARTESIAN_POINT('Ctrl Pts',(34.9993822412162,0.71462830680398,24.8087302686181));
#9200=CARTESIAN_POINT('Ctrl Pts',(35.9787680927305,0.71553862716752,47.8792105323094));
#9201=CARTESIAN_POINT('Ctrl Pts',(33.5992256692618,0.714931935906085,71.0910058091906));
#9202=CARTESIAN_POINT('Ctrl Pts',(27.9652257193118,0.706176092745583,93.4755738213309));
#9203=CARTESIAN_POINT('Ctrl Pts',(34.9906743603483,-0.300650436329867,24.8091000234503));
#9204=CARTESIAN_POINT('Ctrl Pts',(35.9702459691883,-0.299591046843743,47.878206540045));
#9205=CARTESIAN_POINT('Ctrl Pts',(33.5905001978071,-0.300302609972165,71.0904408536679));
#9206=CARTESIAN_POINT('Ctrl Pts',(27.9546070786925,-0.310486278614944,93.4729001060848));
#9207=CARTESIAN_POINT('',(30.4948913531595,4.23797868835735,25.0000003717967));
#9208=CARTESIAN_POINT('Ctrl Pts',(25.4909575438797,4.23797868835771,84.2137943478155));
#9209=CARTESIAN_POINT('Ctrl Pts',(29.646785654622,4.23797868835759,64.7967389563306));
#9210=CARTESIAN_POINT('Ctrl Pts',(31.3375260981127,4.23797868835747,44.8444008689219));
#9211=CARTESIAN_POINT('Ctrl Pts',(30.4948913531595,4.23797868835735,25.0000003717967));
#9212=CARTESIAN_POINT('',(34.4479379994335,1.89461541933414,25.000000372529));
#9213=CARTESIAN_POINT('Ctrl Pts',(30.4948913531906,4.23797868835735,25.000000372529));
#9214=CARTESIAN_POINT('Ctrl Pts',(30.6300151034726,4.23797868835735,25.000000372529));
#9215=CARTESIAN_POINT('Ctrl Pts',(30.764787557227,4.23178625599133,25.0000024064971));
#9216=CARTESIAN_POINT('Ctrl Pts',(30.8988326852422,4.21958531098187,25.0000058148544));
#9217=CARTESIAN_POINT('Ctrl Pts',(31.0354177482284,4.20715317810778,25.0000092877946));
#9218=CARTESIAN_POINT('Ctrl Pts',(31.1712483842307,4.18848263428014,25.0000141572157));
#9219=CARTESIAN_POINT('Ctrl Pts',(31.3059294214751,4.16371456449601,25.0000193809398));
#9220=CARTESIAN_POINT('Ctrl Pts',(31.4408222756982,4.13890754121242,25.0000246128794));
#9221=CARTESIAN_POINT('Ctrl Pts',(31.5745626674067,4.10798361873619,25.0000301678095));
#9222=CARTESIAN_POINT('Ctrl Pts',(31.7067449871421,4.07103286460148,25.0000351337948));
#9223=CARTESIAN_POINT('Ctrl Pts',(31.8374900476919,4.03448388742832,25.0000400457835));
#9224=CARTESIAN_POINT('Ctrl Pts',(31.9667114333388,3.99203817404067,25.0000443511644));
#9225=CARTESIAN_POINT('Ctrl Pts',(32.0939974691535,3.94373594227429,25.0000477660076));
#9226=CARTESIAN_POINT('Ctrl Pts',(32.1312099281231,3.92961463818744,25.0000487643474));
#9227=CARTESIAN_POINT('Ctrl Pts',(32.168256808843,3.91499248051802,25.0000496921351));
#9228=CARTESIAN_POINT('Ctrl Pts',(32.2051273777937,3.89986975135019,25.0000505578636));
#9229=CARTESIAN_POINT('Ctrl Pts',(32.2905741056778,3.86482316105213,25.0000525641705));
#9230=CARTESIAN_POINT('Ctrl Pts',(32.3748211491567,3.82719257008477,25.0000541555809));
#9231=CARTESIAN_POINT('Ctrl Pts',(32.4577517721566,3.78702100968682,25.0000557123416));
#9232=CARTESIAN_POINT('Ctrl Pts',(32.5809220932557,3.72735735572795,25.0000580244757));
#9233=CARTESIAN_POINT('Ctrl Pts',(32.7011896714344,3.66209092381934,25.0000602161488));
#9234=CARTESIAN_POINT('Ctrl Pts',(32.8182258505103,3.59153761670182,25.0000611780165));
#9235=CARTESIAN_POINT('Ctrl Pts',(32.9358009555652,3.52065942705306,25.0000621443133));
#9236=CARTESIAN_POINT('Ctrl Pts',(33.0501155067929,3.44444509579558,25.0000618401314));
#9237=CARTESIAN_POINT('Ctrl Pts',(33.1608120244783,3.36316809346223,25.000060068027));
#9238=CARTESIAN_POINT('Ctrl Pts',(33.2704607408401,3.28266042111693,25.0000583126965));
#9239=CARTESIAN_POINT('Ctrl Pts',(33.3765601882092,3.19718493191578,25.0000550908626));
#9240=CARTESIAN_POINT('Ctrl Pts',(33.4787298231916,3.10696918088086,25.0000515289644));
#9241=CARTESIAN_POINT('Ctrl Pts',(33.5404812519659,3.05244269142719,25.0000493761497));
#9242=CARTESIAN_POINT('Ctrl Pts',(33.6007964391453,2.99618387857881,25.0000471262941));
#9243=CARTESIAN_POINT('Ctrl Pts',(33.6595840091647,2.93823733320214,25.0000453269189));
#9244=CARTESIAN_POINT('Ctrl Pts',(33.7576249197918,2.84159901196259,25.000042326074));
#9245=CARTESIAN_POINT('Ctrl Pts',(33.8509839997916,2.74069726449614,25.0000404848752));
#9246=CARTESIAN_POINT('Ctrl Pts',(33.939327869094,2.63582680308849,25.0000434390039));
#9247=CARTESIAN_POINT('Ctrl Pts',(33.9697765572091,2.59968204287927,25.0000444571769));
#9248=CARTESIAN_POINT('Ctrl Pts',(33.9996292210209,2.5630654615725,25.0000460563233));
#9249=CARTESIAN_POINT('Ctrl Pts',(34.0288713128584,2.5259880078118,25.0000484242894));
#9250=CARTESIAN_POINT('Ctrl Pts',(34.1136399282197,2.41850580599528,25.0000552886823));
#9251=CARTESIAN_POINT('Ctrl Pts',(34.1932808168137,2.30715314886502,25.0000684742002));
#9252=CARTESIAN_POINT('Ctrl Pts',(34.2676879440566,2.19235100935375,25.0000822075678));
#9253=CARTESIAN_POINT('Ctrl Pts',(34.330642287253,2.09521927536161,25.0000938270883));
#9254=CARTESIAN_POINT('Ctrl Pts',(34.3898494461768,1.99561734848125,25.0001058651582));
#9255=CARTESIAN_POINT('Ctrl Pts',(34.4452204877123,1.89378487335889,25.0001159228223));
#9256=CARTESIAN_POINT('Ctrl Pts',(34.9987036567782,-0.300641710448028,25.0000005181583));
#9257=CARTESIAN_POINT('Ctrl Pts',(34.9998519666487,-0.166965377793747,25.0000010845665));
#9258=CARTESIAN_POINT('Ctrl Pts',(34.9947829003625,-0.0335928350166119,
25.0000123885339));
#9259=CARTESIAN_POINT('Ctrl Pts',(34.9837349473096,0.0991173666340863,25.0000272261838));
#9260=CARTESIAN_POINT('Ctrl Pts',(34.9723943366319,0.235343029675934,25.0000424568794));
#9261=CARTESIAN_POINT('Ctrl Pts',(34.9547538377896,0.370871488179942,25.0000614131308));
#9262=CARTESIAN_POINT('Ctrl Pts',(34.9310168715226,0.505318120168422,25.0000788135285));
#9263=CARTESIAN_POINT('Ctrl Pts',(34.9071165079055,0.640690237879823,25.0000963337047));
#9264=CARTESIAN_POINT('Ctrl Pts',(34.8770352355262,0.774966340521492,25.000112286402));
#9265=CARTESIAN_POINT('Ctrl Pts',(34.8409284440757,0.907745944506479,25.0001236883852));
#9266=CARTESIAN_POINT('Ctrl Pts',(34.8049742391498,1.03996442473889,25.0001350421838));
#9267=CARTESIAN_POINT('Ctrl Pts',(34.7630450390955,1.17069976573288,25.0001418967624));
#9268=CARTESIAN_POINT('Ctrl Pts',(34.7152466420507,1.29953759694927,25.000143507228));
#9269=CARTESIAN_POINT('Ctrl Pts',(34.7017546426111,1.33590450575878,25.0001439618124));
#9270=CARTESIAN_POINT('Ctrl Pts',(34.6877947334505,1.3721200753992,25.000144011409));
#9271=CARTESIAN_POINT('Ctrl Pts',(34.6733686521415,1.40817458635955,25.0001436690269));
#9272=CARTESIAN_POINT('Ctrl Pts',(34.6221678628627,1.53613861059343,25.0001424538505));
#9273=CARTESIAN_POINT('Ctrl Pts',(34.565326632244,1.66150515954214,25.0001360785597));
#9274=CARTESIAN_POINT('Ctrl Pts',(34.5030441138303,1.78389266502612,25.0001259653462));
#9275=CARTESIAN_POINT('Ctrl Pts',(34.4842631721479,1.82079792611194,25.0001229157638));
#9276=CARTESIAN_POINT('Ctrl Pts',(34.4649871074615,1.85743223060834,25.0001195419962));
#9277=CARTESIAN_POINT('Ctrl Pts',(34.4452204877123,1.89378487335886,25.0001159228223));
#9278=CARTESIAN_POINT('',(27.7052906944377,1.23797868981489,93.4101236131632));
#9279=CARTESIAN_POINT('Ctrl Pts',(27.9704051101872,-0.310457742068313,93.410123517016));
#9280=CARTESIAN_POINT('Ctrl Pts',(27.9718952200857,-0.176210784845663,93.4101233237525));
#9281=CARTESIAN_POINT('Ctrl Pts',(27.9669387231913,-0.0423089192362178,
93.4100587015188));
#9282=CARTESIAN_POINT('Ctrl Pts',(27.955787704302,0.0908854630253288,93.409972813838));
#9283=CARTESIAN_POINT('Ctrl Pts',(27.944457220063,0.226223485846087,93.4098855438743));
#9284=CARTESIAN_POINT('Ctrl Pts',(27.9267310843299,0.36083175136808,93.4097762799918));
#9285=CARTESIAN_POINT('Ctrl Pts',(27.902821049813,0.49433573953756,93.4096755940884));
#9286=CARTESIAN_POINT('Ctrl Pts',(27.8786046624216,0.629550278584971,93.4095736181235));
#9287=CARTESIAN_POINT('Ctrl Pts',(27.8480447309538,0.763632811087684,93.40948039619));
#9288=CARTESIAN_POINT('Ctrl Pts',(27.811309948853,0.896189075934097,93.4094133712333));
#9289=CARTESIAN_POINT('Ctrl Pts',(27.7794883173662,1.01101639679925,93.4093553106338));
#9290=CARTESIAN_POINT('Ctrl Pts',(27.7430322035766,1.12469862513891,93.4093166565726));
#9291=CARTESIAN_POINT('Ctrl Pts',(27.702022294838,1.23696977105793,93.4093006481384));
#9292=CARTESIAN_POINT('Ctrl Pts',(28.6759660339603,1.23797868835774,89.4101236131631));
#9293=CARTESIAN_POINT('Ctrl Pts',(28.3638801983281,1.23797868835775,90.7462147921272));
#9294=CARTESIAN_POINT('Ctrl Pts',(28.0403097954051,1.23797868981488,92.0795976949316));
#9295=CARTESIAN_POINT('Ctrl Pts',(27.7052906944377,1.23797868981489,93.4101236131632));
#9296=CARTESIAN_POINT('Origin',(24.8327849547306,4.23797868835777,93.4101236131631));
#9297=CARTESIAN_POINT('',(27.0000004023314,4.23797868835696,-39.5824033771975));
#9298=CARTESIAN_POINT('',(28.623441085557,4.2379786883572,-39.582));
#9299=CARTESIAN_POINT('',(31.1663927567621,4.23797868835696,-39.582));
#9300=CARTESIAN_POINT('',(28.623441085557,4.2379786883572,-29.5824033771975));
#9301=CARTESIAN_POINT('',(28.623441085557,4.2379786883572,-39.5824033771976));
#9302=CARTESIAN_POINT('',(34.2387140038441,4.23797868835715,-29.5824033771975));
#9303=CARTESIAN_POINT('',(34.2387140038441,4.2379786883572,-29.5824033771975));
#9304=CARTESIAN_POINT('',(34.2387140038441,4.23797868835725,7.96573795275543));
#9305=CARTESIAN_POINT('',(34.2387140038441,4.23797868835718,-2.58240337719753));
#9306=CARTESIAN_POINT('',(26.4982430260235,4.23797868835725,7.96573795275543));
#9307=CARTESIAN_POINT('',(29.6655139903771,4.23797868835725,7.96573795275543));
#9308=CARTESIAN_POINT('',(26.4982430260235,4.23797868835732,20.4657379527555));
#9309=CARTESIAN_POINT('',(26.4982430260235,4.23797868835752,52.9379307829593));
#9310=CARTESIAN_POINT('',(34.2387140038441,4.23797868835732,20.4657379527555));
#9311=CARTESIAN_POINT('',(25.6655139903771,4.23797868835732,20.4657379527555));
#9312=CARTESIAN_POINT('',(34.2387140038441,4.23797868835735,25.000000372529));
#9313=CARTESIAN_POINT('',(34.2387140038441,4.23797868835718,-2.58240337719753));
#9314=CARTESIAN_POINT('',(30.4163927455862,4.23797868835735,25.000000372529));
#9315=CARTESIAN_POINT('',(18.8269926996461,4.23797868835778,95.4101236131631));
#9316=CARTESIAN_POINT('',(12.7927849547306,4.23797868835781,100.410123613163));
#9317=CARTESIAN_POINT('',(12.7927849547306,4.23797868835764,72.911991865573));
#9318=CARTESIAN_POINT('',(4.0000020563602,4.23797868835781,100.410123613163));
#9319=CARTESIAN_POINT('',(-10.1279734087374,4.23797868835781,100.410123613163));
#9320=CARTESIAN_POINT('',(4.0000020563602,4.23797868835775,90.0000013411045));
#9321=CARTESIAN_POINT('',(4.0000020563602,4.23797868835774,88.0860726486673));
#9322=CARTESIAN_POINT('',(16.0000002384186,4.23797868835775,90.0000013411045));
#9323=CARTESIAN_POINT('',(20.4163925965746,4.23797868835775,90.0000013411045));
#9324=CARTESIAN_POINT('',(16.0000002384186,4.23797868835751,50.9808549066878));
#9325=CARTESIAN_POINT('',(16.0000002384186,4.23797868835764,72.1954892599254));
#9326=CARTESIAN_POINT('',(5.00000007450581,4.23797868835751,50.9808549066878));
#9327=CARTESIAN_POINT('',(4.91639236560657,4.23797868835751,50.9808549066878));
#9328=CARTESIAN_POINT('',(5.00000007450581,4.23797868835749,47.0590793935703));
#9329=CARTESIAN_POINT('',(5.00000007450581,4.23797868835761,67.0860720600715));
#9330=CARTESIAN_POINT('',(10.4516138650717,4.23797868835745,40.6441837314517));
#9331=CARTESIAN_POINT('Origin',(11.5000000745058,4.23797868835749,47.0590793935703));
#9332=CARTESIAN_POINT('',(18.0000021904707,4.23797868835739,31.7620205069798));
#9333=CARTESIAN_POINT('Origin',(9.00000219047066,4.23797868835739,31.7620205069798));
#9334=CARTESIAN_POINT('',(18.0000021904707,4.23797868835728,12.7620205069798));
#9335=CARTESIAN_POINT('',(18.0000021904707,4.23797868835758,63.0860722612371));
#9336=CARTESIAN_POINT('',(9.00000219047066,4.23797868835722,3.76202050697977));
#9337=CARTESIAN_POINT('Origin',(9.00000219047066,4.23797868835728,12.7620205069798));
#9338=CARTESIAN_POINT('',(-8.29519064447747,4.23797868835722,3.76202050697977));
#9339=CARTESIAN_POINT('',(-7.72139243574044,4.23797868835722,3.76202050697977));
#9340=CARTESIAN_POINT('',(-17.2951906444775,4.23797868835728,12.7620205069798));
#9341=CARTESIAN_POINT('Origin',(-8.29519064447747,4.23797868835728,12.7620205069798));
#9342=CARTESIAN_POINT('',(-17.2951906444775,4.23797868835739,31.7620205069798));
#9343=CARTESIAN_POINT('',(-17.2951906444775,4.23797868835748,46.587940655208));
#9344=CARTESIAN_POINT('',(-9.57540256293841,4.23797868835745,40.6705028380971));
#9345=CARTESIAN_POINT('Origin',(-8.29519064447747,4.23797868835739,31.7620205069798));
#9346=CARTESIAN_POINT('',(-4.00000005960464,4.23797868835749,47.1044067439041));
#9347=CARTESIAN_POINT('Origin',(-10.5000000596046,4.23797868835748,47.1044067439041));
#9348=CARTESIAN_POINT('',(-4.00000005960464,4.23797868835751,50.9808549066878));
#9349=CARTESIAN_POINT('',(-4.00000005960464,4.23797868835764,72.1954892599255));
#9350=CARTESIAN_POINT('',(-15.0000002235174,4.23797868835751,50.9808549066878));
#9351=CARTESIAN_POINT('',(4.91639236560657,4.23797868835751,50.9808549066878));
#9352=CARTESIAN_POINT('',(-15.0000002235174,4.23797868835775,90.0000013411045));
#9353=CARTESIAN_POINT('',(-15.0000002235174,4.23797868835776,91.7050624771338));
#9354=CARTESIAN_POINT('',(-3.99999818205837,4.23797868835775,90.0000013411045));
#9355=CARTESIAN_POINT('',(10.4163933863361,4.23797868835775,90.0000013411045));
#9356=CARTESIAN_POINT('',(-3.99999818205838,4.23797868835781,100.410123613163));
#9357=CARTESIAN_POINT('',(-3.99999818205837,4.23797868835774,88.0860726486673));
#9358=CARTESIAN_POINT('',(-12.9999734087374,4.23797868835781,100.410123613163));
#9359=CARTESIAN_POINT('',(-10.1279734087374,4.23797868835781,100.410123613163));
#9360=CARTESIAN_POINT('',(-12.9999734087374,4.23797868835763,70.411991865573));
#9361=CARTESIAN_POINT('',(-19.1279734087374,4.23797868835771,84.2139711904565));
#9362=CARTESIAN_POINT('',(-19.1279734087374,4.23797868835778,95.4101236131631));
#9363=CARTESIAN_POINT('',(-25.4917831802281,4.23797868835771,84.2139711904565));
#9364=CARTESIAN_POINT('',(-25.1279734087374,4.23797868835771,84.2139711904565));
#9365=CARTESIAN_POINT('',(-30.4948913531595,4.23797868835735,25.0000003717967));
#9366=CARTESIAN_POINT('Ctrl Pts',(-30.4948913531595,4.23797868835735,25.0000003717967));
#9367=CARTESIAN_POINT('Ctrl Pts',(-31.3375260981128,4.23797868835747,44.8444008689233));
#9368=CARTESIAN_POINT('Ctrl Pts',(-29.64678565462,4.23797868835759,64.7967389563381));
#9369=CARTESIAN_POINT('Ctrl Pts',(-25.4909575438796,4.23797868835771,84.2137943478155));
#9370=CARTESIAN_POINT('',(-34.2387140038441,4.23797868835735,25.000000372529));
#9371=CARTESIAN_POINT('',(30.4163927455862,4.23797868835735,25.000000372529));
#9372=CARTESIAN_POINT('',(-34.2387140038441,4.2379786883572,20.4657379527555));
#9373=CARTESIAN_POINT('',(-34.2387140038441,4.2379786883572,0.));
#9374=CARTESIAN_POINT('',(-26.4982430260235,4.23797868835732,20.4657379527555));
#9375=CARTESIAN_POINT('',(-0.832729035646484,4.23797868835732,20.4657379527555));
#9376=CARTESIAN_POINT('',(-26.4982430260235,4.23797868835725,7.96573795275543));
#9377=CARTESIAN_POINT('',(-26.4982430260235,4.23797868835752,52.9379307829593));
#9378=CARTESIAN_POINT('',(-34.2387140038441,4.2379786883572,7.96573795275543));
#9379=CARTESIAN_POINT('',(-4.83272903564648,4.23797868835725,7.96573795275543));
#9380=CARTESIAN_POINT('',(-34.2387140038441,4.23797868835715,-29.5824033771975));
#9381=CARTESIAN_POINT('',(-34.2387140038441,4.2379786883572,0.));
#9382=CARTESIAN_POINT('',(-28.623441085557,4.2379786883572,-29.5824033771975));
#9383=CARTESIAN_POINT('',(-34.2387140038441,4.2379786883572,-29.5824033771975));
#9384=CARTESIAN_POINT('',(-28.623441085557,4.2379786883572,-39.5824033771976));
#9385=CARTESIAN_POINT('',(-28.623441085557,4.2379786883572,-39.5824033771976));
#9386=CARTESIAN_POINT('',(24.8327849547306,4.23797868835696,-39.5824033771975));
#9387=CARTESIAN_POINT('',(18.8327849547306,4.23797868835721,1.41759662280246));
#9388=CARTESIAN_POINT('',(28.705768300938,4.23797868835721,1.41759662280246));
#9389=CARTESIAN_POINT('',(18.8327849547306,4.23797868835721,1.41759662280246));
#9390=CARTESIAN_POINT('',(28.705768300938,4.23797868835718,-2.58240337719753));
#9391=CARTESIAN_POINT('',(28.705768300938,4.23797868835721,1.41759662280246));
#9392=CARTESIAN_POINT('',(22.8327849547306,4.23797868835715,-8.45538672340495));
#9393=CARTESIAN_POINT('Origin',(22.8327849547306,4.23797868835718,-2.58240337719753));
#9394=CARTESIAN_POINT('',(18.8327849547306,4.23797868835715,-8.45538672340495));
#9395=CARTESIAN_POINT('',(24.8327849547306,4.23797868835715,-8.45538672340495));
#9396=CARTESIAN_POINT('',(18.8327849547306,4.23797868835747,44.4138601179828));
#9397=CARTESIAN_POINT('',(13.0000002831221,4.23797868835738,-32.0000004768372));
#9398=CARTESIAN_POINT('',(-13.0000002831221,4.23797868835738,-32.0000004768372));
#9399=CARTESIAN_POINT('',(18.9163926189263,4.237978688357,-32.0000004768372));
#9400=CARTESIAN_POINT('',(-19.0000002831221,4.23797868835738,-26.0000004768372));
#9401=CARTESIAN_POINT('Origin',(-13.0000002831221,4.23797868835777,-26.0000004768372));
#9402=CARTESIAN_POINT('',(-19.0000002831221,4.23797868835738,-14.0000001192093));
#9403=CARTESIAN_POINT('',(-19.0000002831221,4.2379786883574,33.705061568163));
#9404=CARTESIAN_POINT('',(-13.0000002831221,4.23797868835738,-8.00000011920929));
#9405=CARTESIAN_POINT('Origin',(-13.0000002831221,4.23797868835777,-14.0000001192093));
#9406=CARTESIAN_POINT('',(13.0000002831221,4.23797868835738,-8.00000011920929));
#9407=CARTESIAN_POINT('',(5.91639233580425,4.23797868835715,-8.00000011920929));
#9408=CARTESIAN_POINT('',(19.0000002831221,4.23797868835738,-14.0000001192093));
#9409=CARTESIAN_POINT('Origin',(13.0000002831221,4.23797868835777,-14.0000001192093));
#9410=CARTESIAN_POINT('',(19.0000002831221,4.23797868835738,-26.0000004768372));
#9411=CARTESIAN_POINT('',(19.0000002831221,4.23797868835744,39.7050617469769));
#9412=CARTESIAN_POINT('Origin',(13.0000002831221,4.23797868835777,-26.0000004768372));
#9413=CARTESIAN_POINT('',(-29.0009567549448,4.23797868835721,1.41759662280246));
#9414=CARTESIAN_POINT('',(-19.1279734087374,4.23797868835721,1.41759662280246));
#9415=CARTESIAN_POINT('',(-0.147594227003417,4.23797868835721,1.41759662280245));
#9416=CARTESIAN_POINT('',(-19.1279734087374,4.23797868835715,-8.45538672340495));
#9417=CARTESIAN_POINT('',(-19.1279734087374,4.23797868835717,-4.58240337719753));
#9418=CARTESIAN_POINT('',(-23.1279734087374,4.23797868835715,-8.45538672340495));
#9419=CARTESIAN_POINT('',(-25.1279734087374,4.23797868835715,-8.45538672340495));
#9420=CARTESIAN_POINT('',(-29.0009567549448,4.23797868835718,-2.58240337719752));
#9421=CARTESIAN_POINT('Origin',(-23.1279734087374,4.23797868835718,-2.58240337719752));
#9422=CARTESIAN_POINT('',(-29.0009567549448,4.23797868835721,1.41759662280246));
#9423=CARTESIAN_POINT('Origin',(18.8269926996461,1.23797868835774,89.4101236131631));
#9424=CARTESIAN_POINT('',(18.8269926996461,1.23797868835778,95.4101236131632));
#9425=CARTESIAN_POINT('Origin',(24.8269926996461,1.23797868835777,93.4101236131631));
#9426=CARTESIAN_POINT('',(25.0809775724023,1.23797868835776,93.4101236131632));
#9427=CARTESIAN_POINT('',(19.9768382980952,1.23797868835776,92.377705549112));
#9428=CARTESIAN_POINT('Origin',(22.3018382980952,1.23797868835776,92.377705549112));
#9429=CARTESIAN_POINT('Origin',(-25.1279734087374,-1.76202131164229,84.2139711904565));
#9430=CARTESIAN_POINT('Origin',(-19.1279734087374,-1.76202131164229,84.2139711904565));
#9431=CARTESIAN_POINT('Origin',(-25.4917831802281,-1.76202131164229,84.2139711904565));
#9432=CARTESIAN_POINT('Origin',(-25.1279734087374,-1.76202131164229,84.2139711904565));
#9433=CARTESIAN_POINT('Ctrl Pts',(-25.4917831802247,4.23797868835771,84.2139711904565));
#9434=CARTESIAN_POINT('Ctrl Pts',(-25.494234635983,4.23797868835771,84.2176221196974));
#9435=CARTESIAN_POINT('Ctrl Pts',(-25.4966860500694,4.23797535603661,84.2212730776682));
#9436=CARTESIAN_POINT('Ctrl Pts',(-25.981439682129,4.23665740388109,84.9432482547196));
#9437=CARTESIAN_POINT('Ctrl Pts',(-26.464415975322,4.106338218397,85.6659722472194));
#9438=CARTESIAN_POINT('Ctrl Pts',(-27.347993189974,3.5860265201369,87.0272513372247));
#9439=CARTESIAN_POINT('Ctrl Pts',(-27.7539459000051,3.20121328195298,87.6721588286995));
#9440=CARTESIAN_POINT('Ctrl Pts',(-28.3402686553523,2.27895079347415,88.6900077227691));
#9441=CARTESIAN_POINT('Ctrl Pts',(-28.5490724373697,1.79401233555263,89.0890974372767));
#9442=CARTESIAN_POINT('Ctrl Pts',(-28.6759660339603,1.23797868835774,89.4101236131631));
#9443=CARTESIAN_POINT('Origin',(-4.83272903564648,-0.262021311642753,7.96573795275545));
#9444=CARTESIAN_POINT('',(-34.4982430260235,0.348178283956451,12.4241745008663));
#9445=CARTESIAN_POINT('Ctrl Pts',(-34.2387140038441,4.23797868835725,7.96573795275545));
#9446=CARTESIAN_POINT('Ctrl Pts',(-34.2387140038441,4.23797868835725,8.53143928313745));
#9447=CARTESIAN_POINT('Ctrl Pts',(-34.2533140047954,4.12479673940234,9.13444682435694));
#9448=CARTESIAN_POINT('Ctrl Pts',(-34.3055261069036,3.66528943075581,10.2430793428349));
#9449=CARTESIAN_POINT('Ctrl Pts',(-34.3423191357144,3.31899530174865,10.7487556875144));
#9450=CARTESIAN_POINT('Ctrl Pts',(-34.4101402532946,2.52046768550079,11.5471366388487));
#9451=CARTESIAN_POINT('Ctrl Pts',(-34.4455822690658,2.01484252380149,11.893308523922));
#9452=CARTESIAN_POINT('Ctrl Pts',(-34.4842492807629,1.10233452419491,12.2714239755063));
#9453=CARTESIAN_POINT('Ctrl Pts',(-34.4944505031416,0.723949496845275,12.3727449381332));
#9454=CARTESIAN_POINT('Ctrl Pts',(-34.4982430260235,0.348178283956452,12.4241745008663));
#9455=CARTESIAN_POINT('',(-26.4982430260235,-0.262021311642753,12.4657379527555));
#9456=CARTESIAN_POINT('Origin',(-26.4982430260235,-0.262021311642753,7.96573795275545));
#9457=CARTESIAN_POINT('',(-34.4982430260235,-0.262021311642753,12.4657379527555));
#9458=CARTESIAN_POINT('',(-4.83272903564648,-0.262021311642753,12.4657379527555));
#9459=CARTESIAN_POINT('Origin',(-34.4982430260235,-0.262021311642753,7.96573795275545));
#9460=CARTESIAN_POINT('Origin',(-34.4982430260235,-0.348178283956803,12.4657379527555));
#9461=CARTESIAN_POINT('',(-26.4982430260235,-0.348178283956803,12.4657379527555));
#9462=CARTESIAN_POINT('',(-26.4982430260235,-0.348178283956803,12.4657379527555));
#9463=CARTESIAN_POINT('',(-34.4982430260235,-0.348178283956803,12.4657379527555));
#9464=CARTESIAN_POINT('',(-26.4982430260235,-0.348178283956803,12.4657379527555));
#9465=CARTESIAN_POINT('',(-34.4982430260235,-0.348178283956803,12.4657379527555));
#9466=CARTESIAN_POINT('Origin',(29.6655139903771,-0.262021311642753,7.96573795275545));
#9467=CARTESIAN_POINT('',(34.4982430260235,0.348178283956451,12.4241745008663));
#9468=CARTESIAN_POINT('Ctrl Pts',(34.4982430260235,0.348178283956451,12.4241745008663));
#9469=CARTESIAN_POINT('Ctrl Pts',(34.4944505031416,0.723949496845275,12.3727449381332));
#9470=CARTESIAN_POINT('Ctrl Pts',(34.4842492807629,1.10233452419491,12.2714239755063));
#9471=CARTESIAN_POINT('Ctrl Pts',(34.4455822690658,2.01484252380149,11.893308523922));
#9472=CARTESIAN_POINT('Ctrl Pts',(34.4101402532946,2.52046768550079,11.5471366388487));
#9473=CARTESIAN_POINT('Ctrl Pts',(34.3423191357144,3.31899530174865,10.7487556875144));
#9474=CARTESIAN_POINT('Ctrl Pts',(34.3055261069036,3.66528943075581,10.2430793428349));
#9475=CARTESIAN_POINT('Ctrl Pts',(34.2533140047954,4.12479673940234,9.13444682435694));
#9476=CARTESIAN_POINT('Ctrl Pts',(34.2387140038441,4.23797868835725,8.53143928313744));
#9477=CARTESIAN_POINT('Ctrl Pts',(34.2387140038441,4.23797868835725,7.96573795275545));
#9478=CARTESIAN_POINT('',(34.4982430260235,-0.262021311642753,12.4657379527555));
#9479=CARTESIAN_POINT('Origin',(34.4982430260235,-0.262021311642753,7.96573795275545));
#9480=CARTESIAN_POINT('',(26.4982430260235,-0.262021311642753,12.4657379527555));
#9481=CARTESIAN_POINT('',(29.6655139903771,-0.262021311642753,12.4657379527555));
#9482=CARTESIAN_POINT('Origin',(26.4982430260235,-0.262021311642753,7.96573795275545));
#9483=CARTESIAN_POINT('Origin',(0.,0.,0.));
#9484=CARTESIAN_POINT('',(34.4982430260235,0.348178283956451,20.4657379527555));
#9485=CARTESIAN_POINT('',(34.4982430260235,0.348178283956451,0.));
#9486=CARTESIAN_POINT('',(34.4982430260235,-0.348178283956803,-29.5824033771975));
#9487=CARTESIAN_POINT('Origin',(0.,0.,-29.5824033771975));
#9488=CARTESIAN_POINT('',(34.4982430260235,-0.348178283956803,12.4657379527555));
#9489=CARTESIAN_POINT('',(34.4982430260235,-0.348178283956803,0.));
#9490=CARTESIAN_POINT('',(34.4982430260235,-0.348178283956803,20.4657379527555));
#9491=CARTESIAN_POINT('',(34.4982430260235,-0.348178283956803,0.));
#9492=CARTESIAN_POINT('',(34.4982430260235,-0.348178283956651,25.));
#9493=CARTESIAN_POINT('',(34.4982430260235,-0.348178283956803,0.));
#9494=CARTESIAN_POINT('Origin',(0.,0.,25.));
#9495=CARTESIAN_POINT('Origin',(0.,0.,25.));
#9496=CARTESIAN_POINT('Origin',(0.,0.,20.4657379527555));
#9497=CARTESIAN_POINT('Ctrl Pts',(-32.3798763799155,11.9077120229449,25.000000372529));
#9498=CARTESIAN_POINT('Ctrl Pts',(-32.3798763799155,11.9077120229449,20.466000372529));
#9499=CARTESIAN_POINT('Ctrl Pts',(-32.3428286891757,11.348640962641,25.000000372529));
#9500=CARTESIAN_POINT('Ctrl Pts',(-32.3428286891757,11.348640962641,20.466000372529));
#9501=CARTESIAN_POINT('Ctrl Pts',(-32.2119238292544,10.7991226350785,25.000000372529));
#9502=CARTESIAN_POINT('Ctrl Pts',(-32.2119238292544,10.7991226350785,20.466000372529));
#9503=CARTESIAN_POINT('Ctrl Pts',(-31.7371324017107,9.68306153409123,25.000000372529));
#9504=CARTESIAN_POINT('Ctrl Pts',(-31.7371324017107,9.68306153409123,20.466000372529));
#9505=CARTESIAN_POINT('Ctrl Pts',(-31.3674637074697,9.13935244660979,25.000000372529));
#9506=CARTESIAN_POINT('Ctrl Pts',(-31.3674637074697,9.13935244660979,20.466000372529));
#9507=CARTESIAN_POINT('Ctrl Pts',(-30.4400097780988,8.22367773888201,25.000000372529));
#9508=CARTESIAN_POINT('Ctrl Pts',(-30.4400097780988,8.22367773888201,20.466000372529));
#9509=CARTESIAN_POINT('Ctrl Pts',(-29.8909115913626,7.86067890287041,25.0000003725291));
#9510=CARTESIAN_POINT('Ctrl Pts',(-29.8909115913626,7.86067890287041,20.466000372529));
#9511=CARTESIAN_POINT('Ctrl Pts',(-28.6841489579938,7.36539885146109,25.0000003725291));
#9512=CARTESIAN_POINT('Ctrl Pts',(-28.6841489579938,7.36539885146109,20.466000372529));
#9513=CARTESIAN_POINT('Ctrl Pts',(-28.0379275388812,7.23797868835735,25.000000372529));
#9514=CARTESIAN_POINT('Ctrl Pts',(-28.0379275388812,7.23797868835735,20.466000372529));
#9515=CARTESIAN_POINT('Ctrl Pts',(-27.385503998743,7.23797868835735,25.000000372529));
#9516=CARTESIAN_POINT('Ctrl Pts',(-27.385503998743,7.23797868835735,20.466000372529));
#9517=CARTESIAN_POINT('',(-27.3855040014444,7.23797868835735,25.0000004304905));
#9518=CARTESIAN_POINT('',(-32.3798763799155,11.9077120229449,25.000000372529));
#9519=CARTESIAN_POINT('Ctrl Pts',(-27.385503998743,7.23797868835735,25.000000372529));
#9520=CARTESIAN_POINT('Ctrl Pts',(-28.0379275388812,7.23797868835735,25.000000372529));
#9521=CARTESIAN_POINT('Ctrl Pts',(-28.6841489579938,7.36539885146109,25.0000003725291));
#9522=CARTESIAN_POINT('Ctrl Pts',(-29.28771188035,7.61311341184556,25.0000003725291));
#9523=CARTESIAN_POINT('Ctrl Pts',(-29.8909115913626,7.86067890287041,25.0000003725291));
#9524=CARTESIAN_POINT('Ctrl Pts',(-30.4400097780988,8.22367773888201,25.000000372529));
#9525=CARTESIAN_POINT('Ctrl Pts',(-30.9039918428836,8.68176695292085,25.000000372529));
#9526=CARTESIAN_POINT('Ctrl Pts',(-31.3674637074697,9.13935244660979,25.000000372529));
#9527=CARTESIAN_POINT('Ctrl Pts',(-31.7371324017107,9.68306153409123,25.000000372529));
#9528=CARTESIAN_POINT('Ctrl Pts',(-31.9920896623272,10.2823728621421,25.000000372529));
#9529=CARTESIAN_POINT('Ctrl Pts',(-32.2119238292544,10.7991226350785,25.000000372529));
#9530=CARTESIAN_POINT('Ctrl Pts',(-32.3428286891757,11.348640962641,25.000000372529));
#9531=CARTESIAN_POINT('Ctrl Pts',(-32.3798763799155,11.9077120229449,25.000000372529));
#9532=CARTESIAN_POINT('',(-27.3855040014444,7.23797868835735,20.4660004304905));
#9533=CARTESIAN_POINT('',(-27.385503998743,7.23797868835735,25.000000372529));
#9534=CARTESIAN_POINT('',(-32.3798763799155,11.9077120229449,20.466000372529));
#9535=CARTESIAN_POINT('Ctrl Pts',(-32.3798763799155,11.9077120229449,20.466000372529));
#9536=CARTESIAN_POINT('Ctrl Pts',(-32.3428286891757,11.348640962641,20.466000372529));
#9537=CARTESIAN_POINT('Ctrl Pts',(-32.2119238292544,10.7991226350785,20.466000372529));
#9538=CARTESIAN_POINT('Ctrl Pts',(-31.9920896623272,10.2823728621421,20.466000372529));
#9539=CARTESIAN_POINT('Ctrl Pts',(-31.7371324017107,9.68306153409123,20.466000372529));
#9540=CARTESIAN_POINT('Ctrl Pts',(-31.3674637074697,9.13935244660979,20.466000372529));
#9541=CARTESIAN_POINT('Ctrl Pts',(-30.9039918428836,8.68176695292085,20.466000372529));
#9542=CARTESIAN_POINT('Ctrl Pts',(-30.4400097780988,8.22367773888201,20.466000372529));
#9543=CARTESIAN_POINT('Ctrl Pts',(-29.8909115913626,7.86067890287041,20.466000372529));
#9544=CARTESIAN_POINT('Ctrl Pts',(-29.28771188035,7.61311341184556,20.466000372529));
#9545=CARTESIAN_POINT('Ctrl Pts',(-28.6841489579938,7.36539885146109,20.466000372529));
#9546=CARTESIAN_POINT('Ctrl Pts',(-28.0379275388812,7.23797868835735,20.466000372529));
#9547=CARTESIAN_POINT('Ctrl Pts',(-27.385503998743,7.23797868835735,20.466000372529));
#9548=CARTESIAN_POINT('',(-32.3798763799155,11.9077120229449,25.000000372529));
#9549=CARTESIAN_POINT('Origin',(36.0000005364418,0.,20.466000372529));
#9550=CARTESIAN_POINT('',(-33.732205153338,7.23797868835735,20.466000372529));
#9551=CARTESIAN_POINT('Origin',(0.,0.,20.466000372529));
#9552=CARTESIAN_POINT('',(30.4163927455862,7.23797868835732,20.466000372529));
#9553=CARTESIAN_POINT('Origin',(24.8327849547306,7.23797868835718,-2.58240337719755));
#9554=CARTESIAN_POINT('',(-33.7322051533381,7.23797868835696,-39.5824033860697));
#9555=CARTESIAN_POINT('',(27.0000004023314,7.23797868835696,-39.5824033771975));
#9556=CARTESIAN_POINT('',(24.8327849547306,7.23797868835696,-39.5824033771976));
#9557=CARTESIAN_POINT('',(-33.7322051533381,7.23797868835723,5.46573795275545));
#9558=CARTESIAN_POINT('',(-33.7322051533381,7.23797868835718,-2.58240337719754));
#9559=CARTESIAN_POINT('',(-26.530391337236,7.23797868835728,12.4657379527555));
#9560=CARTESIAN_POINT('Ctrl Pts',(-33.7322051533381,7.23797868835723,5.46573795275545));
#9561=CARTESIAN_POINT('Ctrl Pts',(-33.7322051533381,7.23797868835723,5.8940731534395));
#9562=CARTESIAN_POINT('Ctrl Pts',(-33.6893298931941,7.23797868835724,6.36176904275982));
#9563=CARTESIAN_POINT('Ctrl Pts',(-33.5047287882841,7.23797868835724,7.27726357143009));
#9564=CARTESIAN_POINT('Ctrl Pts',(-33.3630204596443,7.23797868835725,7.72506574265963));
#9565=CARTESIAN_POINT('Ctrl Pts',(-33.029753741502,7.23797868835725,8.5196546028794));
#9566=CARTESIAN_POINT('Ctrl Pts',(-32.8066350341198,7.23797868835725,8.93910211922078));
#9567=CARTESIAN_POINT('Ctrl Pts',(-32.276269847638,7.23797868835726,9.72105452181011));
#9568=CARTESIAN_POINT('Ctrl Pts',(-31.9690658008917,7.23797868835726,10.083588187285));
#9569=CARTESIAN_POINT('Ctrl Pts',(-31.3464253176699,7.23797868835726,10.6973816633241));
#9570=CARTESIAN_POINT('Ctrl Pts',(-30.9725849224283,7.23797868835727,11.0040627085996));
#9571=CARTESIAN_POINT('Ctrl Pts',(-30.1686504727871,7.23797868835727,11.5320150077454));
#9572=CARTESIAN_POINT('Ctrl Pts',(-29.7385974117501,7.23797868835727,11.7533486812363));
#9573=CARTESIAN_POINT('Ctrl Pts',(-28.912622551059,7.23797868835727,12.0900784617444));
#9574=CARTESIAN_POINT('Ctrl Pts',(-28.4397412834708,7.23797868835727,12.2347307769231));
#9575=CARTESIAN_POINT('Ctrl Pts',(-27.4741067066253,7.23797868835728,12.4225241070129));
#9576=CARTESIAN_POINT('Ctrl Pts',(-26.9813675626857,7.23797868835728,12.4657379527555));
#9577=CARTESIAN_POINT('Ctrl Pts',(-26.530391337236,7.23797868835728,12.4657379527555));
#9578=CARTESIAN_POINT('',(-26.4982430260235,7.23797868835728,12.4657379527555));
#9579=CARTESIAN_POINT('',(-4.83272903564649,7.23797868835728,12.4657379527555));
#9580=CARTESIAN_POINT('',(-26.4982430260235,7.23797868835732,20.4657379527555));
#9581=CARTESIAN_POINT('',(-26.4982430260235,7.23797868835723,4.94166728777893));
#9582=CARTESIAN_POINT('',(-33.7322051533381,7.23797868835732,20.4657379527555));
#9583=CARTESIAN_POINT('',(-0.832729035646491,7.23797868835732,20.4657379527555));
#9584=CARTESIAN_POINT('',(-33.7322051533381,7.23797868835718,-2.58240337719754));
#9585=CARTESIAN_POINT('',(-19.252601672709,7.23797868835777,93.4101236131597));
#9586=CARTESIAN_POINT('Ctrl Pts',(-19.2526016727069,7.23797868835777,93.4101236131631));
#9587=CARTESIAN_POINT('Ctrl Pts',(-21.1788792707497,7.23797868835773,87.0896190099289));
#9588=CARTESIAN_POINT('Ctrl Pts',(-24.2722071107022,7.23797868835765,74.2909423149688));
#9589=CARTESIAN_POINT('Ctrl Pts',(-27.4744922779724,7.23797868835752,51.4218099542009));
#9590=CARTESIAN_POINT('Ctrl Pts',(-27.8457684280006,7.23797868835741,34.8755083357888));
#9591=CARTESIAN_POINT('Ctrl Pts',(-27.3855040014444,7.23797868835735,25.0000004304905));
#9592=CARTESIAN_POINT('',(-20.4605378229968,7.23797868835777,93.4101236131631));
#9593=CARTESIAN_POINT('',(-0.147594227003409,7.23797868835777,93.4101236131631));
#9594=CARTESIAN_POINT('Origin',(-22.5999994948506,7.23797868835718,92.4999979324639));
#9595=CARTESIAN_POINT('',(-23.1279734087374,7.23797868835778,95.4101236131631));
#9596=CARTESIAN_POINT('Origin',(-23.1279734087374,7.23797868835777,93.4101236131631));
#9597=CARTESIAN_POINT('',(-21.3779734087374,7.23797868835778,95.4101236131631));
#9598=CARTESIAN_POINT('',(-25.1279734087374,7.23797868835778,95.4101236131631));
#9599=CARTESIAN_POINT('',(-18.1279734087374,7.2379786883578,98.6601236131631));
#9600=CARTESIAN_POINT('Origin',(-21.3779734087374,7.2379786883578,98.6601236131631));
#9601=CARTESIAN_POINT('',(-18.1279734087374,7.23797868835775,90.0101236131631));
#9602=CARTESIAN_POINT('',(-18.1279734087374,7.23797868835779,96.6601236131631));
#9603=CARTESIAN_POINT('',(-17.0000002533197,7.23797868835775,90.0101236131631));
#9604=CARTESIAN_POINT('',(4.84259536386357,7.23797868835775,90.0101236131631));
#9605=CARTESIAN_POINT('',(-17.0000002533197,7.23797868835745,40.7620205069798));
#9606=CARTESIAN_POINT('',(-17.0000002533197,7.23797868835739,59.5000008866191));
#9607=CARTESIAN_POINT('',(-9.07727843480512,7.23797868835745,40.7620205069798));
#9608=CARTESIAN_POINT('',(-8.29519064447747,7.23797868835745,40.7620205069798));
#9609=CARTESIAN_POINT('',(-9.57540256293841,7.23797868835745,40.6705028380971));
#9610=CARTESIAN_POINT('Origin',(-10.5000000596046,7.23797868835749,47.1044067439041));
#9611=CARTESIAN_POINT('',(-17.2951906444775,7.23797868835739,31.7620205069798));
#9612=CARTESIAN_POINT('Origin',(-8.29519064447747,7.23797868835739,31.7620205069798));
#9613=CARTESIAN_POINT('',(-17.2951906444775,7.23797868835728,12.7620205069797));
#9614=CARTESIAN_POINT('',(-17.2951906444775,7.23797868835748,46.587940655208));
#9615=CARTESIAN_POINT('',(-8.29519064447747,7.23797868835722,3.76202050697975));
#9616=CARTESIAN_POINT('Origin',(-8.29519064447747,7.23797868835728,12.7620205069797));
#9617=CARTESIAN_POINT('',(9.00000219047066,7.23797868835722,3.76202050697975));
#9618=CARTESIAN_POINT('',(4.9262039146784,7.23797868835722,3.76202050697975));
#9619=CARTESIAN_POINT('',(18.0000002682209,7.23797868835728,12.7620205069797));
#9620=CARTESIAN_POINT('Origin',(9.00000219047066,7.23797868835728,12.7620205069797));
#9621=CARTESIAN_POINT('',(18.0000002682209,7.23797868835739,31.7620205069798));
#9622=CARTESIAN_POINT('',(18.0000002682209,7.23797868835747,44.2087989894041));
#9623=CARTESIAN_POINT('',(10.4516138650717,7.23797868835745,40.6441837314517));
#9624=CARTESIAN_POINT('Origin',(9.00000219047066,7.23797868835739,31.7620205069798));
#9625=CARTESIAN_POINT('',(9.88846373336713,7.23797868835745,40.7620205069798));
#9626=CARTESIAN_POINT('Origin',(11.5000000745058,7.23797868835748,47.0590793935703));
#9627=CARTESIAN_POINT('',(18.0000021904707,7.23797868835745,40.7620205069798));
#9628=CARTESIAN_POINT('',(-8.29519064447747,7.23797868835745,40.7620205069798));
#9629=CARTESIAN_POINT('',(18.0000002682209,7.23797868835739,91.0000013560057));
#9630=CARTESIAN_POINT('',(18.0000002682209,7.23797868835747,44.2087989894041));
#9631=CARTESIAN_POINT('',(17.8327849547306,7.23797868835775,91.0000013560057));
#9632=CARTESIAN_POINT('',(7.50000011175871,7.23797868835739,91.0000013560057));
#9633=CARTESIAN_POINT('',(17.8327849547306,7.2379786883578,98.6601236131631));
#9634=CARTESIAN_POINT('',(17.8327849547306,7.2379786883578,99.1601236131631));
#9635=CARTESIAN_POINT('',(21.0827849547306,7.23797868835778,95.4101236131631));
#9636=CARTESIAN_POINT('Origin',(21.0827849547306,7.2379786883578,98.6601236131631));
#9637=CARTESIAN_POINT('',(22.8327849547306,7.23797868835778,95.4101236131631));
#9638=CARTESIAN_POINT('',(-25.1279734087374,7.23797868835778,95.4101236131631));
#9639=CARTESIAN_POINT('Origin',(22.8327849547306,7.23797868835777,93.4101236131631));
#9640=CARTESIAN_POINT('',(20.2186345296125,7.23797868835777,93.4101236131631));
#9641=CARTESIAN_POINT('Origin',(22.3018382980952,7.23797868835718,92.377705549112));
#9642=CARTESIAN_POINT('',(19.2526016727115,7.23797868835777,93.4101236131557));
#9643=CARTESIAN_POINT('',(24.8327849547306,7.23797868835777,93.4101236131631));
#9644=CARTESIAN_POINT('',(27.3855040014444,7.23797868835735,25.0000004304905));
#9645=CARTESIAN_POINT('Ctrl Pts',(27.3855040014444,7.23797868835735,25.0000004304905));
#9646=CARTESIAN_POINT('Ctrl Pts',(27.9991899038263,7.23797868835743,38.1673443106752));
#9647=CARTESIAN_POINT('Ctrl Pts',(27.2513516564787,7.23797868835753,54.7484592743202));
#9648=CARTESIAN_POINT('Ctrl Pts',(23.4999526813901,7.23797868835767,77.4844494349906));
#9649=CARTESIAN_POINT('Ctrl Pts',(21.1788792707496,7.23797868835773,87.089619009929));
#9650=CARTESIAN_POINT('Ctrl Pts',(19.2526016727069,7.23797868835777,93.4101236131631));
#9651=CARTESIAN_POINT('',(27.3855040014444,7.23797868835735,20.4660004304905));
#9652=CARTESIAN_POINT('',(27.385503998743,7.23797868835735,25.000000372529));
#9653=CARTESIAN_POINT('',(33.732205153338,7.23797868835735,20.466000372529));
#9654=CARTESIAN_POINT('',(30.4163927455862,7.23797868835732,20.466000372529));
#9655=CARTESIAN_POINT('',(33.7322051533381,7.2379786883572,20.4657379527555));
#9656=CARTESIAN_POINT('',(33.7322051533381,7.2379786883572,0.));
#9657=CARTESIAN_POINT('',(26.4982430260235,7.23797868835732,20.4657379527555));
#9658=CARTESIAN_POINT('',(25.665513990377,7.23797868835732,20.4657379527555));
#9659=CARTESIAN_POINT('',(26.4982430260235,7.23797868835728,12.4657379527555));
#9660=CARTESIAN_POINT('',(26.4982430260235,7.23797868835723,4.94166728777893));
#9661=CARTESIAN_POINT('',(26.530391337236,7.23797868835728,12.4657379527555));
#9662=CARTESIAN_POINT('',(29.665513990377,7.23797868835728,12.4657379527555));
#9663=CARTESIAN_POINT('',(33.7322051533381,7.2379786883572,5.46573795275545));
#9664=CARTESIAN_POINT('Ctrl Pts',(26.530391337236,7.23797868835728,12.4657379527555));
#9665=CARTESIAN_POINT('Ctrl Pts',(26.9813675626857,7.23797868835728,12.4657379527555));
#9666=CARTESIAN_POINT('Ctrl Pts',(27.4741067066253,7.23797868835728,12.4225241070129));
#9667=CARTESIAN_POINT('Ctrl Pts',(28.4397412834708,7.23797868835727,12.2347307769231));
#9668=CARTESIAN_POINT('Ctrl Pts',(28.912622551059,7.23797868835727,12.0900784617444));
#9669=CARTESIAN_POINT('Ctrl Pts',(29.7385974117501,7.23797868835727,11.7533486812363));
#9670=CARTESIAN_POINT('Ctrl Pts',(30.1686504727871,7.23797868835727,11.5320150077454));
#9671=CARTESIAN_POINT('Ctrl Pts',(30.9725849224283,7.23797868835727,11.0040627085996));
#9672=CARTESIAN_POINT('Ctrl Pts',(31.3464253176699,7.23797868835726,10.6973816633241));
#9673=CARTESIAN_POINT('Ctrl Pts',(31.9690658008917,7.23797868835726,10.083588187285));
#9674=CARTESIAN_POINT('Ctrl Pts',(32.2762698476381,7.23797868835726,9.7210545218101));
#9675=CARTESIAN_POINT('Ctrl Pts',(32.8066350341198,7.23797868835725,8.93910211922078));
#9676=CARTESIAN_POINT('Ctrl Pts',(33.029753741502,7.23797868835725,8.5196546028794));
#9677=CARTESIAN_POINT('Ctrl Pts',(33.3630204596443,7.23797868835725,7.72506574265963));
#9678=CARTESIAN_POINT('Ctrl Pts',(33.5047287882841,7.23797868835724,7.27726357143009));
#9679=CARTESIAN_POINT('Ctrl Pts',(33.6893298931941,7.23797868835724,6.36176904275982));
#9680=CARTESIAN_POINT('Ctrl Pts',(33.7322051533381,7.23797868835723,5.8940731534395));
#9681=CARTESIAN_POINT('Ctrl Pts',(33.7322051533381,7.23797868835723,5.46573795275545));
#9682=CARTESIAN_POINT('',(33.7322051533381,7.23797868835696,-39.582));
#9683=CARTESIAN_POINT('',(33.7322051533381,7.2379786883572,0.));
#9684=CARTESIAN_POINT('',(31.166392756762,7.23797868835696,-39.582));
#9685=CARTESIAN_POINT('',(-23.7280660698977,7.23797868835718,-2.58240337719754));
#9686=CARTESIAN_POINT('',(-23.4472952250184,7.2379786883572,-0.2625008963897));
#9687=CARTESIAN_POINT('Origin',(-22.5577851155701,7.23797868835719,-1.54709730658752));
#9688=CARTESIAN_POINT('',(-23.7353297712333,7.23797868835718,-2.58240337719754));
#9689=CARTESIAN_POINT('Origin',(-22.6583840842489,7.23797868835719,-1.53828270060614));
#9690=CARTESIAN_POINT('',(-25.1279734087374,7.23797868835718,-2.58240337719754));
#9691=CARTESIAN_POINT('',(21.1289288863279,7.23797868835718,-2.58240337719755));
#9692=CARTESIAN_POINT('',(21.6774544238385,7.2379786883572,-0.288852634697033));
#9693=CARTESIAN_POINT('Origin',(22.4003048006099,7.23797868835719,-1.67409756058751));
#9694=CARTESIAN_POINT('',(21.0380510161378,7.23797868835718,-2.58240337719755));
#9695=CARTESIAN_POINT('Origin',(22.2367560743386,7.23797868835719,-1.68067937094972));
#9696=CARTESIAN_POINT('',(24.8327849547305,7.23797868835718,-2.58240337719755));
#9697=CARTESIAN_POINT('',(-12.295190510367,7.23797868835696,-39.5819794930202));
#9698=CARTESIAN_POINT('',(-12.295190510367,7.23797868835699,-33.7379794185144));
#9699=CARTESIAN_POINT('',(-12.295190510367,7.23797868835717,-4.58197949302025));
#9700=CARTESIAN_POINT('',(12.0000020563602,7.23797868835696,-39.5819794930202));
#9701=CARTESIAN_POINT('',(-12.8661015484889,7.23797868835696,-39.5819794930202));
#9702=CARTESIAN_POINT('',(12.0000020563602,7.23797868835699,-33.7379794185144));
#9703=CARTESIAN_POINT('',(12.0000020563602,7.23797868835717,-4.58197949302025));
#9704=CARTESIAN_POINT('',(-21.0136978318525,7.23797868835699,-33.7379794185144));
#9705=CARTESIAN_POINT('',(-13.0000002831221,7.23797868835739,-32.0000004768372));
#9706=CARTESIAN_POINT('',(13.0000002831221,7.23797868835739,-32.0000004768372));
#9707=CARTESIAN_POINT('',(18.9163926189263,7.237978688357,-32.0000004768372));
#9708=CARTESIAN_POINT('',(19.0000002831221,7.23797868835739,-26.0000004768372));
#9709=CARTESIAN_POINT('Origin',(13.0000002831221,7.23797868835718,-26.0000004768372));
#9710=CARTESIAN_POINT('',(19.0000002831221,7.23797868835739,-14.0000001192093));
#9711=CARTESIAN_POINT('',(19.0000002831221,7.23797868835715,-8.29120174820343));
#9712=CARTESIAN_POINT('',(13.0000002831221,7.23797868835739,-8.00000011920929));
#9713=CARTESIAN_POINT('Origin',(13.0000002831221,7.23797868835718,-14.0000001192093));
#9714=CARTESIAN_POINT('',(-13.0000002831221,7.23797868835739,-8.00000011920929));
#9715=CARTESIAN_POINT('',(5.91639233580425,7.23797868835715,-8.00000011920929));
#9716=CARTESIAN_POINT('',(-19.0000002831221,7.23797868835739,-14.0000001192093));
#9717=CARTESIAN_POINT('Origin',(-13.0000002831221,7.23797868835718,-14.0000001192093));
#9718=CARTESIAN_POINT('',(-19.0000002831221,7.23797868835739,-26.0000004768372));
#9719=CARTESIAN_POINT('',(-19.0000002831221,7.23797868835711,-14.2912019270174));
#9720=CARTESIAN_POINT('Origin',(-13.0000002831221,7.23797868835718,-26.0000004768372));
#9721=CARTESIAN_POINT('',(30.20264759933,7.23797868835745,-32.6828959551211));
#9722=CARTESIAN_POINT('Origin',(31.75264759933,7.23797868835718,-32.6828959551211));
#9723=CARTESIAN_POINT('Ctrl Pts',(27.385503998743,7.23797868835735,25.000000372529));
#9724=CARTESIAN_POINT('Ctrl Pts',(27.385503998743,7.23797868835735,20.466000372529));
#9725=CARTESIAN_POINT('Ctrl Pts',(27.7478209577319,7.23797868835735,25.000000372529));
#9726=CARTESIAN_POINT('Ctrl Pts',(27.7478209577319,7.23797868835735,20.466000372529));
#9727=CARTESIAN_POINT('Ctrl Pts',(28.1090781283615,7.27727540242628,25.000000372529));
#9728=CARTESIAN_POINT('Ctrl Pts',(28.1090781283615,7.27727540242628,20.466000372529));
#9729=CARTESIAN_POINT('Ctrl Pts',(28.8167149000886,7.43308343493421,25.000000372529));
#9730=CARTESIAN_POINT('Ctrl Pts',(28.8167149000886,7.43308343493421,20.466000372529));
#9731=CARTESIAN_POINT('Ctrl Pts',(29.1610246141201,7.54912867505693,25.000000372529));
#9732=CARTESIAN_POINT('Ctrl Pts',(29.1610246141201,7.54912867505693,20.466000372529));
#9733=CARTESIAN_POINT('Ctrl Pts',(30.0810005461416,7.97493630665323,25.000000372529));
#9734=CARTESIAN_POINT('Ctrl Pts',(30.0810005461416,7.97493630665323,20.466000372529));
#9735=CARTESIAN_POINT('Ctrl Pts',(30.6131803860454,8.36133783188867,25.0000003725291));
#9736=CARTESIAN_POINT('Ctrl Pts',(30.6131803860454,8.36133783188867,20.4660003725291));
#9737=CARTESIAN_POINT('Ctrl Pts',(31.4989583031094,9.31589612274639,25.0000003725291));
#9738=CARTESIAN_POINT('Ctrl Pts',(31.4989583031094,9.31589612274639,20.4660003725291));
#9739=CARTESIAN_POINT('Ctrl Pts',(31.8442786295197,9.8747365043053,25.000000372529));
#9740=CARTESIAN_POINT('Ctrl Pts',(31.8442786295197,9.8747365043053,20.466000372529));
#9741=CARTESIAN_POINT('Ctrl Pts',(32.2444281810428,10.9418719411548,25.000000372529));
#9742=CARTESIAN_POINT('Ctrl Pts',(32.2444281810428,10.9418719411548,20.466000372529));
#9743=CARTESIAN_POINT('Ctrl Pts',(32.347661622325,11.4215727164482,25.000000372529));
#9744=CARTESIAN_POINT('Ctrl Pts',(32.347661622325,11.4215727164482,20.466000372529));
#9745=CARTESIAN_POINT('Ctrl Pts',(32.3798763799155,11.9077120229443,25.000000372529));
#9746=CARTESIAN_POINT('Ctrl Pts',(32.3798763799155,11.9077120229443,20.466000372529));
#9747=CARTESIAN_POINT('',(32.3798763799156,11.9077120229444,25.000000372529));
#9748=CARTESIAN_POINT('Ctrl Pts',(32.3798763799155,11.9077120229443,25.000000372529));
#9749=CARTESIAN_POINT('Ctrl Pts',(32.347661622325,11.4215727164482,25.000000372529));
#9750=CARTESIAN_POINT('Ctrl Pts',(32.2444281810428,10.9418719411548,25.000000372529));
#9751=CARTESIAN_POINT('Ctrl Pts',(32.0727602459917,10.4840607648921,25.000000372529));
#9752=CARTESIAN_POINT('Ctrl Pts',(31.8442786295197,9.8747365043053,25.000000372529));
#9753=CARTESIAN_POINT('Ctrl Pts',(31.4989583031094,9.31589612274639,25.0000003725291));
#9754=CARTESIAN_POINT('Ctrl Pts',(31.0563061871423,8.83887221063238,25.0000003725291));
#9755=CARTESIAN_POINT('Ctrl Pts',(30.6131803860454,8.36133783188867,25.0000003725291));
#9756=CARTESIAN_POINT('Ctrl Pts',(30.0810005461416,7.97493630665323,25.000000372529));
#9757=CARTESIAN_POINT('Ctrl Pts',(29.4897866601139,7.70129503429612,25.000000372529));
#9758=CARTESIAN_POINT('Ctrl Pts',(29.1610246141201,7.54912867505693,25.000000372529));
#9759=CARTESIAN_POINT('Ctrl Pts',(28.8167149000886,7.43308343493421,25.000000372529));
#9760=CARTESIAN_POINT('Ctrl Pts',(28.4629193014632,7.35518443599263,25.000000372529));
#9761=CARTESIAN_POINT('Ctrl Pts',(28.1090781283615,7.27727540242628,25.000000372529));
#9762=CARTESIAN_POINT('Ctrl Pts',(27.7478209577319,7.23797868835735,25.000000372529));
#9763=CARTESIAN_POINT('Ctrl Pts',(27.385503998743,7.23797868835735,25.000000372529));
#9764=CARTESIAN_POINT('',(32.3798763799156,11.9077120229444,20.466000372529));
#9765=CARTESIAN_POINT('',(32.3798763799155,11.9077120229443,25.000000372529));
#9766=CARTESIAN_POINT('Ctrl Pts',(27.385503998743,7.23797868835735,20.466000372529));
#9767=CARTESIAN_POINT('Ctrl Pts',(27.7478209577319,7.23797868835735,20.466000372529));
#9768=CARTESIAN_POINT('Ctrl Pts',(28.1090781283615,7.27727540242628,20.466000372529));
#9769=CARTESIAN_POINT('Ctrl Pts',(28.4629193014632,7.35518443599263,20.466000372529));
#9770=CARTESIAN_POINT('Ctrl Pts',(28.8167149000886,7.43308343493421,20.466000372529));
#9771=CARTESIAN_POINT('Ctrl Pts',(29.1610246141201,7.54912867505693,20.466000372529));
#9772=CARTESIAN_POINT('Ctrl Pts',(29.4897866601139,7.70129503429612,20.466000372529));
#9773=CARTESIAN_POINT('Ctrl Pts',(30.0810005461416,7.97493630665323,20.466000372529));
#9774=CARTESIAN_POINT('Ctrl Pts',(30.6131803860454,8.36133783188867,20.4660003725291));
#9775=CARTESIAN_POINT('Ctrl Pts',(31.0563061871423,8.83887221063238,20.4660003725291));
#9776=CARTESIAN_POINT('Ctrl Pts',(31.4989583031094,9.31589612274639,20.4660003725291));
#9777=CARTESIAN_POINT('Ctrl Pts',(31.8442786295197,9.8747365043053,20.466000372529));
#9778=CARTESIAN_POINT('Ctrl Pts',(32.0727602459917,10.4840607648921,20.466000372529));
#9779=CARTESIAN_POINT('Ctrl Pts',(32.2444281810428,10.9418719411548,20.466000372529));
#9780=CARTESIAN_POINT('Ctrl Pts',(32.347661622325,11.4215727164482,20.466000372529));
#9781=CARTESIAN_POINT('Ctrl Pts',(32.3798763799155,11.9077120229443,20.466000372529));
#9782=CARTESIAN_POINT('Origin',(36.0000005364418,0.,20.466000372529));
#9783=CARTESIAN_POINT('Origin',(0.,0.,20.466000372529));
#9784=CARTESIAN_POINT('Origin',(0.,0.,0.));
#9785=CARTESIAN_POINT('',(-26.4982430260235,22.0928295275593,20.4657379527555));
#9786=CARTESIAN_POINT('Origin',(0.,0.,20.4657379527555));
#9787=CARTESIAN_POINT('',(-26.4982430260235,22.0928295275593,5.46573795275545));
#9788=CARTESIAN_POINT('',(-26.4982430260235,22.0928295275593,0.));
#9789=CARTESIAN_POINT('Origin',(0.,0.,5.46573795275545));
#9790=CARTESIAN_POINT('Origin',(0.,0.,-39.582));
#9791=CARTESIAN_POINT('',(26.4982430260235,22.0928295275593,5.46573795275545));
#9792=CARTESIAN_POINT('Origin',(0.,0.,5.46573795275545));
#9793=CARTESIAN_POINT('',(26.4982430260235,22.0928295275593,20.4657379527555));
#9794=CARTESIAN_POINT('',(26.4982430260235,22.0928295275593,0.));
#9795=CARTESIAN_POINT('Origin',(0.,0.,20.4657379527555));
#9796=CARTESIAN_POINT('Origin',(0.,0.,25.));
#9797=CARTESIAN_POINT('Origin',(0.,0.,5.46573795275545));
#9798=CARTESIAN_POINT('',(26.4982430260235,7.35480227700211,12.4657379527555));
#9799=CARTESIAN_POINT('Origin',(0.,0.,12.4657379527555));
#9800=CARTESIAN_POINT('Ctrl Pts',(26.4982430260235,7.35480227700211,12.4657379527555));
#9801=CARTESIAN_POINT('Ctrl Pts',(26.4982430260235,8.76931064704609,12.4657379527555));
#9802=CARTESIAN_POINT('Ctrl Pts',(26.4982430260235,10.3252259636146,12.4369710588889));
#9803=CARTESIAN_POINT('Ctrl Pts',(26.4982430260235,13.4034577143923,12.1546188394127));
#9804=CARTESIAN_POINT('Ctrl Pts',(26.4982430260235,14.9251210503132,11.8939580751924));
#9805=CARTESIAN_POINT('Ctrl Pts',(26.4982430260235,16.8738159139264,11.283056209819));
#9806=CARTESIAN_POINT('Ctrl Pts',(26.4982430260235,17.5186066450479,11.0380568776596));
#9807=CARTESIAN_POINT('Ctrl Pts',(26.4982430260235,18.7468396964767,10.4313870798689));
#9808=CARTESIAN_POINT('Ctrl Pts',(26.4982430260235,19.3295330289081,10.0682014284233));
#9809=CARTESIAN_POINT('Ctrl Pts',(26.4982430260235,20.159802199192,9.40802313900903));
#9810=CARTESIAN_POINT('Ctrl Pts',(26.4982430260235,20.5075726091237,9.08387144002164));
#9811=CARTESIAN_POINT('Ctrl Pts',(26.4982430260235,21.1186729020934,8.36644640561628));
#9812=CARTESIAN_POINT('Ctrl Pts',(26.4982430260235,21.3812089043212,7.97249722391656));
#9813=CARTESIAN_POINT('Ctrl Pts',(26.4982430260235,21.7318012434636,7.27587845153877));
#9814=CARTESIAN_POINT('Ctrl Pts',(26.4982430260235,21.8689754906017,6.92126292944818));
#9815=CARTESIAN_POINT('Ctrl Pts',(26.4982430260235,22.0496722059422,6.18964797846224));
#9816=CARTESIAN_POINT('Ctrl Pts',(26.4982430260235,22.0928295275593,5.81255841277523));
#9817=CARTESIAN_POINT('Ctrl Pts',(26.4982430260235,22.0928295275593,5.46573795275545));
#9818=CARTESIAN_POINT('Origin',(34.4982430260235,-0.348178283956803,12.4657379527555));
#9819=CARTESIAN_POINT('',(26.4982430260235,-0.348178283956803,12.4657379527555));
#9820=CARTESIAN_POINT('Origin',(0.,0.,5.46573795275545));
#9821=CARTESIAN_POINT('',(-26.4982430260235,7.35480227700211,12.4657379527555));
#9822=CARTESIAN_POINT('Ctrl Pts',(-26.4982430260235,22.0928295275593,5.46573795275545));
#9823=CARTESIAN_POINT('Ctrl Pts',(-26.4982430260235,22.0928295275593,5.81255841277523));
#9824=CARTESIAN_POINT('Ctrl Pts',(-26.4982430260235,22.0496722059422,6.18964797846224));
#9825=CARTESIAN_POINT('Ctrl Pts',(-26.4982430260235,21.8689754906017,6.92126292944818));
#9826=CARTESIAN_POINT('Ctrl Pts',(-26.4982430260235,21.7318012434636,7.27587845153877));
#9827=CARTESIAN_POINT('Ctrl Pts',(-26.4982430260235,21.3812089043212,7.97249722391656));
#9828=CARTESIAN_POINT('Ctrl Pts',(-26.4982430260235,21.1186729020934,8.36644640561628));
#9829=CARTESIAN_POINT('Ctrl Pts',(-26.4982430260235,20.5075726091237,9.08387144002164));
#9830=CARTESIAN_POINT('Ctrl Pts',(-26.4982430260235,20.159802199192,9.40802313900903));
#9831=CARTESIAN_POINT('Ctrl Pts',(-26.4982430260235,19.3295330289081,10.0682014284233));
#9832=CARTESIAN_POINT('Ctrl Pts',(-26.4982430260235,18.7468396964767,10.4313870798689));
#9833=CARTESIAN_POINT('Ctrl Pts',(-26.4982430260235,17.5186066450479,11.0380568776596));
#9834=CARTESIAN_POINT('Ctrl Pts',(-26.4982430260235,16.8738159139264,11.283056209819));
#9835=CARTESIAN_POINT('Ctrl Pts',(-26.4982430260235,14.9251210503132,11.8939580751924));
#9836=CARTESIAN_POINT('Ctrl Pts',(-26.4982430260235,13.4034577143923,12.1546188394127));
#9837=CARTESIAN_POINT('Ctrl Pts',(-26.4982430260235,10.3252259636146,12.4369710588889));
#9838=CARTESIAN_POINT('Ctrl Pts',(-26.4982430260235,8.7693106470461,12.4657379527555));
#9839=CARTESIAN_POINT('Ctrl Pts',(-26.4982430260235,7.3548022770021,12.4657379527555));
#9840=CARTESIAN_POINT('Origin',(0.,0.,12.4657379527555));
#9841=CARTESIAN_POINT('Origin',(-34.4982430260235,-0.348178283956803,12.4657379527555));
#9842=CARTESIAN_POINT('',(-26.4982430260235,-0.348178283956803,12.4657379527555));
#9843=CARTESIAN_POINT('Origin',(-28.1279734087374,-3.5250786698378,96.1546204610574));
#9844=CARTESIAN_POINT('',(-27.9413090096705,-3.66178397111987,96.7897152195038));
#9845=CARTESIAN_POINT('',(-26.8237812696287,-4.44108345932535,100.410123613163));
#9846=CARTESIAN_POINT('Ctrl Pts',(-27.9413090096705,-3.66178397111984,96.7897152195038));
#9847=CARTESIAN_POINT('Ctrl Pts',(-27.5839135928192,-3.92176975296156,97.9975367580233));
#9848=CARTESIAN_POINT('Ctrl Pts',(-27.21136993423,-4.18175063648155,99.2053355403042));
#9849=CARTESIAN_POINT('Ctrl Pts',(-26.8237812696287,-4.44108345932536,100.410123613163));
#9850=CARTESIAN_POINT('',(-28.1278424717421,-3.5250786698378,96.1546204610574));
#9851=CARTESIAN_POINT('Ctrl Pts',(-28.1278424717422,-3.52507866983781,96.1546204610575));
#9852=CARTESIAN_POINT('Ctrl Pts',(-28.0661306579083,-3.57064445273993,96.3663063987223));
#9853=CARTESIAN_POINT('Ctrl Pts',(-28.0039511446513,-3.61621521541872,96.5780154710427));
#9854=CARTESIAN_POINT('Ctrl Pts',(-27.9413090096705,-3.66178397111984,96.7897152195038));
#9855=CARTESIAN_POINT('',(-28.1279734087374,-3.5250786698378,96.1546204610574));
#9856=CARTESIAN_POINT('',(-18.1279734087374,-3.53698146603635,96.2099175373643));
#9857=CARTESIAN_POINT('',(-5.14759422700341,-3.53698146603635,96.2099175373643));
#9858=CARTESIAN_POINT('',(-18.1279734087374,-4.44108345932535,100.410123613163));
#9859=CARTESIAN_POINT('',(-18.1279734087374,-4.44108345932535,100.410123613163));
#9860=CARTESIAN_POINT('',(-23.1279734087374,-4.44108345932535,100.410123613163));
#9861=CARTESIAN_POINT('Origin',(-28.1279734087374,-6.09999986365438,96.0999978519976));
#9862=CARTESIAN_POINT('',(-28.1271327179954,-3.53100225367104,96.1544948021001));
#9863=CARTESIAN_POINT('Ctrl Pts',(-28.1271327179322,-3.53100225366602,96.15449480222));
#9864=CARTESIAN_POINT('Ctrl Pts',(-28.1273695035866,-3.52902780792261,96.1545366867554));
#9865=CARTESIAN_POINT('Ctrl Pts',(-28.1276061164779,-3.52705304378063,96.1545785780451));
#9866=CARTESIAN_POINT('Ctrl Pts',(-28.1278424717421,-3.5250786698378,96.1546204610574));
#9867=CARTESIAN_POINT('',(64.9149098298199,-3.53100225371733,96.1544948022189));
#9868=CARTESIAN_POINT('Origin',(-18.1279734087374,-10.7620213116422,100.410123613163));
#9869=CARTESIAN_POINT('',(-18.1279734087374,7.23797868835781,100.410123613163));
#9870=CARTESIAN_POINT('',(-18.1279734087374,4.23797868835781,100.410123613163));
#9871=CARTESIAN_POINT('',(-18.1279734087374,7.23797868835781,100.410123613163));
#9872=CARTESIAN_POINT('',(-26.8248158434311,-4.43483019512349,100.410123613163));
#9873=CARTESIAN_POINT('',(64.9149098298199,-4.4348301951235,100.410123613163));
#9874=CARTESIAN_POINT('Origin',(0.,1.99128727145171E-13,100.410123613163));
#9875=CARTESIAN_POINT('Origin',(-18.1279734087374,7.23797868835778,95.4101236131631));
#9876=CARTESIAN_POINT('',(-18.1279734087374,-10.7620213116422,96.2099175373643));
#9877=CARTESIAN_POINT('',(-18.1279734087374,-0.706350252253755,96.2099175373643));
#9878=CARTESIAN_POINT('',(-18.1279734087374,-10.7620213116422,100.410123613163));
#9879=CARTESIAN_POINT('',(-18.1279734087374,-10.7620213116422,96.6601236131632));
#9880=CARTESIAN_POINT('',(-18.1279734087374,4.23797868835781,100.410123613163));
#9881=CARTESIAN_POINT('Origin',(17.8327849547306,-10.7620213116422,96.2099175373643));
#9882=CARTESIAN_POINT('',(-12.9999734087374,0.598347122222407,96.2099175373643));
#9883=CARTESIAN_POINT('',(17.8327849547306,0.598347122222407,96.2099175373643));
#9884=CARTESIAN_POINT('',(-12.9999734087374,-13.9520392696907,96.2099175373643));
#9885=CARTESIAN_POINT('',(-12.9999734087374,-12.3570302906664,96.2099175373643));
#9886=CARTESIAN_POINT('',(-5.00000007450581,-13.9520392696912,96.2099175373643));
#9887=CARTESIAN_POINT('',(3.10240577299658,-13.9520392696907,96.2099175373643));
#9888=CARTESIAN_POINT('',(-5.00000007450581,-20.7620213116422,96.2099175373643));
#9889=CARTESIAN_POINT('',(-5.00000007450581,-16.8810108271845,96.2099175373643));
#9890=CARTESIAN_POINT('',(-8.1279734087374,-20.7620213116422,96.2099175373643));
#9891=CARTESIAN_POINT('',(2.85240577299659,-20.7620213116422,96.2099175373643));
#9892=CARTESIAN_POINT('Origin',(-8.1279734087374,-10.7620213116422,96.2099175373643));
#9893=CARTESIAN_POINT('Origin',(29.8327849547306,-6.7285468048026,100.410123613163));
#9894=CARTESIAN_POINT('',(26.8248158434312,-4.4348301951235,100.410123613163));
#9895=CARTESIAN_POINT('',(64.9149098298199,-4.4348301951235,100.410123613163));
#9896=CARTESIAN_POINT('',(29.8327849547306,-4.43283344687928,100.410123613163));
#9897=CARTESIAN_POINT('Origin',(29.8327849547306,-4.43283344687928,100.410123613163));
#9898=CARTESIAN_POINT('',(28.1106525121669,-3.5453879781709,96.2099175373643));
#9899=CARTESIAN_POINT('',(17.8327849547306,-3.5453879781709,96.2099175373643));
#9900=CARTESIAN_POINT('',(23.8327849547306,-3.5453879781709,96.2099175373643));
#9901=CARTESIAN_POINT('',(26.9019139326128,-4.3821614491965,100.170297235042));
#9902=CARTESIAN_POINT('Ctrl Pts',(26.9019139326128,-4.38216144919648,100.170297235042));
#9903=CARTESIAN_POINT('Ctrl Pts',(27.3226548435472,-4.10368829081732,98.8523067860366));
#9904=CARTESIAN_POINT('Ctrl Pts',(27.7256136566331,-3.82449260904164,97.5308966934956));
#9905=CARTESIAN_POINT('Ctrl Pts',(28.1106525121669,-3.5453879781709,96.2099175373643));
#9906=CARTESIAN_POINT('Ctrl Pts',(26.8251458807926,-4.43283344687928,100.410123613163));
#9907=CARTESIAN_POINT('Ctrl Pts',(26.8508005487678,-4.41594559798231,100.330194819738));
#9908=CARTESIAN_POINT('Ctrl Pts',(26.8763901537907,-4.39905471324008,100.250251657909));
#9909=CARTESIAN_POINT('Ctrl Pts',(26.9019139326128,-4.38216144919648,100.170297235042));
#9910=CARTESIAN_POINT('',(17.8327849547306,-4.43283344687928,100.410123613163));
#9911=CARTESIAN_POINT('',(23.8327849547306,-4.43283344687928,100.410123613163));
#9912=CARTESIAN_POINT('',(17.8327849547306,-4.43283344687928,100.410123613163));
#9913=CARTESIAN_POINT('Origin',(17.8327849547306,-10.7620213116422,96.2099175373643));
#9914=CARTESIAN_POINT('',(17.8327849547306,-10.7620213116422,96.2099175373643));
#9915=CARTESIAN_POINT('',(17.8327849547306,-0.70635025225374,96.2099175373643));
#9916=CARTESIAN_POINT('',(7.83278495473057,-20.7620213116422,96.2099175373643));
#9917=CARTESIAN_POINT('Origin',(7.83278495473057,-10.7620213116422,96.2099175373643));
#9918=CARTESIAN_POINT('',(5.85096984336433,-20.7620213116422,96.2099175373643));
#9919=CARTESIAN_POINT('',(2.85240577299659,-20.7620213116422,96.2099175373643));
#9920=CARTESIAN_POINT('',(5.85096984336433,-13.9520392696912,96.2099175373643));
#9921=CARTESIAN_POINT('',(5.85096984336433,-12.3570302906667,96.2099175373643));
#9922=CARTESIAN_POINT('',(12.7927849547306,-13.9520392696907,96.2099175373643));
#9923=CARTESIAN_POINT('',(11.8327849547306,-13.9520392696907,96.2099175373644));
#9924=CARTESIAN_POINT('',(12.7927849547306,0.598347122222407,96.2099175373643));
#9925=CARTESIAN_POINT('',(12.7927849547306,-12.3021627231831,96.2099175373643));
#9926=CARTESIAN_POINT('',(17.8327849547306,0.598347122222407,96.2099175373643));
#9927=CARTESIAN_POINT('',(28.1110348240414,-3.54235538830981,96.2099175373643));
#9928=CARTESIAN_POINT('',(64.9149098298199,-3.54235538830981,96.2099175373643));
#9929=CARTESIAN_POINT('Origin',(0.,0.,96.2099175373643));
#9930=CARTESIAN_POINT('Origin',(17.8327849547306,7.23797868835781,100.410123613163));
#9931=CARTESIAN_POINT('',(17.8327849547306,-10.7620213116422,100.410123613163));
#9932=CARTESIAN_POINT('',(17.8327849547306,7.23797868835781,100.410123613163));
#9933=CARTESIAN_POINT('',(17.8327849547306,-10.7620213116422,99.1601236131632));
#9934=CARTESIAN_POINT('Origin',(0.,0.,12.5000001862645));
#9935=CARTESIAN_POINT('',(-35.9983162367711,-0.348178283956651,25.));
#9936=CARTESIAN_POINT('',(-35.9983162367711,-0.348178283956803,-39.582));
#9937=CARTESIAN_POINT('',(-35.9983162367711,-0.348178283956803,0.));
#9938=CARTESIAN_POINT('',(-36.,-4.40872847693047E-15,25.));
#9939=CARTESIAN_POINT('Origin',(0.,0.,25.));
#9940=CARTESIAN_POINT('',(35.9983162367711,-0.348178283956651,25.));
#9941=CARTESIAN_POINT('Origin',(0.,0.,25.));
#9942=CARTESIAN_POINT('',(35.9983162367711,-0.348178283956803,-39.582));
#9943=CARTESIAN_POINT('',(35.9983162367711,-0.348178283956803,0.));
#9944=CARTESIAN_POINT('Origin',(0.,0.,-39.582));
#9945=CARTESIAN_POINT('Origin',(-31.000000461936,-0.348178283956803,16.5000002458692));
#9946=CARTESIAN_POINT('',(-33.5000004991889,-0.348089141978401,16.5000002458692));
#9947=CARTESIAN_POINT('Origin',(-31.000000461936,-0.348178283956803,16.5000002458692));
#9948=CARTESIAN_POINT('',(-32.562500461936,-0.348178283956803,16.5000002458692));
#9949=CARTESIAN_POINT('Origin',(-31.000000461936,-0.348178283956803,16.5000002458692));
#9950=CARTESIAN_POINT('Origin',(-31.000000461936,9.6518217160432,16.5000002458692));
#9951=CARTESIAN_POINT('',(-32.562500461936,4.23797868835777,16.5000002458692));
#9952=CARTESIAN_POINT('',(-32.562500461936,9.6518217160432,16.5000002458692));
#9953=CARTESIAN_POINT('Origin',(-31.000000461936,4.23797868835777,16.5000002458692));
#9954=CARTESIAN_POINT('Origin',(-30.4982430260235,-0.348178283956803,16.4657379527555));
#9955=CARTESIAN_POINT('',(-34.4982430260235,-0.348178283956803,20.4657379527555));
#9956=CARTESIAN_POINT('',(-34.4982430260235,-0.348178283956803,12.4657379527555));
#9957=CARTESIAN_POINT('',(-26.4982430260235,-0.348178283956803,20.4657379527555));
#9958=CARTESIAN_POINT('',(-26.4982430260235,-0.348178283956803,20.4657379527555));
#9959=CARTESIAN_POINT('',(-34.4982430260235,-0.348178283956803,20.4657379527555));
#9960=CARTESIAN_POINT('',(-33.549510256723,-0.348089141978402,16.5000002458692));
#9961=CARTESIAN_POINT('Origin',(-31.000000461936,-0.348,16.5000002458692));
#9962=CARTESIAN_POINT('Origin',(-34.4982430260235,-0.348178283956803,20.4657379527555));
#9963=CARTESIAN_POINT('',(-34.4982430260235,0.348178283956451,20.4657379527555));
#9964=CARTESIAN_POINT('',(-34.4982430260235,0.348178283956451,0.));
#9965=CARTESIAN_POINT('',(-34.4982430260235,-0.348178283956803,20.4657379527555));
#9966=CARTESIAN_POINT('Origin',(-31.000000461936,-0.348,16.5000002458692));
#9967=CARTESIAN_POINT('Origin',(-26.4982430260235,-0.348178283956803,12.4657379527555));
#9968=CARTESIAN_POINT('',(-26.4982430260235,-0.348178283956803,20.4657379527555));
#9969=CARTESIAN_POINT('Origin',(-26.4982430260235,-0.348178283956803,12.4657379527555));
#9970=CARTESIAN_POINT('',(-26.4982430260235,-0.348178283956803,20.4657379527555));
#9971=CARTESIAN_POINT('Origin',(-26.4982430260235,-0.348178283956803,20.4657379527555));
#9972=CARTESIAN_POINT('Origin',(0.,0.,20.4657379527555));
#9973=CARTESIAN_POINT('Origin',(-26.4982430260235,-0.348178283956803,20.4657379527555));
#9974=CARTESIAN_POINT('Origin',(34.623441085557,-4.0530898938902,-39.5824033771976));
#9975=CARTESIAN_POINT('',(34.623441085557,-4.63536913158238,-39.582));
#9976=CARTESIAN_POINT('',(34.623441085557,-4.0530898938902,-39.582));
#9977=CARTESIAN_POINT('',(34.623441085557,-1.77654494321981,-39.582));
#9978=CARTESIAN_POINT('',(34.623441085557,-4.0530898938902,-29.5824033771975));
#9979=CARTESIAN_POINT('',(34.623441085557,-4.0530898938902,-39.5824033771976));
#9980=CARTESIAN_POINT('',(34.623441085557,-4.63536913158238,-29.5824033771975));
#9981=CARTESIAN_POINT('',(34.623441085557,-4.0530898938902,-29.5824033771975));
#9982=CARTESIAN_POINT('',(34.623441085557,-4.63536913158238,-39.5824033771976));
#9983=CARTESIAN_POINT('Origin',(-3.62743454902306,1.55460360659311,-39.5824033771976));
#9984=CARTESIAN_POINT('',(34.3774758219783,-6.00000008940697,-39.582));
#9985=CARTESIAN_POINT('Origin',(-3.62743454902306,1.55460360659311,-39.582));
#9986=CARTESIAN_POINT('',(34.3774758219783,-6.00000008940697,-29.5824033771975));
#9987=CARTESIAN_POINT('Origin',(-3.62743454902306,1.55460360659311,-29.5824033771975));
#9988=CARTESIAN_POINT('',(34.3774758219783,-6.00000008940697,-39.5824033771976));
#9989=CARTESIAN_POINT('Origin',(34.623441085557,-4.0530898938902,-39.5824033771976));
#9990=CARTESIAN_POINT('',(34.7999992221594,-2.29999994859099,-39.582));
#9991=CARTESIAN_POINT('',(34.864857506719,-1.65600580185323,-39.582));
#9992=CARTESIAN_POINT('',(34.7999992221594,-2.29999994859099,-29.5824033771975));
#9993=CARTESIAN_POINT('',(34.7999992221594,-2.29999994859099,-39.5824033771976));
#9994=CARTESIAN_POINT('',(34.7999992221594,-2.29999994859099,-29.5824033771975));
#9995=CARTESIAN_POINT('Origin',(31.7450159069877,4.23797868835745,-32.686195104522));
#9996=CARTESIAN_POINT('',(34.2387140038441,4.23797868835715,-32.5087978054034));
#9997=CARTESIAN_POINT('',(34.2387140038441,4.23797868835715,-32.8635924036406));
#9998=CARTESIAN_POINT('Ctrl Pts',(34.2387140038441,4.23797868835712,-32.5087978054034));
#9999=CARTESIAN_POINT('Ctrl Pts',(34.2394252068382,4.23223286524079,-32.5187952831649));
#10000=CARTESIAN_POINT('Ctrl Pts',(34.2400907979578,4.22684362631815,-32.5290029810823));
#10001=CARTESIAN_POINT('Ctrl Pts',(34.2434656622483,4.1994725503169,-32.5863721106838));
#10002=CARTESIAN_POINT('Ctrl Pts',(34.2450159069877,4.18675119038156,-32.6372274057551));
#10003=CARTESIAN_POINT('Ctrl Pts',(34.2450159069877,4.18675119038156,-32.7351628032889));
#10004=CARTESIAN_POINT('Ctrl Pts',(34.2434656622483,4.1994725503169,-32.7860180983602));
#10005=CARTESIAN_POINT('Ctrl Pts',(34.2400907979578,4.22684362631815,-32.8433872279617));
#10006=CARTESIAN_POINT('Ctrl Pts',(34.2394252068382,4.23223286524079,-32.8535949258791));
#10007=CARTESIAN_POINT('Ctrl Pts',(34.2387140038441,4.23797868835712,-32.8635924036406));
#10008=CARTESIAN_POINT('',(29.2450159069877,4.2379786883572,-32.686195104522));
#10009=CARTESIAN_POINT('Origin',(31.7450159069877,4.2379786883572,-32.686195104522));
#10010=CARTESIAN_POINT('',(29.2450159069877,-6.00000008940697,-32.686195104522));
#10011=CARTESIAN_POINT('',(29.2450159069877,4.23797868835745,-32.686195104522));
#10012=CARTESIAN_POINT('Origin',(31.7450159069877,-6.00000008940697,-32.686195104522));
#10013=CARTESIAN_POINT('Origin',(31.7450159069877,4.2379786883572,-32.686195104522));
#10014=CARTESIAN_POINT('Origin',(34.623441085557,-4.0530898938902,-29.5824033771975));
#10015=CARTESIAN_POINT('',(28.623441085557,-6.00000008940697,-29.5824033771975));
#10016=CARTESIAN_POINT('',(28.623441085557,-4.0530898938902,-29.5824033771975));
#10017=CARTESIAN_POINT('',(-8.18827983720113,-6.00000008940697,-29.5824033771975));
#10018=CARTESIAN_POINT('',(34.8828083742876,-1.19999997317791,-29.5824033771975));
#10019=CARTESIAN_POINT('',(34.8828083742876,-1.19999997317791,-29.5824033771975));
#10020=CARTESIAN_POINT('',(34.8828083742876,-0.360316017585763,-29.5824033771975));
#10021=CARTESIAN_POINT('',(34.8828083742876,-0.360316017585763,-29.5824033771975));
#10022=CARTESIAN_POINT('',(34.8823811133419,-0.348178283956984,-29.5824033771975));
#10023=CARTESIAN_POINT('',(34.7117201538582,4.50000006705523,-29.5824033771975));
#10024=CARTESIAN_POINT('',(49.7691754576884,-0.348178283956984,-29.5824033771975));
#10025=CARTESIAN_POINT('Origin',(-51.0000007599592,-6.00000008940697,-39.5824033771976));
#10026=CARTESIAN_POINT('',(28.623441085557,-6.00000008940697,-39.582));
#10027=CARTESIAN_POINT('',(-6.75000010058284,-6.00000008940697,-39.582));
#10028=CARTESIAN_POINT('',(28.623441085557,-6.00000008940697,-34.5824033771976));
#10029=CARTESIAN_POINT('Origin',(34.8828083742876,-0.360316017585763,-39.5824033771976));
#10030=CARTESIAN_POINT('',(34.8823811133419,-0.348178283956801,-39.582));
#10031=CARTESIAN_POINT('',(34.8823811133419,-0.348178283956687,19.0357294742672));
#10032=CARTESIAN_POINT('',(34.8828083742876,-0.360316017585763,-39.582));
#10033=CARTESIAN_POINT('',(34.8828083742876,-0.360316017585763,-39.5824033771976));
#10034=CARTESIAN_POINT('',(34.911495075128,-1.17525484364713,-39.582));
#10035=CARTESIAN_POINT('Origin',(34.8828083742876,-1.19999997317791,-39.5824033771976));
#10036=CARTESIAN_POINT('',(34.8828083742876,-1.19999997317791,-39.582));
#10037=CARTESIAN_POINT('',(34.8828083742876,-1.62538780412145,-39.582));
#10038=CARTESIAN_POINT('',(34.8828083742876,-1.19999997317791,-39.5824033771976));
#10039=CARTESIAN_POINT('Origin',(34.7999992221594,-2.29999994859099,-39.5824033771976));
#10040=CARTESIAN_POINT('',(34.8048730246101,-2.2352585228167,-39.582));
#10041=CARTESIAN_POINT('Origin',(-31.7505002510537,4.23797868835745,-32.6916078921293));
#10042=CARTESIAN_POINT('',(-34.0755002510537,4.23797868835745,-32.6916078921293));
#10043=CARTESIAN_POINT('Origin',(-31.7505002510537,4.2379786883572,-32.6916078921293));
#10044=CARTESIAN_POINT('',(-34.0755002510537,-6.00000008940697,-32.6916078921293));
#10045=CARTESIAN_POINT('',(-34.0755002510537,4.23797868835745,-32.6916078921293));
#10046=CARTESIAN_POINT('Origin',(-31.7505002510537,-6.00000008940697,-32.6916078921293));
#10047=CARTESIAN_POINT('Origin',(-34.8828083742876,-1.19999997317791,-39.5824033771976));
#10048=CARTESIAN_POINT('',(-34.8828083742876,-0.360316017585763,-39.5824033771976));
#10049=CARTESIAN_POINT('',(-34.8828083742876,-1.19999997317791,-39.5824033771976));
#10050=CARTESIAN_POINT('',(-34.8828083742876,-0.360316017585763,-39.5824033771976));
#10051=CARTESIAN_POINT('',(-34.8828083742876,-1.19999997317791,-29.5824033771975));
#10052=CARTESIAN_POINT('',(-34.8828083742876,-1.19999997317791,-39.5824033771976));
#10053=CARTESIAN_POINT('',(-34.8828083742876,-0.360316017585763,-29.5824033771975));
#10054=CARTESIAN_POINT('',(-34.8828083742876,-0.360316017585763,-29.5824033771975));
#10055=CARTESIAN_POINT('',(-34.8828083742876,-0.360316017585763,-39.5824033771976));
#10056=CARTESIAN_POINT('Origin',(-34.7999992221594,-2.29999994859099,-39.5824033771976));
#10057=CARTESIAN_POINT('',(-34.7999992221594,-2.29999994859099,-39.5824033771976));
#10058=CARTESIAN_POINT('',(-34.8828083742876,-1.19999997317791,-39.5824033771976));
#10059=CARTESIAN_POINT('',(-34.7999992221594,-2.29999994859099,-29.5824033771975));
#10060=CARTESIAN_POINT('',(-34.7999992221594,-2.29999994859099,-39.5824033771976));
#10061=CARTESIAN_POINT('',(-34.8828083742876,-1.19999997317791,-29.5824033771975));
#10062=CARTESIAN_POINT('Origin',(-34.623441085557,-4.0530898938902,-39.5824033771976));
#10063=CARTESIAN_POINT('',(-34.623441085557,-4.0530898938902,-39.5824033771976));
#10064=CARTESIAN_POINT('',(-34.7999992221594,-2.29999994859099,-39.5824033771976));
#10065=CARTESIAN_POINT('',(-34.623441085557,-4.0530898938902,-29.5824033771975));
#10066=CARTESIAN_POINT('',(-34.623441085557,-4.0530898938902,-39.5824033771976));
#10067=CARTESIAN_POINT('',(-34.7999992221594,-2.29999994859099,-29.5824033771975));
#10068=CARTESIAN_POINT('Origin',(-34.623441085557,-4.0530898938902,-39.5824033771976));
#10069=CARTESIAN_POINT('',(-34.623441085557,-4.63536913158238,-29.5824033771975));
#10070=CARTESIAN_POINT('',(-34.623441085557,-4.63536913158238,-39.5824033771976));
#10071=CARTESIAN_POINT('',(-34.623441085557,-4.63536913158238,-39.5824033771976));
#10072=CARTESIAN_POINT('',(-34.623441085557,-4.0530898938902,-29.5824033771975));
#10073=CARTESIAN_POINT('',(-34.623441085557,-4.0530898938902,-39.5824033771976));
#10074=CARTESIAN_POINT('Origin',(-28.623441085557,-4.0530898938902,-29.5824033771975));
#10075=CARTESIAN_POINT('',(-28.623441085557,-6.00000008940697,-29.5824033771975));
#10076=CARTESIAN_POINT('',(-28.623441085557,-6.00000008940697,-39.5824033771976));
#10077=CARTESIAN_POINT('',(-28.623441085557,-6.00000008940697,-34.5824033771976));
#10078=CARTESIAN_POINT('',(-28.623441085557,-4.0530898938902,-39.5824033771976));
#10079=CARTESIAN_POINT('',(-28.623441085557,-4.0530898938902,-29.5824033771975));
#10080=CARTESIAN_POINT('Origin',(3.62743454902306,1.55460360659311,-39.5824033771976));
#10081=CARTESIAN_POINT('',(-34.3774758219783,-6.00000008940697,-39.5824033771976));
#10082=CARTESIAN_POINT('',(-34.3774758219783,-6.00000008940697,-29.5824033771975));
#10083=CARTESIAN_POINT('',(-34.3774758219783,-6.00000008940697,-39.5824033771976));
#10084=CARTESIAN_POINT('Origin',(3.62743454902306,1.55460360659311,-29.5824033771975));
#10085=CARTESIAN_POINT('Origin',(3.62743454902306,1.55460360659311,-39.5824033771976));
#10086=CARTESIAN_POINT('Origin',(-51.0000007599592,-6.00000008940697,-39.5824033771976));
#10087=CARTESIAN_POINT('',(-42.8117209227581,-6.00000008940697,-29.5824033771975));
#10088=CARTESIAN_POINT('',(-39.8117209227581,-6.00000008940697,-39.5824033771976));
#10089=CARTESIAN_POINT('Origin',(-34.8828083742876,-0.360316017585763,-39.5824033771976));
#10090=CARTESIAN_POINT('',(-34.7117201538582,4.50000006705523,-39.582));
#10091=CARTESIAN_POINT('',(-34.7117201538582,4.50000006705523,-39.5824033771976));
#10092=CARTESIAN_POINT('',(-34.8823811133419,-0.348178283956984,-29.5824033771975));
#10093=CARTESIAN_POINT('',(-34.7117201538582,4.50000006705523,-29.5824033771975));
#10094=CARTESIAN_POINT('',(-34.8823811133419,-0.348178283956803,-39.582));
#10095=CARTESIAN_POINT('',(-34.8823811133419,-0.348178283956687,19.0357294742673));
#10096=CARTESIAN_POINT('',(-34.8548893339792,0.432814919996928,-39.582));
#10097=CARTESIAN_POINT('Origin',(-34.623441085557,-4.0530898938902,-29.5824033771975));
#10098=CARTESIAN_POINT('',(-34.4982430260235,-0.348178283956803,-29.5824033771975));
#10099=CARTESIAN_POINT('Origin',(0.,0.,-29.5824033771975));
#10100=CARTESIAN_POINT('',(15.1457343721315,-0.348178283956984,-29.5824033771975));
#10101=CARTESIAN_POINT('Origin',(18.8327849547306,1.23797868835717,-4.58240337719752));
#10102=CARTESIAN_POINT('',(18.8327849547306,1.23797868835717,-4.58240337719752));
#10103=CARTESIAN_POINT('',(18.8327849547306,1.23797868835721,1.41759662280248));
#10104=CARTESIAN_POINT('',(18.8327849547306,1.23797868835717,-4.58240337719752));
#10105=CARTESIAN_POINT('',(18.8327849547306,1.23797868835721,1.41759662280248));
#10106=CARTESIAN_POINT('Origin',(18.8327849547306,0.237978688357146,-8.45538672340493));
#10107=CARTESIAN_POINT('Origin',(18.8327849547306,1.23797868835721,1.41759662280248));
#10108=CARTESIAN_POINT('',(24.8327849547306,1.23797868835721,1.41759662280248));
#10109=CARTESIAN_POINT('',(18.8327849547306,1.23797868835721,1.41759662280248));
#10110=CARTESIAN_POINT('Origin',(28.705768300938,0.237978688357207,1.41759662280248));
#10111=CARTESIAN_POINT('Origin',(22.2943921016172,1.23797868835719,-1.66371593471101));
#10112=CARTESIAN_POINT('',(22.1132210933154,1.23797868835718,-3.21000091591616));
#10113=CARTESIAN_POINT('',(22.1132210933154,4.23797868835718,-3.21000091591618));
#10114=CARTESIAN_POINT('',(22.1132210933154,-0.348178283956822,-3.21000091591615));
#10115=CARTESIAN_POINT('',(21.0171874662708,4.23797868835718,-2.55397909625331));
#10116=CARTESIAN_POINT('Origin',(22.2943921016172,4.23797868835719,-1.66371593471102));
#10117=CARTESIAN_POINT('',(20.738553259124,4.23797868835719,-1.60727416348528));
#10118=CARTESIAN_POINT('Origin',(22.2943921016172,4.23797868835719,-1.66371593471102));
#10119=CARTESIAN_POINT('',(22.4169200884564,4.2379786883572,-0.111682729592371));
#10120=CARTESIAN_POINT('Origin',(22.2943921016172,4.23797868835719,-1.66371593471102));
#10121=CARTESIAN_POINT('',(22.4169200884564,1.2379786883572,-0.111682729592353));
#10122=CARTESIAN_POINT('',(22.4169200884564,-0.348178283956803,-0.111682729592344));
#10123=CARTESIAN_POINT('Origin',(22.2943921016172,1.23797868835719,-1.66371593471101));
#10124=CARTESIAN_POINT('Origin',(21.8327849547306,1.23797868835719,-1.58240337719753));
#10125=CARTESIAN_POINT('',(24.8327849547306,1.23797868835718,-2.58240337719752));
#10126=CARTESIAN_POINT('',(22.8327849547306,1.23797868835717,-4.58240337719752));
#10127=CARTESIAN_POINT('Origin',(22.8327849547306,1.23797868835718,-2.58240337719752));
#10128=CARTESIAN_POINT('',(24.8327849547306,1.23797868835721,1.41759662280248));
#10129=CARTESIAN_POINT('',(24.8327849547306,1.23797868835717,-4.58240337719752));
#10130=CARTESIAN_POINT('Origin',(22.40030480061,1.23797868835719,-1.67409756058751));
#10131=CARTESIAN_POINT('Origin',(21.8327849547306,4.23797868835719,-1.58240337719755));
#10132=CARTESIAN_POINT('Origin',(22.2367560743386,4.23797868835719,-1.6806793709497));
#10133=CARTESIAN_POINT('Origin',(22.40030480061,-0.348178283956813,-1.6740975605875));
#10134=CARTESIAN_POINT('',(21.6774544238385,4.2379786883572,-0.288852634697019));
#10135=CARTESIAN_POINT('Origin',(22.4003048006099,4.23797868835719,-1.67409756058749));
#10136=CARTESIAN_POINT('',(21.6774544238385,-0.348178283956802,-0.288852634696977));
#10137=CARTESIAN_POINT('',(21.1289288863279,4.23797868835718,-2.58240337719753));
#10138=CARTESIAN_POINT('',(21.1289288863279,-0.348178283956819,-2.58240337719751));
#10139=CARTESIAN_POINT('Origin',(22.4003048006099,4.23797868835719,-1.67409756058749));
#10140=CARTESIAN_POINT('Origin',(-3.99999818205837,4.23797868835738,78.7620216841715));
#10141=CARTESIAN_POINT('',(-3.99999818205837,12.2379786883574,82.7620216841715));
#10142=CARTESIAN_POINT('',(-7.99999818205837,12.2379786883574,78.7620216841715));
#10143=CARTESIAN_POINT('Origin',(-3.99999818205837,12.2379786883574,78.7620216841715));
#10144=CARTESIAN_POINT('',(-7.99999818205837,14.2379786883574,78.7620216841715));
#10145=CARTESIAN_POINT('',(-7.99999818205837,4.23797868835738,78.7620216841715));
#10146=CARTESIAN_POINT('',(-3.99999818205837,14.2379786883574,82.7620216841715));
#10147=CARTESIAN_POINT('Origin',(-3.99999818205837,14.2379786883574,78.7620216841715));
#10148=CARTESIAN_POINT('',(-3.99999818205837,4.23797868835738,82.7620216841715));
#10149=CARTESIAN_POINT('Origin',(-7.99999818205837,4.23797868835738,78.7620216841715));
#10150=CARTESIAN_POINT('',(-7.99999818205837,12.2379786883574,61.7620213116425));
#10151=CARTESIAN_POINT('',(-7.99999818205837,12.2379786883574,74.6262249040338));
#10152=CARTESIAN_POINT('',(-7.99999818205837,14.2379786883574,61.7620213116425));
#10153=CARTESIAN_POINT('',(-7.99999818205837,4.23797868835738,61.7620213116425));
#10154=CARTESIAN_POINT('',(-7.99999818205837,14.2379786883574,61.7620213116425));
#10155=CARTESIAN_POINT('Origin',(-3.99999818205835,4.23797868835738,61.7620213116425));
#10156=CARTESIAN_POINT('',(-3.99999818205837,12.2379786883574,57.7620213116425));
#10157=CARTESIAN_POINT('Origin',(-3.99999818205835,12.2379786883574,61.7620213116425));
#10158=CARTESIAN_POINT('',(-3.99999818205837,14.2379786883574,57.7620213116425));
#10159=CARTESIAN_POINT('',(-3.99999818205837,4.23797868835738,57.7620213116425));
#10160=CARTESIAN_POINT('Origin',(-3.99999818205835,14.2379786883574,61.7620213116425));
#10161=CARTESIAN_POINT('Origin',(-3.99999818205837,4.23797868835738,57.7620213116425));
#10162=CARTESIAN_POINT('',(4.00000205636021,12.2379786883574,57.7620213116425));
#10163=CARTESIAN_POINT('',(-1.74999908730389,12.2379786883574,57.7620213116425));
#10164=CARTESIAN_POINT('',(4.00000205636021,14.2379786883574,57.7620213116425));
#10165=CARTESIAN_POINT('',(4.00000205636021,4.23797868835738,57.7620213116425));
#10166=CARTESIAN_POINT('',(4.00000205636021,14.2379786883574,57.7620213116425));
#10167=CARTESIAN_POINT('Origin',(4.00000205636019,4.23797868835738,61.7620213116425));
#10168=CARTESIAN_POINT('',(8.00000205636021,12.2379786883574,61.7620213116425));
#10169=CARTESIAN_POINT('Origin',(4.00000205636019,12.2379786883574,61.7620213116425));
#10170=CARTESIAN_POINT('',(8.00000205636021,14.2379786883574,61.7620213116425));
#10171=CARTESIAN_POINT('',(8.00000205636021,4.23797868835738,61.7620213116425));
#10172=CARTESIAN_POINT('Origin',(4.00000205636019,14.2379786883574,61.7620213116425));
#10173=CARTESIAN_POINT('Origin',(8.00000205636021,4.23797868835738,61.7620213116425));
#10174=CARTESIAN_POINT('',(8.00000205636021,12.2379786883574,78.7620216841715));
#10175=CARTESIAN_POINT('',(8.00000205636021,12.2379786883574,66.1262247177693));
#10176=CARTESIAN_POINT('',(8.00000205636021,14.2379786883574,78.7620216841715));
#10177=CARTESIAN_POINT('',(8.00000205636021,4.23797868835738,78.7620216841715));
#10178=CARTESIAN_POINT('',(8.00000205636021,14.2379786883574,78.7620216841715));
#10179=CARTESIAN_POINT('Origin',(4.00000205636015,4.23797868835738,78.7620216841715));
#10180=CARTESIAN_POINT('',(4.00000205636021,12.2379786883574,82.7620216841715));
#10181=CARTESIAN_POINT('Origin',(4.00000205636015,12.2379786883574,78.7620216841715));
#10182=CARTESIAN_POINT('',(4.00000205636021,14.2379786883574,82.7620216841715));
#10183=CARTESIAN_POINT('',(4.00000205636021,4.23797868835738,82.7620216841715));
#10184=CARTESIAN_POINT('Origin',(4.00000205636015,14.2379786883574,78.7620216841715));
#10185=CARTESIAN_POINT('Origin',(-3.99999818205837,4.23797868835738,90.0000013411045));
#10186=CARTESIAN_POINT('',(-3.99999818205837,12.2379786883574,90.0000013411045));
#10187=CARTESIAN_POINT('',(-3.99999818205836,12.2379786883574,80.2452147325003));
#10188=CARTESIAN_POINT('',(-4.00000005960464,14.2379786883574,91.0000013560057));
#10189=CARTESIAN_POINT('',(-4.00000005960464,14.2379786883574,91.0000013560057));
#10190=CARTESIAN_POINT('',(-4.00000005960464,7.32948153245526,91.0000013560057));
#10191=CARTESIAN_POINT('',(-4.00000005960464,4.23797868835738,91.0000013560057));
#10192=CARTESIAN_POINT('',(-3.99999818205837,7.23797868835775,90.0101236131631));
#10193=CARTESIAN_POINT('Origin',(-4.00000005960464,12.6379786883577,90.0101236131631));
#10194=CARTESIAN_POINT('',(-3.99999818205838,7.23797868835781,100.410123613163));
#10195=CARTESIAN_POINT('',(-4.00000005960464,7.23797868835739,80.5000011995435));
#10196=CARTESIAN_POINT('',(-3.99999818205838,6.48797868835781,100.410123613163));
#10197=CARTESIAN_POINT('',(-4.00000005960464,4.23797868835738,90.0000013411045));
#10198=CARTESIAN_POINT('Origin',(4.00000205636021,4.23797868835738,82.7620216841715));
#10199=CARTESIAN_POINT('',(4.0000020563602,12.2379786883574,90.0000013411045));
#10200=CARTESIAN_POINT('',(4.00000205636021,12.2379786883574,76.6262249040338));
#10201=CARTESIAN_POINT('',(4.00000005960464,4.23797868835738,90.0000013411045));
#10202=CARTESIAN_POINT('',(4.0000020563602,7.23797868835781,100.410123613163));
#10203=CARTESIAN_POINT('',(4.0000020563602,4.98797868835781,100.410123613163));
#10204=CARTESIAN_POINT('',(4.0000020563602,7.23797868835775,90.0101236131631));
#10205=CARTESIAN_POINT('',(4.00000005960464,7.23797868835739,80.0000011920929));
#10206=CARTESIAN_POINT('',(4.00000005960464,7.32948153245526,91.0000013560057));
#10207=CARTESIAN_POINT('Origin',(4.00000005960464,12.6379786883577,90.0101236131631));
#10208=CARTESIAN_POINT('',(4.00000005960464,14.2379786883574,91.0000013560057));
#10209=CARTESIAN_POINT('',(4.00000005960464,4.23797868835738,91.0000013560057));
#10210=CARTESIAN_POINT('',(4.0000020563602,14.2379786883574,100.410123613163));
#10211=CARTESIAN_POINT('Origin',(0.500000007450581,12.2379786883574,70.4904281238961));
#10212=CARTESIAN_POINT('',(5.00000007450581,12.2379786883574,51.0000007599592));
#10213=CARTESIAN_POINT('',(16.0000002384186,12.2379786883574,51.0000007599592));
#10214=CARTESIAN_POINT('',(2.75000004097819,12.2379786883574,51.0000007599592));
#10215=CARTESIAN_POINT('',(16.0000002384186,12.2379786883574,90.0000013411045));
#10216=CARTESIAN_POINT('',(16.0000002384186,12.2379786883574,80.2452147325003));
#10217=CARTESIAN_POINT('',(2.25000103190539,12.2379786883574,90.0000013411045));
#10218=CARTESIAN_POINT('',(-15.0000002235174,12.2379786883574,90.0000013411045));
#10219=CARTESIAN_POINT('',(-7.25000010803342,12.2379786883574,90.0000013411045));
#10220=CARTESIAN_POINT('',(-15.0000002235174,12.2379786883574,51.0000007599592));
#10221=CARTESIAN_POINT('',(-15.0000002235174,12.2379786883574,60.7356415152919));
#10222=CARTESIAN_POINT('',(-4.00000005960464,12.2379786883574,51.0000007599592));
#10223=CARTESIAN_POINT('',(-7.25000010803342,12.2379786883574,51.0000007599592));
#10224=CARTESIAN_POINT('',(-4.00000005960464,12.2379786883574,47.3308549066878));
#10225=CARTESIAN_POINT('',(-4.00000005960464,12.2379786883574,60.7452144419277));
#10226=CARTESIAN_POINT('',(-0.350000059604645,12.2379786883574,50.9808549066878));
#10227=CARTESIAN_POINT('Origin',(-0.350000059604645,12.2379786883574,47.3308549066878));
#10228=CARTESIAN_POINT('',(1.35000007450581,12.2379786883574,50.9808549066878));
#10229=CARTESIAN_POINT('',(8.25000012293458,12.2379786883574,50.9808549066878));
#10230=CARTESIAN_POINT('',(5.00000007450581,12.2379786883574,47.3308549066878));
#10231=CARTESIAN_POINT('Origin',(1.35000007450581,12.2379786883574,47.3308549066878));
#10232=CARTESIAN_POINT('',(5.00000007450581,12.2379786883574,59.7452144270265));
#10233=CARTESIAN_POINT('',(-10.1279734087374,12.2379786883574,56.7351236131632));
#10234=CARTESIAN_POINT('Origin',(-10.1279734087374,12.2379786883574,54.4101236131632));
#10235=CARTESIAN_POINT('',(10.3720265912626,12.2379786883574,56.7351232866222));
#10236=CARTESIAN_POINT('Origin',(10.3720265912626,12.2379786883574,54.4101232866222));
#10237=CARTESIAN_POINT('',(10.3720265912626,12.2379786883574,87.7351232866222));
#10238=CARTESIAN_POINT('Origin',(10.3720265912626,12.2379786883574,85.4101232866222));
#10239=CARTESIAN_POINT('',(-10.1279734087374,12.2379786883574,87.7351236131631));
#10240=CARTESIAN_POINT('Origin',(-10.1279734087374,12.2379786883574,85.4101236131631));
#10241=CARTESIAN_POINT('Origin',(-15.0000002235174,4.23797868835738,51.0000007599592));
#10242=CARTESIAN_POINT('',(-15.0000002235174,7.23797868835739,51.0000007599592));
#10243=CARTESIAN_POINT('',(-15.0000002235174,4.23797868835738,51.0000007599592));
#10244=CARTESIAN_POINT('',(-4.00000005960464,7.23797868835739,51.0000007599592));
#10245=CARTESIAN_POINT('',(-12.7500001899898,7.23797868835739,51.0000007599592));
#10246=CARTESIAN_POINT('',(-4.00000005960464,4.23797868835738,51.0000007599592));
#10247=CARTESIAN_POINT('Origin',(-15.0000002235174,4.23797868835738,90.0000013411045));
#10248=CARTESIAN_POINT('',(-15.0000002235174,4.23797868835738,90.0000013411045));
#10249=CARTESIAN_POINT('',(-15.0000002235174,7.23797868835751,50.9808549066878));
#10250=CARTESIAN_POINT('',(-15.0000002235174,4.23797868835738,50.9808549066878));
#10251=CARTESIAN_POINT('',(-15.0000002235174,7.23797868835739,80.0000011920929));
#10252=CARTESIAN_POINT('Origin',(-4.00000005960464,4.23797868835738,90.0000013411045));
#10253=CARTESIAN_POINT('Origin',(-17.0000002533197,4.23797868835738,91.0000013560057));
#10254=CARTESIAN_POINT('',(-17.0000002533197,7.32948153245526,91.0000013560057));
#10255=CARTESIAN_POINT('',(4.84259536386357,7.32948153245526,91.0000013560057));
#10256=CARTESIAN_POINT('',(-17.0000002533197,14.2379786883574,91.0000013560057));
#10257=CARTESIAN_POINT('',(-17.0000002533197,14.2379786883574,91.0000013560057));
#10258=CARTESIAN_POINT('',(-17.0000002533197,4.23797868835738,91.0000013560057));
#10259=CARTESIAN_POINT('Origin',(-10.5000001564622,7.23797868835739,70.0000010430813));
#10260=CARTESIAN_POINT('',(-4.00000005960464,7.23797868835739,50.9808549066878));
#10261=CARTESIAN_POINT('',(-12.7500001899898,7.23797868835739,50.9808549066878));
#10262=CARTESIAN_POINT('',(-4.00000005960464,7.23797868835739,60.5000009015203));
#10263=CARTESIAN_POINT('Origin',(4.00000005960464,4.23797868835738,91.0000013560057));
#10264=CARTESIAN_POINT('',(17.8323663074435,7.32948153244529,91.000001355979));
#10265=CARTESIAN_POINT('Origin',(7.83278495473059,7.23797868835775,91.0000013560057));
#10266=CARTESIAN_POINT('',(18.0000002682209,14.2379786883574,91.0000013560057));
#10267=CARTESIAN_POINT('',(18.0000002682209,4.23797868835738,91.0000013560057));
#10268=CARTESIAN_POINT('',(18.0000002682209,14.2379786883574,91.0000013560057));
#10269=CARTESIAN_POINT('',(4.84259536386357,7.32948153245526,91.0000013560057));
#10270=CARTESIAN_POINT('Origin',(11.0000001639128,7.23797868835739,70.0000010430813));
#10271=CARTESIAN_POINT('',(5.00000007450581,7.23797868835739,50.9808549066878));
#10272=CARTESIAN_POINT('',(16.0000002384186,7.23797868835751,50.9808549066878));
#10273=CARTESIAN_POINT('',(-2.00000002980232,7.23797868835739,50.9808549066878));
#10274=CARTESIAN_POINT('',(16.0000002384186,7.23797868835739,51.0000007599592));
#10275=CARTESIAN_POINT('',(16.0000002384186,7.23797868835739,60.4904279748845));
#10276=CARTESIAN_POINT('',(5.00000007450581,7.23797868835739,51.0000007599592));
#10277=CARTESIAN_POINT('',(8.00000011920929,7.23797868835739,51.0000007599592));
#10278=CARTESIAN_POINT('',(5.00000007450581,7.23797868835739,59.5000008866191));
#10279=CARTESIAN_POINT('Ctrl Pts',(-36.0000005196836,0.,24.9999999779296));
#10280=CARTESIAN_POINT('Ctrl Pts',(-36.0000005196836,-36.0000005196836,
24.9999999779296));
#10281=CARTESIAN_POINT('Ctrl Pts',(0.,-36.0000005196836,24.9999999779296));
#10282=CARTESIAN_POINT('Ctrl Pts',(36.0000005196836,-36.0000005196836,24.9999999779296));
#10283=CARTESIAN_POINT('Ctrl Pts',(36.0000005196836,0.,24.9999999779296));
#10284=CARTESIAN_POINT('Ctrl Pts',(36.0000005196836,36.0000005196836,24.9999999779296));
#10285=CARTESIAN_POINT('Ctrl Pts',(0.,36.0000005196836,24.9999999779296));
#10286=CARTESIAN_POINT('Ctrl Pts',(-36.0000005196836,36.0000005196836,24.9999999779296));
#10287=CARTESIAN_POINT('Ctrl Pts',(-36.0000005196836,0.,24.9999999779296));
#10288=CARTESIAN_POINT('Ctrl Pts',(-39.1450909741325,0.,99.0563753796638));
#10289=CARTESIAN_POINT('Ctrl Pts',(-39.1450909741325,-39.1450909741325,
99.0563753796638));
#10290=CARTESIAN_POINT('Ctrl Pts',(0.,-39.1450909741325,99.0563753796638));
#10291=CARTESIAN_POINT('Ctrl Pts',(39.1450909741325,-39.1450909741325,99.0563753796638));
#10292=CARTESIAN_POINT('Ctrl Pts',(39.1450909741325,0.,99.0563753796638));
#10293=CARTESIAN_POINT('Ctrl Pts',(39.1450909741325,39.1450909741325,99.0563753796638));
#10294=CARTESIAN_POINT('Ctrl Pts',(0.,39.1450909741325,99.0563753796638));
#10295=CARTESIAN_POINT('Ctrl Pts',(-39.1450909741325,39.1450909741325,99.0563753796638));
#10296=CARTESIAN_POINT('Ctrl Pts',(-39.1450909741325,0.,99.0563753796638));
#10297=CARTESIAN_POINT('Ctrl Pts',(-3.5527136788005E-14,0.,162.000002413988));
#10298=CARTESIAN_POINT('Ctrl Pts',(-3.5527136788005E-14,-3.5527136788005E-14,
162.000002413988));
#10299=CARTESIAN_POINT('Ctrl Pts',(0.,-3.5527136788005E-14,162.000002413988));
#10300=CARTESIAN_POINT('Ctrl Pts',(3.5527136788005E-14,-3.5527136788005E-14,
162.000002413988));
#10301=CARTESIAN_POINT('Ctrl Pts',(3.5527136788005E-14,0.,162.000002413988));
#10302=CARTESIAN_POINT('Ctrl Pts',(3.5527136788005E-14,3.5527136788005E-14,
162.000002413988));
#10303=CARTESIAN_POINT('Ctrl Pts',(0.,3.5527136788005E-14,162.000002413988));
#10304=CARTESIAN_POINT('Ctrl Pts',(-3.5527136788005E-14,3.5527136788005E-14,
162.000002413988));
#10305=CARTESIAN_POINT('Ctrl Pts',(-3.5527136788005E-14,0.,162.000002413988));
#10306=CARTESIAN_POINT('Ctrl Pts',(28.1110348240413,-3.54235538830981,96.2099175373644));
#10307=CARTESIAN_POINT('Ctrl Pts',(27.9268333605508,-3.67223908581385,96.8436655660013));
#10308=CARTESIAN_POINT('Ctrl Pts',(27.7387531389597,-3.80398417732068,97.475972781014));
#10309=CARTESIAN_POINT('Ctrl Pts',(27.3366568154766,-4.08356534102664,98.7963313567041));
#10310=CARTESIAN_POINT('Ctrl Pts',(27.1217479123675,-4.23183141872346,99.4844194658353));
#10311=CARTESIAN_POINT('Ctrl Pts',(26.9019139326128,-4.38216144919653,100.170297235042));
#10312=CARTESIAN_POINT('',(32.4296155693699,-0.348178283956297,77.6538623257321));
#10313=CARTESIAN_POINT('Ctrl Pts',(28.1110348240414,-3.54235538830978,96.2099175373642));
#10314=CARTESIAN_POINT('Ctrl Pts',(29.7610734979536,-2.37888404594811,90.5329335604152));
#10315=CARTESIAN_POINT('Ctrl Pts',(31.2209137897415,-1.2799986859288,84.3247808498682));
#10316=CARTESIAN_POINT('Ctrl Pts',(32.4296155693699,-0.348178283956293,
77.6538623257321));
#10317=CARTESIAN_POINT('Ctrl Pts',(32.4296155693699,-0.348178283956329,
77.6538623257321));
#10318=CARTESIAN_POINT('Ctrl Pts',(32.4441384882253,-0.34817828395633,77.573040250024));
#10319=CARTESIAN_POINT('Ctrl Pts',(32.4586199549469,-0.34817828395633,77.4922106681804));
#10320=CARTESIAN_POINT('Ctrl Pts',(33.7526146203011,-0.348178283956374,
70.2482595197659));
#10321=CARTESIAN_POINT('Ctrl Pts',(34.7020208674654,-0.348178283956418,
63.0248774929512));
#10322=CARTESIAN_POINT('Ctrl Pts',(35.9328732971315,-0.348178283956505,
48.8261299811853));
#10323=CARTESIAN_POINT('Ctrl Pts',(36.2145783305692,-0.348178283956548,
41.850786936536));
#10324=CARTESIAN_POINT('Ctrl Pts',(36.2145783305692,-0.348178283956609,
31.862609713905));
#10325=CARTESIAN_POINT('Ctrl Pts',(36.1452041270209,-0.348178283956629,
28.4585453074226));
#10326=CARTESIAN_POINT('Ctrl Pts',(35.998316773238,-0.34817828395665,25.000000372529));
#10327=CARTESIAN_POINT('',(0.,0.,162.000002413988));
#10328=CARTESIAN_POINT('Origin',(203.907308167962,2.49714432270648E-14,
35.1885918771813));
#10329=CARTESIAN_POINT('',(-32.4296155693699,-0.348178283956297,77.6538623257321));
#10330=CARTESIAN_POINT('Ctrl Pts',(-35.998316773238,-0.34817828395665,25.000000372529));
#10331=CARTESIAN_POINT('Ctrl Pts',(-36.1452041270209,-0.348178283956629,
28.4585453074227));
#10332=CARTESIAN_POINT('Ctrl Pts',(-36.2145783305692,-0.348178283956609,
31.862609713905));
#10333=CARTESIAN_POINT('Ctrl Pts',(-36.2145783305692,-0.348178283956548,
41.850786936536));
#10334=CARTESIAN_POINT('Ctrl Pts',(-35.9328732971315,-0.348178283956505,
48.8261299811853));
#10335=CARTESIAN_POINT('Ctrl Pts',(-34.7020208674654,-0.348178283956418,
63.0248774929512));
#10336=CARTESIAN_POINT('Ctrl Pts',(-33.7526146203011,-0.348178283956374,
70.2482595197658));
#10337=CARTESIAN_POINT('Ctrl Pts',(-32.4586199549469,-0.34817828395633,
77.4922106681804));
#10338=CARTESIAN_POINT('Ctrl Pts',(-32.4441384882253,-0.34817828395633,
77.573040250024));
#10339=CARTESIAN_POINT('Ctrl Pts',(-32.4296155693699,-0.348178283956329,
77.6538623257321));
#10340=CARTESIAN_POINT('Ctrl Pts',(-32.4296155693699,-0.348178283956299,
77.6538623257321));
#10341=CARTESIAN_POINT('Ctrl Pts',(-31.2239230586997,-1.27767876032136,
84.3081724619466));
#10342=CARTESIAN_POINT('Ctrl Pts',(-29.7692087879272,-2.37269141087389,
90.4972161088097));
#10343=CARTESIAN_POINT('Ctrl Pts',(-28.1271327179953,-3.53100225366851,
96.1544948019805));
#10344=CARTESIAN_POINT('Ctrl Pts',(-26.8248158434312,-4.4348301951235,100.410123613163));
#10345=CARTESIAN_POINT('Ctrl Pts',(-27.1079913483994,-4.24157880674324,
99.5318878536436));
#10346=CARTESIAN_POINT('Ctrl Pts',(-27.3830763862969,-4.05168055302395,
98.6498863370959));
#10347=CARTESIAN_POINT('Ctrl Pts',(-27.7483107115187,-3.79706656439695,
97.4404344643014));
#10348=CARTESIAN_POINT('Ctrl Pts',(-27.8453250246562,-3.72918305372423,
97.1152808358654));
#10349=CARTESIAN_POINT('Ctrl Pts',(-27.9413090096705,-3.6617839711199,96.7897152195037));
#10350=CARTESIAN_POINT('Ctrl Pts',(-26.8248158434043,-4.43483019514182,
100.410123613246));
#10351=CARTESIAN_POINT('Ctrl Pts',(-25.4495953335822,-5.37334100624399,
104.675209426667));
#10352=CARTESIAN_POINT('Ctrl Pts',(-23.9660852343822,-6.33444716681507,
108.595288186875));
#10353=CARTESIAN_POINT('Ctrl Pts',(-19.9012079356303,-8.75905375608024,
117.813982507423));
#10354=CARTESIAN_POINT('Ctrl Pts',(-17.1665372381859,-10.1961861233033,
122.599031478901));
#10355=CARTESIAN_POINT('Ctrl Pts',(-12.4774320404244,-12.1069503699679,
128.627948274941));
#10356=CARTESIAN_POINT('Ctrl Pts',(-10.3501185385795,-12.8556931261843,
130.880483727447));
#10357=CARTESIAN_POINT('Ctrl Pts',(-6.50543666112168,-13.7607518683672,
133.532006525725));
#10358=CARTESIAN_POINT('Ctrl Pts',(-4.93887864419642,-14.0425556648743,
134.34021855692));
#10359=CARTESIAN_POINT('Ctrl Pts',(-1.83279521752196,-14.3466605717605,
135.208205545656));
#10360=CARTESIAN_POINT('Ctrl Pts',(-0.388858279361746,-14.3976711653972,
135.352243891331));
#10361=CARTESIAN_POINT('Ctrl Pts',(2.75855814738834,-14.2949070409317,135.060277118115));
#10362=CARTESIAN_POINT('Ctrl Pts',(4.34715537050099,-14.1150667715825,134.549995170835));
#10363=CARTESIAN_POINT('Ctrl Pts',(8.60148394606498,-13.3720144865646,132.404364495685));
#10364=CARTESIAN_POINT('Ctrl Pts',(11.0174860755776,-12.6167911533975,130.178541543355));
#10365=CARTESIAN_POINT('Ctrl Pts',(15.7425826487139,-10.8451743310412,124.692255266387));
#10366=CARTESIAN_POINT('Ctrl Pts',(18.3287318063434,-9.58063785623716,120.594749703846));
#10367=CARTESIAN_POINT('Ctrl Pts',(22.8998832227823,-7.01918886855354,111.334405199417));
#10368=CARTESIAN_POINT('Ctrl Pts',(24.9626437479403,-5.70565813236697,106.185432903503));
#10369=CARTESIAN_POINT('Ctrl Pts',(26.8248158434311,-4.43483019512353,100.410123613163));
#10370=CARTESIAN_POINT('Origin',(64.9149098298199,-0.348178283956329,77.653862325732));
#10371=CARTESIAN_POINT('',(-34.4982430260235,-0.348178283956803,0.));
#10372=CARTESIAN_POINT('',(-34.4982430260235,-0.348178283956803,12.4657379527555));
#10373=CARTESIAN_POINT('',(-34.4982430260235,-0.348178283956651,25.));
#10374=CARTESIAN_POINT('',(-34.4982430260235,-0.348178283956803,0.));
#10375=CARTESIAN_POINT('',(32.4574549149099,-0.348178283956651,25.));
#10376=CARTESIAN_POINT('',(64.9149098298199,-0.348178283956297,77.6538623257321));
#10377=CARTESIAN_POINT('',(32.4574549149099,-0.348178283956803,-39.582));
#10378=CARTESIAN_POINT('Origin',(0.,0.,25.));
#10379=CARTESIAN_POINT('',(-34.4479379994334,1.89461541933459,25.000000372529));
#10380=CARTESIAN_POINT('Ctrl Pts',(-34.4452204877121,1.89378487335927,25.0001159228223));
#10381=CARTESIAN_POINT('Ctrl Pts',(-34.510776997998,1.77322038074572,25.0001278716485));
#10382=CARTESIAN_POINT('Ctrl Pts',(-34.5709576762443,1.64952907526501,25.0001369570097));
#10383=CARTESIAN_POINT('Ctrl Pts',(-34.6255701614587,1.52309281045199,25.0001411855022));
#10384=CARTESIAN_POINT('Ctrl Pts',(-34.6292622982868,1.51454494840362,25.0001414713741));
#10385=CARTESIAN_POINT('Ctrl Pts',(-34.6329289658759,1.50598453609489,25.0001417359078));
#10386=CARTESIAN_POINT('Ctrl Pts',(-34.636570096277,1.49741168991884,25.0001419788661));
#10387=CARTESIAN_POINT('Ctrl Pts',(-34.6904101691954,1.37064812685213,25.0001455714021));
#10388=CARTESIAN_POINT('Ctrl Pts',(-34.7384873914075,1.24159913072097,25.0001440797106));
#10389=CARTESIAN_POINT('Ctrl Pts',(-34.780674041021,1.11067696879896,25.0001373068824));
#10390=CARTESIAN_POINT('Ctrl Pts',(-34.8227296779201,0.98016139208711,25.0001305550876));
#10391=CARTESIAN_POINT('Ctrl Pts',(-34.8589315221175,0.847783509068609,
25.0001185437856));
#10392=CARTESIAN_POINT('Ctrl Pts',(-34.8891043431898,0.713935369259871,
25.0001033062348));
#10393=CARTESIAN_POINT('Ctrl Pts',(-34.8963884651004,0.681622641008811,
25.0000996276866));
#10394=CARTESIAN_POINT('Ctrl Pts',(-34.9033209798851,0.649224179851777,
25.0000957717727));
#10395=CARTESIAN_POINT('Ctrl Pts',(-34.9098989691752,0.616745434223244,
25.000091787804));
#10396=CARTESIAN_POINT('Ctrl Pts',(-34.9371870419207,0.482010892358528,
25.0000752607436));
#10397=CARTESIAN_POINT('Ctrl Pts',(-34.9583135347388,0.346213869084929,
25.0000563884856));
#10398=CARTESIAN_POINT('Ctrl Pts',(-34.9731255841318,0.209753026632574,
25.0000396597491));
#10399=CARTESIAN_POINT('Ctrl Pts',(-34.9877220213693,0.0752785815778965,
25.000023174525));
#10400=CARTESIAN_POINT('Ctrl Pts',(-34.9961866486714,-0.0598412255017525,
25.0000087648268));
#10401=CARTESIAN_POINT('Ctrl Pts',(-34.9983232235253,-0.195231091291966,
25.0000030401585));
#10402=CARTESIAN_POINT('Ctrl Pts',(-34.9988774630244,-0.23035198174807,
25.0000015551475));
#10403=CARTESIAN_POINT('Ctrl Pts',(-34.9990056089204,-0.265491045941336,
25.0000006670974));
#10404=CARTESIAN_POINT('Ctrl Pts',(-34.9987036567782,-0.300641710448028,
25.0000005181584));
#10405=CARTESIAN_POINT('Origin',(0.,0.,25.));
#10406=CARTESIAN_POINT('Origin',(0.,0.,25.));
#10407=CARTESIAN_POINT('Ctrl Pts',(-31.9563379844273,14.275579608414,25.0000032514583));
#10408=CARTESIAN_POINT('Ctrl Pts',(-32.0156368702919,14.1428368602514,25.0000039572531));
#10409=CARTESIAN_POINT('Ctrl Pts',(-32.0688139003203,14.007764545846,25.0000141291273));
#10410=CARTESIAN_POINT('Ctrl Pts',(-32.1159209192207,13.870796327789,25.0000267258178));
#10411=CARTESIAN_POINT('Ctrl Pts',(-32.1641168868625,13.7306618858411,25.0000396136995));
#10412=CARTESIAN_POINT('Ctrl Pts',(-32.2059592050114,13.5885422282584,25.0000550280999));
#10413=CARTESIAN_POINT('Ctrl Pts',(-32.2414550689125,13.444877043614,25.0000679344831));
#10414=CARTESIAN_POINT('Ctrl Pts',(-32.2771194424053,13.3005298369269,25.0000809021367));
#10415=CARTESIAN_POINT('Ctrl Pts',(-32.3063770783616,13.1546216390282,25.0000913323344));
#10416=CARTESIAN_POINT('Ctrl Pts',(-32.3291845496179,13.0075844828732,25.0000967397838));
#10417=CARTESIAN_POINT('Ctrl Pts',(-32.3518399210065,12.8615278971534,25.0001021111716));
#10418=CARTESIAN_POINT('Ctrl Pts',(-32.368130906845,12.7143566048404,25.0001025248909));
#10419=CARTESIAN_POINT('Ctrl Pts',(-32.3779640187723,12.5664916490662,25.000098172033));
#10420=CARTESIAN_POINT('Ctrl Pts',(-32.3818465610612,12.5081081029328,25.0000964533344));
#10421=CARTESIAN_POINT('Ctrl Pts',(-32.3847217465893,12.4496164485282,25.0000940206163));
#10422=CARTESIAN_POINT('Ctrl Pts',(-32.3865815898078,12.3910428964301,25.0000910007025));
#10423=CARTESIAN_POINT('Ctrl Pts',(-32.3913106073831,12.2421081074272,25.000083321977));
#10424=CARTESIAN_POINT('Ctrl Pts',(-32.3894581342516,12.0932914343191,25.0000713691846));
#10425=CARTESIAN_POINT('Ctrl Pts',(-32.3810281611298,11.9450248602976,25.0000582427299));
#10426=CARTESIAN_POINT('Ctrl Pts',(-32.3803242803827,11.9326449884537,25.0000571467052));
#10427=CARTESIAN_POINT('Ctrl Pts',(-32.3795745130879,11.9202689461031,25.0000560440261));
#10428=CARTESIAN_POINT('Ctrl Pts',(-32.3787788454421,11.9078969820675,25.0000549373338));
#10429=CARTESIAN_POINT('Ctrl Pts',(32.3787791568369,11.9078966904983,25.0000553319033));
#10430=CARTESIAN_POINT('Ctrl Pts',(32.3844829993587,11.9965866185474,25.0000631805685));
#10431=CARTESIAN_POINT('Ctrl Pts',(32.3878302389005,12.0855117865208,25.0000708134447));
#10432=CARTESIAN_POINT('Ctrl Pts',(32.3888190709596,12.1745800908713,25.0000775257812));
#10433=CARTESIAN_POINT('Ctrl Pts',(32.3904684607426,12.3231476356165,25.0000887220798));
#10434=CARTESIAN_POINT('Ctrl Pts',(32.3855533573103,12.4716112452772,25.0000968618503));
#10435=CARTESIAN_POINT('Ctrl Pts',(32.3741570255803,12.6195422815244,25.0000998151095));
#10436=CARTESIAN_POINT('Ctrl Pts',(32.3627451562218,12.7676750052569,25.0001027723952));
#10437=CARTESIAN_POINT('Ctrl Pts',(32.3448343016668,12.9152744673851,25.0001005324506));
#10438=CARTESIAN_POINT('Ctrl Pts',(32.3204563073351,13.0619078156672,25.0000936361713));
#10439=CARTESIAN_POINT('Ctrl Pts',(32.3100881473363,13.1242721757318,25.0000907031274));
#10440=CARTESIAN_POINT('Ctrl Pts',(32.2985495333444,13.1864616808021,25.0000869605719));
#10441=CARTESIAN_POINT('Ctrl Pts',(32.2858401282594,13.2484423738505,25.0000825946836));
#10442=CARTESIAN_POINT('Ctrl Pts',(32.255937254502,13.394271452964,25.0000723225578));
#10443=CARTESIAN_POINT('Ctrl Pts',(32.2196292604874,13.538591165241,25.00005843767));
#10444=CARTESIAN_POINT('Ctrl Pts',(32.1769689582484,13.6809721481534,25.00004456452));
#10445=CARTESIAN_POINT('Ctrl Pts',(32.1347836816565,13.821767708202,25.0000308458485));
#10446=CARTESIAN_POINT('Ctrl Pts',(32.0863866032285,13.9606681880152,25.0000171472093));
#10447=CARTESIAN_POINT('Ctrl Pts',(32.031779969671,14.0972454318155,25.0000094860161));
#10448=CARTESIAN_POINT('Ctrl Pts',(32.0078288911602,14.157149734204,25.0000061257313));
#10449=CARTESIAN_POINT('Ctrl Pts',(31.9826825986351,14.216606860286,25.0000039589411));
#10450=CARTESIAN_POINT('Ctrl Pts',(31.956338391283,14.27557934586,25.0000036424905));
#10451=CARTESIAN_POINT('Origin',(0.,0.,25.));
#10452=CARTESIAN_POINT('',(32.4574549149099,-0.348178283956651,25.));
#10453=CARTESIAN_POINT('Origin',(17.8327849547306,4.2379786883578,98.6601236131631));
#10454=CARTESIAN_POINT('',(17.8327849547306,4.2379786883578,98.6601236131631));
#10455=CARTESIAN_POINT('',(17.8327849547306,4.2379786883578,98.6601236131631));
#10456=CARTESIAN_POINT('',(17.8327849547306,5.7379786883578,98.6601236131631));
#10457=CARTESIAN_POINT('',(17.8327849547306,7.2379786883578,98.6601236131631));
#10458=CARTESIAN_POINT('Origin',(17.8327849547306,7.2379786883578,98.6601236131631));
#10459=CARTESIAN_POINT('',(17.8327849547306,7.23797868835781,100.410123613163));
#10460=CARTESIAN_POINT('',(17.8327849547306,7.2379786883578,99.1601236131631));
#10461=CARTESIAN_POINT('',(17.8327849547306,7.23797868835781,100.410123613163));
#10462=CARTESIAN_POINT('Origin',(17.8327849547306,7.23797868835781,100.410123613163));
#10463=CARTESIAN_POINT('',(17.8327849547306,7.23797868835781,100.410123613163));
#10464=CARTESIAN_POINT('Origin',(17.8327849547306,4.23797868835778,95.4101236131631));
#10465=CARTESIAN_POINT('',(21.0827849547306,4.23797868835778,95.4101236131631));
#10466=CARTESIAN_POINT('Origin',(21.0827849547306,4.2379786883578,98.6601236131631));
#10467=CARTESIAN_POINT('',(17.8327849547306,4.23797868835778,95.4101236131631));
#10468=CARTESIAN_POINT('Ctrl Pts',(27.9647611631058,-4.55529292867114,96.2099175373643));
#10469=CARTESIAN_POINT('Ctrl Pts',(28.0470467041947,-4.05014528179973,96.2099175373643));
#10470=CARTESIAN_POINT('Ctrl Pts',(28.1110348240414,-3.54235538830981,96.2099175373643));
#10471=CARTESIAN_POINT('Ctrl Pts',(27.4500406325366,-4.47144802188047,98.1947089371945));
#10472=CARTESIAN_POINT('Ctrl Pts',(27.5308116226118,-3.97559814312863,98.1947089371945));
#10473=CARTESIAN_POINT('Ctrl Pts',(27.5936219745238,-3.47715465105692,98.1947089371945));
#10474=CARTESIAN_POINT('Ctrl Pts',(26.9019139326128,-4.38216144919653,100.170297235042));
#10475=CARTESIAN_POINT('Ctrl Pts',(26.9810720749392,-3.8962127782912,100.170297235042));
#10476=CARTESIAN_POINT('Ctrl Pts',(27.0426282199312,-3.40772228374197,100.170297235042));
#10477=CARTESIAN_POINT('Origin',(17.8327849547306,0.598347122222407,96.2099175373643));
#10478=CARTESIAN_POINT('',(12.7927849547306,0.598347122222407,98.3100205752638));
#10479=CARTESIAN_POINT('Ctrl Pts',(-27.9413090096706,-3.66178397111985,
96.7897152195037));
#10480=CARTESIAN_POINT('Ctrl Pts',(-27.8794800005342,-4.13357134679932,
96.7897152195037));
#10481=CARTESIAN_POINT('Ctrl Pts',(-27.8017585726683,-4.60300242147566,
96.7897152195037));
#10482=CARTESIAN_POINT('Ctrl Pts',(-27.4638951230023,-3.59921759253011,
98.6037935559931));
#10483=CARTESIAN_POINT('Ctrl Pts',(-27.4031225435254,-4.06294386253174,
98.6037935559931));
#10484=CARTESIAN_POINT('Ctrl Pts',(-27.3267290881228,-4.52435409202125,
98.6037935559931));
#10485=CARTESIAN_POINT('Ctrl Pts',(-26.9584227668003,-3.53297407576631,
100.410123613163));
#10486=CARTESIAN_POINT('Ctrl Pts',(-26.8987687052468,-3.9881654744658,100.410123613163));
#10487=CARTESIAN_POINT('Ctrl Pts',(-26.8237812696287,-4.44108345932536,
100.410123613163));
#10488=CARTESIAN_POINT('Origin',(-18.1279734087374,7.23797868835781,100.410123613163));
#10489=CARTESIAN_POINT('',(-18.1279734087374,7.23797868835779,96.6601236131631));
#10490=CARTESIAN_POINT('',(-18.1279734087374,7.2379786883578,98.6601236131631));
#10491=CARTESIAN_POINT('Origin',(-18.1279734087374,7.2379786883578,98.6601236131631));
#10492=CARTESIAN_POINT('',(-18.1279734087374,4.2379786883578,98.6601236131631));
#10493=CARTESIAN_POINT('',(-18.1279734087374,5.7379786883578,98.6601236131631));
#10494=CARTESIAN_POINT('',(-18.1279734087374,4.2379786883578,98.6601236131631));
#10495=CARTESIAN_POINT('Origin',(-18.1279734087374,4.2379786883578,98.6601236131631));
#10496=CARTESIAN_POINT('',(-21.3779734087374,4.23797868835778,95.4101236131631));
#10497=CARTESIAN_POINT('Origin',(-21.3779734087374,4.2379786883578,98.6601236131631));
#10498=CARTESIAN_POINT('',(-23.1279734087374,4.23797868835778,95.4101236131631));
#10499=CARTESIAN_POINT('',(-18.1279734087374,4.23797868835778,95.4101236131631));
#10500=CARTESIAN_POINT('',(-18.1279734087374,4.23797868835778,95.4101236131631));
#10501=CARTESIAN_POINT('Origin',(-25.1279734087374,1.23797868835721,1.41759662280248));
#10502=CARTESIAN_POINT('',(-19.1279734087374,1.23797868835721,1.41759662280248));
#10503=CARTESIAN_POINT('',(-25.1279734087374,1.23797868835721,1.41759662280248));
#10504=CARTESIAN_POINT('',(-19.1279734087374,1.23797868835721,1.41759662280248));
#10505=CARTESIAN_POINT('',(-19.1279734087374,1.23797868835721,1.41759662280248));
#10506=CARTESIAN_POINT('Origin',(-29.0009567549448,0.237978688357207,1.41759662280249));
#10507=CARTESIAN_POINT('Origin',(-19.1279734087374,1.23797868835721,1.41759662280248));
#10508=CARTESIAN_POINT('',(-19.1279734087374,1.23797868835717,-4.58240337719752));
#10509=CARTESIAN_POINT('',(-19.1279734087374,1.23797868835717,-4.58240337719752));
#10510=CARTESIAN_POINT('Origin',(-19.1279734087374,0.237978688357146,-8.45538672340493));
#10511=CARTESIAN_POINT('Origin',(-22.6562516180848,1.23797868835719,-1.60248241125703));
#10512=CARTESIAN_POINT('',(-21.8415085490278,1.23797868835718,-2.93575279018525));
#10513=CARTESIAN_POINT('',(-21.8415085490278,4.23797868835718,-2.93575279018527));
#10514=CARTESIAN_POINT('',(-21.8415085490278,-0.348178283956821,-2.93575279018524));
#10515=CARTESIAN_POINT('',(-23.3725281846271,4.2379786883572,-0.213826927659271));
#10516=CARTESIAN_POINT('Origin',(-22.6562516180848,4.23797868835719,-1.60248241125704));
#10517=CARTESIAN_POINT('',(-23.3725281846271,1.2379786883572,-0.213826927659256));
#10518=CARTESIAN_POINT('',(-23.3725281846271,-0.348178283956804,-0.213826927659246));
#10519=CARTESIAN_POINT('Origin',(-22.6562516180848,1.23797868835719,-1.60248241125703));
#10520=CARTESIAN_POINT('Origin',(-22.1279734087374,1.23797868835719,-1.58240337719752));
#10521=CARTESIAN_POINT('',(-23.1279734087374,1.23797868835717,-4.58240337719752));
#10522=CARTESIAN_POINT('',(-25.1279734087374,1.23797868835718,-2.58240337719751));
#10523=CARTESIAN_POINT('Origin',(-23.1279734087374,1.23797868835718,-2.58240337719751));
#10524=CARTESIAN_POINT('',(-25.1279734087374,1.23797868835717,-4.58240337719752));
#10525=CARTESIAN_POINT('',(-25.1279734087374,1.23797868835721,1.41759662280248));
#10526=CARTESIAN_POINT('Origin',(-22.5577851155701,1.23797868835719,-1.54709730658748));
#10527=CARTESIAN_POINT('Origin',(-25.1279734087374,1.23797868835778,95.4101236131632));
#10528=CARTESIAN_POINT('',(-21.3779734087374,5.73797868835778,95.4101236131631));
#10529=CARTESIAN_POINT('',(-23.1279734087374,1.23797868835778,95.4101236131632));
#10530=CARTESIAN_POINT('Origin',(-19.1279734087374,1.23797868835778,95.4101236131632));
#10531=CARTESIAN_POINT('Origin',(-23.1279734087374,1.23797868835777,93.4101236131632));
#10532=CARTESIAN_POINT('',(-23.1279734087374,1.23797868835778,95.4101236131631));
#10533=CARTESIAN_POINT('Origin',(-12.9999982565642,-13.842304134724,100.410123613163));
#10534=CARTESIAN_POINT('',(-12.9999734087374,-13.842304134724,100.410123613163));
#10535=CARTESIAN_POINT('',(-12.9999982565642,12.1823687014389,100.410123613163));
#10536=CARTESIAN_POINT('',(-12.9999982565642,12.1823687014389,100.410123613163));
#10537=CARTESIAN_POINT('',(-12.9999982565642,12.1823687014389,108.470123613163));
#10538=CARTESIAN_POINT('',(-12.9999982565642,12.1823687014389,100.410123613163));
#10539=CARTESIAN_POINT('',(-12.9999734087374,-13.842304134724,108.470123613163));
#10540=CARTESIAN_POINT('',(-12.9999982565642,12.1823687014389,108.470123613163));
#10541=CARTESIAN_POINT('',(-12.9999734087374,-13.842304134724,100.410123613163));
#10542=CARTESIAN_POINT('Origin',(-12.9999982565642,12.1823687014389,100.410123613163));
#10543=CARTESIAN_POINT('',(12.7931619617532,12.1823687014389,100.410123613163));
#10544=CARTESIAN_POINT('',(12.7931619617532,12.1823687014389,100.410123613163));
#10545=CARTESIAN_POINT('',(12.7931619617532,12.1823687014389,108.470123613163));
#10546=CARTESIAN_POINT('',(12.7931619617532,12.1823687014389,100.410123613163));
#10547=CARTESIAN_POINT('',(12.7931619617532,12.1823687014389,108.470123613163));
#10548=CARTESIAN_POINT('Origin',(12.7931619617532,12.1823687014389,100.410123613163));
#10549=CARTESIAN_POINT('',(12.7927849547306,-13.842304134724,100.410123613163));
#10550=CARTESIAN_POINT('',(12.7931619617532,-13.842304134724,100.410123613163));
#10551=CARTESIAN_POINT('',(12.7927849547306,-13.842304134724,108.470123613163));
#10552=CARTESIAN_POINT('',(12.7927849547306,-13.842304134724,100.410123613163));
#10553=CARTESIAN_POINT('',(12.7931619617532,-13.842304134724,108.470123613163));
#10554=CARTESIAN_POINT('Origin',(-12.9999982565642,12.1823687014389,100.410123613163));
#10555=CARTESIAN_POINT('',(-14.4508731235488,12.5631076150692,108.470123613168));
#10556=CARTESIAN_POINT('',(-13.3593056810973,13.6386990810834,108.470123613163));
#10557=CARTESIAN_POINT('Ctrl Pts',(-14.4508731235486,12.5631076150699,108.470123613172));
#10558=CARTESIAN_POINT('Ctrl Pts',(-14.3937416740423,12.7808173926511,107.830795562782));
#10559=CARTESIAN_POINT('Ctrl Pts',(-14.2108864100973,13.1314292409934,107.002482425298));
#10560=CARTESIAN_POINT('Ctrl Pts',(-13.7905000794757,13.4852031018511,107.30805628615));
#10561=CARTESIAN_POINT('Ctrl Pts',(-13.5045303288537,13.602869097109,108.045253477336));
#10562=CARTESIAN_POINT('Ctrl Pts',(-13.3593056810973,13.6386990810834,108.470123613163));
#10563=CARTESIAN_POINT('Origin',(-12.9999982565642,12.1823687014389,108.470123613163));
#10564=CARTESIAN_POINT('Origin',(-0.147594227003403,17.2379786883578,97.9101236131631));
#10565=CARTESIAN_POINT('',(-8.1279734087374,17.2379786883578,100.410123613163));
#10566=CARTESIAN_POINT('',(-8.1279734087374,17.2379786883578,95.4101236131631));
#10567=CARTESIAN_POINT('',(-8.1279734087374,17.2379786883578,96.6601236131631));
#10568=CARTESIAN_POINT('',(7.83278495473059,17.2379786883578,100.410123613163));
#10569=CARTESIAN_POINT('',(-10.1279734087374,17.2379786883578,100.410123613163));
#10570=CARTESIAN_POINT('',(7.83278495473059,17.2379786883578,95.4101236131631));
#10571=CARTESIAN_POINT('',(7.83278495473059,17.2379786883578,99.1601236131631));
#10572=CARTESIAN_POINT('',(9.83278495473057,17.2379786883578,95.4101236131631));
#10573=CARTESIAN_POINT('Origin',(-8.1279734087374,7.23797868835779,96.6601236131631));
#10574=CARTESIAN_POINT('',(-16.5446235737377,12.6379786883578,95.4101236131631));
#10575=CARTESIAN_POINT('Origin',(-8.1279734087374,7.23797868835778,95.4101236131631));
#10576=CARTESIAN_POINT('Ctrl Pts',(-18.1279734087374,7.23797868835775,90.0101236131631));
#10577=CARTESIAN_POINT('Ctrl Pts',(-18.1279734087374,7.23797868835775,90.5693301313221));
#10578=CARTESIAN_POINT('Ctrl Pts',(-18.1293961870891,7.33038679609539,91.1718345496329));
#10579=CARTESIAN_POINT('Ctrl Pts',(-18.1184449396965,7.71492277860138,92.3087371630745));
#10580=CARTESIAN_POINT('Ctrl Pts',(-18.1041723983627,8.00705542709876,92.8431146633918));
#10581=CARTESIAN_POINT('Ctrl Pts',(-18.0281350824662,8.6893330703918,93.7369398655123));
#10582=CARTESIAN_POINT('Ctrl Pts',(-17.9597714329185,9.13381577247095,94.1615616906659));
#10583=CARTESIAN_POINT('Ctrl Pts',(-17.7168170743483,10.1211243785087,94.8245849086956));
#10584=CARTESIAN_POINT('Ctrl Pts',(-17.539215811747,10.6629630143241,95.0633494392627));
#10585=CARTESIAN_POINT('Ctrl Pts',(-17.118692341519,11.6468100508191,95.341623403725));
#10586=CARTESIAN_POINT('Ctrl Pts',(-16.8555388197853,12.1533740852193,95.4101236131631));
#10587=CARTESIAN_POINT('Ctrl Pts',(-16.5446235737378,12.6379786883577,95.4101236131631));
#10588=CARTESIAN_POINT('',(-17.8807063585993,9.44800131463973,100.410123613163));
#10589=CARTESIAN_POINT('Origin',(-8.1279734087374,7.23797868835781,100.410123613163));
#10590=CARTESIAN_POINT('',(-17.2999447017138,11.2223158478884,100.410123613163));
#10591=CARTESIAN_POINT('Origin',(-8.1279734087374,7.23797868835781,100.410123613163));
#10592=CARTESIAN_POINT('',(-11.9766560446937,16.4676938501431,100.410123613163));
#10593=CARTESIAN_POINT('Origin',(-8.1279734087374,7.23797868835781,100.410123613163));
#10594=CARTESIAN_POINT('',(-10.2997179128786,16.9993067644309,100.410123613163));
#10595=CARTESIAN_POINT('Origin',(-8.1279734087374,7.23797868835781,100.410123613163));
#10596=CARTESIAN_POINT('Origin',(-8.1279734087374,7.23797868835781,100.410123613163));
#10597=CARTESIAN_POINT('Origin',(-8.1279734087374,-10.7620213116422,96.6601236131632));
#10598=CARTESIAN_POINT('',(-8.1279734087374,-20.7620213116422,100.410123613163));
#10599=CARTESIAN_POINT('',(-8.1279734087374,-20.7620213116422,96.6601236131633));
#10600=CARTESIAN_POINT('',(-10.5325987259601,-20.4686055246273,100.410123613163));
#10601=CARTESIAN_POINT('Origin',(-8.1279734087374,-10.7620213116422,100.410123613163));
#10602=CARTESIAN_POINT('',(-18.0293620816292,-12.1629147224091,100.410123613163));
#10603=CARTESIAN_POINT('Origin',(-8.1279734087374,-10.7620213116422,100.410123613163));
#10604=CARTESIAN_POINT('Origin',(-8.1279734087374,-10.7620213116422,100.410123613163));
#10605=CARTESIAN_POINT('Origin',(7.83278495473057,-10.7620213116422,99.1601236131632));
#10606=CARTESIAN_POINT('',(17.7350789898155,-12.156500728027,100.410123613163));
#10607=CARTESIAN_POINT('Origin',(7.83278495473057,-10.7620213116422,100.410123613163));
#10608=CARTESIAN_POINT('',(10.2777781961895,-20.4585159385277,100.410123613163));
#10609=CARTESIAN_POINT('Origin',(7.83278495473057,-10.7620213116422,100.410123613163));
#10610=CARTESIAN_POINT('',(7.83278495473057,-20.7620213116422,100.410123613163));
#10611=CARTESIAN_POINT('Origin',(7.83278495473057,-10.7620213116422,100.410123613163));
#10612=CARTESIAN_POINT('',(7.83278495473057,-20.7620213116422,99.1601236131633));
#10613=CARTESIAN_POINT('Origin',(12.7931619617532,12.1823687014389,100.410123613163));
#10614=CARTESIAN_POINT('',(13.8548129228187,13.2420371575461,107.05432264175));
#10615=CARTESIAN_POINT('',(14.2550405392738,12.5183910587104,108.470123613165));
#10616=CARTESIAN_POINT('Ctrl Pts',(13.8547494482455,13.2419737449183,107.054496958204));
#10617=CARTESIAN_POINT('Ctrl Pts',(13.940449758852,13.1560802304039,107.055571120651));
#10618=CARTESIAN_POINT('Ctrl Pts',(14.1158600705099,12.9317433724683,107.293892914266));
#10619=CARTESIAN_POINT('Ctrl Pts',(14.2200282679668,12.670713332114,108.005932344921));
#10620=CARTESIAN_POINT('Ctrl Pts',(14.2550405392737,12.5183910587106,108.470123613166));
#10621=CARTESIAN_POINT('',(13.1339017065238,13.6431549371126,108.470123613248));
#10622=CARTESIAN_POINT('Ctrl Pts',(13.1339017065487,13.6431549371068,108.470123613256));
#10623=CARTESIAN_POINT('Ctrl Pts',(13.1706582498833,13.6345811876494,108.358026907366));
#10624=CARTESIAN_POINT('Ctrl Pts',(13.2072014433467,13.624539635943,108.249540671173));
#10625=CARTESIAN_POINT('Ctrl Pts',(13.2433964602037,13.6130831033305,108.145963457368));
#10626=CARTESIAN_POINT('Ctrl Pts',(13.2776202134771,13.6022505197445,108.048027296045));
#10627=CARTESIAN_POINT('Ctrl Pts',(13.3115325905554,13.5901527962302,107.954480536932));
#10628=CARTESIAN_POINT('Ctrl Pts',(13.345015580438,13.576840079992,107.866375771861));
#10629=CARTESIAN_POINT('Ctrl Pts',(13.3766650280128,13.5642563735745,107.783095659989));
#10630=CARTESIAN_POINT('Ctrl Pts',(13.4079307213423,13.5505870561933,107.704678076904));
#10631=CARTESIAN_POINT('Ctrl Pts',(13.4387107015003,13.5358804118092,107.63196539035));
#10632=CARTESIAN_POINT('Ctrl Pts',(13.4501252074599,13.5304265720371,107.605000480374));
#10633=CARTESIAN_POINT('Ctrl Pts',(13.46147290076,13.5248301392726,107.578819632877));
#10634=CARTESIAN_POINT('Ctrl Pts',(13.4727485431892,13.5190938157194,107.553463962762));
#10635=CARTESIAN_POINT('Ctrl Pts',(13.502017869773,13.5042034599351,107.487645682873));
#10636=CARTESIAN_POINT('Ctrl Pts',(13.5310024817112,13.488266929991,107.426950543442));
#10637=CARTESIAN_POINT('Ctrl Pts',(13.5595563017471,13.4713202978779,107.372299480135));
#10638=CARTESIAN_POINT('Ctrl Pts',(13.5859672983706,13.4556454269514,107.321749709679));
#10639=CARTESIAN_POINT('Ctrl Pts',(13.6120096795813,13.4391066122937,107.276371699934));
#10640=CARTESIAN_POINT('Ctrl Pts',(13.6375740184619,13.421742736961,107.236854590277));
#10641=CARTESIAN_POINT('Ctrl Pts',(13.6610670349919,13.4057857504681,107.200539310828));
#10642=CARTESIAN_POINT('Ctrl Pts',(13.6841563420943,13.3891321500197,107.169173943554));
#10643=CARTESIAN_POINT('Ctrl Pts',(13.7067627042373,13.3718184822626,107.143251614656));
#10644=CARTESIAN_POINT('Ctrl Pts',(13.7273199495984,13.3560741836473,107.119678972931));
#10645=CARTESIAN_POINT('Ctrl Pts',(13.7474778690984,13.339784162706,107.100607284434));
#10646=CARTESIAN_POINT('Ctrl Pts',(13.7671814667883,13.3229796103014,107.086370255099));
#10647=CARTESIAN_POINT('Ctrl Pts',(13.7889212989841,13.3044384202532,107.070661924388));
#10648=CARTESIAN_POINT('Ctrl Pts',(13.8101079345632,13.2852709089144,107.060839493436));
#10649=CARTESIAN_POINT('Ctrl Pts',(13.830687216514,13.2655537846133,107.056657521981));
#10650=CARTESIAN_POINT('Ctrl Pts',(13.8388033649268,13.257777657755,107.055008217546));
#10651=CARTESIAN_POINT('Ctrl Pts',(13.8468251247902,13.2499160782182,107.054235651653));
#10652=CARTESIAN_POINT('Ctrl Pts',(13.8547494855414,13.2419738622642,107.054322585076));
#10653=CARTESIAN_POINT('Origin',(12.7931619617532,12.1823687014389,108.470123613163));
#10654=CARTESIAN_POINT('Ctrl Pts',(-18.0293620816292,-12.1629147224091,
100.410123613163));
#10655=CARTESIAN_POINT('Ctrl Pts',(-18.0930376878739,-11.7128612625488,
100.410123613163));
#10656=CARTESIAN_POINT('Ctrl Pts',(-18.1279734087374,-11.2379009866494,
100.410123613163));
#10657=CARTESIAN_POINT('Ctrl Pts',(-18.1279734087374,-10.7620213116422,
100.410123613163));
#10658=CARTESIAN_POINT('Ctrl Pts',(-16.0825577393619,-12.6570539064222,
102.677544284091));
#10659=CARTESIAN_POINT('Ctrl Pts',(-16.1437406642304,-12.0428415321532,
102.673653233887));
#10660=CARTESIAN_POINT('Ctrl Pts',(-16.1757228512484,-11.4026870851914,
102.67184038962));
#10661=CARTESIAN_POINT('Ctrl Pts',(-16.1757228512484,-10.7620213116422,
102.67184038962));
#10662=CARTESIAN_POINT('Ctrl Pts',(-14.8383186762356,-13.2491044890691,
105.519010153259));
#10663=CARTESIAN_POINT('Ctrl Pts',(-14.8783173580936,-12.435920229914,105.512224168711));
#10664=CARTESIAN_POINT('Ctrl Pts',(-14.8986192531992,-11.5992734930438,
105.50908556593));
#10665=CARTESIAN_POINT('Ctrl Pts',(-14.8986192531992,-10.7620213116421,
105.50908556593));
#10666=CARTESIAN_POINT('Ctrl Pts',(-14.4999982565642,-13.8423041347239,
108.470123613163));
#10667=CARTESIAN_POINT('Ctrl Pts',(-14.4999982565642,-12.8296591111311,
108.470123613163));
#10668=CARTESIAN_POINT('Ctrl Pts',(-14.4999982565642,-11.7962720988862,
108.470123613163));
#10669=CARTESIAN_POINT('Ctrl Pts',(-14.4999982565642,-10.7620213116421,
108.470123613163));
#10670=CARTESIAN_POINT('',(-14.4999982565642,-10.7620213116421,108.470123613163));
#10671=CARTESIAN_POINT('Origin',(-29.8614249840412,-10.7620213116421,110.538110290188));
#10672=CARTESIAN_POINT('',(-14.4999982565642,-13.842304134724,108.470123613163));
#10673=CARTESIAN_POINT('Origin',(-29.8991354538709,-13.842304134724,110.235505605403));
#10674=CARTESIAN_POINT('',(-14.4999982565642,13.6823687014389,108.470123613163));
#10675=CARTESIAN_POINT('Origin',(-29.8614249840412,4.23797868835787,110.538110290188));
#10676=CARTESIAN_POINT('',(-14.4999982565642,7.23797868835786,108.470123613163));
#10677=CARTESIAN_POINT('',(-14.4999982565642,13.6823687014389,108.470123613163));
#10678=CARTESIAN_POINT('Origin',(-29.8614249840412,7.23797868835787,110.538110290188));
#10679=CARTESIAN_POINT('Ctrl Pts',(-10.5325987259601,-20.4686055246273,
100.410123613163));
#10680=CARTESIAN_POINT('Ctrl Pts',(-11.3760902562026,-20.2596462198936,
100.410123613163));
#10681=CARTESIAN_POINT('Ctrl Pts',(-12.9853437067825,-19.6261080986006,
100.410123613163));
#10682=CARTESIAN_POINT('Ctrl Pts',(-15.2786379301861,-17.9616825240841,
100.410123613163));
#10683=CARTESIAN_POINT('Ctrl Pts',(-17.1774582578692,-15.452125546412,100.410123613163));
#10684=CARTESIAN_POINT('Ctrl Pts',(-17.8710408510409,-13.2819149455359,
100.410123613163));
#10685=CARTESIAN_POINT('Ctrl Pts',(-18.0293620816292,-12.1629147224091,
100.410123613163));
#10686=CARTESIAN_POINT('Ctrl Pts',(-11.2366803564677,-17.9122820177523,
102.452230088683));
#10687=CARTESIAN_POINT('Ctrl Pts',(-11.7720478027557,-17.8066485565104,
102.52745357628));
#10688=CARTESIAN_POINT('Ctrl Pts',(-12.8138778852048,-17.4559582372003,
102.64870243171));
#10689=CARTESIAN_POINT('Ctrl Pts',(-14.3384202353427,-16.4405754496484,
102.763800702946));
#10690=CARTESIAN_POINT('Ctrl Pts',(-15.5996148805457,-14.8093937517563,
102.78984797253));
#10691=CARTESIAN_POINT('Ctrl Pts',(-16.009961113012,-13.3801681109681,102.730208980141));
#10692=CARTESIAN_POINT('Ctrl Pts',(-16.0825577393619,-12.6570539064222,
102.677544284091));
#10693=CARTESIAN_POINT('Ctrl Pts',(-12.117069591713,-16.0831738800892,105.328106957452));
#10694=CARTESIAN_POINT('Ctrl Pts',(-12.4074370270858,-16.059246081512,105.392121907806));
#10695=CARTESIAN_POINT('Ctrl Pts',(-12.9940840672596,-15.9242762592464,
105.494927589311));
#10696=CARTESIAN_POINT('Ctrl Pts',(-13.8879371116539,-15.4078279341047,
105.59150273496));
#10697=CARTESIAN_POINT('Ctrl Pts',(-14.6266846694605,-14.4810816136486,
105.613057124094));
#10698=CARTESIAN_POINT('Ctrl Pts',(-14.8251770564175,-13.6547341938347,
105.563382176934));
#10699=CARTESIAN_POINT('Ctrl Pts',(-14.8383186762356,-13.2491044890691,
105.519010153259));
#10700=CARTESIAN_POINT('Ctrl Pts',(-12.9999982565642,-15.342304134724,108.470123613163));
#10701=CARTESIAN_POINT('Ctrl Pts',(-13.1666303071088,-15.342304134724,108.470123613163));
#10702=CARTESIAN_POINT('Ctrl Pts',(-13.5003065336577,-15.2858803928871,
108.470123613163));
#10703=CARTESIAN_POINT('Ctrl Pts',(-13.9974052821789,-15.0151421851448,
108.470123613163));
#10704=CARTESIAN_POINT('Ctrl Pts',(-14.3988716027732,-14.515949829561,108.470123613163));
#10705=CARTESIAN_POINT('Ctrl Pts',(-14.4999982565642,-14.0657899833876,
108.470123613163));
#10706=CARTESIAN_POINT('Ctrl Pts',(-14.4999982565642,-13.842304134724,108.470123613163));
#10707=CARTESIAN_POINT('',(-12.9999982565642,-15.342304134724,108.470123613163));
#10708=CARTESIAN_POINT('Origin',(-12.9999982565642,-30.428586050221,112.027383508946));
#10709=CARTESIAN_POINT('Origin',(-12.9999982565642,-13.842304134724,108.470123613163));
#10710=CARTESIAN_POINT('Ctrl Pts',(-14.4999982565642,12.1823687014389,108.470123613163));
#10711=CARTESIAN_POINT('Ctrl Pts',(-14.4999982565642,10.5922246003339,108.470123613163));
#10712=CARTESIAN_POINT('Ctrl Pts',(-14.4999982565642,8.91394515610944,108.470123613163));
#10713=CARTESIAN_POINT('Ctrl Pts',(-14.4999982565642,7.23797868835786,108.470123613163));
#10714=CARTESIAN_POINT('Ctrl Pts',(-14.7424167801322,11.2138796401114,105.536428053185));
#10715=CARTESIAN_POINT('Ctrl Pts',(-14.8443481601725,9.95209744740828,105.516776796567));
#10716=CARTESIAN_POINT('Ctrl Pts',(-14.8986192531992,8.59471595013963,105.50908556593));
#10717=CARTESIAN_POINT('Ctrl Pts',(-14.8986192531992,7.23797868835784,105.50908556593));
#10718=CARTESIAN_POINT('Ctrl Pts',(-15.9372951769115,10.2474440826086,102.68769944741));
#10719=CARTESIAN_POINT('Ctrl Pts',(-16.0896710470673,9.31300115554563,102.676101854236));
#10720=CARTESIAN_POINT('Ctrl Pts',(-16.1757228512484,8.27615469629281,102.67184038962));
#10721=CARTESIAN_POINT('Ctrl Pts',(-16.1757228512484,7.23797868835783,102.67184038962));
#10722=CARTESIAN_POINT('Ctrl Pts',(-17.8807063585993,9.44800131463973,100.410123613163));
#10723=CARTESIAN_POINT('Ctrl Pts',(-18.0329604204922,8.7761108151874,100.410123613163));
#10724=CARTESIAN_POINT('Ctrl Pts',(-18.1279734087374,8.00912470809819,100.410123613163));
#10725=CARTESIAN_POINT('Ctrl Pts',(-18.1279734087374,7.23797868835781,100.410123613163));
#10726=CARTESIAN_POINT('',(-14.4999982565642,12.1823687014389,108.470123613163));
#10727=CARTESIAN_POINT('',(-14.4999982565642,13.6823687014389,108.470123613163));
#10728=CARTESIAN_POINT('Origin',(-29.947349746377,12.1823687014389,109.746576491329));
#10729=CARTESIAN_POINT('Ctrl Pts',(-8.1279734087374,-20.7620213116422,100.410123613163));
#10730=CARTESIAN_POINT('Ctrl Pts',(-8.96929591638628,-20.7620213116422,
100.410123613163));
#10731=CARTESIAN_POINT('Ctrl Pts',(-9.80615228246987,-20.6485690907277,
100.410123613163));
#10732=CARTESIAN_POINT('Ctrl Pts',(-10.5325987259601,-20.4686055246273,
100.410123613163));
#10733=CARTESIAN_POINT('Ctrl Pts',(-8.1279734087374,-18.160836118715,102.429499463998));
#10734=CARTESIAN_POINT('Ctrl Pts',(-9.19850297377195,-18.160836118715,102.429499463998));
#10735=CARTESIAN_POINT('Ctrl Pts',(-10.2681456840208,-18.0710905149678,
102.438628450134));
#10736=CARTESIAN_POINT('Ctrl Pts',(-11.2366803564677,-17.9122820177523,
102.452230088683));
#10737=CARTESIAN_POINT('Ctrl Pts',(-8.1279734087374,-16.2311139918383,105.299309794483));
#10738=CARTESIAN_POINT('Ctrl Pts',(-9.48329928569037,-16.2311139918383,
105.299309794483));
#10739=CARTESIAN_POINT('Ctrl Pts',(-10.839953005827,-16.1808758323616,105.309596940278));
#10740=CARTESIAN_POINT('Ctrl Pts',(-12.117069591713,-16.0831738800892,105.328106957452));
#10741=CARTESIAN_POINT('Ctrl Pts',(-8.1279734087374,-15.342304134724,108.470123613163));
#10742=CARTESIAN_POINT('Ctrl Pts',(-9.76897501316919,-15.342304134724,108.470123613163));
#10743=CARTESIAN_POINT('Ctrl Pts',(-11.4131361181323,-15.342304134724,108.470123613163));
#10744=CARTESIAN_POINT('Ctrl Pts',(-12.9999982565642,-15.342304134724,108.470123613163));
#10745=CARTESIAN_POINT('',(-8.1279734087374,-15.342304134724,108.470123613163));
#10746=CARTESIAN_POINT('Origin',(-8.1279734087374,-30.2670457168212,112.653673386695));
#10747=CARTESIAN_POINT('',(-14.4999982565642,-15.342304134724,108.470123613163));
#10748=CARTESIAN_POINT('Ctrl Pts',(-14.4508731235484,12.5631076150708,108.470123613163));
#10749=CARTESIAN_POINT('Ctrl Pts',(-14.4837792881369,12.4377126909877,108.470123613163));
#10750=CARTESIAN_POINT('Ctrl Pts',(-14.4999982565642,12.3100677165309,108.470123613163));
#10751=CARTESIAN_POINT('Ctrl Pts',(-14.4999982565642,12.1823687014389,108.470123613163));
#10752=CARTESIAN_POINT('Ctrl Pts',(-14.6312579428388,11.8757184585599,105.634574873049));
#10753=CARTESIAN_POINT('Ctrl Pts',(-14.6947853849948,11.6558631579517,105.609036003476));
#10754=CARTESIAN_POINT('Ctrl Pts',(-14.731532794192,11.4331716202992,105.577305923141));
#10755=CARTESIAN_POINT('Ctrl Pts',(-14.7424167801321,11.2138796401113,105.536428053185));
#10756=CARTESIAN_POINT('Ctrl Pts',(-15.6318897601644,11.4048145637849,102.803795713462));
#10757=CARTESIAN_POINT('Ctrl Pts',(-15.7730243851701,11.0268931067938,102.773394555858));
#10758=CARTESIAN_POINT('Ctrl Pts',(-15.8745563971683,10.6395408464817,102.735778291882));
#10759=CARTESIAN_POINT('Ctrl Pts',(-15.9372951769115,10.2474440826086,102.68769944741));
#10760=CARTESIAN_POINT('Ctrl Pts',(-17.2999447017138,11.2223158478884,100.410123613163));
#10761=CARTESIAN_POINT('Ctrl Pts',(-17.548894576045,10.6492315406796,100.410123613163));
#10762=CARTESIAN_POINT('Ctrl Pts',(-17.742562834534,10.0576226293445,100.410123613163));
#10763=CARTESIAN_POINT('Ctrl Pts',(-17.8807063585993,9.44800131463971,100.410123613163));
#10764=CARTESIAN_POINT('Origin',(-12.9999982565642,12.1823687014389,108.470123613163));
#10765=CARTESIAN_POINT('Origin',(-29.4432467490517,16.4974097226003,108.470123613169));
#10766=CARTESIAN_POINT('Origin',(-14.4999982565642,-30.2670457168212,112.653673386695));
#10767=CARTESIAN_POINT('',(5.85096984336433,-15.342304134724,108.470123613163));
#10768=CARTESIAN_POINT('',(5.85096984336433,-20.7620213116422,100.410123613163));
#10769=CARTESIAN_POINT('Origin',(5.85096984336433,-30.2670457168212,112.653673386695));
#10770=CARTESIAN_POINT('',(-18.1279734087374,-20.7620213116422,100.410123613163));
#10771=CARTESIAN_POINT('',(7.83278495473059,-15.342304134724,108.470123613163));
#10772=CARTESIAN_POINT('Origin',(7.83278495473059,-30.2670457168212,112.653673386695));
#10773=CARTESIAN_POINT('',(-14.4999982565642,-15.342304134724,108.470123613163));
#10774=CARTESIAN_POINT('Ctrl Pts',(-17.2999447017155,11.2223158478845,100.410123613163));
#10775=CARTESIAN_POINT('Ctrl Pts',(-16.8677196960693,12.2173007563316,100.410123613163));
#10776=CARTESIAN_POINT('Ctrl Pts',(-15.8637086140404,13.7754174278402,100.410123613163));
#10777=CARTESIAN_POINT('Ctrl Pts',(-13.9278909154447,15.4828228944396,100.410123613163));
#10778=CARTESIAN_POINT('Ctrl Pts',(-12.6420434121045,16.1902351461365,100.410123613163));
#10779=CARTESIAN_POINT('Ctrl Pts',(-11.9766560446937,16.4676938501431,100.410123613163));
#10780=CARTESIAN_POINT('Ctrl Pts',(-15.6318897601639,11.4048145637818,102.803795713464));
#10781=CARTESIAN_POINT('Ctrl Pts',(-15.4926344879741,12.099790664586,102.674383713088));
#10782=CARTESIAN_POINT('Ctrl Pts',(-14.9502860482273,13.2566165277798,102.466331933446));
#10783=CARTESIAN_POINT('Ctrl Pts',(-13.5786467411529,14.3853497016251,102.545263369037));
#10784=CARTESIAN_POINT('Ctrl Pts',(-12.6468925148044,14.7167867372932,102.717794021305));
#10785=CARTESIAN_POINT('Ctrl Pts',(-12.1837269006756,14.8025107581297,102.803795713462));
#10786=CARTESIAN_POINT('Ctrl Pts',(-14.6312579428377,11.8757184585579,105.634574873055));
#10787=CARTESIAN_POINT('Ctrl Pts',(-14.6340302184638,12.2928314285767,105.251534898686));
#10788=CARTESIAN_POINT('Ctrl Pts',(-14.3824555786582,13.0346802270472,104.733877456303));
#10789=CARTESIAN_POINT('Ctrl Pts',(-13.5295970523859,13.6968909609499,104.925977973825));
#10790=CARTESIAN_POINT('Ctrl Pts',(-12.9464700254761,13.8148589853386,105.380022854195));
#10791=CARTESIAN_POINT('Ctrl Pts',(-12.6693318356312,13.808930183088,105.63457487305));
#10792=CARTESIAN_POINT('Ctrl Pts',(-14.4508731235486,12.5631076150699,108.470123613172));
#10793=CARTESIAN_POINT('Ctrl Pts',(-14.3937416740423,12.7808173926511,107.830795562782));
#10794=CARTESIAN_POINT('Ctrl Pts',(-14.2108864100973,13.1314292409934,107.002482425298));
#10795=CARTESIAN_POINT('Ctrl Pts',(-13.7905000794757,13.4852031018511,107.30805628615));
#10796=CARTESIAN_POINT('Ctrl Pts',(-13.5045303288537,13.602869097109,108.045253477336));
#10797=CARTESIAN_POINT('Ctrl Pts',(-13.3593056810973,13.6386990810834,108.470123613163));
#10798=CARTESIAN_POINT('Origin',(-17.0721490679398,28.6874463374094,108.470123613163));
#10799=CARTESIAN_POINT('Ctrl Pts',(10.2777781961895,-20.4585159385277,100.410123613163));
#10800=CARTESIAN_POINT('Ctrl Pts',(9.5433767781938,-20.6436969315165,100.410123613163));
#10801=CARTESIAN_POINT('Ctrl Pts',(8.69119234455782,-20.7620213116422,100.410123613163));
#10802=CARTESIAN_POINT('Ctrl Pts',(7.83278495473056,-20.7620213116422,100.410123613163));
#10803=CARTESIAN_POINT('Ctrl Pts',(10.9953726702919,-17.9033924706973,102.452992963832));
#10804=CARTESIAN_POINT('Ctrl Pts',(10.0146850443999,-18.0672588184037,102.438995361534));
#10805=CARTESIAN_POINT('Ctrl Pts',(8.92505394943778,-18.160836118715,102.429499463998));
#10806=CARTESIAN_POINT('Ctrl Pts',(7.83278495473056,-18.160836118715,102.429499463998));
#10807=CARTESIAN_POINT('Ctrl Pts',(11.8929690657761,-16.0777095126939,105.329145321435));
#10808=CARTESIAN_POINT('Ctrl Pts',(10.5979673968557,-16.1787402022001,105.310010139224));
#10809=CARTESIAN_POINT('Ctrl Pts',(9.21563366949005,-16.2311139918383,105.299309794483));
#10810=CARTESIAN_POINT('Ctrl Pts',(7.83278495473055,-16.2311139918383,105.299309794483));
#10811=CARTESIAN_POINT('Ctrl Pts',(12.7931619617532,-15.342304134724,108.470123613163));
#10812=CARTESIAN_POINT('Ctrl Pts',(11.1826506359258,-15.342304134724,108.470123613163));
#10813=CARTESIAN_POINT('Ctrl Pts',(9.50711066354714,-15.342304134724,108.470123613163));
#10814=CARTESIAN_POINT('Ctrl Pts',(7.83278495473055,-15.342304134724,108.470123613163));
#10815=CARTESIAN_POINT('',(12.7931619617532,-15.342304134724,108.470123613163));
#10816=CARTESIAN_POINT('Origin',(12.7931619617532,-30.434169348837,112.003621081543));
#10817=CARTESIAN_POINT('',(-14.4999982565642,-15.342304134724,108.470123613163));
#10818=CARTESIAN_POINT('Ctrl Pts',(-12.9999982565642,13.6823687014389,108.470123613163));
#10819=CARTESIAN_POINT('Ctrl Pts',(-13.1191527241087,13.6823687014389,108.470123613163));
#10820=CARTESIAN_POINT('Ctrl Pts',(-13.2406124870981,13.6679831957606,108.470123613163));
#10821=CARTESIAN_POINT('Ctrl Pts',(-13.3593056810973,13.6386990810834,108.470123613163));
#10822=CARTESIAN_POINT('Ctrl Pts',(-12.0440247200173,13.9086682786066,105.543362654907));
#10823=CARTESIAN_POINT('Ctrl Pts',(-12.2490483267418,13.8988715324318,105.58061083684));
#10824=CARTESIAN_POINT('Ctrl Pts',(-12.4611456047864,13.8657740507838,105.610491485271));
#10825=CARTESIAN_POINT('Ctrl Pts',(-12.6693318356312,13.8089301830879,105.63457487305));
#10826=CARTESIAN_POINT('Ctrl Pts',(-11.0900480106631,15.080502775667,102.695861174042));
#10827=CARTESIAN_POINT('Ctrl Pts',(-11.4561678721352,15.023276927284,102.739697964626));
#10828=CARTESIAN_POINT('Ctrl Pts',(-11.8254200885737,14.9303334104139,102.775127143563));
#10829=CARTESIAN_POINT('Ctrl Pts',(-12.1837269006756,14.8025107581297,102.803795713462));
#10830=CARTESIAN_POINT('Ctrl Pts',(-10.2997179128786,16.9993067644309,100.410123613163));
#10831=CARTESIAN_POINT('Ctrl Pts',(-10.8685348039468,16.8727538048937,100.410123613163));
#10832=CARTESIAN_POINT('Ctrl Pts',(-11.4328299579717,16.6944629302565,100.410123613163));
#10833=CARTESIAN_POINT('Ctrl Pts',(-11.9766560446937,16.4676938501431,100.410123613163));
#10834=CARTESIAN_POINT('',(-12.9999982565642,13.6823687014389,108.470123613163));
#10835=CARTESIAN_POINT('Origin',(-12.9999982565642,12.1823687014389,108.470123613163));
#10836=CARTESIAN_POINT('Origin',(-12.9999982565642,29.1362419710468,109.665029871787));
#10837=CARTESIAN_POINT('Ctrl Pts',(17.7350789898155,-12.156500728027,100.410123613163));
#10838=CARTESIAN_POINT('Ctrl Pts',(17.5013707765702,-13.8160787890419,100.410123613163));
#10839=CARTESIAN_POINT('Ctrl Pts',(15.924638563238,-17.5905953952079,100.410123613163));
#10840=CARTESIAN_POINT('Ctrl Pts',(12.5376845927405,-19.8886753849553,100.410123613163));
#10841=CARTESIAN_POINT('Ctrl Pts',(10.2777781961894,-20.4585159385278,100.410123613163));
#10842=CARTESIAN_POINT('Ctrl Pts',(15.8192140610679,-12.6530361708721,102.688085659289));
#10843=CARTESIAN_POINT('Ctrl Pts',(15.7126447086892,-13.7261099967503,102.765572153184));
#10844=CARTESIAN_POINT('Ctrl Pts',(14.722627329717,-16.2409714707341,102.831212846464));
#10845=CARTESIAN_POINT('Ctrl Pts',(12.4292638765303,-17.6153922962357,102.658628400274));
#10846=CARTESIAN_POINT('Ctrl Pts',(10.9953726702918,-17.9033924706973,102.452992963832));
#10847=CARTESIAN_POINT('Ctrl Pts',(14.6063049886985,-13.2471022769237,105.52837699798));
#10848=CARTESIAN_POINT('Ctrl Pts',(14.5873251148039,-13.8499137423797,105.59364281214));
#10849=CARTESIAN_POINT('Ctrl Pts',(14.0541520472347,-15.3294600382159,105.64807508681));
#10850=CARTESIAN_POINT('Ctrl Pts',(12.6706120363513,-16.0125012687353,105.504221088768));
#10851=CARTESIAN_POINT('Ctrl Pts',(11.892969065776,-16.0777095126939,105.329145321435));
#10852=CARTESIAN_POINT('Ctrl Pts',(14.2931619617532,-13.842304134724,108.470123613163));
#10853=CARTESIAN_POINT('Ctrl Pts',(14.2931619617532,-14.1748729663693,108.470123613163));
#10854=CARTESIAN_POINT('Ctrl Pts',(14.011412053429,-14.9769081053563,108.470123613163));
#10855=CARTESIAN_POINT('Ctrl Pts',(13.241201948814,-15.342304134724,108.470123613163));
#10856=CARTESIAN_POINT('Ctrl Pts',(12.7931619617532,-15.342304134724,108.470123613163));
#10857=CARTESIAN_POINT('',(14.2931619617532,-13.842304134724,108.470123613163));
#10858=CARTESIAN_POINT('Origin',(29.7060846728818,-13.842304134724,110.11079832217));
#10859=CARTESIAN_POINT('Origin',(12.7931619617532,-13.842304134724,108.470123613163));
#10860=CARTESIAN_POINT('Ctrl Pts',(-8.12797340873739,13.6823687014389,108.470123613163));
#10861=CARTESIAN_POINT('Ctrl Pts',(-9.77665426500422,13.6823687014389,108.470123613163));
#10862=CARTESIAN_POINT('Ctrl Pts',(-11.4283141712908,13.6823687014389,108.470123613163));
#10863=CARTESIAN_POINT('Ctrl Pts',(-12.9999982565643,13.6823687014389,108.470123613163));
#10864=CARTESIAN_POINT('Ctrl Pts',(-8.12797340873739,14.0604355251308,105.516716611409));
#10865=CARTESIAN_POINT('Ctrl Pts',(-9.46169843577809,14.0604355251308,105.516716611409));
#10866=CARTESIAN_POINT('Ctrl Pts',(-10.7967789739718,14.0079728049412,105.524159085224));
#10867=CARTESIAN_POINT('Ctrl Pts',(-12.0440247200174,13.9086682786066,105.543362654907));
#10868=CARTESIAN_POINT('Ctrl Pts',(-8.12797340873739,15.3116082677905,102.680507819405));
#10869=CARTESIAN_POINT('Ctrl Pts',(-9.14739268982837,15.3116082677905,102.680507819405));
#10870=CARTESIAN_POINT('Ctrl Pts',(-10.16624771078,15.2287385296194,102.684567296156));
#10871=CARTESIAN_POINT('Ctrl Pts',(-11.0900480106632,15.080502775667,102.695861174042));
#10872=CARTESIAN_POINT('Ctrl Pts',(-8.12797340873739,17.2379786883578,100.410123613163));
#10873=CARTESIAN_POINT('Ctrl Pts',(-8.88359278076608,17.2379786883578,100.410123613163));
#10874=CARTESIAN_POINT('Ctrl Pts',(-9.63589882510488,17.1469962431966,100.410123613163));
#10875=CARTESIAN_POINT('Ctrl Pts',(-10.2997179128787,16.9993067644309,100.410123613163));
#10876=CARTESIAN_POINT('',(-8.1279734087374,13.6823687014389,108.470123613163));
#10877=CARTESIAN_POINT('',(14.2931619617532,13.6823687014389,108.470123613163));
#10878=CARTESIAN_POINT('Origin',(-8.1279734087374,29.056911835085,110.438225092167));
#10879=CARTESIAN_POINT('Ctrl Pts',(17.8327849547306,-10.7620213116422,100.410123613163));
#10880=CARTESIAN_POINT('Ctrl Pts',(17.8327849547306,-11.2348260044312,100.410123613163));
#10881=CARTESIAN_POINT('Ctrl Pts',(17.7982835082888,-11.7076811047938,100.410123613163));
#10882=CARTESIAN_POINT('Ctrl Pts',(17.7350789898155,-12.156500728027,100.410123613163));
#10883=CARTESIAN_POINT('Ctrl Pts',(15.912127734848,-10.7620213116422,102.6824120453));
#10884=CARTESIAN_POINT('Ctrl Pts',(15.912127734848,-11.4001859756753,102.6824120453));
#10885=CARTESIAN_POINT('Ctrl Pts',(15.8803339548225,-12.0391234409572,102.684190574637));
#10886=CARTESIAN_POINT('Ctrl Pts',(15.8192140610679,-12.6530361708721,102.688085659289));
#10887=CARTESIAN_POINT('Ctrl Pts',(14.6666798912583,-10.7620213116422,105.518394758501));
#10888=CARTESIAN_POINT('Ctrl Pts',(14.6666798912583,-11.5971500432446,105.518394758501));
#10889=CARTESIAN_POINT('Ctrl Pts',(14.6464102112681,-12.4333357137954,105.521527009584));
#10890=CARTESIAN_POINT('Ctrl Pts',(14.6063049886985,-13.2471022769237,105.52837699798));
#10891=CARTESIAN_POINT('Ctrl Pts',(14.2931619617532,-10.7620213116421,108.470123613163));
#10892=CARTESIAN_POINT('Ctrl Pts',(14.2931619617532,-11.7945202765999,108.470123613163));
#10893=CARTESIAN_POINT('Ctrl Pts',(14.2931619617532,-12.8281987197111,108.470123613163));
#10894=CARTESIAN_POINT('Ctrl Pts',(14.2931619617532,-13.842304134724,108.470123613163));
#10895=CARTESIAN_POINT('',(14.2931619617532,-10.7620213116421,108.470123613163));
#10896=CARTESIAN_POINT('Origin',(29.6705327754543,-10.7620213116421,110.416008208388));
#10897=CARTESIAN_POINT('',(14.2931619617532,-15.342304134724,108.470123613163));
#10898=CARTESIAN_POINT('Origin',(-10.1279734087374,29.056911835085,110.438225092167));
#10899=CARTESIAN_POINT('',(7.83278495473059,13.6823687014389,108.470123613163));
#10900=CARTESIAN_POINT('',(14.2931619617532,13.6823687014389,108.470123613163));
#10901=CARTESIAN_POINT('Origin',(7.83278495473059,29.056911835085,110.438225092167));
#10902=CARTESIAN_POINT('Origin',(29.6705327754543,-15.342304134724,110.416008208388));
#10903=CARTESIAN_POINT('',(14.2931619617532,7.23797868835787,108.470123613163));
#10904=CARTESIAN_POINT('Origin',(29.6705327754543,7.23797868835788,110.416008208388));
#10905=CARTESIAN_POINT('',(14.2931619617532,-15.342304134724,108.470123613163));
#10906=CARTESIAN_POINT('Ctrl Pts',(12.7931619617532,13.6823687014389,108.470123613163));
#10907=CARTESIAN_POINT('Ctrl Pts',(11.1988436522845,13.6823687014389,108.470123613163));
#10908=CARTESIAN_POINT('Ctrl Pts',(9.51464195518296,13.6823687014389,108.470123613163));
#10909=CARTESIAN_POINT('Ctrl Pts',(7.83278495473054,13.6823687014389,108.470123613163));
#10910=CARTESIAN_POINT('Ctrl Pts',(11.8189382601049,13.903067618925,105.544455414642));
#10911=CARTESIAN_POINT('Ctrl Pts',(10.5545654398512,14.0056890886609,105.524449496632));
#10912=CARTESIAN_POINT('Ctrl Pts',(9.19334831960535,14.0604355251308,105.516716611409));
#10913=CARTESIAN_POINT('Ctrl Pts',(7.83278495473055,14.0604355251308,105.516716611409));
#10914=CARTESIAN_POINT('Ctrl Pts',(10.8467606679286,15.0721300821014,102.696506977745));
#10915=CARTESIAN_POINT('Ctrl Pts',(9.91130968478798,15.2251344879609,102.684711242015));
#10916=CARTESIAN_POINT('Ctrl Pts',(8.87271784882712,15.3116082677905,102.680507819405));
#10917=CARTESIAN_POINT('Ctrl Pts',(7.83278495473056,15.3116082677905,102.680507819405));
#10918=CARTESIAN_POINT('Ctrl Pts',(10.0417949456158,16.9909410516692,100.410123613163));
#10919=CARTESIAN_POINT('Ctrl Pts',(9.37026213760476,17.1430407550049,100.410123613163));
#10920=CARTESIAN_POINT('Ctrl Pts',(8.60360953590616,17.2379786883578,100.410123613163));
#10921=CARTESIAN_POINT('Ctrl Pts',(7.83278495473057,17.2379786883578,100.410123613163));
#10922=CARTESIAN_POINT('',(12.7931619617532,13.6823687014389,108.470123613163));
#10923=CARTESIAN_POINT('',(14.2931619617532,13.6823687014389,108.470123613163));
#10924=CARTESIAN_POINT('',(10.0417949456158,16.9909410516692,100.410123613163));
#10925=CARTESIAN_POINT('Origin',(12.7931619617532,29.1384546739554,109.63605946482));
#10926=CARTESIAN_POINT('Origin',(7.83278495473059,7.23797868835781,100.410123613163));
#10927=CARTESIAN_POINT('Ctrl Pts',(17.5876532489894,9.43855692183755,100.410123613163));
#10928=CARTESIAN_POINT('Ctrl Pts',(17.7387356718016,8.76882879598036,100.410123613163));
#10929=CARTESIAN_POINT('Ctrl Pts',(17.8327849547306,8.00627765973001,100.410123613163));
#10930=CARTESIAN_POINT('Ctrl Pts',(17.8327849547306,7.23797868835781,100.410123613163));
#10931=CARTESIAN_POINT('Ctrl Pts',(15.674278414873,10.2415026107699,102.698300973434));
#10932=CARTESIAN_POINT('Ctrl Pts',(15.8263554061484,9.30843861412293,102.686572731081));
#10933=CARTESIAN_POINT('Ctrl Pts',(15.912127734848,8.27498458618554,102.6824120453));
#10934=CARTESIAN_POINT('Ctrl Pts',(15.912127734848,7.23797868835783,102.6824120453));
#10935=CARTESIAN_POINT('Ctrl Pts',(14.5103015533225,11.2109188712648,105.545979927828));
#10936=CARTESIAN_POINT('Ctrl Pts',(14.6123323562955,9.94981326798353,105.526074547599));
#10937=CARTESIAN_POINT('Ctrl Pts',(14.6666798912584,8.59504759067527,105.518394758501));
#10938=CARTESIAN_POINT('Ctrl Pts',(14.6666798912584,7.23797868835785,105.518394758501));
#10939=CARTESIAN_POINT('Ctrl Pts',(14.2931619617532,12.1823687014389,108.470123613163));
#10940=CARTESIAN_POINT('Ctrl Pts',(14.2931619617532,10.5922045293608,108.470123613163));
#10941=CARTESIAN_POINT('Ctrl Pts',(14.2931619617532,8.91577060713263,108.470123613163));
#10942=CARTESIAN_POINT('Ctrl Pts',(14.2931619617532,7.23797868835787,108.470123613163));
#10943=CARTESIAN_POINT('',(17.5876532489894,9.43855692183757,100.410123613163));
#10944=CARTESIAN_POINT('Origin',(7.83278495473059,7.23797868835781,100.410123613163));
#10945=CARTESIAN_POINT('',(14.2931619617532,12.1823687014389,108.470123613163));
#10946=CARTESIAN_POINT('Origin',(29.7506030260225,12.1823687014389,109.61795449994));
#10947=CARTESIAN_POINT('',(14.2931619617532,-15.342304134724,108.470123613163));
#10948=CARTESIAN_POINT('Ctrl Pts',(13.1339017065487,13.6431549371068,108.470123613163));
#10949=CARTESIAN_POINT('Ctrl Pts',(13.0209001280861,13.6695134336935,108.470123613163));
#10950=CARTESIAN_POINT('Ctrl Pts',(12.9073348029763,13.6823687014389,108.470123613163));
#10951=CARTESIAN_POINT('Ctrl Pts',(12.7931619617532,13.6823687014389,108.470123613163));
#10952=CARTESIAN_POINT('Ctrl Pts',(12.4100074415513,13.8120089015795,105.633617051953));
#10953=CARTESIAN_POINT('Ctrl Pts',(12.2124667418565,13.8635092164382,105.609596464589));
#10954=CARTESIAN_POINT('Ctrl Pts',(12.0147727332389,13.893571205466,105.580813696896));
#10955=CARTESIAN_POINT('Ctrl Pts',(11.8189382601048,13.903067618925,105.544455414642));
#10956=CARTESIAN_POINT('Ctrl Pts',(11.8812758638309,14.8119732987345,102.801940508186));
#10957=CARTESIAN_POINT('Ctrl Pts',(11.5409980064035,14.9303310435268,102.773373590098));
#10958=CARTESIAN_POINT('Ctrl Pts',(11.1965497938052,15.0164893980711,102.739273560433));
#10959=CARTESIAN_POINT('Ctrl Pts',(10.8467606679286,15.0721300821014,102.696506977745));
#10960=CARTESIAN_POINT('Ctrl Pts',(11.6289358495521,16.4894238934998,100.410123613163));
#10961=CARTESIAN_POINT('Ctrl Pts',(11.1121271104515,16.7014863241672,100.410123613163));
#10962=CARTESIAN_POINT('Ctrl Pts',(10.5854073537479,16.8678148469327,100.410123613163));
#10963=CARTESIAN_POINT('Ctrl Pts',(10.0417949456158,16.9909410516692,100.410123613163));
#10964=CARTESIAN_POINT('Origin',(12.7931619617532,12.1823687014389,108.470123613163));
#10965=CARTESIAN_POINT('',(11.6289358495522,16.4894238934998,100.410123613163));
#10966=CARTESIAN_POINT('Origin',(16.6548790694361,28.7379460390079,108.470123613256));
#10967=CARTESIAN_POINT('Origin',(7.83278495473059,7.23797868835781,100.410123613163));
#10968=CARTESIAN_POINT('Ctrl Pts',(17.0964364354776,11.0042449088012,100.410123613163));
#10969=CARTESIAN_POINT('Ctrl Pts',(17.3018163476205,10.4990846742669,100.410123613163));
#10970=CARTESIAN_POINT('Ctrl Pts',(17.4670252094492,9.9732848494372,100.410123613163));
#10971=CARTESIAN_POINT('Ctrl Pts',(17.5876532489895,9.4385569218372,100.410123613163));
#10972=CARTESIAN_POINT('Ctrl Pts',(15.4198091680933,11.2619986417358,102.801940508194));
#10973=CARTESIAN_POINT('Ctrl Pts',(15.5342738826508,10.9294574294254,102.774054261167));
#10974=CARTESIAN_POINT('Ctrl Pts',(15.6198190709257,10.5856306343751,102.740155226441));
#10975=CARTESIAN_POINT('Ctrl Pts',(15.674278414873,10.2415026107697,102.698300973434));
#10976=CARTESIAN_POINT('Ctrl Pts',(14.4215567970224,11.7939554824966,105.633617051959));
#10977=CARTESIAN_POINT('Ctrl Pts',(14.4712072458372,11.6009603503309,105.610168809104));
#10978=CARTESIAN_POINT('Ctrl Pts',(14.5010344945252,11.4036377970307,105.581557651925));
#10979=CARTESIAN_POINT('Ctrl Pts',(14.5103015533225,11.2109188712647,105.545979927827));
#10980=CARTESIAN_POINT('Ctrl Pts',(14.2550405392737,12.5183910587109,108.470123613163));
#10981=CARTESIAN_POINT('Ctrl Pts',(14.2804147590298,12.4079995104106,108.470123613163));
#10982=CARTESIAN_POINT('Ctrl Pts',(14.2931619617532,12.2946758073407,108.470123613163));
#10983=CARTESIAN_POINT('Ctrl Pts',(14.2931619617532,12.1823687014389,108.470123613163));
#10984=CARTESIAN_POINT('',(17.0964364354776,11.0042449088012,100.410123613163));
#10985=CARTESIAN_POINT('Origin',(7.83278495473059,7.23797868835781,100.410123613163));
#10986=CARTESIAN_POINT('Origin',(29.3611191736523,15.9906220838542,108.470123613165));
#10987=CARTESIAN_POINT('Origin',(12.7931619617532,12.1823687014389,108.470123613163));
#10988=CARTESIAN_POINT('Ctrl Pts',(11.6289358494939,16.4894238935238,100.410123613163));
#10989=CARTESIAN_POINT('Ctrl Pts',(12.6743730232301,16.0604490496495,100.410123613163));
#10990=CARTESIAN_POINT('Ctrl Pts',(14.3050214545066,15.0412574514086,100.410123613163));
#10991=CARTESIAN_POINT('Ctrl Pts',(16.0883470069363,13.0347603346372,100.410123613163));
#10992=CARTESIAN_POINT('Ctrl Pts',(16.8130457628123,11.7012833736388,100.410123613163));
#10993=CARTESIAN_POINT('Ctrl Pts',(17.0964364354781,11.0042449088,100.410123613163));
#10994=CARTESIAN_POINT('Ctrl Pts',(11.8812758637851,14.8119732987261,102.801940508221));
#10995=CARTESIAN_POINT('Ctrl Pts',(12.6093018859086,14.688900919256,102.66101029455));
#10996=CARTESIAN_POINT('Ctrl Pts',(13.8268949579792,14.1487783325232,102.426042190176));
#10997=CARTESIAN_POINT('Ctrl Pts',(15.0088748070912,12.7181640379324,102.515948124591));
#10998=CARTESIAN_POINT('Ctrl Pts',(15.3394248991402,11.7470276978857,102.708100013286));
#10999=CARTESIAN_POINT('Ctrl Pts',(15.4198091680931,11.2619986417349,102.801940508195));
#11000=CARTESIAN_POINT('Ctrl Pts',(12.4100074415224,13.8120089015621,105.633617052038));
#11001=CARTESIAN_POINT('Ctrl Pts',(12.8450951850941,13.8321213283049,105.216050558862));
#11002=CARTESIAN_POINT('Ctrl Pts',(13.6292703617857,13.58796542728,104.63807645781));
#11003=CARTESIAN_POINT('Ctrl Pts',(14.3249983186607,12.6935121453842,104.854177019406));
#11004=CARTESIAN_POINT('Ctrl Pts',(14.4358841094101,12.0836204360728,105.355574144372));
#11005=CARTESIAN_POINT('Ctrl Pts',(14.421556797022,11.793955482496,105.633617051961));
#11006=CARTESIAN_POINT('Ctrl Pts',(13.133901706536,13.6431549371097,108.470123613295));
#11007=CARTESIAN_POINT('Ctrl Pts',(13.3624892707128,13.5898351108572,107.772998404363));
#11008=CARTESIAN_POINT('Ctrl Pts',(13.7309343456982,13.4060923626512,106.851005767433));
#11009=CARTESIAN_POINT('Ctrl Pts',(14.1011851551635,12.9685165320177,107.193582852047));
#11010=CARTESIAN_POINT('Ctrl Pts',(14.2200282679668,12.670713332114,108.005932344921));
#11011=CARTESIAN_POINT('Ctrl Pts',(14.2550405392737,12.5183910587106,108.470123613166));
#11012=CARTESIAN_POINT('Origin',(7.83278495473059,7.23797868835781,100.410123613163));
#11013=CARTESIAN_POINT('Origin',(9.83278495473057,7.23797868835778,95.4101236131631));
#11014=CARTESIAN_POINT('',(16.2494351197309,12.6379786883578,95.4101236131631));
#11015=CARTESIAN_POINT('',(4.84259536386357,12.6379786883578,95.4101236131631));
#11016=CARTESIAN_POINT('Origin',(7.83278495473059,7.23797868835778,95.4101236131631));
#11017=CARTESIAN_POINT('Origin',(-21.3779734087374,5.7379786883578,98.6601236131631));
#11018=CARTESIAN_POINT('Origin',(22.8269926996462,2.73797868835777,93.4101236131631));
#11019=CARTESIAN_POINT('Origin',(22.8269926996462,4.23797868835777,93.4101236131631));
#11020=CARTESIAN_POINT('',(17.8327849547306,4.23797868835778,95.4101236131631));
#11021=CARTESIAN_POINT('Origin',(24.8269926996461,4.23797868835778,95.4101236131631));
#11022=CARTESIAN_POINT('',(22.8327849547306,4.23797868835778,95.4101236131631));
#11023=CARTESIAN_POINT('',(21.0827849547306,5.73797868835778,95.4101236131631));
#11024=CARTESIAN_POINT('Origin',(22.8327849547306,4.23797868835777,93.4101236131631));
#11025=CARTESIAN_POINT('Origin',(22.8327849547306,4.23797868835777,93.4101236131631));
#11026=CARTESIAN_POINT('Origin',(-0.147594227003403,4.23797868835748,45.4138601179828));
#11027=CARTESIAN_POINT('',(-23.7280660698977,4.23797868835718,-2.58240337719752));
#11028=CARTESIAN_POINT('Origin',(-22.5577851155701,4.23797868835719,-1.5470973065875));
#11029=CARTESIAN_POINT('',(-23.7353297712333,4.23797868835718,-2.58240337719752));
#11030=CARTESIAN_POINT('',(-25.1279734087374,4.23797868835718,-2.58240337719752));
#11031=CARTESIAN_POINT('',(-23.4472952250184,4.2379786883572,-0.262500896389689));
#11032=CARTESIAN_POINT('Origin',(-22.6583840842489,4.23797868835719,-1.53828270060612));
#11033=CARTESIAN_POINT('Origin',(-22.5577851155701,4.23797868835719,-1.5470973065875));
#11034=CARTESIAN_POINT('Origin',(64.9149098298199,-294.713609150333,36.5357294742691));
#11035=CARTESIAN_POINT('',(64.9149098298199,-0.348178283956297,77.6538623257321));
#11036=CARTESIAN_POINT('Origin',(36.0000005364418,0.,25.000000372529));
#11037=CARTESIAN_POINT('Origin',(24.8327849547306,4.23797868835777,93.4101236131631));
#11038=CARTESIAN_POINT('Ctrl Pts',(-23.5910676822712,4.23797868835776,92.3741849096598));
#11039=CARTESIAN_POINT('Ctrl Pts',(-29.1209987671451,4.23797868835763,70.4121038965468));
#11040=CARTESIAN_POINT('Ctrl Pts',(-31.4560561151266,4.23797868835749,47.635832319668));
#11041=CARTESIAN_POINT('Ctrl Pts',(-30.4948913531595,4.23797868835735,25.0000003717967));
#11042=CARTESIAN_POINT('Ctrl Pts',(-24.248365599667,4.23797868835776,92.5396889064468));
#11043=CARTESIAN_POINT('Ctrl Pts',(-29.7933079415312,4.23797525282189,70.5140102427745));
#11044=CARTESIAN_POINT('Ctrl Pts',(-32.1349920209619,4.23797833184578,47.6723290735107));
#11045=CARTESIAN_POINT('Ctrl Pts',(-31.1711593974198,4.23797868835735,24.9712846163836));
#11046=CARTESIAN_POINT('Ctrl Pts',(-25.5600686230327,3.9255483824885,92.8699685060303));
#11047=CARTESIAN_POINT('Ctrl Pts',(-31.1349951390896,3.9264543262201,70.7173011552056));
#11048=CARTESIAN_POINT('Ctrl Pts',(-33.4898942742296,3.9265180263465,47.74523993563));
#11049=CARTESIAN_POINT('Ctrl Pts',(-32.5207334013097,3.92642392227402,24.9139788818653));
#11050=CARTESIAN_POINT('Ctrl Pts',(-27.4018845973448,2.4005128729244,93.3337276280774));
#11051=CARTESIAN_POINT('Ctrl Pts',(-33.0201145691508,2.40555298372621,71.0034140022015));
#11052=CARTESIAN_POINT('Ctrl Pts',(-35.3937513468806,2.40590303522385,47.8473310100048));
#11053=CARTESIAN_POINT('Ctrl Pts',(-34.4169811155775,2.40537933372524,24.8334602383662));
#11054=CARTESIAN_POINT('Ctrl Pts',(-27.9652257193752,0.706176092745681,
93.475573821079));
#11055=CARTESIAN_POINT('Ctrl Pts',(-33.5992256692768,0.714931935906061,
71.0910058090287));
#11056=CARTESIAN_POINT('Ctrl Pts',(-35.978768092727,0.715538627167516,47.879210532226));
#11057=CARTESIAN_POINT('Ctrl Pts',(-34.9993822412162,0.71462830680398,24.8087302686181));
#11058=CARTESIAN_POINT('Ctrl Pts',(-27.9546070787559,-0.31048627861483,
93.472900105833));
#11059=CARTESIAN_POINT('Ctrl Pts',(-33.5905001978221,-0.300302609972192,
71.0904408535059));
#11060=CARTESIAN_POINT('Ctrl Pts',(-35.9702459691848,-0.299591046843747,
47.8782065399615));
#11061=CARTESIAN_POINT('Ctrl Pts',(-34.9906743603483,-0.300650436329866,
24.8091000234503));
#11062=CARTESIAN_POINT('Ctrl Pts',(-34.4452204877121,1.89378487335933,25.0001159228223));
#11063=CARTESIAN_POINT('Ctrl Pts',(-34.3799220886074,2.01387467771549,25.0001040484502));
#11064=CARTESIAN_POINT('Ctrl Pts',(-34.3092737233078,2.13089254969282,25.0000893542744));
#11065=CARTESIAN_POINT('Ctrl Pts',(-34.2334100167926,2.24443869354937,25.0000759604962));
#11066=CARTESIAN_POINT('Ctrl Pts',(-34.1689743763004,2.3408803102445,25.0000645843493));
#11067=CARTESIAN_POINT('Ctrl Pts',(-34.1007754439823,2.43481730062015,25.0000541852593));
#11068=CARTESIAN_POINT('Ctrl Pts',(-34.0288713107818,2.52598800781078,25.0000483746243));
#11069=CARTESIAN_POINT('Ctrl Pts',(-33.9440089805401,2.63358903597996,25.0000415168263));
#11070=CARTESIAN_POINT('Ctrl Pts',(-33.8539858999318,2.7373381225531,25.0000410416795));
#11071=CARTESIAN_POINT('Ctrl Pts',(-33.7591398114409,2.83694817535891,25.0000428054594));
#11072=CARTESIAN_POINT('Ctrl Pts',(-33.7489458373906,2.84765417609774,25.0000429950289));
#11073=CARTESIAN_POINT('Ctrl Pts',(-33.7386961198606,2.85831232364399,25.0000432117373));
#11074=CARTESIAN_POINT('Ctrl Pts',(-33.7283910579659,2.86892223186673,25.0000434513213));
#11075=CARTESIAN_POINT('Ctrl Pts',(-33.6331387679533,2.96699229348945,25.0000456658563));
#11076=CARTESIAN_POINT('Ctrl Pts',(-33.5335805024935,3.06051217209233,25.0000497372002));
#11077=CARTESIAN_POINT('Ctrl Pts',(-33.4301260147228,3.14927451253104,25.0000531700723));
#11078=CARTESIAN_POINT('Ctrl Pts',(-33.3258779893246,3.23871769590431,25.000056629276));
#11079=CARTESIAN_POINT('Ctrl Pts',(-33.2176731217265,3.32333059697236,25.0000594674888));
#11080=CARTESIAN_POINT('Ctrl Pts',(-33.105889696091,3.40286683069371,25.0000607965833));
#11081=CARTESIAN_POINT('Ctrl Pts',(-32.9947222862647,3.48196475634657,25.0000621183534));
#11082=CARTESIAN_POINT('Ctrl Pts',(-32.8800149731275,3.55604225867769,25.000061977125));
#11083=CARTESIAN_POINT('Ctrl Pts',(-32.762109303963,3.62481617396249,25.0000607088227));
#11084=CARTESIAN_POINT('Ctrl Pts',(-32.6628597844567,3.68270803018075,25.0000596412032));
#11085=CARTESIAN_POINT('Ctrl Pts',(-32.5613432625838,3.73684133642742,25.0000578042459));
#11086=CARTESIAN_POINT('Ctrl Pts',(-32.4577517775575,3.78702100968756,25.0000558406416));
#11087=CARTESIAN_POINT('Ctrl Pts',(-32.4044155936484,3.81285703550399,25.00005482964));
#11088=CARTESIAN_POINT('Ctrl Pts',(-32.3505292053638,3.8376445606268,25.0000537906415));
#11089=CARTESIAN_POINT('Ctrl Pts',(-32.2961234859534,3.86137193722216,25.0000526099392));
#11090=CARTESIAN_POINT('Ctrl Pts',(-32.17073858185,3.91605469615402,25.0000498888605));
#11091=CARTESIAN_POINT('Ctrl Pts',(-32.0430183242037,3.96492613584221,25.0000466023939));
#11092=CARTESIAN_POINT('Ctrl Pts',(-31.9133755019904,4.00792573598635,25.0000425847741));
#11093=CARTESIAN_POINT('Ctrl Pts',(-31.7831769733866,4.05110965140673,25.000038549933));
#11094=CARTESIAN_POINT('Ctrl Pts',(-31.6510386241734,4.08837150213694,25.0000338097563));
#11095=CARTESIAN_POINT('Ctrl Pts',(-31.5173611939017,4.11960080292454,25.000028732445));
#11096=CARTESIAN_POINT('Ctrl Pts',(-31.4833350961377,4.1275498728576,25.0000274400721));
#11097=CARTESIAN_POINT('Ctrl Pts',(-31.4492092255754,4.13510783673709,25.0000261271744));
#11098=CARTESIAN_POINT('Ctrl Pts',(-31.4149901016001,4.14227233934108,25.0000248014557));
#11099=CARTESIAN_POINT('Ctrl Pts',(-31.2805117766523,4.17042824157759,25.0000195914909));
#11100=CARTESIAN_POINT('Ctrl Pts',(-31.1449085346115,4.1924455553824,25.0000142032964));
#11101=CARTESIAN_POINT('Ctrl Pts',(-31.0085861130756,4.2082352319193,25.0000097940746));
#11102=CARTESIAN_POINT('Ctrl Pts',(-30.873296357635,4.22390529890531,25.0000054182535));
#11103=CARTESIAN_POINT('Ctrl Pts',(-30.7372975320897,4.23344184075143,25.0000020382137));
#11104=CARTESIAN_POINT('Ctrl Pts',(-30.6009792886031,4.23670725679411,25.0000008452068));
#11105=CARTESIAN_POINT('Ctrl Pts',(-30.5656358495292,4.23755388619604,25.0000005358941));
#11106=CARTESIAN_POINT('Ctrl Pts',(-30.5302709348072,4.23797868835735,25.000000372529));
#11107=CARTESIAN_POINT('Ctrl Pts',(-30.4948913531906,4.23797868835735,25.000000372529));
#11108=CARTESIAN_POINT('Ctrl Pts',(19.2526016727069,7.23797868835777,93.4101236131631));
#11109=CARTESIAN_POINT('Ctrl Pts',(21.1788792707496,7.23797868835773,87.089619009929));
#11110=CARTESIAN_POINT('Ctrl Pts',(23.4999526813901,7.23797868835767,77.4844494349906));
#11111=CARTESIAN_POINT('Ctrl Pts',(27.2513516596241,7.23797868835753,54.748459255257));
#11112=CARTESIAN_POINT('Ctrl Pts',(27.999189905582,7.23797868835743,38.167344271748));
#11113=CARTESIAN_POINT('Ctrl Pts',(27.385503998743,7.23797868835735,25.000000372529));
#11114=CARTESIAN_POINT('Ctrl Pts',(20.2169567533731,7.23797868835777,93.7040266644314));
#11115=CARTESIAN_POINT('Ctrl Pts',(22.137430335613,7.23824107669442,87.3394907001819));
#11116=CARTESIAN_POINT('Ctrl Pts',(24.4528421912013,7.23792444921338,77.6811821946611));
#11117=CARTESIAN_POINT('Ctrl Pts',(28.1980465810038,7.238124584416,54.8339853628315));
#11118=CARTESIAN_POINT('Ctrl Pts',(28.9453746822286,7.23801637742907,38.1816787581729));
#11119=CARTESIAN_POINT('Ctrl Pts',(28.3324032682528,7.23797868835735,24.9558685611826));
#11120=CARTESIAN_POINT('Ctrl Pts',(22.144834546508,7.86744785807288,94.2915790890874));
#11121=CARTESIAN_POINT('Ctrl Pts',(24.0532844792469,7.84348197744289,87.8385591642243));
#11122=CARTESIAN_POINT('Ctrl Pts',(26.3580574123632,7.82184902491405,78.0747405901012));
#11123=CARTESIAN_POINT('Ctrl Pts',(30.09056004799,7.79214656635156,55.0044933063376));
#11124=CARTESIAN_POINT('Ctrl Pts',(30.837093112434,7.7881776113711,38.2107143593823));
#11125=CARTESIAN_POINT('Ctrl Pts',(30.2256179337438,7.79234615054804,24.8676321508841));
#11126=CARTESIAN_POINT('Ctrl Pts',(23.6953428266264,9.94468281964143,94.764121956004));
#11127=CARTESIAN_POINT('Ctrl Pts',(25.6250182970652,9.85209656797597,88.2494650341054));
#11128=CARTESIAN_POINT('Ctrl Pts',(27.9483862048124,9.76706916502074,78.4038404702814));
#11129=CARTESIAN_POINT('Ctrl Pts',(31.7083098108815,9.65000134175279,55.1521487572338));
#11130=CARTESIAN_POINT('Ctrl Pts',(32.4591207536146,9.63403149962065,38.2351458897551));
#11131=CARTESIAN_POINT('Ctrl Pts',(31.8435643496979,9.65055694334898,24.7922250740209));
#11132=CARTESIAN_POINT('Ctrl Pts',(24.2021735339616,12.4406638826148,94.9185869392334));
#11133=CARTESIAN_POINT('Ctrl Pts',(26.1885684562199,12.2875433210626,88.399067847049));
#11134=CARTESIAN_POINT('Ctrl Pts',(28.5629656873223,12.1441033327618,78.5320116400812));
#11135=CARTESIAN_POINT('Ctrl Pts',(32.394265455747,11.9451065753525,55.2176291109494));
#11136=CARTESIAN_POINT('Ctrl Pts',(33.1549109239822,11.9173324329551,38.2449758939036));
#11137=CARTESIAN_POINT('Ctrl Pts',(32.5291880272656,11.945659564073,24.760270445089));
#11138=CARTESIAN_POINT('Ctrl Pts',(23.8402787169922,13.9742678037329,94.8082935493007));
#11139=CARTESIAN_POINT('Ctrl Pts',(25.8779627487696,13.8030171557445,88.3200303229748));
#11140=CARTESIAN_POINT('Ctrl Pts',(28.3006428198083,13.6392956956477,78.4791377939759));
#11141=CARTESIAN_POINT('Ctrl Pts',(32.1974338581556,13.4103275867211,55.2024170945378));
#11142=CARTESIAN_POINT('Ctrl Pts',(32.9672462817178,13.3776345779923,38.2418593900593));
#11143=CARTESIAN_POINT('Ctrl Pts',(32.3322813398164,13.4104995640546,24.7694476079226));
#11144=CARTESIAN_POINT('Ctrl Pts',(23.3392583410786,14.8356752524053,94.6555993600121));
#11145=CARTESIAN_POINT('Ctrl Pts',(25.4124431746771,14.6691503777706,88.2003845148695));
#11146=CARTESIAN_POINT('Ctrl Pts',(27.8683855631728,14.5059511510562,78.3904979437043));
#11147=CARTESIAN_POINT('Ctrl Pts',(31.8117555265121,14.2765470768366,55.1699308307344));
#11148=CARTESIAN_POINT('Ctrl Pts',(32.5879033489544,14.2429011312512,38.2354190615639));
#11149=CARTESIAN_POINT('Ctrl Pts',(31.9463024011632,14.2760990623068,24.7874367966915));
#11150=CARTESIAN_POINT('',(23.2913153019984,8.23797868835776,90.2737663250024));
#11151=CARTESIAN_POINT('Ctrl Pts',(23.2913153019984,8.23797868835776,90.2737663250024));
#11152=CARTESIAN_POINT('Ctrl Pts',(23.2943020412193,8.24041926032114,90.2751709804895));
#11153=CARTESIAN_POINT('Ctrl Pts',(23.2972839105267,8.24286362221263,90.2765811122904));
#11154=CARTESIAN_POINT('Ctrl Pts',(23.6250272046931,8.5123841795372,90.4324247715751));
#11155=CARTESIAN_POINT('Ctrl Pts',(23.9066613157124,8.83719453812666,90.6583726849554));
#11156=CARTESIAN_POINT('Ctrl Pts',(24.33028770496,9.56590348770729,91.1948813203193));
#11157=CARTESIAN_POINT('Ctrl Pts',(24.4682412920894,9.94108299700825,91.4812849585086));
#11158=CARTESIAN_POINT('Ctrl Pts',(24.6208125504236,10.665772577111,92.047667977533));
#11159=CARTESIAN_POINT('Ctrl Pts',(24.6335961673546,10.9744198350758,92.2954732283228));
#11160=CARTESIAN_POINT('Ctrl Pts',(24.6203677937638,11.2655874582922,92.5671688194205));
#11161=CARTESIAN_POINT('Ctrl Pts',(24.6118725388368,11.3546244509353,92.6559837961587));
#11162=CARTESIAN_POINT('Ctrl Pts',(24.5877023724156,11.469651774953,92.8071874181629));
#11163=CARTESIAN_POINT('Ctrl Pts',(24.576354426594,11.5009902686883,92.8624545058936));
#11164=CARTESIAN_POINT('Ctrl Pts',(24.5590384838831,11.5275711206001,92.9355343824252));
#11165=CARTESIAN_POINT('Ctrl Pts',(24.5534473557706,11.5336133306989,92.9577330830104));
#11166=CARTESIAN_POINT('Ctrl Pts',(24.5449474140507,11.5387649223878,92.9894028491679));
#11167=CARTESIAN_POINT('Ctrl Pts',(24.5424638107313,11.5398503778,92.9984398581796));
#11168=CARTESIAN_POINT('Ctrl Pts',(24.538088958989,11.5410314400177,93.0139863476208));
#11169=CARTESIAN_POINT('Ctrl Pts',(24.5362364447738,11.5413199260234,93.0204616696294));
#11170=CARTESIAN_POINT('Ctrl Pts',(24.5326382197116,11.5414779462295,93.032834854349));
#11171=CARTESIAN_POINT('Ctrl Pts',(24.5309016143845,11.5413826348939,93.0387194400977));
#11172=CARTESIAN_POINT('Ctrl Pts',(24.5263186175896,11.5406916060988,93.0540258869579));
#11173=CARTESIAN_POINT('Ctrl Pts',(24.5234479409106,11.5398299678913,93.0633957246889));
#11174=CARTESIAN_POINT('Ctrl Pts',(24.5132662599112,11.5353535543726,93.0958987486797));
#11175=CARTESIAN_POINT('Ctrl Pts',(24.5058162823472,11.5295997306224,93.1184110725798));
#11176=CARTESIAN_POINT('Ctrl Pts',(24.479757832044,11.5028309600462,93.1934591166238));
#11177=CARTESIAN_POINT('Ctrl Pts',(24.4582029356464,11.4694326844365,93.2496159822488));
#11178=CARTESIAN_POINT('Ctrl Pts',(24.4164322954487,11.3903382777955,93.3449062395127));
#11179=CARTESIAN_POINT('Ctrl Pts',(24.4008893813114,11.3587482570916,93.3781470458002));
#11180=CARTESIAN_POINT('Ctrl Pts',(24.3850420665672,11.3256405034517,93.4101236131852));
#11181=CARTESIAN_POINT('',(20.2186475465448,7.32488560409141,93.4101322962252));
#11182=CARTESIAN_POINT('Ctrl Pts',(19.2526016727069,7.23797868835777,93.4101236131631));
#11183=CARTESIAN_POINT('Ctrl Pts',(19.4045359380811,7.23797868835777,93.4101236131631));
#11184=CARTESIAN_POINT('Ctrl Pts',(19.5562215811973,7.244515951015,93.4101239791551));
#11185=CARTESIAN_POINT('Ctrl Pts',(19.7072462614765,7.25738898415486,93.4101254717889));
#11186=CARTESIAN_POINT('Ctrl Pts',(19.8606509860376,7.27046488737437,93.4101269879457));
#11187=CARTESIAN_POINT('Ctrl Pts',(20.0133744465158,7.29007792033076,93.4101298772175));
#11188=CARTESIAN_POINT('Ctrl Pts',(20.164983441792,7.31607007022219,93.410137325578));
#11189=CARTESIAN_POINT('Ctrl Pts',(20.1828912123104,7.31914021427723,93.4101382053644));
#11190=CARTESIAN_POINT('Ctrl Pts',(20.2007834255231,7.32229941816746,93.4101391492721));
#11191=CARTESIAN_POINT('Ctrl Pts',(20.2186593593764,7.32554746854025,93.4101401625294));
#11192=CARTESIAN_POINT('',(19.9768382980952,7.25369526083629,92.3777055485136));
#11193=CARTESIAN_POINT('Ctrl Pts',(20.2186593592542,7.32554746922647,93.4101401754004));
#11194=CARTESIAN_POINT('Ctrl Pts',(20.173732425683,7.31239614974715,93.319511675584));
#11195=CARTESIAN_POINT('Ctrl Pts',(20.1345631288494,7.30162318437547,93.2256201385813));
#11196=CARTESIAN_POINT('Ctrl Pts',(20.1015606994004,7.29271606550928,93.1289648089237));
#11197=CARTESIAN_POINT('Ctrl Pts',(20.0732058194132,7.28506328688967,93.0459209143279));
#11198=CARTESIAN_POINT('Ctrl Pts',(20.0495863040848,7.27883525744274,92.9613756675087));
#11199=CARTESIAN_POINT('Ctrl Pts',(20.0308138934523,7.27369076207175,92.8757697560714));
#11200=CARTESIAN_POINT('Ctrl Pts',(20.0128761413231,7.26877500113933,92.7939700527611));
#11201=CARTESIAN_POINT('Ctrl Pts',(19.9993635183508,7.264848181955,92.7112016750309));
#11202=CARTESIAN_POINT('Ctrl Pts',(19.9903549474008,7.26165358261041,92.6278391638767));
#11203=CARTESIAN_POINT('Ctrl Pts',(19.9814006805144,7.25847824045181,92.5449791656228));
#11204=CARTESIAN_POINT('Ctrl Pts',(19.9768959952082,7.25602572958766,92.4615320359253));
#11205=CARTESIAN_POINT('Ctrl Pts',(19.9769057915369,7.25409284331351,92.3778581530198));
#11206=CARTESIAN_POINT('Ctrl Pts',(19.9768382980952,7.25369526083629,92.3777055479153));
#11207=CARTESIAN_POINT('Ctrl Pts',(19.9768382980962,7.25365464473249,92.3759100586652));
#11208=CARTESIAN_POINT('Ctrl Pts',(19.9768403779563,7.25361426595362,92.3741144662837));
#11209=CARTESIAN_POINT('Ctrl Pts',(19.977047926053,7.25161167856252,92.2845343269765));
#11210=CARTESIAN_POINT('Ctrl Pts',(19.9822234490355,7.25021228062099,92.1968148582762));
#11211=CARTESIAN_POINT('Ctrl Pts',(20.0009640936231,7.24835052246924,92.0353828171805));
#11212=CARTESIAN_POINT('Ctrl Pts',(20.0131528359587,7.24778172107289,91.9616207418175));
#11213=CARTESIAN_POINT('Ctrl Pts',(20.0393981657796,7.24721506738689,91.8396598435497));
#11214=CARTESIAN_POINT('Ctrl Pts',(20.0515011666673,7.24709176061678,91.7910954690905));
#11215=CARTESIAN_POINT('Ctrl Pts',(20.0782592936969,7.24704237878704,91.6968067919382));
#11216=CARTESIAN_POINT('Ctrl Pts',(20.0927828843255,7.24710846254457,91.6510688740826));
#11217=CARTESIAN_POINT('Ctrl Pts',(20.1302218543331,7.24748275953635,91.5446958190023));
#11218=CARTESIAN_POINT('Ctrl Pts',(20.1542790433466,7.2478665909816,91.4845022744722));
#11219=CARTESIAN_POINT('Ctrl Pts',(20.2387860189641,7.24972119906553,91.2962850595418));
#11220=CARTESIAN_POINT('Ctrl Pts',(20.3084244168816,7.25190117372202,91.172741715584));
#11221=CARTESIAN_POINT('Ctrl Pts',(20.5494401032015,7.26329972397119,90.8238079795526));
#11222=CARTESIAN_POINT('Ctrl Pts',(20.7508135015101,7.27698038323038,90.623042984622));
#11223=CARTESIAN_POINT('Ctrl Pts',(21.1975551335492,7.33505940644364,90.3150123382392));
#11224=CARTESIAN_POINT('Ctrl Pts',(21.4340255304424,7.37704610607924,90.2056520425502));
#11225=CARTESIAN_POINT('Ctrl Pts',(21.9585439194944,7.51412133288514,90.0601234474255));
#11226=CARTESIAN_POINT('Ctrl Pts',(22.2379521031159,7.61275989017489,90.0380196796319));
#11227=CARTESIAN_POINT('Ctrl Pts',(22.7940608233919,7.87972282540211,90.0871208323116));
#11228=CARTESIAN_POINT('Ctrl Pts',(23.0576318454324,8.04702753720872,90.1638656188342));
#11229=CARTESIAN_POINT('Ctrl Pts',(23.2913153019984,8.23797868835776,90.2737663250024));
#11230=CARTESIAN_POINT('Origin',(24.8327849547306,7.23797868835777,93.4101236131631));
#11231=CARTESIAN_POINT('',(20.2186345296125,1.23797868835776,93.4101236131632));
#11232=CARTESIAN_POINT('Origin',(64.9149098298199,-294.713609150333,36.5357294742691));
#11233=CARTESIAN_POINT('Origin',(64.9149098298199,-294.713609150333,36.5357294742691));
#11234=CARTESIAN_POINT('Origin',(21.0827849547306,5.7379786883578,98.6601236131631));
#11235=CARTESIAN_POINT('Origin',(36.0000005364418,0.,25.000000372529));
#11236=CARTESIAN_POINT('Origin',(0.,0.,25.));
#11237=CARTESIAN_POINT('Origin',(22.2367560743386,19.2379786883572,-1.68067937094979));
#11238=CARTESIAN_POINT('Origin',(22.2367560743386,4.23797868835719,-1.6806793709497));
#11239=CARTESIAN_POINT('',(21.0380510161378,4.23797868835718,-2.58240337719753));
#11240=CARTESIAN_POINT('Origin',(22.2367560743386,4.23797868835719,-1.6806793709497));
#11241=CARTESIAN_POINT('',(21.0380510161378,19.2379786883572,-2.58240337719762));
#11242=CARTESIAN_POINT('Origin',(-25.1279734087374,7.23797868835718,-2.58240337719754));
#11243=CARTESIAN_POINT('',(-23.7280660698977,-0.348178283956819,-2.5824033771975));
#11244=CARTESIAN_POINT('',(-23.7353297712333,19.2379786883572,-2.58240337719762));
#11245=CARTESIAN_POINT('Origin',(-22.6583840842489,19.2379786883572,-1.53828270060621));
#11246=CARTESIAN_POINT('',(-23.4472952250183,-0.348178283956805,-0.262500896389632));
#11247=CARTESIAN_POINT('Origin',(24.8327849547305,4.23797868835718,-2.58240337719753));
#11248=CARTESIAN_POINT('',(24.8327849547305,4.23797868835718,-2.58240337719753));
#11249=CARTESIAN_POINT('Origin',(-22.5577851155701,-0.348178283956813,-1.54709730658747));
#11250=CARTESIAN_POINT('Origin',(-25.1279734087374,4.23797868835777,93.4101236131631));
#11251=CARTESIAN_POINT('',(-20.4606194334827,7.37516033251596,93.4101655054388));
#11252=CARTESIAN_POINT('',(-20.4605378229968,1.23797868835776,93.4101236131632));
#11253=CARTESIAN_POINT('Ctrl Pts',(-20.4606195163098,7.37516210952343,93.4101655479556));
#11254=CARTESIAN_POINT('Ctrl Pts',(-20.3097053340715,7.3406625288416,93.4101488002411));
#11255=CARTESIAN_POINT('Ctrl Pts',(-20.1574373359201,7.31256173476261,93.4101387119862));
#11256=CARTESIAN_POINT('Ctrl Pts',(-20.0042677234049,7.29096999737418,93.4101328528954));
#11257=CARTESIAN_POINT('Ctrl Pts',(-19.8523906623908,7.26956046605206,93.4101270432476));
#11258=CARTESIAN_POINT('Ctrl Pts',(-19.6996264191423,7.25455045692614,93.4101251720982));
#11259=CARTESIAN_POINT('Ctrl Pts',(-19.5464051573441,7.24609706504512,93.4101243077197));
#11260=CARTESIAN_POINT('Ctrl Pts',(-19.4486198094409,7.24070213580132,93.4101237560759));
#11261=CARTESIAN_POINT('Ctrl Pts',(-19.3506481383009,7.23797868835777,93.4101236131631));
#11262=CARTESIAN_POINT('Ctrl Pts',(-19.2526016727069,7.23797868835777,93.4101236131631));
#11263=CARTESIAN_POINT('Origin',(-22.5999994948506,1.23797868835776,92.4999979324639));
#11264=CARTESIAN_POINT('',(-24.9249994948506,12.3379786883578,92.4999979324639));
#11265=CARTESIAN_POINT('',(-24.9249994948506,1.23797868835776,92.4999979324639));
#11266=CARTESIAN_POINT('Origin',(-22.5999994948506,12.3379786883578,92.4999979324639));
#11267=CARTESIAN_POINT('',(-23.2899895129939,8.23810549092909,90.2803411854399));
#11268=CARTESIAN_POINT('Ctrl Pts',(-23.2903674624611,8.23825936305655,90.2811863576649));
#11269=CARTESIAN_POINT('Ctrl Pts',(-23.233124458847,8.19319367696853,90.2634079862174));
#11270=CARTESIAN_POINT('Ctrl Pts',(-23.1743285752591,8.14955147548369,90.2475775077895));
#11271=CARTESIAN_POINT('Ctrl Pts',(-23.1140375583491,8.10742733645554,90.2339441288137));
#11272=CARTESIAN_POINT('Ctrl Pts',(-23.0305515304413,8.04909730278318,90.2150657499775));
#11273=CARTESIAN_POINT('Ctrl Pts',(-22.9441983116436,7.99367999543553,90.2004002637699));
#11274=CARTESIAN_POINT('Ctrl Pts',(-22.8552191331794,7.94128612957784,90.1906294263194));
#11275=CARTESIAN_POINT('Ctrl Pts',(-22.8422230611295,7.9336336150524,90.1892023227016));
#11276=CARTESIAN_POINT('Ctrl Pts',(-22.8291709974805,7.92604551253405,90.1878796349404));
#11277=CARTESIAN_POINT('Ctrl Pts',(-22.8160637194077,7.91852207807521,90.1866634860744));
#11278=CARTESIAN_POINT('Ctrl Pts',(-22.7292494015229,7.86869160777714,90.1786084853591));
#11279=CARTESIAN_POINT('Ctrl Pts',(-22.6406411809741,7.82206447154157,90.1752898008969));
#11280=CARTESIAN_POINT('Ctrl Pts',(-22.5506451917151,7.77861491036323,90.177227388492));
#11281=CARTESIAN_POINT('Ctrl Pts',(-22.4606492024561,7.7351653491849,90.179164976087));
#11282=CARTESIAN_POINT('Ctrl Pts',(-22.3692661050669,7.69489318094586,90.1863589488645));
#11283=CARTESIAN_POINT('Ctrl Pts',(-22.2768956839501,7.65771125971099,90.1993263423376));
#11284=CARTESIAN_POINT('Ctrl Pts',(-22.1897505144857,7.62263266217023,90.2115601904467));
#11285=CARTESIAN_POINT('Ctrl Pts',(-22.102681186927,7.59068802968196,90.2288034545091));
#11286=CARTESIAN_POINT('Ctrl Pts',(-22.0161956800996,7.56164045776995,90.2512161405041));
#11287=CARTESIAN_POINT('Ctrl Pts',(-21.926844995979,7.53163056920491,90.2743713360981));
#11288=CARTESIAN_POINT('Ctrl Pts',(-21.8381178979734,7.50471241295819,90.303044183167));
#11289=CARTESIAN_POINT('Ctrl Pts',(-21.7505391930441,7.48058097786727,90.3374053881419));
#11290=CARTESIAN_POINT('Ctrl Pts',(-21.6931448829806,7.46476655050158,90.3599238491545));
#11291=CARTESIAN_POINT('Ctrl Pts',(-21.6362430254257,7.45014805598747,90.3848852099914));
#11292=CARTESIAN_POINT('Ctrl Pts',(-21.5799723486217,7.4366317309956,90.4123361789757));
#11293=CARTESIAN_POINT('Ctrl Pts',(-21.4934082274835,7.4158388623046,90.4545654383249));
#11294=CARTESIAN_POINT('Ctrl Pts',(-21.4093024442265,7.39788651158367,90.5022513933531));
#11295=CARTESIAN_POINT('Ctrl Pts',(-21.3282577986136,7.38231692811913,90.5551640621177));
#11296=CARTESIAN_POINT('Ctrl Pts',(-21.2482612231696,7.3669486906639,90.6073924637198));
#11297=CARTESIAN_POINT('Ctrl Pts',(-21.1712465800709,7.353900659201,90.6647131409725));
#11298=CARTESIAN_POINT('Ctrl Pts',(-21.0977475172666,7.34274992929475,90.7268999504669));
#11299=CARTESIAN_POINT('Ctrl Pts',(-21.0649275584718,7.33777072980442,90.7546685837979));
#11300=CARTESIAN_POINT('Ctrl Pts',(-21.0328080174496,7.33317019362385,90.7834074405379));
#11301=CARTESIAN_POINT('Ctrl Pts',(-21.001433838141,7.32891290207293,90.8130961650227));
#11302=CARTESIAN_POINT('Ctrl Pts',(-20.940315851073,7.32061955079848,90.8709308277651));
#11303=CARTESIAN_POINT('Ctrl Pts',(-20.882377115516,7.31367339547501,90.9320491784693));
#11304=CARTESIAN_POINT('Ctrl Pts',(-20.8278972168272,7.30780724835232,90.9961568575931));
#11305=CARTESIAN_POINT('Ctrl Pts',(-20.775274075403,7.30214102838711,91.0580796501479));
#11306=CARTESIAN_POINT('Ctrl Pts',(-20.7258776246005,7.29748221033591,91.1227914188375));
#11307=CARTESIAN_POINT('Ctrl Pts',(-20.6799441638682,7.29363542838363,91.1900256712344));
#11308=CARTESIAN_POINT('Ctrl Pts',(-20.6503235007438,7.29115479159936,91.2333823682679));
#11309=CARTESIAN_POINT('Ctrl Pts',(-20.6221426101218,7.28901276012149,91.277788006642));
#11310=CARTESIAN_POINT('Ctrl Pts',(-20.5954622657038,7.28716824403383,91.3231709962826));
#11311=CARTESIAN_POINT('Ctrl Pts',(-20.5562864647725,7.28445986838723,91.3898086280903));
#11312=CARTESIAN_POINT('Ctrl Pts',(-20.5204576916388,7.28239827171341,91.4583676479004));
#11313=CARTESIAN_POINT('Ctrl Pts',(-20.4881178569748,7.28088394547963,91.5285762648964));
#11314=CARTESIAN_POINT('Ctrl Pts',(-20.4759349328306,7.28031347498009,91.555024954694));
#11315=CARTESIAN_POINT('Ctrl Pts',(-20.464247072334,7.2798211899295,91.5817077400695));
#11316=CARTESIAN_POINT('Ctrl Pts',(-20.4530616345899,7.27940368748865,91.6086100671762));
#11317=CARTESIAN_POINT('Ctrl Pts',(-20.4311402099149,7.27858545859873,91.6613337379656));
#11318=CARTESIAN_POINT('Ctrl Pts',(-20.4111682283878,7.27805417189709,91.7148534092702));
#11319=CARTESIAN_POINT('Ctrl Pts',(-20.3931893675577,7.27779480517159,91.7690537674616));
#11320=CARTESIAN_POINT('Ctrl Pts',(-20.3785150396473,7.27758311031423,91.8132920446512));
#11321=CARTESIAN_POINT('Ctrl Pts',(-20.3651750102366,7.2775529542905,91.8579640074229));
#11322=CARTESIAN_POINT('Ctrl Pts',(-20.3531885123183,7.27770377607107,91.9030053872382));
#11323=CARTESIAN_POINT('Ctrl Pts',(-20.3395192495748,7.27787577147458,91.9543700526496));
#11324=CARTESIAN_POINT('Ctrl Pts',(-20.3276169501057,7.27828281012054,92.0061900204536));
#11325=CARTESIAN_POINT('Ctrl Pts',(-20.317503542294,7.27893493873817,92.0583682772852));
#11326=CARTESIAN_POINT('Ctrl Pts',(-20.3028610899188,7.27987910735114,92.1339133017612));
#11327=CARTESIAN_POINT('Ctrl Pts',(-20.2919839868746,7.28133385714121,92.2101311266069));
#11328=CARTESIAN_POINT('Ctrl Pts',(-20.2849096750203,7.28337121717059,92.2867224424842));
#11329=CARTESIAN_POINT('Ctrl Pts',(-20.2837765970628,7.2836975369298,92.2989899157802));
#11330=CARTESIAN_POINT('Ctrl Pts',(-20.2827410623949,7.28403891047868,92.3112669644014));
#11331=CARTESIAN_POINT('Ctrl Pts',(-20.2818032097213,7.28439575597636,92.3235523511102));
#11332=CARTESIAN_POINT('Ctrl Pts',(-20.2756553883388,7.2867349532115,92.4040856429942));
#11333=CARTESIAN_POINT('Ctrl Pts',(-20.2737208768694,7.28972624777824,92.4847123104013));
#11334=CARTESIAN_POINT('Ctrl Pts',(-20.2759594093089,7.29350811436447,92.5650990914676));
#11335=CARTESIAN_POINT('Ctrl Pts',(-20.2782465304798,7.29737206870436,92.6472307173432));
#11336=CARTESIAN_POINT('Ctrl Pts',(-20.2848901013723,7.30206160176579,92.7291120621141));
#11337=CARTESIAN_POINT('Ctrl Pts',(-20.2958349486233,7.30777768878422,92.8103810311622));
#11338=CARTESIAN_POINT('Ctrl Pts',(-20.3071058146963,7.31366404331879,92.8940707935703));
#11339=CARTESIAN_POINT('Ctrl Pts',(-20.3229384482804,7.32063936581057,92.9771113423228));
#11340=CARTESIAN_POINT('Ctrl Pts',(-20.3432542707773,7.32897403848861,93.0590977860074));
#11341=CARTESIAN_POINT('Ctrl Pts',(-20.3479743570239,7.33091047861466,93.0781461452503));
#11342=CARTESIAN_POINT('Ctrl Pts',(-20.3529363525686,7.33292049365401,93.097137557837));
#11343=CARTESIAN_POINT('Ctrl Pts',(-20.3581390955211,7.33500781885369,93.1160668581573));
#11344=CARTESIAN_POINT('Ctrl Pts',(-20.383839395936,7.34531870393596,93.2095730546616));
#11345=CARTESIAN_POINT('Ctrl Pts',(-20.4152082996108,7.35743060770803,93.3008132566657));
#11346=CARTESIAN_POINT('Ctrl Pts',(-20.4518842389757,7.37174900791,93.3893618168333));
#11347=CARTESIAN_POINT('Ctrl Pts',(-20.4547633762958,7.37287303202774,93.3963130624903));
#11348=CARTESIAN_POINT('Ctrl Pts',(-20.4576751973948,7.3740106654611,93.4032477100124));
#11349=CARTESIAN_POINT('Ctrl Pts',(-20.4606195163098,7.37516210952342,93.4101655479556));
#11350=CARTESIAN_POINT('',(-24.8751486175084,12.3379786883578,92.0211227194181));
#11351=CARTESIAN_POINT('Ctrl Pts',(-24.8751486175084,12.3379786883578,92.0211227194183));
#11352=CARTESIAN_POINT('Ctrl Pts',(-24.8755051160116,12.2975531704807,92.0228164534742));
#11353=CARTESIAN_POINT('Ctrl Pts',(-24.8756447584815,12.257143644838,92.0234858438259));
#11354=CARTESIAN_POINT('Ctrl Pts',(-24.8748038742609,11.8081703312905,92.0194732709372));
#11355=CARTESIAN_POINT('Ctrl Pts',(-24.8548960493024,11.4255518214993,91.9101399310005));
#11356=CARTESIAN_POINT('Ctrl Pts',(-24.7476690241709,10.651628931117,91.5932071352537));
#11357=CARTESIAN_POINT('Ctrl Pts',(-24.6528615255119,10.2417016454281,91.3720407445497));
#11358=CARTESIAN_POINT('Ctrl Pts',(-24.3145416548366,9.41492086854631,90.9022870902479));
#11359=CARTESIAN_POINT('Ctrl Pts',(-24.0817562252629,9.03713117422406,90.6760496804402));
#11360=CARTESIAN_POINT('Ctrl Pts',(-23.6389969668164,8.53877960361669,90.4128547575845));
#11361=CARTESIAN_POINT('Ctrl Pts',(-23.4726585395181,8.38161946377845,90.3364814732883));
#11362=CARTESIAN_POINT('Ctrl Pts',(-23.2896780533093,8.23797868835774,90.2796446979531));
#11363=CARTESIAN_POINT('Origin',(-22.5999994948506,12.3379786883578,92.4999979324639));
#11364=CARTESIAN_POINT('Origin',(22.3018382980952,1.23797868835776,92.377705549112));
#11365=CARTESIAN_POINT('',(19.9768382980952,1.23797868835776,92.377705549112));
#11366=CARTESIAN_POINT('Origin',(24.8269926996461,3.99711241173601,93.4101236131631));
#11367=CARTESIAN_POINT('Ctrl Pts',(-27.385503998743,7.23797868835735,25.000000372529));
#11368=CARTESIAN_POINT('Ctrl Pts',(-27.8457684288723,7.23797868835741,34.8755082969433));
#11369=CARTESIAN_POINT('Ctrl Pts',(-27.4744922806574,7.23797868835752,51.421809935026));
#11370=CARTESIAN_POINT('Ctrl Pts',(-24.2722071107022,7.23797868835765,74.2909423149688));
#11371=CARTESIAN_POINT('Ctrl Pts',(-21.1788792707497,7.23797868835773,87.0896190099289));
#11372=CARTESIAN_POINT('Ctrl Pts',(-19.2526016727069,7.23797868835777,93.4101236131631));
#11373=CARTESIAN_POINT('Ctrl Pts',(-28.3324032682528,7.23797868835735,24.9558685611826));
#11374=CARTESIAN_POINT('Ctrl Pts',(-28.7921318287347,7.23800695516114,34.8752262089253));
#11375=CARTESIAN_POINT('Ctrl Pts',(-28.4212022883496,7.23807690704546,51.4934619746809));
#11376=CARTESIAN_POINT('Ctrl Pts',(-25.2233535838672,7.23792378993072,74.4700863848829));
#11377=CARTESIAN_POINT('Ctrl Pts',(-22.137430335613,7.23824107669441,87.3394907001819));
#11378=CARTESIAN_POINT('Ctrl Pts',(-20.2169567533731,7.23797868835777,93.7040266644314));
#11379=CARTESIAN_POINT('Ctrl Pts',(-30.2256179337438,7.79234615054805,24.8676321508841));
#11380=CARTESIAN_POINT('Ctrl Pts',(-30.6842243177615,7.78921974616534,34.8749438072578));
#11381=CARTESIAN_POINT('Ctrl Pts',(-30.313845265007,7.79136611445081,51.6363596266097));
#11382=CARTESIAN_POINT('Ctrl Pts',(-27.1251029813499,7.81476261739403,74.828502220837));
#11383=CARTESIAN_POINT('Ctrl Pts',(-24.0532844792469,7.84348197744289,87.8385591642243));
#11384=CARTESIAN_POINT('Ctrl Pts',(-22.1448345465081,7.86744785807288,94.2915790890875));
#11385=CARTESIAN_POINT('Ctrl Pts',(-31.843564349698,9.65055694334898,24.7922250740209));
#11386=CARTESIAN_POINT('Ctrl Pts',(-32.3052316526354,9.63816286055273,34.8744156858215));
#11387=CARTESIAN_POINT('Ctrl Pts',(-31.9326359706607,9.64676869403297,51.759630925911));
#11388=CARTESIAN_POINT('Ctrl Pts',(-28.7216062530386,9.7392491135372,75.1304200358368));
#11389=CARTESIAN_POINT('Ctrl Pts',(-25.6250182970652,9.85209656797596,88.2494650341054));
#11390=CARTESIAN_POINT('Ctrl Pts',(-23.6953428266264,9.94468281964142,94.764121956004));
#11391=CARTESIAN_POINT('Ctrl Pts',(-32.5291880272656,11.945659564073,24.760270445089));
#11392=CARTESIAN_POINT('Ctrl Pts',(-32.9984801998031,11.9244142157346,34.8737995317));
#11393=CARTESIAN_POINT('Ctrl Pts',(-32.6206189271297,11.9392950423014,51.8135878858422));
#11394=CARTESIAN_POINT('Ctrl Pts',(-29.3529923460409,12.0971329299134,75.2515279285466));
#11395=CARTESIAN_POINT('Ctrl Pts',(-26.1885684562199,12.2875433210626,88.399067847049));
#11396=CARTESIAN_POINT('Ctrl Pts',(-24.2021735339617,12.4406638826148,94.9185869392334));
#11397=CARTESIAN_POINT('Ctrl Pts',(-32.3322813398164,13.4104995640546,24.7694476079226));
#11398=CARTESIAN_POINT('Ctrl Pts',(-32.8085050462425,13.3858508245079,34.8737564445251));
#11399=CARTESIAN_POINT('Ctrl Pts',(-32.42568234566,13.4032638732089,51.8001324316541));
#11400=CARTESIAN_POINT('Ctrl Pts',(-29.1063070057387,13.5856327592625,75.2071450594077));
#11401=CARTESIAN_POINT('Ctrl Pts',(-25.8779627487696,13.8030171557445,88.3200303229748));
#11402=CARTESIAN_POINT('Ctrl Pts',(-23.8402787169922,13.9742678037329,94.8082935493007));
#11403=CARTESIAN_POINT('Ctrl Pts',(-31.9463024011633,14.2760990623068,24.7874367966915));
#11404=CARTESIAN_POINT('Ctrl Pts',(-32.4275031120066,14.2512006140151,34.8734234953458));
#11405=CARTESIAN_POINT('Ctrl Pts',(-32.0412839629795,14.2690345573036,51.7723799349482));
#11406=CARTESIAN_POINT('Ctrl Pts',(-28.685032006465,14.4525195777785,75.1289269358001));
#11407=CARTESIAN_POINT('Ctrl Pts',(-25.4124431746771,14.6691503777706,88.2003845148695));
#11408=CARTESIAN_POINT('Ctrl Pts',(-23.3392583410786,14.8356752524053,94.6555993600122));
#11409=CARTESIAN_POINT('Ctrl Pts',(-24.4703794152487,12.3380218858816,93.409989840079));
#11410=CARTESIAN_POINT('Ctrl Pts',(-24.6068924315567,12.3379822668855,92.9477418516524));
#11411=CARTESIAN_POINT('Ctrl Pts',(-24.7415296537967,12.3379300493464,92.484900483719));
#11412=CARTESIAN_POINT('Ctrl Pts',(-24.8742730547345,12.3378728041771,92.0215827507986));
#11413=CARTESIAN_POINT('Origin',(-22.5999994948506,12.3379786883578,92.4999979324639));
#11414=CARTESIAN_POINT('Origin',(8.00000205636021,7.23797868835696,-39.5819794930202));
#11415=CARTESIAN_POINT('',(-8.29519051036701,11.237978688357,-39.5819794930203));
#11416=CARTESIAN_POINT('',(-8.29519051036701,12.737978688357,-39.5819794930203));
#11417=CARTESIAN_POINT('',(-8.29519051036701,7.23797868835696,-39.5819794930202));
#11418=CARTESIAN_POINT('',(-1.79519051036701,19.237978688357,-39.5819794930203));
#11419=CARTESIAN_POINT('Origin',(-1.79519051036701,12.737978688357,-39.5819794930203));
#11420=CARTESIAN_POINT('',(1.50000205636021,19.237978688357,-39.5819794930203));
#11421=CARTESIAN_POINT('',(-8.29519051036701,19.237978688357,-39.5819794930203));
#11422=CARTESIAN_POINT('',(8.00000205636021,12.737978688357,-39.5819794930203));
#11423=CARTESIAN_POINT('Origin',(1.50000205636021,12.737978688357,-39.5819794930203));
#11424=CARTESIAN_POINT('',(8.00000205636021,11.237978688357,-39.5819794930203));
#11425=CARTESIAN_POINT('',(8.00000205636021,7.23797868835696,-39.5819794930202));
#11426=CARTESIAN_POINT('Origin',(12.0000020563602,11.237978688357,-39.5819794930203));
#11427=CARTESIAN_POINT('Origin',(-12.295190510367,11.237978688357,-39.5819794930203));
#11428=CARTESIAN_POINT('',(3.06300875362107,13.6164968560081,-39.5819794930203));
#11429=CARTESIAN_POINT('Origin',(-0.111991246378942,13.6164968560081,-39.5819794930203));
#11430=CARTESIAN_POINT('Origin',(-8.29519051036701,11.2379786883572,-4.58197949302027));
#11431=CARTESIAN_POINT('',(-8.29519051036701,11.237978688357,-36.2379794185145));
#11432=CARTESIAN_POINT('',(-8.29519051036701,12.737978688357,-36.2379794185145));
#11433=CARTESIAN_POINT('',(-8.29519051036701,9.23797868835698,-36.2379794185145));
#11434=CARTESIAN_POINT('',(-8.29519051036701,12.7379786883572,-4.58197949302028));
#11435=CARTESIAN_POINT('',(-8.29519051036701,11.2379786883572,-4.58197949302027));
#11436=CARTESIAN_POINT('Origin',(-1.79519051036701,12.7379786883572,-4.58197949302028));
#11437=CARTESIAN_POINT('',(-1.79519051036701,19.237978688357,-36.2379794185145));
#11438=CARTESIAN_POINT('Origin',(-1.79519051036701,12.737978688357,-36.2379794185145));
#11439=CARTESIAN_POINT('',(-1.79519051036701,19.2379786883572,-4.58197949302032));
#11440=CARTESIAN_POINT('Origin',(-12.295190510367,11.2379786883572,-4.58197949302027));
#11441=CARTESIAN_POINT('',(-8.58709126681918,9.73797868835698,-36.2379794185145));
#11442=CARTESIAN_POINT('Origin',(-12.295190510367,11.237978688357,-36.2379794185145));
#11443=CARTESIAN_POINT('Ctrl Pts',(-8.58709126681918,9.73797868835698,-36.2379794185145));
#11444=CARTESIAN_POINT('Ctrl Pts',(-8.71837277293017,9.41344211935566,-36.2379794185145));
#11445=CARTESIAN_POINT('Ctrl Pts',(-8.90177418922254,9.09049982277557,-36.1718488198441));
#11446=CARTESIAN_POINT('Ctrl Pts',(-9.33474155926296,8.52455268939755,-35.9449109270633));
#11447=CARTESIAN_POINT('Ctrl Pts',(-9.5839991858287,8.28090511785025,-35.7851199619204));
#11448=CARTESIAN_POINT('Ctrl Pts',(-10.1837706196102,7.81039518341173,-35.3730283987193));
#11449=CARTESIAN_POINT('Ctrl Pts',(-10.5965842150258,7.58871450950564,-35.0643324289523));
#11450=CARTESIAN_POINT('Ctrl Pts',(-11.4496308857153,7.30257281693252,-34.4068207670575));
#11451=CARTESIAN_POINT('Ctrl Pts',(-11.8900340514828,7.23797868835699,-34.0582837232151));
#11452=CARTESIAN_POINT('Ctrl Pts',(-12.295190510367,7.23797868835699,-33.7379794185144));
#11453=CARTESIAN_POINT('Origin',(-0.111991246378942,13.6164968560083,-4.5819794930203));
#11454=CARTESIAN_POINT('',(3.06300875362107,13.6164968560081,-36.2379794185145));
#11455=CARTESIAN_POINT('',(3.06300875362107,13.6164968560083,-4.5819794930203));
#11456=CARTESIAN_POINT('Origin',(-0.111991246378942,13.6164968560081,-36.2379794185145));
#11457=CARTESIAN_POINT('Origin',(12.0000020563602,11.2379786883572,-4.58197949302027));
#11458=CARTESIAN_POINT('',(8.00000205636021,11.237978688357,-36.2379794185145));
#11459=CARTESIAN_POINT('',(8.29190281281238,9.73797868835698,-36.2379794185145));
#11460=CARTESIAN_POINT('Origin',(12.0000020563602,11.237978688357,-36.2379794185145));
#11461=CARTESIAN_POINT('Ctrl Pts',(12.0000020563602,7.23797868835699,-33.7379794185144));
#11462=CARTESIAN_POINT('Ctrl Pts',(11.594845597476,7.23797868835699,-34.0582837232151));
#11463=CARTESIAN_POINT('Ctrl Pts',(11.1544424317085,7.30257281693252,-34.4068207670575));
#11464=CARTESIAN_POINT('Ctrl Pts',(10.3013957610189,7.58871450950563,-35.0643324289523));
#11465=CARTESIAN_POINT('Ctrl Pts',(9.88858216560341,7.81039518341173,-35.3730283987193));
#11466=CARTESIAN_POINT('Ctrl Pts',(9.28881073182189,8.28090511785025,-35.7851199619204));
#11467=CARTESIAN_POINT('Ctrl Pts',(9.03955310525615,8.52455268939755,-35.9449109270633));
#11468=CARTESIAN_POINT('Ctrl Pts',(8.60658573521574,9.09049982277557,-36.171848819844));
#11469=CARTESIAN_POINT('Ctrl Pts',(8.42318431892336,9.41344211935566,-36.2379794185145));
#11470=CARTESIAN_POINT('Ctrl Pts',(8.29190281281237,9.73797868835698,-36.2379794185145));
#11471=CARTESIAN_POINT('',(8.00000205636021,11.2379786883572,-4.58197949302027));
#11472=CARTESIAN_POINT('Origin',(8.00000205636021,12.7379786883572,-4.58197949302028));
#11473=CARTESIAN_POINT('',(8.00000205636021,12.737978688357,-36.2379794185145));
#11474=CARTESIAN_POINT('',(8.00000205636021,9.98797868835698,-36.2379794185145));
#11475=CARTESIAN_POINT('',(8.00000205636021,12.7379786883572,-4.58197949302028));
#11476=CARTESIAN_POINT('Origin',(1.50000205636021,12.7379786883572,-4.58197949302028));
#11477=CARTESIAN_POINT('',(1.50000205636021,19.237978688357,-36.2379794185145));
#11478=CARTESIAN_POINT('Origin',(1.50000205636021,12.737978688357,-36.2379794185145));
#11479=CARTESIAN_POINT('',(1.50000205636021,19.2379786883572,-4.58197949302032));
#11480=CARTESIAN_POINT('Origin',(-1.79519051036701,19.2379786883572,-4.58197949302032));
#11481=CARTESIAN_POINT('',(-5.04519051036701,19.237978688357,-36.2379794185145));
#11482=CARTESIAN_POINT('Origin',(-8.29519051036701,7.23797868835697,-36.2379794185144));
#11483=CARTESIAN_POINT('',(-21.0136978318525,9.73797868835698,-36.2379794185145));
#11484=CARTESIAN_POINT('Origin',(-21.0136978318525,9.73797868835699,-33.7379794185145));
#11485=CARTESIAN_POINT('Origin',(-13.0000002831221,4.23797868835738,-26.0000004768372));
#11486=CARTESIAN_POINT('',(-13.0000002831221,4.23797868835738,-32.0000004768372));
#11487=CARTESIAN_POINT('',(-19.0000002831221,4.23797868835738,-26.0000004768372));
#11488=CARTESIAN_POINT('Origin',(-19.0000002831221,4.23797868835738,-26.0000004768372));
#11489=CARTESIAN_POINT('',(-19.0000002831221,4.23797868835738,-14.0000001192093));
#11490=CARTESIAN_POINT('Origin',(-13.0000002831221,4.23797868835738,-14.0000001192093));
#11491=CARTESIAN_POINT('',(-13.0000002831221,4.23797868835738,-8.00000011920929));
#11492=CARTESIAN_POINT('Origin',(-13.0000002831221,4.23797868835738,-8.00000011920929));
#11493=CARTESIAN_POINT('',(13.0000002831221,4.23797868835738,-8.00000011920929));
#11494=CARTESIAN_POINT('Origin',(13.0000002831221,4.23797868835738,-14.0000001192093));
#11495=CARTESIAN_POINT('',(19.0000002831221,4.23797868835738,-14.0000001192093));
#11496=CARTESIAN_POINT('Origin',(19.0000002831221,4.23797868835738,-14.0000001192093));
#11497=CARTESIAN_POINT('',(19.0000002831221,4.23797868835738,-26.0000004768372));
#11498=CARTESIAN_POINT('Origin',(13.0000002831221,4.23797868835738,-26.0000004768372));
#11499=CARTESIAN_POINT('',(13.0000002831221,4.23797868835738,-32.0000004768372));
#11500=CARTESIAN_POINT('Origin',(13.0000002831221,4.23797868835738,-32.0000004768372));
#11501=CARTESIAN_POINT('Origin',(5.83278495473056,-13.9520392696906,100.410123613163));
#11502=CARTESIAN_POINT('',(-5.00000007450581,-13.9520392696912,108.470123613163));
#11503=CARTESIAN_POINT('',(-5.0000000745058,-13.9520392696906,104.440123613163));
#11504=CARTESIAN_POINT('',(-12.9999734087374,-13.9520392696906,108.470123613163));
#11505=CARTESIAN_POINT('',(-12.9999734087374,-13.9520392696906,100.410123613163));
#11506=CARTESIAN_POINT('',(2.86468340366252,-13.9520392696906,108.470123613163));
#11507=CARTESIAN_POINT('Origin',(5.83278495473056,-13.9520392696906,100.410123613163));
#11508=CARTESIAN_POINT('',(5.85096984336433,-13.9520392696912,108.470123613163));
#11509=CARTESIAN_POINT('',(5.85096984336433,-13.9520392696906,104.440123613163));
#11510=CARTESIAN_POINT('',(12.7927849547306,-13.9520392696906,108.470123613163));
#11511=CARTESIAN_POINT('',(2.86468340366252,-13.9520392696906,108.470123613163));
#11512=CARTESIAN_POINT('',(12.7927849547306,-13.9520392696906,100.410123613163));
#11513=CARTESIAN_POINT('Origin',(-12.1279734087374,-20.7620213116422,97.9101236131633));
#11514=CARTESIAN_POINT('',(5.85096984336433,-20.7620213116422,103.190123613163));
#11515=CARTESIAN_POINT('Origin',(-12.1279734087374,-20.7620213116422,97.9101236131633));
#11516=CARTESIAN_POINT('',(-5.00000007450581,-20.7620213116422,100.410123613163));
#11517=CARTESIAN_POINT('',(-5.00000007450581,-20.7620213116422,103.190123613163));
#11518=CARTESIAN_POINT('',(-18.1279734087374,-20.7620213116422,100.410123613163));
#11519=CARTESIAN_POINT('Origin',(-14.4999982565642,-30.2670457168212,112.653673386695));
#11520=CARTESIAN_POINT('',(-5.00000007450581,-15.342304134724,108.470123613163));
#11521=CARTESIAN_POINT('Origin',(-5.00000007450581,-30.2670457168212,112.653673386695));
#11522=CARTESIAN_POINT('',(-14.4999982565642,-15.342304134724,108.470123613163));
#11523=CARTESIAN_POINT('Origin',(-5.00000007450581,-23.0000003427267,108.470123613163));
#11524=CARTESIAN_POINT('',(-5.00000007450581,-11.9149840296846,108.470123613163));
#11525=CARTESIAN_POINT('Origin',(5.85096984336433,-13.9520392696912,108.470123613163));
#11526=CARTESIAN_POINT('',(5.85096984336433,-7.39100349316689,108.470123613163));
#11527=CARTESIAN_POINT('Origin',(4.00000205636021,7.23797868835771,82.7620216841715));
#11528=CARTESIAN_POINT('',(1.9262039146784,7.23797868835781,100.410123613163));
#11529=CARTESIAN_POINT('',(4.84259536386357,7.23797868835775,90.0101236131631));
#11530=CARTESIAN_POINT('Origin',(24.8327849547306,4.23797868835777,93.4101236131631));
#11531=CARTESIAN_POINT('Origin',(-15.0000002235174,4.23797868835738,50.9808549066878));
#11532=CARTESIAN_POINT('',(-4.00000005960464,5.73797868835745,50.9808549066878));
#11533=CARTESIAN_POINT('Origin',(4.84259536386357,12.6379786883577,90.0101236131631));
#11534=CARTESIAN_POINT('Origin',(-17.0000002533197,12.6379786883577,90.0101236131631));
#11535=CARTESIAN_POINT('Ctrl Pts',(16.249435119731,12.6379786883577,95.4101236131631));
#11536=CARTESIAN_POINT('Ctrl Pts',(16.5603503657785,12.1533740852193,95.4101236131631));
#11537=CARTESIAN_POINT('Ctrl Pts',(16.8235038875122,11.6468100508191,95.341623403725));
#11538=CARTESIAN_POINT('Ctrl Pts',(17.2440273577402,10.6629630143241,95.0633494392627));
#11539=CARTESIAN_POINT('Ctrl Pts',(17.4216286203415,10.1211243785087,94.8245849086956));
#11540=CARTESIAN_POINT('Ctrl Pts',(17.6645829789117,9.13381577247095,94.1615616906659));
#11541=CARTESIAN_POINT('Ctrl Pts',(17.7329466284594,8.6893330703918,93.7369398655123));
#11542=CARTESIAN_POINT('Ctrl Pts',(17.8089839443559,8.00705542709876,92.8431146633918));
#11543=CARTESIAN_POINT('Ctrl Pts',(17.8232564856897,7.71492277860138,92.3087371630745));
#11544=CARTESIAN_POINT('Ctrl Pts',(17.8310691854951,7.44059200257204,91.4976625422219));
#11545=CARTESIAN_POINT('Ctrl Pts',(17.8319414578475,7.37590979530275,91.2489859433199));
#11546=CARTESIAN_POINT('Ctrl Pts',(17.8323663074435,7.32948153244529,91.0000013559522));
#11547=CARTESIAN_POINT('Origin',(7.83278495473059,7.2379786883578,99.1601236131631));
#11548=CARTESIAN_POINT('Origin',(5.00000007450581,4.23797868835738,51.0000007599592));
#11549=CARTESIAN_POINT('',(5.00000007450581,4.23797868835738,51.0000007599592));
#11550=CARTESIAN_POINT('',(16.0000002384186,4.23797868835738,51.0000007599592));
#11551=CARTESIAN_POINT('Origin',(16.0000002384186,4.23797868835738,51.0000007599592));
#11552=CARTESIAN_POINT('',(16.0000002384186,4.23797868835738,50.9808549066878));
#11553=CARTESIAN_POINT('',(16.0000002384186,4.23797868835738,90.0000013411045));
#11554=CARTESIAN_POINT('Origin',(16.0000002384186,4.23797868835738,90.0000013411045));
#11555=CARTESIAN_POINT('Origin',(-29.0009567549448,0.237978688357207,1.41759662280249));
#11556=CARTESIAN_POINT('Origin',(-29.0009567549448,0.237978688357182,-2.5824033771975));
#11557=CARTESIAN_POINT('Origin',(-23.1279734087374,0.237978688357182,-2.5824033771975));
#11558=CARTESIAN_POINT('Origin',(-23.1279734087374,0.237978688357146,-8.45538672340493));
#11559=CARTESIAN_POINT('Origin',(-25.1279734087374,0.237978688357146,-8.45538672340493));
#11560=CARTESIAN_POINT('Origin',(24.8327849547306,4.23797868835777,93.4101236131631));
#11561=CARTESIAN_POINT('Origin',(28.705768300938,0.237978688357207,1.41759662280248));
#11562=CARTESIAN_POINT('Origin',(28.705768300938,0.237978688357182,-2.58240337719751));
#11563=CARTESIAN_POINT('Origin',(22.8327849547306,0.237978688357182,-2.58240337719751));
#11564=CARTESIAN_POINT('Origin',(22.8327849547306,0.237978688357146,-8.45538672340493));
#11565=CARTESIAN_POINT('Origin',(24.8327849547306,0.237978688357146,-8.45538672340493));
#11566=CARTESIAN_POINT('Origin',(-8.29519064447747,7.23797868835728,12.7620205069797));
#11567=CARTESIAN_POINT('',(-8.29519064447747,7.23797868835722,3.76202050697975));
#11568=CARTESIAN_POINT('',(-17.2951906444775,7.23797868835728,12.7620205069797));
#11569=CARTESIAN_POINT('Origin',(-10.1279734087374,13.7379786883574,85.4101236131631));
#11570=CARTESIAN_POINT('',(-10.1279734087374,14.2379786883574,87.7351236131631));
#11571=CARTESIAN_POINT('',(-10.1279734087374,13.7379786883574,87.7351236131631));
#11572=CARTESIAN_POINT('Origin',(-10.1279734087374,14.2379786883574,85.4101236131631));
#11573=CARTESIAN_POINT('Origin',(10.3720265912626,13.7379786883574,85.4101232866222));
#11574=CARTESIAN_POINT('',(10.3720265912626,14.2379786883574,87.7351232866222));
#11575=CARTESIAN_POINT('',(10.3720265912626,13.7379786883574,87.7351232866222));
#11576=CARTESIAN_POINT('Origin',(10.3720265912626,14.2379786883574,85.4101232866222));
#11577=CARTESIAN_POINT('Origin',(10.3720265912626,13.7379786883574,54.4101232866222));
#11578=CARTESIAN_POINT('',(10.3720265912626,14.2379786883574,56.7351232866222));
#11579=CARTESIAN_POINT('',(10.3720265912626,13.7379786883574,56.7351232866222));
#11580=CARTESIAN_POINT('Origin',(10.3720265912626,14.2379786883574,54.4101232866222));
#11581=CARTESIAN_POINT('Origin',(-10.1279734087374,13.7379786883574,54.4101236131632));
#11582=CARTESIAN_POINT('',(-10.1279734087374,14.2379786883574,56.7351236131632));
#11583=CARTESIAN_POINT('',(-10.1279734087374,13.7379786883574,56.7351236131632));
#11584=CARTESIAN_POINT('Origin',(-10.1279734087374,14.2379786883574,54.4101236131632));
#11585=CARTESIAN_POINT('Origin',(10.0000020563602,7.23797868835722,3.76202050697975));
#11586=CARTESIAN_POINT('',(9.00000219047066,7.23797868835722,3.76202050697975));
#11587=CARTESIAN_POINT('Origin',(9.00000219047066,7.23797868835728,12.7620205069797));
#11588=CARTESIAN_POINT('',(18.0000021904707,7.23797868835728,12.7620205069797));
#11589=CARTESIAN_POINT('Origin',(5.00000007450581,4.23797868835738,49.0000007301569));
#11590=CARTESIAN_POINT('',(5.00000007450581,12.0927038365578,47.0590793935703));
#11591=CARTESIAN_POINT('',(5.00000007450581,7.23797868835749,47.0590793935703));
#11592=CARTESIAN_POINT('',(5.00000007450581,5.73797868835738,50.9808549066878));
#11593=CARTESIAN_POINT('',(5.00000007450581,12.462444540382,47.3308549066878));
#11594=CARTESIAN_POINT('',(5.00000007450581,4.23797868835738,47.3308549066878));
#11595=CARTESIAN_POINT('Origin',(5.00000007450581,9.43797868835739,51.0581335801889));
#11596=CARTESIAN_POINT('Origin',(18.0000021904707,7.2379786883574,32.7620209093111));
#11597=CARTESIAN_POINT('',(18.0000021904707,7.23797868835739,31.7620205069798));
#11598=CARTESIAN_POINT('Origin',(-17.2951906444775,7.23797868835732,20.7620207901018));
#11599=CARTESIAN_POINT('',(-17.2951906444775,7.23797868835739,31.7620205069798));
#11600=CARTESIAN_POINT('Origin',(4.25000103190539,16.0530517421122,38.9469483164137));
#11601=CARTESIAN_POINT('',(-4.00515657874677,11.7388736635765,46.8455474014845));
#11602=CARTESIAN_POINT('Ctrl Pts',(-9.07727843480512,7.23797868835745,40.7620205069798));
#11603=CARTESIAN_POINT('Ctrl Pts',(-8.63470651335654,7.25842048627826,40.8612980690286));
#11604=CARTESIAN_POINT('Ctrl Pts',(-8.19880749523991,7.29012974439874,41.0084114747992));
#11605=CARTESIAN_POINT('Ctrl Pts',(-6.93045428510539,7.4407209181922,41.5912969542587));
#11606=CARTESIAN_POINT('Ctrl Pts',(-6.17632128626158,7.62282330021002,42.1769508369612));
#11607=CARTESIAN_POINT('Ctrl Pts',(-5.3146654893233,8.09027641336525,43.1585774758568));
#11608=CARTESIAN_POINT('Ctrl Pts',(-5.03714509273574,8.30647680933233,43.5531080037311));
#11609=CARTESIAN_POINT('Ctrl Pts',(-4.59800733494852,8.83500506334041,44.3437931788845));
#11610=CARTESIAN_POINT('Ctrl Pts',(-4.43500829311206,9.14815674978449,44.7386284048454));
#11611=CARTESIAN_POINT('Ctrl Pts',(-4.10207807450437,10.0961365635734,45.7559174112352));
#11612=CARTESIAN_POINT('Ctrl Pts',(-4.02404096222404,10.8713932864161,46.3717336547178));
#11613=CARTESIAN_POINT('Ctrl Pts',(-4.00515657874677,11.7388736635765,46.8455474014845));
#11614=CARTESIAN_POINT('',(-17.0000002533197,11.7388736635765,46.8455474014845));
#11615=CARTESIAN_POINT('Origin',(-17.0000002533197,16.0530517421122,38.9469483164137));
#11616=CARTESIAN_POINT('',(4.25000103190539,11.7388736635765,46.8455474014845));
#11617=CARTESIAN_POINT('Origin',(-17.0000002533197,4.23797868835738,49.0000007301569));
#11618=CARTESIAN_POINT('',(-17.0000002533197,14.2379786883574,51.0581335801889));
#11619=CARTESIAN_POINT('Origin',(-17.0000002533197,9.43797868835739,51.0581335801889));
#11620=CARTESIAN_POINT('',(-17.0000002533197,14.2379786883574,90.0000013411045));
#11621=CARTESIAN_POINT('Origin',(0.500000007450581,14.2379786883574,70.4904281238961));
#11622=CARTESIAN_POINT('',(18.0000002682209,14.2379786883574,51.0581335801889));
#11623=CARTESIAN_POINT('',(4.25000103190539,14.2379786883574,51.0581335801889));
#11624=CARTESIAN_POINT('',(18.0000002682209,14.2379786883574,49.0000007301569));
#11625=CARTESIAN_POINT('Origin',(18.0000002682209,4.23797868835738,91.0000013560057));
#11626=CARTESIAN_POINT('',(18.0000002682209,11.7388736635765,46.8455474014845));
#11627=CARTESIAN_POINT('Origin',(18.0000002682209,9.43797868835738,51.0581335801889));
#11628=CARTESIAN_POINT('Origin',(18.0000002682209,16.0530517421122,38.9469483164137));
#11629=CARTESIAN_POINT('Origin',(-4.00000005960464,4.23797868835738,51.0000007599592));
#11630=CARTESIAN_POINT('',(-4.00000005960464,12.1597509242436,47.1044067439041));
#11631=CARTESIAN_POINT('',(-4.00000005960464,7.23797868835749,47.1044067439041));
#11632=CARTESIAN_POINT('',(-4.00000005960464,12.4624445403821,47.3308549066878));
#11633=CARTESIAN_POINT('Origin',(-4.00000005960464,9.43797868835739,51.0581335801889));
#11634=CARTESIAN_POINT('',(-4.00000005960464,4.23797868835738,47.3308549066878));
#11635=CARTESIAN_POINT('Origin',(-0.350000059604645,4.23797868835738,47.3308549066878));
#11636=CARTESIAN_POINT('',(-0.350000059604645,14.2373565653975,50.9808549066878));
#11637=CARTESIAN_POINT('Ctrl Pts',(-4.00000005960465,12.4624445403804,47.3308549066864));
#11638=CARTESIAN_POINT('Ctrl Pts',(-4.00000005960472,12.7214557934568,47.5410271955975));
#11639=CARTESIAN_POINT('Ctrl Pts',(-3.98164083247691,12.9552941510323,47.7760615531644));
#11640=CARTESIAN_POINT('Ctrl Pts',(-3.89028395784021,13.3394616900451,48.2473669668957));
#11641=CARTESIAN_POINT('Ctrl Pts',(-3.81791694804027,13.5119850138417,48.5030913500492));
#11642=CARTESIAN_POINT('Ctrl Pts',(-3.59905783923235,13.7923905354724,49.01733343838));
#11643=CARTESIAN_POINT('Ctrl Pts',(-3.45163726613932,13.9008541091618,49.2751381464577));
#11644=CARTESIAN_POINT('Ctrl Pts',(-2.96689614476857,14.1261154298783,49.9313216879206));
#11645=CARTESIAN_POINT('Ctrl Pts',(-2.52120880997581,14.1883992401695,50.321262475012));
#11646=CARTESIAN_POINT('Ctrl Pts',(-1.49088249653456,14.2405196918676,50.8458337194338));
#11647=CARTESIAN_POINT('Ctrl Pts',(-0.906808571632834,14.2373565653975,
50.9808549066878));
#11648=CARTESIAN_POINT('Ctrl Pts',(-0.350000059604645,14.2373565653975,
50.9808549066878));
#11649=CARTESIAN_POINT('',(-0.350000059604645,4.23797868835738,50.9808549066878));
#11650=CARTESIAN_POINT('Origin',(16.0000002384186,4.23797868835738,50.9808549066878));
#11651=CARTESIAN_POINT('',(1.35000007450581,14.2373565653975,50.9808549066878));
#11652=CARTESIAN_POINT('',(1.35000007450581,4.23797868835738,50.9808549066878));
#11653=CARTESIAN_POINT('',(4.2500010319054,14.2373565653975,50.9808549066878));
#11654=CARTESIAN_POINT('Origin',(1.35000007450581,4.23797868835738,47.3308549066878));
#11655=CARTESIAN_POINT('Ctrl Pts',(1.35000007450581,14.2373565653975,50.9808549066878));
#11656=CARTESIAN_POINT('Ctrl Pts',(1.906808586534,14.2373565653975,50.9808549066878));
#11657=CARTESIAN_POINT('Ctrl Pts',(2.49088251143572,14.2405196918676,50.8458337194338));
#11658=CARTESIAN_POINT('Ctrl Pts',(3.52120882487698,14.1883992401695,50.321262475012));
#11659=CARTESIAN_POINT('Ctrl Pts',(3.96689615966973,14.1261154298783,49.9313216879206));
#11660=CARTESIAN_POINT('Ctrl Pts',(4.45163728104048,13.9008541091618,49.2751381464577));
#11661=CARTESIAN_POINT('Ctrl Pts',(4.59905785413352,13.7923905354724,49.01733343838));
#11662=CARTESIAN_POINT('Ctrl Pts',(4.81791696294143,13.5119850138417,48.5030913500492));
#11663=CARTESIAN_POINT('Ctrl Pts',(4.89028397274137,13.3394616900451,48.2473669668957));
#11664=CARTESIAN_POINT('Ctrl Pts',(4.98164084737797,12.9552941510328,47.776061553165));
#11665=CARTESIAN_POINT('Ctrl Pts',(5.00000007450581,12.7214557934578,47.5410271955984));
#11666=CARTESIAN_POINT('Ctrl Pts',(5.00000007450581,12.462444540382,47.3308549066878));
#11667=CARTESIAN_POINT('Origin',(9.00000219047066,7.23797868835739,31.7620205069798));
#11668=CARTESIAN_POINT('',(10.4516138650717,7.23797868835745,40.6441837314517));
#11669=CARTESIAN_POINT('Origin',(-15.0000002235174,4.23797868835738,50.9808549066878));
#11670=CARTESIAN_POINT('Origin',(4.25000103190539,9.43797868835739,51.0581335801889));
#11671=CARTESIAN_POINT('Ctrl Pts',(-4.00515657874677,11.7388736635765,46.8455474014845));
#11672=CARTESIAN_POINT('Ctrl Pts',(-4.00199375748611,11.884162249957,46.92490335153));
#11673=CARTESIAN_POINT('Ctrl Pts',(-4.00000005960464,12.0249043940738,47.0115774825213));
#11674=CARTESIAN_POINT('Ctrl Pts',(-4.00000005960464,12.1597509242436,47.1044067439041));
#11675=CARTESIAN_POINT('',(5.00350839912009,11.7388736635765,46.8455474014845));
#11676=CARTESIAN_POINT('',(4.25000103190539,11.7388736635765,46.8455474014845));
#11677=CARTESIAN_POINT('Ctrl Pts',(5.00000007450581,12.0927038365578,47.0590793935703));
#11678=CARTESIAN_POINT('Ctrl Pts',(5.00000007450581,11.9784965109615,46.9832642019723));
#11679=CARTESIAN_POINT('Ctrl Pts',(5.00132870829315,11.8602860048383,46.9118622575108));
#11680=CARTESIAN_POINT('Ctrl Pts',(5.00350839912009,11.7388736635765,46.8455474014845));
#11681=CARTESIAN_POINT('Origin',(4.25000103190539,16.0530517421122,38.9469483164137));
#11682=CARTESIAN_POINT('Ctrl Pts',(5.00350839912009,11.7388736635765,46.8455474014845));
#11683=CARTESIAN_POINT('Ctrl Pts',(5.0191752669489,10.8662035216366,46.3688990293364));
#11684=CARTESIAN_POINT('Ctrl Pts',(5.09367651645958,10.0865327231941,45.7483601765973));
#11685=CARTESIAN_POINT('Ctrl Pts',(5.42337252879706,9.13503847234531,44.7231087388285));
#11686=CARTESIAN_POINT('Ctrl Pts',(5.5851457376746,8.82146381611885,44.3258293880006));
#11687=CARTESIAN_POINT('Ctrl Pts',(6.02258720572608,8.2926729508668,43.530041644975));
#11688=CARTESIAN_POINT('Ctrl Pts',(6.29965124114472,8.0766271392486,43.1328531415617));
#11689=CARTESIAN_POINT('Ctrl Pts',(7.16168961157995,7.60982252747432,42.1437939459845));
#11690=CARTESIAN_POINT('Ctrl Pts',(7.9176022043973,7.42913256536955,41.5536699731143));
#11691=CARTESIAN_POINT('Ctrl Pts',(9.13292510024226,7.28697289202819,40.9926289320049));
#11692=CARTESIAN_POINT('Ctrl Pts',(9.50729575952296,7.2580643776188,40.8595685929975));
#11693=CARTESIAN_POINT('Ctrl Pts',(9.88846373336713,7.23797868835745,40.7620205069798));
#11694=CARTESIAN_POINT('Origin',(11.5000000745058,7.23797868835749,47.0590793935703));
#11695=CARTESIAN_POINT('Origin',(-8.29519064447747,7.23797868835739,31.7620205069798));
#11696=CARTESIAN_POINT('',(-9.57540256293841,7.23797868835745,40.6705028380971));
#11697=CARTESIAN_POINT('Origin',(-10.5000000596046,7.23797868835749,47.1044067439041));
#11698=CARTESIAN_POINT('Origin',(-0.10341814740551,-0.829967716642536,108.470123613163));
#11699=CARTESIAN_POINT('',(12.7927849547306,-7.33613592568326,108.470123613163));
#11700=CARTESIAN_POINT('',(-12.9999734087374,-7.39100349316655,108.470123613163));
#11701=CARTESIAN_POINT('Origin',(12.7927849547306,-13.842304134724,100.410123613163));
#11702=CARTESIAN_POINT('',(12.7927849547306,-4.05216272318311,100.410123613163));
#11703=CARTESIAN_POINT('Origin',(-18.1279734087374,0.598347122222407,95.4101236131632));
#11704=CARTESIAN_POINT('',(-12.9999734087374,0.598347122222407,97.9101236131632));
#11705=CARTESIAN_POINT('Origin',(-18.1279734087374,4.23797868835778,95.4101236131631));
#11706=CARTESIAN_POINT('Origin',(-0.147594227003403,5.73797868835781,100.410123613163));
#11707=CARTESIAN_POINT('',(-12.9999734087374,-4.10703029066641,100.410123613163));
#11708=CARTESIAN_POINT('Origin',(-12.9999734087374,-13.9520392696906,100.410123613163));
#11709=CARTESIAN_POINT('Origin',(31.75264759933,4.23797868835745,-32.6828959551211));
#11710=CARTESIAN_POINT('',(30.20264759933,4.23797868835745,-32.6828959551211));
#11711=CARTESIAN_POINT('Origin',(31.75264759933,4.23797868835777,-32.6828959551211));
#11712=CARTESIAN_POINT('',(30.20264759933,4.23797868835745,-32.6828959551211));
#11713=CARTESIAN_POINT('Origin',(24.8327849547306,4.23797868835777,93.4101236131631));
#11714=CARTESIAN_POINT('',(34.2387140038441,4.23797868835715,-39.5824033771976));
#11715=CARTESIAN_POINT('Origin',(24.8327849547306,4.23797868835777,93.4101236131631));
#11716=CARTESIAN_POINT('Origin',(64.9149098298199,-0.348178283956329,77.653862325732));
#11717=CARTESIAN_POINT('',(34.9934178000689,-0.3481782839568,-39.582));
#11718=CARTESIAN_POINT('Origin',(0.,0.,0.));
#11719=CARTESIAN_POINT('Origin',(24.8327849547306,4.23797868835777,93.4101236131631));
#11720=CARTESIAN_POINT('Origin',(0.,0.,0.));
#11721=CARTESIAN_POINT('Origin',(28.623441085557,-4.0530898938902,-29.5824033771975));
#11722=CARTESIAN_POINT('',(28.623441085557,-1.77654494321981,-39.582));
#11723=CARTESIAN_POINT('Origin',(24.8327849547306,4.23797868835777,93.4101236131631));
#11724=CARTESIAN_POINT('',(28.5000004246831,4.23797868835777,16.5000002458692));
#11725=CARTESIAN_POINT('Origin',(31.000000461936,4.23797868835777,16.5000002458692));
#11726=CARTESIAN_POINT('Origin',(28.623441085557,-4.0530898938902,-39.5824033771976));
#11727=CARTESIAN_POINT('',(27.0000004023314,4.47345514991245,-39.5824033771976));
#11728=CARTESIAN_POINT('',(-34.2052627441524,4.50000006705523,-39.5822016882193));
#11729=CARTESIAN_POINT('',(-17.3558600769291,4.50000006705523,-39.582));
#11730=CARTESIAN_POINT('Origin',(-4.44089209850063E-15,-2.26485497023532E-13,
-39.5824033771975));
#11731=CARTESIAN_POINT('Origin',(0.,0.,-39.582));
#11732=CARTESIAN_POINT('Origin',(30.4982430260235,-0.348178283956803,16.4657379527555));
#11733=CARTESIAN_POINT('',(34.4982430260235,-0.348178283956803,0.));
#11734=CARTESIAN_POINT('',(26.4982430260235,-0.348178283956803,20.4657379527555));
#11735=CARTESIAN_POINT('',(34.4982430260235,-0.348178283956803,20.4657379527555));
#11736=CARTESIAN_POINT('',(26.4982430260235,-0.348178283956803,12.4657379527555));
#11737=CARTESIAN_POINT('',(26.4982430260235,-0.348178283956803,20.4657379527555));
#11738=CARTESIAN_POINT('',(26.4982430260235,-0.348178283956803,12.4657379527555));
#11739=CARTESIAN_POINT('',(28.5000004246831,-0.348178283956803,16.5000002458692));
#11740=CARTESIAN_POINT('Origin',(31.000000461936,-0.348178283956803,16.5000002458692));
#11741=CARTESIAN_POINT('Origin',(26.4982430260235,-0.348178283956803,12.4657379527555));
#11742=CARTESIAN_POINT('',(26.4982430260235,-0.348178283956803,20.4657379527555));
#11743=CARTESIAN_POINT('Origin',(26.4982430260235,-0.348178283956803,20.4657379527555));
#11744=CARTESIAN_POINT('Origin',(31.000000461936,-0.348178283956803,16.5000002458692));
#11745=CARTESIAN_POINT('',(28.5000004246831,-0.348178283956803,16.5000002458692));
#11746=CARTESIAN_POINT('Origin',(26.4982430260235,-0.348178283956803,12.4657379527555));
#11747=CARTESIAN_POINT('',(26.4982430260235,-0.348178283956803,12.4657379527555));
#11748=CARTESIAN_POINT('',(26.4982430260235,-0.348178283956803,20.4657379527555));
#11749=CARTESIAN_POINT('Origin',(26.4982430260235,-0.348178283956803,20.4657379527555));
#11750=CARTESIAN_POINT('',(34.4982430260235,-0.348178283956803,20.4657379527555));
#11751=CARTESIAN_POINT('Origin',(34.4982430260235,-0.348178283956803,20.4657379527555));
#11752=CARTESIAN_POINT('',(34.4982430260235,-0.348178283956803,12.4657379527555));
#11753=CARTESIAN_POINT('Origin',(34.4982430260235,-0.348178283956803,12.4657379527555));
#11754=CARTESIAN_POINT('Origin',(31.000000461936,9.6518217160432,16.5000002458692));
#11755=CARTESIAN_POINT('',(33.1223842372755,9.6518217160432,17.8211691587793));
#11756=CARTESIAN_POINT('',(33.1223842372755,9.6518217160432,15.178831332959));
#11757=CARTESIAN_POINT('',(33.1223842372755,9.6518217160432,0.));
#11758=CARTESIAN_POINT('',(28.5000004246831,9.65182171604321,16.5000002458692));
#11759=CARTESIAN_POINT('Origin',(31.000000461936,9.6518217160432,16.5000002458692));
#11760=CARTESIAN_POINT('Origin',(31.000000461936,9.6518217160432,16.5000002458692));
#11761=CARTESIAN_POINT('Origin',(0.,0.,0.));
#11762=CARTESIAN_POINT('Ctrl Pts',(33.1223842372755,9.65182171604321,15.178831332959));
#11763=CARTESIAN_POINT('Ctrl Pts',(33.2392767170987,9.25067903592976,15.3666125471638));
#11764=CARTESIAN_POINT('Ctrl Pts',(33.3568110483766,8.81283236232705,15.6050220808426));
#11765=CARTESIAN_POINT('Ctrl Pts',(33.4501400683861,8.44650829510014,15.997085725191));
#11766=CARTESIAN_POINT('Ctrl Pts',(33.4677867740377,8.37615311373223,16.0876606113113));
#11767=CARTESIAN_POINT('Ctrl Pts',(33.4928311340351,8.27544288692472,16.2860173747496));
#11768=CARTESIAN_POINT('Ctrl Pts',(33.5000004991889,8.24620922329429,16.3943953282538));
#11769=CARTESIAN_POINT('Ctrl Pts',(33.5000004991889,8.24620922329429,16.6056051634845));
#11770=CARTESIAN_POINT('Ctrl Pts',(33.4928311340351,8.27544288692472,16.7139831169887));
#11771=CARTESIAN_POINT('Ctrl Pts',(33.4677867740377,8.37615311373223,16.912339880427));
#11772=CARTESIAN_POINT('Ctrl Pts',(33.4501400683861,8.44650829510014,17.0029147665474));
#11773=CARTESIAN_POINT('Ctrl Pts',(33.3568110483766,8.81283236232705,17.3949784108957));
#11774=CARTESIAN_POINT('Ctrl Pts',(33.2392767170987,9.25067903592976,17.6333879445745));
#11775=CARTESIAN_POINT('Ctrl Pts',(33.1223842372755,9.65182171604321,17.8211691587793));
#11776=CARTESIAN_POINT('Origin',(24.8327849547306,7.23797868835718,-2.58240337719755));
#11777=CARTESIAN_POINT('',(28.5000004246831,7.23797868835718,16.5000002458692));
#11778=CARTESIAN_POINT('Origin',(31.000000461936,7.23797868835718,16.5000002458692));
#11779=CARTESIAN_POINT('Origin',(31.000000461936,-0.348178283956803,16.5000002458692));
#11780=CARTESIAN_POINT('',(28.5000004246831,-0.348178283956803,16.5000002458692));
#11781=CARTESIAN_POINT('Origin',(-31.000000461936,9.6518217160432,16.5000002458692));
#11782=CARTESIAN_POINT('',(-32.562500461936,9.6518217160432,16.5000002458692));
#11783=CARTESIAN_POINT('Origin',(-31.000000461936,9.6518217160432,16.5000002458692));
#11784=CARTESIAN_POINT('Origin',(-31.000000461936,9.6518217160432,16.5000002458692));
#11785=CARTESIAN_POINT('',(-32.562500461936,7.23797868835718,16.5000002458692));
#11786=CARTESIAN_POINT('Origin',(-31.000000461936,7.23797868835718,16.5000002458692));
#11787=CARTESIAN_POINT('',(-32.562500461936,9.6518217160432,16.5000002458692));
#11788=CARTESIAN_POINT('Origin',(24.8327849547306,7.23797868835718,-2.58240337719755));
#11789=CARTESIAN_POINT('',(0.,0.,0.));
#11790=CARTESIAN_POINT('',(0.,0.,0.));
#11791=UNCERTAINTY_MEASURE_WITH_UNIT(LENGTH_MEASURE(0.01),#11799,
'DISTANCE_ACCURACY_VALUE',
'Maximum model space distance between geometric entities at asserted c
onnectivities');
#11792=UNCERTAINTY_MEASURE_WITH_UNIT(LENGTH_MEASURE(0.01),#11799,
'DISTANCE_ACCURACY_VALUE',
'Maximum model space distance between geometric entities at asserted c
onnectivities');
#11793=UNCERTAINTY_MEASURE_WITH_UNIT(LENGTH_MEASURE(0.01),#11799,
'DISTANCE_ACCURACY_VALUE',
'Maximum model space distance between geometric entities at asserted c
onnectivities');
#11794=UNCERTAINTY_MEASURE_WITH_UNIT(LENGTH_MEASURE(0.01),#11799,
'DISTANCE_ACCURACY_VALUE',
'Maximum model space distance between geometric entities at asserted c
onnectivities');
#11795=(
GEOMETRIC_REPRESENTATION_CONTEXT(3)
GLOBAL_UNCERTAINTY_ASSIGNED_CONTEXT((#11791))
GLOBAL_UNIT_ASSIGNED_CONTEXT((#11799,#11801,#11802))
REPRESENTATION_CONTEXT('','3D')
);
#11796=(
GEOMETRIC_REPRESENTATION_CONTEXT(3)
GLOBAL_UNCERTAINTY_ASSIGNED_CONTEXT((#11792))
GLOBAL_UNIT_ASSIGNED_CONTEXT((#11799,#11801,#11802))
REPRESENTATION_CONTEXT('','3D')
);
#11797=(
GEOMETRIC_REPRESENTATION_CONTEXT(3)
GLOBAL_UNCERTAINTY_ASSIGNED_CONTEXT((#11793))
GLOBAL_UNIT_ASSIGNED_CONTEXT((#11799,#11801,#11802))
REPRESENTATION_CONTEXT('','3D')
);
#11798=(
GEOMETRIC_REPRESENTATION_CONTEXT(3)
GLOBAL_UNCERTAINTY_ASSIGNED_CONTEXT((#11794))
GLOBAL_UNIT_ASSIGNED_CONTEXT((#11799,#11801,#11802))
REPRESENTATION_CONTEXT('','3D')
);
#11799=(
LENGTH_UNIT()
NAMED_UNIT(*)
SI_UNIT(.MILLI.,.METRE.)
);
#11800=(
LENGTH_UNIT()
NAMED_UNIT(*)
SI_UNIT($,.METRE.)
);
#11801=(
NAMED_UNIT(*)
PLANE_ANGLE_UNIT()
SI_UNIT($,.RADIAN.)
);
#11802=(
NAMED_UNIT(*)
SI_UNIT($,.STERADIAN.)
SOLID_ANGLE_UNIT()
);
#11803=SHAPE_DEFINITION_REPRESENTATION(#11806,#11811);
#11804=SHAPE_DEFINITION_REPRESENTATION(#11807,#11812);
#11805=SHAPE_DEFINITION_REPRESENTATION(#11808,#11813);
#11806=PRODUCT_DEFINITION_SHAPE('',$,#11815);
#11807=PRODUCT_DEFINITION_SHAPE('',$,#11816);
#11808=PRODUCT_DEFINITION_SHAPE('',$,#11817);
#11809=PRODUCT_DEFINITION_SHAPE($,$,#17);
#11810=PRODUCT_DEFINITION_SHAPE($,$,#18);
#11811=SHAPE_REPRESENTATION('',(#5814,#6335,#6336),#11795);
#11812=SHAPE_REPRESENTATION('',(#5815),#11796);
#11813=SHAPE_REPRESENTATION('',(#5862),#11797);
#11814=PRODUCT_DEFINITION_CONTEXT('part definition',#11825,'design');
#11815=PRODUCT_DEFINITION('proton3nosecone','proton3nosecone v17',#11818,
#11814);
#11816=PRODUCT_DEFINITION('Door','Door',#11819,#11814);
#11817=PRODUCT_DEFINITION('Backbone','Backbone',#11820,#11814);
#11818=PRODUCT_DEFINITION_FORMATION('',$,#11827);
#11819=PRODUCT_DEFINITION_FORMATION('',$,#11828);
#11820=PRODUCT_DEFINITION_FORMATION('',$,#11829);
#11821=PRODUCT_RELATED_PRODUCT_CATEGORY('proton3nosecone v17',
'proton3nosecone v17',(#11827));
#11822=PRODUCT_RELATED_PRODUCT_CATEGORY('Door','Door',(#11828));
#11823=PRODUCT_RELATED_PRODUCT_CATEGORY('Backbone','Backbone',(#11829));
#11824=APPLICATION_PROTOCOL_DEFINITION('international standard',
'automotive_design',2009,#11825);
#11825=APPLICATION_CONTEXT(
'Core Data for Automotive Mechanical Design Process');
#11826=PRODUCT_CONTEXT('part definition',#11825,'mechanical');
#11827=PRODUCT('proton3nosecone','proton3nosecone v17',$,(#11826));
#11828=PRODUCT('Door','Door',$,(#11826));
#11829=PRODUCT('Backbone','Backbone',$,(#11826));
#11830=PRESENTATION_STYLE_ASSIGNMENT((#11834));
#11831=PRESENTATION_STYLE_ASSIGNMENT((#11835));
#11832=PRESENTATION_STYLE_ASSIGNMENT((#11836));
#11833=PRESENTATION_STYLE_ASSIGNMENT((#11837));
#11834=SURFACE_STYLE_USAGE(.BOTH.,#11838);
#11835=SURFACE_STYLE_USAGE(.BOTH.,#11839);
#11836=SURFACE_STYLE_USAGE(.BOTH.,#11840);
#11837=SURFACE_STYLE_USAGE(.BOTH.,#11841);
#11838=SURFACE_SIDE_STYLE('',(#11842));
#11839=SURFACE_SIDE_STYLE('',(#11843));
#11840=SURFACE_SIDE_STYLE('',(#11844));
#11841=SURFACE_SIDE_STYLE('',(#11845));
#11842=SURFACE_STYLE_FILL_AREA(#11846);
#11843=SURFACE_STYLE_FILL_AREA(#11847);
#11844=SURFACE_STYLE_FILL_AREA(#11848);
#11845=SURFACE_STYLE_FILL_AREA(#11849);
#11846=FILL_AREA_STYLE('Stahl - satiniert',(#11850));
#11847=FILL_AREA_STYLE('Opaque(255,244,226)',(#11851));
#11848=FILL_AREA_STYLE('Glas (klar)',(#11852));
#11849=FILL_AREA_STYLE('Opaque(251,250,245)',(#11853));
#11850=FILL_AREA_STYLE_COLOUR('Stahl - satiniert',#11854);
#11851=FILL_AREA_STYLE_COLOUR('Opaque(255,244,226)',#11855);
#11852=FILL_AREA_STYLE_COLOUR('Glas (klar)',#11856);
#11853=FILL_AREA_STYLE_COLOUR('Opaque(251,250,245)',#11857);
#11854=COLOUR_RGB('Stahl - satiniert',0.627450980392157,0.627450980392157,
0.627450980392157);
#11855=COLOUR_RGB('Opaque(255,244,226)',1.,0.956862745098039,0.886274509803922);
#11856=COLOUR_RGB('Glas (klar)',0.964705882352941,0.964705882352941,0.952941176470588);
#11857=COLOUR_RGB('Opaque(251,250,245)',0.984313725490196,0.980392156862745,
0.96078431372549);
ENDSEC;
END-ISO-10303-21;
