ISO-10303-21;
HEADER;
/* Generated by software containing ST-Developer
 * from STEP Tools, Inc. (www.steptools.com) 
 */

FILE_DESCRIPTION(
/* description */ (''),
/* implementation_level */ '2;1');

FILE_NAME(
/* name */ 'proton2-holder-for-75mm-tube.step',
/* time_stamp */ '2026-02-02T21:42:14+01:00',
/* author */ (''),
/* organization */ (''),
/* preprocessor_version */ 'ST-DEVELOPER v20.1',
/* originating_system */ 'Autodesk Translation Framework v14.24.0.0',
/* authorisation */ '');

FILE_SCHEMA (('AUTOMOTIVE_DESIGN { 1 0 10303 214 3 1 1 }'));
ENDSEC;

DATA;
#10=MECHANICAL_DESIGN_GEOMETRIC_PRESENTATION_REPRESENTATION('',(#132,#133,
#134,#135,#136,#137,#138,#139,#140,#141,#142,#143,#144),#6162);
#11=SHAPE_REPRESENTATION_RELATIONSHIP('SRR','None',#6172,#12);
#12=ADVANCED_BREP_SHAPE_REPRESENTATION('',(#145,#146,#147,#148,#149,#150,
#151,#152,#153,#154,#155,#156,#157),#6160);
#13=ITEM_DEFINED_TRANSFORMATION($,$,#2902,#3165);
#14=(
REPRESENTATION_RELATIONSHIP($,$,#6173,#6172)
REPRESENTATION_RELATIONSHIP_WITH_TRANSFORMATION(#13)
SHAPE_REPRESENTATION_RELATIONSHIP()
);
#15=CONTEXT_DEPENDENT_SHAPE_REPRESENTATION(#14,#6171);
#16=NEXT_ASSEMBLY_USAGE_OCCURRENCE('OBJ_PCB_ProtonV2.1_5 v1:1',
'OBJ_PCB_ProtonV2.1_5 v1:1','OBJ_PCB_ProtonV2.1_5 v1:1',#6175,#6176,
'OBJ_PCB_ProtonV2.1_5 v1:1');
#17=ELLIPSE('',#3058,92.4107486007103,27.4055926996728);
#18=ELLIPSE('',#3059,119.704821248562,35.5);
#19=ELLIPSE('',#3061,92.4107486007103,27.4055926996728);
#20=ELLIPSE('',#3062,119.704821248562,35.5);
#21=ELLIPSE('',#3067,92.4107486007103,27.4055926996728);
#22=ELLIPSE('',#3068,119.704821248562,35.5);
#23=ELLIPSE('',#3070,92.4107486007103,27.4055926996728);
#24=ELLIPSE('',#3071,119.704821248562,35.5);
#25=ELLIPSE('',#3076,92.4107486007103,27.4055926996728);
#26=ELLIPSE('',#3077,119.704821248562,35.5);
#27=ELLIPSE('',#3079,92.4107486007103,27.4055926996728);
#28=ELLIPSE('',#3080,119.704821248562,35.5);
#29=ELLIPSE('',#3085,92.4107486007103,27.4055926996728);
#30=ELLIPSE('',#3086,119.704821248562,35.5);
#31=ELLIPSE('',#3088,92.4107486007103,27.4055926996728);
#32=ELLIPSE('',#3089,119.704821248562,35.5);
#33=ELLIPSE('',#3096,92.4107486007103,27.4055926996728);
#34=ELLIPSE('',#3097,119.704821248562,35.5);
#35=ELLIPSE('',#3098,119.704821248562,35.5);
#36=ELLIPSE('',#3099,92.4107486007103,27.4055926996728);
#37=ELLIPSE('',#3101,92.4107486007103,27.4055926996728);
#38=ELLIPSE('',#3102,119.704821248562,35.5);
#39=ELLIPSE('',#3107,92.4107486007103,27.4055926996728);
#40=ELLIPSE('',#3108,119.704821248562,35.5);
#41=ELLIPSE('',#3110,92.4107486007103,27.4055926996728);
#42=ELLIPSE('',#3111,119.704821248562,35.5);
#43=ELLIPSE('',#3116,92.4107486007103,27.4055926996728);
#44=ELLIPSE('',#3117,119.704821248562,35.5);
#45=ELLIPSE('',#3119,92.4107486007103,27.4055926996728);
#46=ELLIPSE('',#3120,119.704821248562,35.5);
#47=TOROIDAL_SURFACE('',#3018,31.0000000000001,4.5);
#48=TOROIDAL_SURFACE('',#3022,31.4746396801213,4.5);
#49=B_SPLINE_SURFACE_WITH_KNOTS('',3,3,((#5427,#5428,#5429,#5430,#5431,
#5432,#5433,#5434,#5435),(#5436,#5437,#5438,#5439,#5440,#5441,#5442,#5443,
#5444),(#5445,#5446,#5447,#5448,#5449,#5450,#5451,#5452,#5453),(#5454,#5455,
#5456,#5457,#5458,#5459,#5460,#5461,#5462),(#5463,#5464,#5465,#5466,#5467,
#5468,#5469,#5470,#5471),(#5472,#5473,#5474,#5475,#5476,#5477,#5478,#5479,
#5480)),.UNSPECIFIED.,.F.,.F.,.F.,(4,1,1,4),(4,1,1,1,1,1,4),(0.,0.285714285714286,
0.571428571428571,1.),(0.00397485170042278,0.364875814718436,0.725776777736448,
1.44757870377247,1.98893014829949,2.1693806298085,2.53028159282651),
 .UNSPECIFIED.);
#50=B_SPLINE_SURFACE_WITH_KNOTS('',3,3,((#5629,#5630,#5631,#5632,#5633,
#5634,#5635,#5636,#5637,#5638,#5639,#5640),(#5641,#5642,#5643,#5644,#5645,
#5646,#5647,#5648,#5649,#5650,#5651,#5652),(#5653,#5654,#5655,#5656,#5657,
#5658,#5659,#5660,#5661,#5662,#5663,#5664),(#5665,#5666,#5667,#5668,#5669,
#5670,#5671,#5672,#5673,#5674,#5675,#5676),(#5677,#5678,#5679,#5680,#5681,
#5682,#5683,#5684,#5685,#5686,#5687,#5688)),.UNSPECIFIED.,.F.,.F.,.F.,(4,
1,4),(4,1,1,1,1,1,1,1,1,4),(0.,0.571428571428571,1.),(-1.81323264483859,
-1.55441503326378,-1.29559742168896,-0.777962198539331,-0.2603269753897,
0.257308247759932,0.774943470909564,1.2925786940592,1.55139630563401,1.81021391720883),
 .UNSPECIFIED.);
#51=B_SPLINE_SURFACE_WITH_KNOTS('',3,3,((#5750,#5751,#5752,#5753,#5754,
#5755,#5756,#5757,#5758,#5759,#5760,#5761),(#5762,#5763,#5764,#5765,#5766,
#5767,#5768,#5769,#5770,#5771,#5772,#5773),(#5774,#5775,#5776,#5777,#5778,
#5779,#5780,#5781,#5782,#5783,#5784,#5785),(#5786,#5787,#5788,#5789,#5790,
#5791,#5792,#5793,#5794,#5795,#5796,#5797),(#5798,#5799,#5800,#5801,#5802,
#5803,#5804,#5805,#5806,#5807,#5808,#5809)),.UNSPECIFIED.,.F.,.F.,.F.,(4,
1,4),(4,1,1,1,1,1,1,1,1,4),(0.,0.571428571428571,1.),(-1.81323264483859,
-1.55441503326378,-1.29559742168896,-0.777962198539332,-0.2603269753897,
0.257308247759931,0.774943470909563,1.29257869405919,1.55139630563401,1.81021391720883),
 .UNSPECIFIED.);
#52=B_SPLINE_CURVE_WITH_KNOTS('',3,(#4154,#4155,#4156,#4157,#4158,#4159,
#4160,#4161,#4162,#4163,#4164,#4165,#4166,#4167,#4168,#4169,#4170,#4171,
#4172,#4173,#4174,#4175,#4176,#4177,#4178,#4179),.UNSPECIFIED.,.F.,.F.,
(4,2,2,2,2,2,2,2,2,2,2,2,4),(0.,0.0564920816055323,0.112984163211065,0.169635304638543,
0.22628644606602,0.283158343658194,0.340030241250368,0.396544764658017,
0.453059288065666,0.509573811473315,0.566088334880964,0.622960232473138,
0.679832130065312),.UNSPECIFIED.);
#53=B_SPLINE_CURVE_WITH_KNOTS('',3,(#4180,#4181,#4182,#4183,#4184,#4185,
#4186,#4187,#4188,#4189),.UNSPECIFIED.,.F.,.F.,(4,2,2,2,4),(0.679832130065312,
0.73648327149279,0.793134412920268,0.8496264945258,0.906118576131332),
 .UNSPECIFIED.);
#54=B_SPLINE_CURVE_WITH_KNOTS('',3,(#4193,#4194,#4195,#4196,#4197,#4198,
#4199,#4200,#4201,#4202),.UNSPECIFIED.,.F.,.F.,(4,2,2,2,4),(0.,0.0564965136129664,
0.112993027225933,0.169584072988417,0.226175118750901),.UNSPECIFIED.);
#55=B_SPLINE_CURVE_WITH_KNOTS('',3,(#4203,#4204,#4205,#4206,#4207,#4208,
#4209,#4210,#4211,#4212,#4213,#4214,#4215,#4216,#4217,#4218,#4219,#4220,
#4221,#4222,#4223,#4224,#4225,#4226,#4227,#4228),.UNSPECIFIED.,.F.,.F.,
(4,2,2,2,2,2,2,2,2,2,2,2,4),(0.226175118750901,0.282896913636671,0.339618708522441,
0.39612838935194,0.452638070181439,0.509147751010939,0.565657431840438,
0.622379226726208,0.679101021611978,0.735692067374462,0.792283113136946,
0.848779626749912,0.905276140362879),.UNSPECIFIED.);
#56=B_SPLINE_CURVE_WITH_KNOTS('',3,(#4232,#4233,#4234,#4235,#4236,#4237,
#4238,#4239,#4240,#4241,#4242,#4243,#4244,#4245,#4246,#4247,#4248,#4249,
#4250,#4251,#4252,#4253,#4254,#4255,#4256,#4257),.UNSPECIFIED.,.F.,.F.,
(4,2,2,2,2,2,2,2,2,2,2,2,4),(0.,0.0564925052312548,0.11298501046251,0.16963158754636,
0.226278164630211,0.283142775448418,0.340007386266625,0.396522051378285,
0.453036716489945,0.509551381601605,0.566066046713265,0.622930657531472,
0.679795268349679),.UNSPECIFIED.);
#57=B_SPLINE_CURVE_WITH_KNOTS('',3,(#4258,#4259,#4260,#4261,#4262,#4263,
#4264,#4265,#4266,#4267),.UNSPECIFIED.,.F.,.F.,(4,2,2,2,4),(0.679795268349679,
0.73644184543353,0.79308842251738,0.849580927748635,0.90607343297989),
 .UNSPECIFIED.);
#58=B_SPLINE_CURVE_WITH_KNOTS('',3,(#4271,#4272,#4273,#4274,#4275,#4276,
#4277,#4278,#4279,#4280),.UNSPECIFIED.,.F.,.F.,(4,2,2,2,4),(0.,0.0564965136129662,
0.112993027225932,0.169584072988416,0.226175118750901),.UNSPECIFIED.);
#59=B_SPLINE_CURVE_WITH_KNOTS('',3,(#4281,#4282,#4283,#4284,#4285,#4286,
#4287,#4288,#4289,#4290,#4291,#4292,#4293,#4294,#4295,#4296,#4297,#4298,
#4299,#4300,#4301,#4302,#4303,#4304,#4305,#4306),.UNSPECIFIED.,.F.,.F.,
(4,2,2,2,2,2,2,2,2,2,2,2,4),(0.226175118750901,0.282896913636672,0.339618708522443,
0.396128389351942,0.45263807018144,0.509147751010939,0.565657431840437,
0.622379226726208,0.67910102161198,0.735692067374464,0.792283113136948,
0.848779626749914,0.905276140362881),.UNSPECIFIED.);
#60=B_SPLINE_CURVE_WITH_KNOTS('',3,(#4310,#4311,#4312,#4313,#4314,#4315,
#4316,#4317,#4318,#4319,#4320,#4321,#4322,#4323,#4324,#4325,#4326,#4327,
#4328,#4329,#4330,#4331,#4332,#4333,#4334,#4335),.UNSPECIFIED.,.F.,.F.,
(4,2,2,2,2,2,2,2,2,2,2,2,4),(0.,0.0564926872855267,0.112985374571053,0.169630000304537,
0.22627462603802,0.283136109059159,0.339997592080297,0.396512317476992,
0.453027042873686,0.509541768270381,0.566056493667076,0.622917976688214,
0.679779459709352),.UNSPECIFIED.);
#61=B_SPLINE_CURVE_WITH_KNOTS('',3,(#4336,#4337,#4338,#4339,#4340,#4341,
#4342,#4343,#4344,#4345),.UNSPECIFIED.,.F.,.F.,(4,2,2,2,4),(0.679779459709352,
0.736424085442836,0.793068711176319,0.849561398461846,0.906054085747372),
 .UNSPECIFIED.);
#62=B_SPLINE_CURVE_WITH_KNOTS('',3,(#4349,#4350,#4351,#4352,#4353,#4354,
#4355,#4356,#4357,#4358),.UNSPECIFIED.,.F.,.F.,(4,2,2,2,4),(0.,0.0564965136129662,
0.112993027225932,0.169584072988417,0.226175118750901),.UNSPECIFIED.);
#63=B_SPLINE_CURVE_WITH_KNOTS('',3,(#4359,#4360,#4361,#4362,#4363,#4364,
#4365,#4366,#4367,#4368,#4369,#4370,#4371,#4372,#4373,#4374,#4375,#4376,
#4377,#4378,#4379,#4380,#4381,#4382,#4383,#4384),.UNSPECIFIED.,.F.,.F.,
(4,2,2,2,2,2,2,2,2,2,2,2,4),(0.226175118750901,0.282896913636672,0.339618708522443,
0.396128389351942,0.452638070181441,0.50914775101094,0.565657431840439,
0.62237922672621,0.67910102161198,0.735692067374465,0.792283113136949,0.848779626749915,
0.905276140362882),.UNSPECIFIED.);
#64=B_SPLINE_CURVE_WITH_KNOTS('',3,(#4388,#4389,#4390,#4391,#4392,#4393,
#4394,#4395,#4396,#4397,#4398,#4399,#4400,#4401,#4402,#4403,#4404,#4405,
#4406,#4407,#4408,#4409,#4410,#4411,#4412,#4413),.UNSPECIFIED.,.F.,.F.,
(4,2,2,2,2,2,2,2,2,2,2,2,4),(0.,0.0564925237676516,0.112985047535303,0.169631425654067,
0.226277803772831,0.28314209602217,0.34000638827151,0.396521059538274,0.453035730805039,
0.509550402071803,0.566065073338568,0.622929365587907,0.679793657837247),
 .UNSPECIFIED.);
#65=B_SPLINE_CURVE_WITH_KNOTS('',3,(#4414,#4415,#4416,#4417,#4418,#4419,
#4420,#4421,#4422,#4423),.UNSPECIFIED.,.F.,.F.,(4,2,2,2,4),(0.679793657837247,
0.73644003595601,0.793086414074774,0.849578937842426,0.906071461610078),
 .UNSPECIFIED.);
#66=B_SPLINE_CURVE_WITH_KNOTS('',3,(#4427,#4428,#4429,#4430,#4431,#4432,
#4433,#4434,#4435,#4436),.UNSPECIFIED.,.F.,.F.,(4,2,2,2,4),(0.,0.0564965136129661,
0.112993027225932,0.169584072988416,0.226175118750901),.UNSPECIFIED.);
#67=B_SPLINE_CURVE_WITH_KNOTS('',3,(#4437,#4438,#4439,#4440,#4441,#4442,
#4443,#4444,#4445,#4446,#4447,#4448,#4449,#4450,#4451,#4452,#4453,#4454,
#4455,#4456,#4457,#4458,#4459,#4460,#4461,#4462),.UNSPECIFIED.,.F.,.F.,
(4,2,2,2,2,2,2,2,2,2,2,2,4),(0.226175118750901,0.282896913636672,0.339618708522443,
0.396128389351942,0.452638070181441,0.509147751010939,0.565657431840438,
0.622379226726209,0.67910102161198,0.735692067374465,0.792283113136949,
0.848779626749915,0.905276140362881),.UNSPECIFIED.);
#68=B_SPLINE_CURVE_WITH_KNOTS('',3,(#4466,#4467,#4468,#4469,#4470,#4471,
#4472,#4473,#4474,#4475,#4476,#4477,#4478,#4479,#4480,#4481,#4482,#4483,
#4484,#4485,#4486,#4487,#4488,#4489,#4490,#4491),.UNSPECIFIED.,.F.,.F.,
(4,2,2,2,2,2,2,2,2,2,2,2,4),(0.,0.0564921080447397,0.112984216089479,0.169635071689326,
0.226285927289172,0.283157369751415,0.340028812213657,0.396543344522905,
0.453057876832153,0.509572409141401,0.566086941450649,0.622958383912892,
0.679829826375135),.UNSPECIFIED.);
#69=B_SPLINE_CURVE_WITH_KNOTS('',3,(#4492,#4493,#4494,#4495,#4496,#4497,
#4498,#4499,#4500,#4501),.UNSPECIFIED.,.F.,.F.,(4,2,2,2,4),(0.679829826375135,
0.736480681974981,0.793131537574827,0.849623645619567,0.906115753664307),
 .UNSPECIFIED.);
#70=B_SPLINE_CURVE_WITH_KNOTS('',3,(#4505,#4506,#4507,#4508,#4509,#4510,
#4511,#4512,#4513,#4514),.UNSPECIFIED.,.F.,.F.,(4,2,2,2,4),(0.,0.0564965136129661,
0.112993027225932,0.169584072988416,0.2261751187509),.UNSPECIFIED.);
#71=B_SPLINE_CURVE_WITH_KNOTS('',3,(#4515,#4516,#4517,#4518,#4519,#4520,
#4521,#4522,#4523,#4524,#4525,#4526,#4527,#4528,#4529,#4530,#4531,#4532,
#4533,#4534,#4535,#4536,#4537,#4538,#4539,#4540),.UNSPECIFIED.,.F.,.F.,
(4,2,2,2,2,2,2,2,2,2,2,2,4),(0.2261751187509,0.282896913636672,0.339618708522444,
0.396128389351943,0.452638070181441,0.50914775101094,0.565657431840438,
0.62237922672621,0.679101021611982,0.735692067374466,0.792283113136951,
0.848779626749917,0.905276140362883),.UNSPECIFIED.);
#72=B_SPLINE_CURVE_WITH_KNOTS('',3,(#4544,#4545,#4546,#4547,#4548,#4549,
#4550,#4551,#4552,#4553,#4554,#4555,#4556,#4557,#4558,#4559,#4560,#4561,
#4562,#4563,#4564,#4565,#4566,#4567,#4568,#4569),.UNSPECIFIED.,.F.,.F.,
(4,2,2,2,2,2,2,2,2,2,2,2,4),(0.,0.0564916809950222,0.112983361990044,0.169638849690287,
0.226294337390529,0.283173136789478,0.340051936188427,0.396566323795959,
0.45308071140349,0.509595099011022,0.566109486618553,0.622988286017502,
0.679867085416451),.UNSPECIFIED.);
#73=B_SPLINE_CURVE_WITH_KNOTS('',3,(#4570,#4571,#4572,#4573,#4574,#4575,
#4576,#4577,#4578,#4579),.UNSPECIFIED.,.F.,.F.,(4,2,2,2,4),(0.679867085416451,
0.736522573116693,0.793178060816936,0.849669741811958,0.90616142280698),
 .UNSPECIFIED.);
#74=B_SPLINE_CURVE_WITH_KNOTS('',3,(#4583,#4584,#4585,#4586,#4587,#4588,
#4589,#4590,#4591,#4592),.UNSPECIFIED.,.F.,.F.,(4,2,2,2,4),(0.,0.0564965136129661,
0.112993027225932,0.169584072988416,0.2261751187509),.UNSPECIFIED.);
#75=B_SPLINE_CURVE_WITH_KNOTS('',3,(#4593,#4594,#4595,#4596,#4597,#4598,
#4599,#4600,#4601,#4602,#4603,#4604,#4605,#4606,#4607,#4608,#4609,#4610,
#4611,#4612,#4613,#4614,#4615,#4616,#4617,#4618),.UNSPECIFIED.,.F.,.F.,
(4,2,2,2,2,2,2,2,2,2,2,2,4),(0.2261751187509,0.282896913636672,0.339618708522443,
0.396128389351942,0.45263807018144,0.509147751010939,0.565657431840438,
0.622379226726209,0.67910102161198,0.735692067374465,0.792283113136949,
0.848779626749915,0.905276140362881),.UNSPECIFIED.);
#76=B_SPLINE_CURVE_WITH_KNOTS('',3,(#4622,#4623,#4624,#4625,#4626,#4627,
#4628,#4629,#4630,#4631,#4632,#4633,#4634,#4635,#4636,#4637,#4638,#4639,
#4640,#4641,#4642,#4643,#4644,#4645,#4646,#4647),.UNSPECIFIED.,.F.,.F.,
(4,2,2,2,2,2,2,2,2,2,2,2,4),(0.,0.0564914951987263,0.112982990397453,0.169640503498331,
0.22629801659921,0.283180020474953,0.340062024350695,0.396576348397058,
0.45309067244342,0.509604996489783,0.566119320536145,0.623001324411888,
0.679883328287631),.UNSPECIFIED.);
#77=B_SPLINE_CURVE_WITH_KNOTS('',3,(#4648,#4649,#4650,#4651,#4652,#4653,
#4654,#4655,#4656,#4657),.UNSPECIFIED.,.F.,.F.,(4,2,2,2,4),(0.679883328287631,
0.73654084138851,0.793198354489388,0.849689849688114,0.906181344886841),
 .UNSPECIFIED.);
#78=B_SPLINE_CURVE_WITH_KNOTS('',3,(#4661,#4662,#4663,#4664,#4665,#4666,
#4667,#4668,#4669,#4670),.UNSPECIFIED.,.F.,.F.,(4,2,2,2,4),(0.,0.056496513612966,
0.112993027225932,0.169584072988416,0.2261751187509),.UNSPECIFIED.);
#79=B_SPLINE_CURVE_WITH_KNOTS('',3,(#4671,#4672,#4673,#4674,#4675,#4676,
#4677,#4678,#4679,#4680,#4681,#4682,#4683,#4684,#4685,#4686,#4687,#4688,
#4689,#4690,#4691,#4692,#4693,#4694,#4695,#4696),.UNSPECIFIED.,.F.,.F.,
(4,2,2,2,2,2,2,2,2,2,2,2,4),(0.2261751187509,0.282896913636671,0.339618708522442,
0.396128389351941,0.45263807018144,0.509147751010939,0.565657431840438,
0.622379226726209,0.67910102161198,0.735692067374464,0.792283113136948,
0.848779626749914,0.90527614036288),.UNSPECIFIED.);
#80=B_SPLINE_CURVE_WITH_KNOTS('',3,(#4700,#4701,#4702,#4703,#4704,#4705,
#4706,#4707,#4708,#4709,#4710,#4711,#4712,#4713,#4714,#4715,#4716,#4717,
#4718,#4719,#4720,#4721,#4722,#4723,#4724,#4725),.UNSPECIFIED.,.F.,.F.,
(4,2,2,2,2,2,2,2,2,2,2,2,4),(0.,0.0564916621405984,0.112983324281197,0.169639017239893,
0.226294710198589,0.283173834683244,0.340052959167898,0.396567340341894,
0.45308172151589,0.509596102689885,0.566110483863881,0.622989608348536,
0.67986873283319),.UNSPECIFIED.);
#81=B_SPLINE_CURVE_WITH_KNOTS('',3,(#4726,#4727,#4728,#4729,#4730,#4731,
#4732,#4733,#4734,#4735),.UNSPECIFIED.,.F.,.F.,(4,2,2,2,4),(0.67986873283319,
0.736524425791886,0.793180118750582,0.849671780891181,0.90616344303178),
 .UNSPECIFIED.);
#82=B_SPLINE_CURVE_WITH_KNOTS('',3,(#4739,#4740,#4741,#4742,#4743,#4744,
#4745,#4746,#4747,#4748),.UNSPECIFIED.,.F.,.F.,(4,2,2,2,4),(0.,0.0564965136129661,
0.112993027225932,0.169584072988416,0.226175118750901),.UNSPECIFIED.);
#83=B_SPLINE_CURVE_WITH_KNOTS('',3,(#4749,#4750,#4751,#4752,#4753,#4754,
#4755,#4756,#4757,#4758,#4759,#4760,#4761,#4762,#4763,#4764,#4765,#4766,
#4767,#4768,#4769,#4770,#4771,#4772,#4773,#4774),.UNSPECIFIED.,.F.,.F.,
(4,2,2,2,2,2,2,2,2,2,2,2,4),(0.226175118750901,0.282896913636672,0.339618708522443,
0.396128389351942,0.452638070181441,0.509147751010939,0.565657431840438,
0.622379226726209,0.679101021611981,0.735692067374465,0.792283113136949,
0.848779626749915,0.905276140362881),.UNSPECIFIED.);
#84=B_SPLINE_CURVE_WITH_KNOTS('',3,(#4792,#4793,#4794,#4795,#4796,#4797,
#4798,#4799,#4800,#4801,#4802,#4803,#4804,#4805,#4806,#4807,#4808,#4809,
#4810,#4811,#4812,#4813,#4814,#4815,#4816,#4817),.UNSPECIFIED.,.F.,.F.,
(4,2,2,2,2,2,2,2,2,2,2,2,4),(0.,0.0564920816055321,0.112984163211064,0.169635304638542,
0.22628644606602,0.283158343658194,0.340030241250368,0.396544764658016,
0.453059288065665,0.509573811473314,0.566088334880963,0.622960232473137,
0.679832130065311),.UNSPECIFIED.);
#85=B_SPLINE_CURVE_WITH_KNOTS('',3,(#4818,#4819,#4820,#4821,#4822,#4823,
#4824,#4825,#4826,#4827),.UNSPECIFIED.,.F.,.F.,(4,2,2,2,4),(0.679832130065311,
0.736483271492787,0.793134412920264,0.849626494525797,0.90611857613133),
 .UNSPECIFIED.);
#86=B_SPLINE_CURVE_WITH_KNOTS('',3,(#4831,#4832,#4833,#4834,#4835,#4836,
#4837,#4838,#4839,#4840),.UNSPECIFIED.,.F.,.F.,(4,2,2,2,4),(0.,0.0564965136129659,
0.112993027225932,0.169584072988416,0.2261751187509),.UNSPECIFIED.);
#87=B_SPLINE_CURVE_WITH_KNOTS('',3,(#4841,#4842,#4843,#4844,#4845,#4846,
#4847,#4848,#4849,#4850,#4851,#4852,#4853,#4854,#4855,#4856,#4857,#4858,
#4859,#4860,#4861,#4862,#4863,#4864,#4865,#4866),.UNSPECIFIED.,.F.,.F.,
(4,2,2,2,2,2,2,2,2,2,2,2,4),(0.2261751187509,0.28289691363667,0.33961870852244,
0.396128389351939,0.452638070181438,0.509147751010937,0.565657431840436,
0.622379226726206,0.679101021611976,0.73569206737446,0.792283113136944,
0.84877962674991,0.905276140362876),.UNSPECIFIED.);
#88=B_SPLINE_CURVE_WITH_KNOTS('',3,(#4870,#4871,#4872,#4873,#4874,#4875,
#4876,#4877,#4878,#4879,#4880,#4881,#4882,#4883,#4884,#4885,#4886,#4887,
#4888,#4889,#4890,#4891,#4892,#4893,#4894,#4895),.UNSPECIFIED.,.F.,.F.,
(4,2,2,2,2,2,2,2,2,2,2,2,4),(0.,0.0564925052312545,0.112985010462509,0.169631587546359,
0.22627816463021,0.283142775448417,0.340007386266624,0.396522051378284,
0.453036716489944,0.509551381601604,0.566066046713264,0.622930657531471,
0.679795268349677),.UNSPECIFIED.);
#89=B_SPLINE_CURVE_WITH_KNOTS('',3,(#4896,#4897,#4898,#4899,#4900,#4901,
#4902,#4903,#4904,#4905),.UNSPECIFIED.,.F.,.F.,(4,2,2,2,4),(0.679795268349677,
0.736441845433528,0.793088422517378,0.849580927748633,0.906073432979887),
 .UNSPECIFIED.);
#90=B_SPLINE_CURVE_WITH_KNOTS('',3,(#4909,#4910,#4911,#4912,#4913,#4914,
#4915,#4916,#4917,#4918),.UNSPECIFIED.,.F.,.F.,(4,2,2,2,4),(0.,0.0564965136129658,
0.112993027225932,0.169584072988416,0.2261751187509),.UNSPECIFIED.);
#91=B_SPLINE_CURVE_WITH_KNOTS('',3,(#4919,#4920,#4921,#4922,#4923,#4924,
#4925,#4926,#4927,#4928,#4929,#4930,#4931,#4932,#4933,#4934,#4935,#4936,
#4937,#4938,#4939,#4940,#4941,#4942,#4943,#4944),.UNSPECIFIED.,.F.,.F.,
(4,2,2,2,2,2,2,2,2,2,2,2,4),(0.2261751187509,0.282896913636671,0.339618708522443,
0.396128389351941,0.45263807018144,0.509147751010938,0.565657431840436,
0.622379226726208,0.679101021611979,0.735692067374463,0.792283113136947,
0.848779626749913,0.905276140362879),.UNSPECIFIED.);
#92=B_SPLINE_CURVE_WITH_KNOTS('',3,(#4948,#4949,#4950,#4951,#4952,#4953,
#4954,#4955,#4956,#4957,#4958,#4959,#4960,#4961,#4962,#4963,#4964,#4965,
#4966,#4967,#4968,#4969,#4970,#4971,#4972,#4973),.UNSPECIFIED.,.F.,.F.,
(4,2,2,2,2,2,2,2,2,2,2,2,4),(0.,0.0564926872855265,0.112985374571053,0.169630000304536,
0.22627462603802,0.283136109059158,0.339997592080296,0.396512317476991,
0.453027042873685,0.509541768270379,0.566056493667074,0.622917976688212,
0.67977945970935),.UNSPECIFIED.);
#93=B_SPLINE_CURVE_WITH_KNOTS('',3,(#4974,#4975,#4976,#4977,#4978,#4979,
#4980,#4981,#4982,#4983),.UNSPECIFIED.,.F.,.F.,(4,2,2,2,4),(0.67977945970935,
0.736424085442833,0.793068711176317,0.849561398461844,0.90605408574737),
 .UNSPECIFIED.);
#94=B_SPLINE_CURVE_WITH_KNOTS('',3,(#4987,#4988,#4989,#4990,#4991,#4992,
#4993,#4994,#4995,#4996),.UNSPECIFIED.,.F.,.F.,(4,2,2,2,4),(0.,0.0564965136129656,
0.112993027225931,0.169584072988415,0.2261751187509),.UNSPECIFIED.);
#95=B_SPLINE_CURVE_WITH_KNOTS('',3,(#4997,#4998,#4999,#5000,#5001,#5002,
#5003,#5004,#5005,#5006,#5007,#5008,#5009,#5010,#5011,#5012,#5013,#5014,
#5015,#5016,#5017,#5018,#5019,#5020,#5021,#5022),.UNSPECIFIED.,.F.,.F.,
(4,2,2,2,2,2,2,2,2,2,2,2,4),(0.2261751187509,0.282896913636671,0.339618708522442,
0.39612838935194,0.452638070181439,0.509147751010937,0.565657431840436,
0.622379226726207,0.679101021611977,0.735692067374462,0.792283113136946,
0.848779626749912,0.905276140362877),.UNSPECIFIED.);
#96=B_SPLINE_CURVE_WITH_KNOTS('',3,(#5026,#5027,#5028,#5029,#5030,#5031,
#5032,#5033,#5034,#5035,#5036,#5037,#5038,#5039,#5040,#5041,#5042,#5043,
#5044,#5045,#5046,#5047,#5048,#5049,#5050,#5051),.UNSPECIFIED.,.F.,.F.,
(4,2,2,2,2,2,2,2,2,2,2,2,4),(0.,0.0564925237676516,0.112985047535303,0.169631425654067,
0.22627780377283,0.28314209602217,0.340006388271509,0.396521059538273,0.453035730805038,
0.509550402071802,0.566065073338567,0.622929365587906,0.679793657837245),
 .UNSPECIFIED.);
#97=B_SPLINE_CURVE_WITH_KNOTS('',3,(#5052,#5053,#5054,#5055,#5056,#5057,
#5058,#5059,#5060,#5061),.UNSPECIFIED.,.F.,.F.,(4,2,2,2,4),(0.679793657837245,
0.736440035956009,0.793086414074773,0.849578937842424,0.906071461610076),
 .UNSPECIFIED.);
#98=B_SPLINE_CURVE_WITH_KNOTS('',3,(#5065,#5066,#5067,#5068,#5069,#5070,
#5071,#5072,#5073,#5074),.UNSPECIFIED.,.F.,.F.,(4,2,2,2,4),(0.,0.0564965136129657,
0.112993027225931,0.169584072988416,0.2261751187509),.UNSPECIFIED.);
#99=B_SPLINE_CURVE_WITH_KNOTS('',3,(#5075,#5076,#5077,#5078,#5079,#5080,
#5081,#5082,#5083,#5084,#5085,#5086,#5087,#5088,#5089,#5090,#5091,#5092,
#5093,#5094,#5095,#5096,#5097,#5098,#5099,#5100),.UNSPECIFIED.,.F.,.F.,
(4,2,2,2,2,2,2,2,2,2,2,2,4),(0.2261751187509,0.282896913636671,0.339618708522442,
0.396128389351941,0.452638070181439,0.509147751010938,0.565657431840436,
0.622379226726207,0.679101021611978,0.735692067374462,0.792283113136946,
0.848779626749912,0.905276140362878),.UNSPECIFIED.);
#100=B_SPLINE_CURVE_WITH_KNOTS('',3,(#5104,#5105,#5106,#5107,#5108,#5109,
#5110,#5111,#5112,#5113,#5114,#5115,#5116,#5117,#5118,#5119,#5120,#5121,
#5122,#5123,#5124,#5125,#5126,#5127,#5128,#5129),.UNSPECIFIED.,.F.,.F.,
(4,2,2,2,2,2,2,2,2,2,2,2,4),(0.,0.0564921080447394,0.112984216089479,0.169635071689325,
0.226285927289171,0.283157369751414,0.340028812213656,0.396543344522904,
0.453057876832151,0.509572409141399,0.566086941450646,0.622958383912889,
0.679829826375132),.UNSPECIFIED.);
#101=B_SPLINE_CURVE_WITH_KNOTS('',3,(#5130,#5131,#5132,#5133,#5134,#5135,
#5136,#5137,#5138,#5139),.UNSPECIFIED.,.F.,.F.,(4,2,2,2,4),(0.679829826375132,
0.736480681974978,0.793131537574824,0.849623645619564,0.906115753664303),
 .UNSPECIFIED.);
#102=B_SPLINE_CURVE_WITH_KNOTS('',3,(#5143,#5144,#5145,#5146,#5147,#5148,
#5149,#5150,#5151,#5152),.UNSPECIFIED.,.F.,.F.,(4,2,2,2,4),(0.,0.0564965136129656,
0.112993027225931,0.169584072988416,0.2261751187509),.UNSPECIFIED.);
#103=B_SPLINE_CURVE_WITH_KNOTS('',3,(#5153,#5154,#5155,#5156,#5157,#5158,
#5159,#5160,#5161,#5162,#5163,#5164,#5165,#5166,#5167,#5168,#5169,#5170,
#5171,#5172,#5173,#5174,#5175,#5176,#5177,#5178),.UNSPECIFIED.,.F.,.F.,
(4,2,2,2,2,2,2,2,2,2,2,2,4),(0.2261751187509,0.282896913636671,0.339618708522442,
0.396128389351941,0.452638070181439,0.509147751010938,0.565657431840436,
0.622379226726207,0.679101021611978,0.735692067374462,0.792283113136946,
0.848779626749912,0.905276140362878),.UNSPECIFIED.);
#104=B_SPLINE_CURVE_WITH_KNOTS('',3,(#5182,#5183,#5184,#5185,#5186,#5187,
#5188,#5189,#5190,#5191,#5192,#5193,#5194,#5195,#5196,#5197,#5198,#5199,
#5200,#5201,#5202,#5203,#5204,#5205,#5206,#5207),.UNSPECIFIED.,.F.,.F.,
(4,2,2,2,2,2,2,2,2,2,2,2,4),(0.,0.056491680995022,0.112983361990044,0.169638849690286,
0.226294337390528,0.283173136789476,0.340051936188425,0.396566323795956,
0.453080711403488,0.50959509901102,0.566109486618551,0.6229882860175,0.679867085416448),
 .UNSPECIFIED.);
#105=B_SPLINE_CURVE_WITH_KNOTS('',3,(#5208,#5209,#5210,#5211,#5212,#5213,
#5214,#5215,#5216,#5217),.UNSPECIFIED.,.F.,.F.,(4,2,2,2,4),(0.679867085416448,
0.73652257311669,0.793178060816932,0.849669741811954,0.906161422806976),
 .UNSPECIFIED.);
#106=B_SPLINE_CURVE_WITH_KNOTS('',3,(#5221,#5222,#5223,#5224,#5225,#5226,
#5227,#5228,#5229,#5230),.UNSPECIFIED.,.F.,.F.,(4,2,2,2,4),(0.,0.0564965136129656,
0.112993027225931,0.169584072988415,0.2261751187509),.UNSPECIFIED.);
#107=B_SPLINE_CURVE_WITH_KNOTS('',3,(#5231,#5232,#5233,#5234,#5235,#5236,
#5237,#5238,#5239,#5240,#5241,#5242,#5243,#5244,#5245,#5246,#5247,#5248,
#5249,#5250,#5251,#5252,#5253,#5254,#5255,#5256),.UNSPECIFIED.,.F.,.F.,
(4,2,2,2,2,2,2,2,2,2,2,2,4),(0.2261751187509,0.282896913636671,0.339618708522441,
0.39612838935194,0.452638070181439,0.509147751010937,0.565657431840436,
0.622379226726207,0.679101021611978,0.735692067374462,0.792283113136947,
0.848779626749912,0.905276140362878),.UNSPECIFIED.);
#108=B_SPLINE_CURVE_WITH_KNOTS('',3,(#5260,#5261,#5262,#5263,#5264,#5265,
#5266,#5267,#5268,#5269,#5270,#5271,#5272,#5273,#5274,#5275,#5276,#5277,
#5278,#5279,#5280,#5281,#5282,#5283,#5284,#5285),.UNSPECIFIED.,.F.,.F.,
(4,2,2,2,2,2,2,2,2,2,2,2,4),(0.,0.056491495198726,0.112982990397452,0.169640503498331,
0.226298016599209,0.283180020474952,0.340062024350695,0.396576348397057,
0.453090672443419,0.509604996489781,0.566119320536143,0.623001324411886,
0.679883328287629),.UNSPECIFIED.);
#109=B_SPLINE_CURVE_WITH_KNOTS('',3,(#5286,#5287,#5288,#5289,#5290,#5291,
#5292,#5293,#5294,#5295),.UNSPECIFIED.,.F.,.F.,(4,2,2,2,4),(0.679883328287629,
0.736540841388508,0.793198354489386,0.849689849688113,0.906181344886839),
 .UNSPECIFIED.);
#110=B_SPLINE_CURVE_WITH_KNOTS('',3,(#5299,#5300,#5301,#5302,#5303,#5304,
#5305,#5306,#5307,#5308),.UNSPECIFIED.,.F.,.F.,(4,2,2,2,4),(0.,0.0564965136129656,
0.112993027225931,0.169584072988415,0.2261751187509),.UNSPECIFIED.);
#111=B_SPLINE_CURVE_WITH_KNOTS('',3,(#5309,#5310,#5311,#5312,#5313,#5314,
#5315,#5316,#5317,#5318,#5319,#5320,#5321,#5322,#5323,#5324,#5325,#5326,
#5327,#5328,#5329,#5330,#5331,#5332,#5333,#5334),.UNSPECIFIED.,.F.,.F.,
(4,2,2,2,2,2,2,2,2,2,2,2,4),(0.2261751187509,0.282896913636671,0.339618708522441,
0.39612838935194,0.452638070181439,0.509147751010937,0.565657431840436,
0.622379226726207,0.679101021611978,0.735692067374462,0.792283113136946,
0.848779626749912,0.905276140362877),.UNSPECIFIED.);
#112=B_SPLINE_CURVE_WITH_KNOTS('',3,(#5338,#5339,#5340,#5341,#5342,#5343,
#5344,#5345,#5346,#5347,#5348,#5349,#5350,#5351,#5352,#5353,#5354,#5355,
#5356,#5357,#5358,#5359,#5360,#5361,#5362,#5363),.UNSPECIFIED.,.F.,.F.,
(4,2,2,2,2,2,2,2,2,2,2,2,4),(0.,0.0564916621405983,0.112983324281197,0.169639017239893,
0.226294710198589,0.283173834683243,0.340052959167897,0.396567340341893,
0.453081721515889,0.509596102689884,0.56611048386388,0.622989608348534,
0.679868732833189),.UNSPECIFIED.);
#113=B_SPLINE_CURVE_WITH_KNOTS('',3,(#5364,#5365,#5366,#5367,#5368,#5369,
#5370,#5371,#5372,#5373),.UNSPECIFIED.,.F.,.F.,(4,2,2,2,4),(0.679868732833189,
0.736524425791885,0.793180118750581,0.849671780891179,0.906163443031777),
 .UNSPECIFIED.);
#114=B_SPLINE_CURVE_WITH_KNOTS('',3,(#5377,#5378,#5379,#5380,#5381,#5382,
#5383,#5384,#5385,#5386),.UNSPECIFIED.,.F.,.F.,(4,2,2,2,4),(0.,0.0564965136129657,
0.112993027225931,0.169584072988416,0.2261751187509),.UNSPECIFIED.);
#115=B_SPLINE_CURVE_WITH_KNOTS('',3,(#5387,#5388,#5389,#5390,#5391,#5392,
#5393,#5394,#5395,#5396,#5397,#5398,#5399,#5400,#5401,#5402,#5403,#5404,
#5405,#5406,#5407,#5408,#5409,#5410,#5411,#5412),.UNSPECIFIED.,.F.,.F.,
(4,2,2,2,2,2,2,2,2,2,2,2,4),(0.2261751187509,0.282896913636671,0.339618708522442,
0.396128389351941,0.452638070181439,0.509147751010938,0.565657431840436,
0.622379226726207,0.679101021611978,0.735692067374462,0.792283113136946,
0.848779626749912,0.905276140362878),.UNSPECIFIED.);
#116=B_SPLINE_CURVE_WITH_KNOTS('',3,(#5483,#5484,#5485,#5486,#5487,#5488,
#5489,#5490,#5491,#5492,#5493,#5494),.UNSPECIFIED.,.F.,.F.,(4,2,2,2,2,4),
(0.,0.168524394954063,0.338514803524772,0.515812965057633,0.64588073591107,
0.70663906692164),.UNSPECIFIED.);
#117=B_SPLINE_CURVE_WITH_KNOTS('',3,(#5496,#5497,#5498,#5499,#5500,#5501,
#5502,#5503,#5504),.UNSPECIFIED.,.F.,.F.,(4,1,1,1,1,1,4),(-2.39756102581742,
-2.1693806298085,-1.98893014829949,-1.44757870377247,-0.725776777736448,
-0.364875814718436,-0.157022000974473),.UNSPECIFIED.);
#118=B_SPLINE_CURVE_WITH_KNOTS('',3,(#5506,#5507,#5508,#5509,#5510,#5511,
#5512,#5513,#5514,#5515,#5516,#5517),.UNSPECIFIED.,.F.,.F.,(4,2,2,2,2,4),
(0.,0.204143944149963,0.393313591565238,0.571342254905509,0.677077542643949,
0.781203041343099),.UNSPECIFIED.);
#119=B_SPLINE_CURVE_WITH_KNOTS('',3,(#5519,#5520,#5521,#5522,#5523,#5524,
#5525,#5526,#5527),.UNSPECIFIED.,.F.,.F.,(4,1,1,1,1,1,4),(0.00397485170042278,
0.364875814718436,0.725776777736448,1.44757870377247,1.98893014829949,2.1693806298085,
2.53028159282651),.UNSPECIFIED.);
#120=B_SPLINE_CURVE_WITH_KNOTS('',3,(#5531,#5532,#5533,#5534),
 .UNSPECIFIED.,.F.,.F.,(4,4),(0.630186813266475,0.694495257381479),
 .UNSPECIFIED.);
#121=B_SPLINE_CURVE_WITH_KNOTS('',3,(#5549,#5550,#5551,#5552,#5553,#5554,
#5555,#5556,#5557,#5558,#5559,#5560,#5561,#5562),.UNSPECIFIED.,.F.,.F.,
(4,2,2,2,2,2,4),(0.198517219362501,0.24711380965217,0.331273416848518,0.419304610245349,
0.507335803642181,0.599787885730771,0.692239967819362),.UNSPECIFIED.);
#122=B_SPLINE_CURVE_WITH_KNOTS('',3,(#5566,#5567,#5568,#5569,#5570,#5571,
#5572,#5573,#5574,#5575,#5576,#5577,#5578,#5579),.UNSPECIFIED.,.F.,.F.,
(4,2,2,2,2,2,4),(2.0988276520694,2.19176399797351,2.28470034387761,2.37297288127634,
2.46124541867506,2.54544693349238,2.59385181069924),.UNSPECIFIED.);
#123=B_SPLINE_CURVE_WITH_KNOTS('',3,(#5595,#5596,#5597,#5598),
 .UNSPECIFIED.,.F.,.F.,(4,4),(-0.116990240424321,0.),.UNSPECIFIED.);
#124=B_SPLINE_CURVE_WITH_KNOTS('',3,(#5602,#5603,#5604,#5605),
 .UNSPECIFIED.,.F.,.F.,(4,4),(-0.343717843969435,-0.307149162431967),
 .UNSPECIFIED.);
#125=B_SPLINE_CURVE_WITH_KNOTS('',3,(#5691,#5692,#5693,#5694,#5695,#5696,
#5697,#5698,#5699,#5700,#5701,#5702,#5703,#5704,#5705,#5706,#5707,#5708,
#5709,#5710,#5711,#5712,#5713,#5714),.UNSPECIFIED.,.F.,.F.,(4,2,2,2,2,2,
2,2,2,2,2,4),(0.,0.268308667990421,0.501594485223499,0.616527843992745,
0.670741045982773,0.69708136393896,0.709981171859011,0.716191266001081,
0.718982929685566,0.720310441295071,0.720464784322551,0.72054374653012),
 .UNSPECIFIED.);
#126=B_SPLINE_CURVE_WITH_KNOTS('',3,(#5716,#5717,#5718,#5719,#5720,#5721,
#5722,#5723),.UNSPECIFIED.,.F.,.F.,(4,1,1,1,1,4),(-1.28442126726437,-0.774943470909564,
-0.257308247759932,0.2603269753897,0.777962198539331,1.28774527665256),
 .UNSPECIFIED.);
#127=B_SPLINE_CURVE_WITH_KNOTS('',3,(#5725,#5726,#5727,#5728,#5729,#5730,
#5731,#5732,#5733,#5734,#5735,#5736,#5737,#5738,#5739,#5740,#5741,#5742,
#5743,#5744,#5745,#5746,#5747,#5748),.UNSPECIFIED.,.F.,.F.,(4,2,2,2,2,2,
2,2,2,2,2,4),(-3.82347684290023E-5,0.,8.88435562493074E-5,0.000865559372382762,
0.00249738720372577,0.00612975137423857,0.013673999220383,0.0290762707720345,
0.0607771916257524,0.127986563824018,0.264398762083387,0.42130195610045),
 .UNSPECIFIED.);
#128=B_SPLINE_CURVE_WITH_KNOTS('',3,(#5811,#5812,#5813,#5814),
 .UNSPECIFIED.,.F.,.F.,(4,4),(0.945224536085698,1.28774728022274),
 .UNSPECIFIED.);
#129=B_SPLINE_CURVE_WITH_KNOTS('',3,(#5816,#5817,#5818,#5819,#5820,#5821,
#5822,#5823,#5824,#5825,#5826,#5827,#5828,#5829,#5830,#5831,#5832,#5833,
#5834,#5835,#5836,#5837,#5838,#5839),.UNSPECIFIED.,.F.,.F.,(4,2,2,2,2,2,
2,2,2,2,2,4),(-3.82347683835586E-5,0.,8.88435562279553E-5,0.000865559375573071,
0.00249738721340305,0.00612975139828424,0.0136739992754717,0.029076270890414,
0.0607771918739671,0.127986564347632,0.264398763165934,0.421301957825565),
 .UNSPECIFIED.);
#130=B_SPLINE_CURVE_WITH_KNOTS('',3,(#5843,#5844,#5845,#5846,#5847,#5848,
#5849,#5850,#5851,#5852,#5853,#5854,#5855,#5856,#5857,#5858,#5859,#5860,
#5861,#5862,#5863,#5864,#5865,#5866),.UNSPECIFIED.,.F.,.F.,(4,2,2,2,2,2,
2,2,2,2,2,4),(0.,0.268308667990389,0.501594485223677,0.616527843992979,
0.67074104598311,0.697081363939706,0.709981171858939,0.7161912660022,0.71898292968608,
0.720310441295583,0.720464784319922,0.720543746525313),.UNSPECIFIED.);
#131=B_SPLINE_CURVE_WITH_KNOTS('',3,(#5867,#5868,#5869,#5870),
 .UNSPECIFIED.,.F.,.F.,(4,4),(-1.2844352973508,-0.918455750936515),
 .UNSPECIFIED.);
#132=STYLED_ITEM('',(#6186),#145);
#133=STYLED_ITEM('',(#6186),#146);
#134=STYLED_ITEM('',(#6186),#147);
#135=STYLED_ITEM('',(#6186),#148);
#136=STYLED_ITEM('',(#6186),#149);
#137=STYLED_ITEM('',(#6186),#150);
#138=STYLED_ITEM('',(#6186),#151);
#139=STYLED_ITEM('',(#6186),#152);
#140=STYLED_ITEM('',(#6186),#153);
#141=STYLED_ITEM('',(#6186),#154);
#142=STYLED_ITEM('',(#6186),#155);
#143=STYLED_ITEM('',(#6186),#156);
#144=STYLED_ITEM('',(#6186),#157);
#145=MANIFOLD_SOLID_BREP('K\X\F6rper1',#2876);
#146=MANIFOLD_SOLID_BREP('K\X\F6rper2',#2877);
#147=MANIFOLD_SOLID_BREP('K\X\F6rper3',#2878);
#148=MANIFOLD_SOLID_BREP('K\X\F6rper4',#2879);
#149=MANIFOLD_SOLID_BREP('K\X\F6rper5',#2880);
#150=MANIFOLD_SOLID_BREP('K\X\F6rper6',#2881);
#151=MANIFOLD_SOLID_BREP('K\X\F6rper7',#2882);
#152=MANIFOLD_SOLID_BREP('K\X\F6rper8',#2883);
#153=MANIFOLD_SOLID_BREP('K\X\F6rper9',#2884);
#154=MANIFOLD_SOLID_BREP('K\X\F6rper10',#2885);
#155=MANIFOLD_SOLID_BREP('K\X\F6rper11',#2886);
#156=MANIFOLD_SOLID_BREP('K\X\F6rper12',#2887);
#157=MANIFOLD_SOLID_BREP('K\X\F6rper13',#2888);
#158=FACE_BOUND('',#489,.T.);
#159=FACE_BOUND('',#490,.T.);
#160=FACE_BOUND('',#491,.T.);
#161=FACE_BOUND('',#492,.T.);
#162=FACE_BOUND('',#494,.T.);
#163=FACE_BOUND('',#495,.T.);
#164=FACE_BOUND('',#496,.T.);
#165=FACE_BOUND('',#497,.T.);
#166=FACE_BOUND('',#504,.T.);
#167=FACE_BOUND('',#506,.T.);
#168=FACE_BOUND('',#513,.T.);
#169=FACE_BOUND('',#515,.T.);
#170=FACE_BOUND('',#522,.T.);
#171=FACE_BOUND('',#524,.T.);
#172=FACE_BOUND('',#531,.T.);
#173=FACE_BOUND('',#533,.T.);
#174=FACE_BOUND('',#538,.T.);
#175=FACE_BOUND('',#539,.T.);
#176=FACE_BOUND('',#542,.T.);
#177=FACE_BOUND('',#543,.T.);
#178=FACE_BOUND('',#549,.T.);
#179=FACE_BOUND('',#550,.T.);
#180=FACE_BOUND('',#553,.T.);
#181=FACE_BOUND('',#554,.T.);
#182=FACE_BOUND('',#567,.T.);
#183=FACE_BOUND('',#569,.T.);
#184=FACE_BOUND('',#570,.T.);
#185=FACE_BOUND('',#571,.T.);
#186=FACE_BOUND('',#572,.T.);
#187=FACE_BOUND('',#573,.T.);
#188=FACE_BOUND('',#574,.T.);
#189=FACE_BOUND('',#575,.T.);
#190=FACE_BOUND('',#576,.T.);
#191=FACE_BOUND('',#578,.T.);
#192=FACE_BOUND('',#579,.T.);
#193=FACE_BOUND('',#580,.T.);
#194=FACE_BOUND('',#581,.T.);
#195=FACE_BOUND('',#582,.T.);
#196=FACE_BOUND('',#583,.T.);
#197=FACE_BOUND('',#584,.T.);
#198=FACE_BOUND('',#585,.T.);
#199=FACE_BOUND('',#587,.T.);
#200=FACE_BOUND('',#597,.T.);
#201=FACE_BOUND('',#599,.T.);
#202=FACE_BOUND('',#600,.T.);
#203=FACE_BOUND('',#601,.T.);
#204=FACE_BOUND('',#602,.T.);
#205=FACE_BOUND('',#603,.T.);
#206=FACE_BOUND('',#604,.T.);
#207=FACE_BOUND('',#605,.T.);
#208=FACE_BOUND('',#606,.T.);
#209=FACE_BOUND('',#608,.T.);
#210=FACE_BOUND('',#609,.T.);
#211=FACE_BOUND('',#610,.T.);
#212=FACE_BOUND('',#611,.T.);
#213=FACE_BOUND('',#612,.T.);
#214=FACE_BOUND('',#613,.T.);
#215=FACE_BOUND('',#614,.T.);
#216=FACE_BOUND('',#615,.T.);
#217=FACE_BOUND('',#617,.T.);
#218=FACE_BOUND('',#626,.T.);
#219=FACE_BOUND('',#627,.T.);
#220=FACE_BOUND('',#633,.T.);
#221=FACE_BOUND('',#634,.T.);
#222=FACE_BOUND('',#635,.T.);
#223=FACE_BOUND('',#636,.T.);
#224=FACE_BOUND('',#642,.T.);
#225=FACE_BOUND('',#643,.T.);
#226=FACE_BOUND('',#669,.T.);
#227=FACE_BOUND('',#670,.T.);
#228=FACE_BOUND('',#671,.T.);
#229=FACE_BOUND('',#672,.T.);
#230=FACE_BOUND('',#673,.T.);
#231=FACE_BOUND('',#674,.T.);
#232=FACE_BOUND('',#676,.T.);
#233=FACE_BOUND('',#677,.T.);
#234=FACE_BOUND('',#678,.T.);
#235=FACE_BOUND('',#679,.T.);
#236=FACE_BOUND('',#680,.T.);
#237=FACE_BOUND('',#681,.T.);
#238=FACE_BOUND('',#683,.T.);
#239=FACE_BOUND('',#685,.T.);
#240=FACE_BOUND('',#692,.T.);
#241=FACE_BOUND('',#693,.T.);
#242=FACE_BOUND('',#694,.T.);
#243=FACE_BOUND('',#696,.T.);
#244=FACE_BOUND('',#697,.T.);
#245=FACE_BOUND('',#698,.T.);
#246=FACE_BOUND('',#711,.T.);
#247=FACE_BOUND('',#713,.T.);
#248=PLANE('',#2915);
#249=PLANE('',#2916);
#250=PLANE('',#2917);
#251=PLANE('',#2918);
#252=PLANE('',#2919);
#253=PLANE('',#2920);
#254=PLANE('',#2924);
#255=PLANE('',#2925);
#256=PLANE('',#2926);
#257=PLANE('',#2927);
#258=PLANE('',#2928);
#259=PLANE('',#2929);
#260=PLANE('',#2933);
#261=PLANE('',#2934);
#262=PLANE('',#2935);
#263=PLANE('',#2936);
#264=PLANE('',#2937);
#265=PLANE('',#2938);
#266=PLANE('',#2942);
#267=PLANE('',#2943);
#268=PLANE('',#2944);
#269=PLANE('',#2945);
#270=PLANE('',#2946);
#271=PLANE('',#2947);
#272=PLANE('',#2951);
#273=PLANE('',#2952);
#274=PLANE('',#2953);
#275=PLANE('',#2954);
#276=PLANE('',#2955);
#277=PLANE('',#2956);
#278=PLANE('',#2963);
#279=PLANE('',#2964);
#280=PLANE('',#2968);
#281=PLANE('',#2969);
#282=PLANE('',#2970);
#283=PLANE('',#2977);
#284=PLANE('',#2978);
#285=PLANE('',#2979);
#286=PLANE('',#2983);
#287=PLANE('',#2984);
#288=PLANE('',#2993);
#289=PLANE('',#3000);
#290=PLANE('',#3009);
#291=PLANE('',#3016);
#292=PLANE('',#3020);
#293=PLANE('',#3025);
#294=PLANE('',#3027);
#295=PLANE('',#3028);
#296=PLANE('',#3029);
#297=PLANE('',#3036);
#298=PLANE('',#3047);
#299=PLANE('',#3052);
#300=PLANE('',#3053);
#301=PLANE('',#3054);
#302=PLANE('',#3057);
#303=PLANE('',#3060);
#304=PLANE('',#3063);
#305=PLANE('',#3066);
#306=PLANE('',#3069);
#307=PLANE('',#3072);
#308=PLANE('',#3075);
#309=PLANE('',#3078);
#310=PLANE('',#3081);
#311=PLANE('',#3084);
#312=PLANE('',#3087);
#313=PLANE('',#3090);
#314=PLANE('',#3095);
#315=PLANE('',#3100);
#316=PLANE('',#3103);
#317=PLANE('',#3106);
#318=PLANE('',#3109);
#319=PLANE('',#3112);
#320=PLANE('',#3115);
#321=PLANE('',#3118);
#322=PLANE('',#3127);
#323=PLANE('',#3128);
#324=PLANE('',#3144);
#325=PLANE('',#3145);
#326=PLANE('',#3146);
#327=PLANE('',#3147);
#328=PLANE('',#3148);
#329=PLANE('',#3149);
#330=PLANE('',#3150);
#331=PLANE('',#3154);
#332=PLANE('',#3158);
#333=PLANE('',#3159);
#334=PLANE('',#3163);
#335=PLANE('',#3164);
#336=FACE_OUTER_BOUND('',#480,.T.);
#337=FACE_OUTER_BOUND('',#481,.T.);
#338=FACE_OUTER_BOUND('',#482,.T.);
#339=FACE_OUTER_BOUND('',#483,.T.);
#340=FACE_OUTER_BOUND('',#484,.T.);
#341=FACE_OUTER_BOUND('',#485,.T.);
#342=FACE_OUTER_BOUND('',#486,.T.);
#343=FACE_OUTER_BOUND('',#487,.T.);
#344=FACE_OUTER_BOUND('',#488,.T.);
#345=FACE_OUTER_BOUND('',#493,.T.);
#346=FACE_OUTER_BOUND('',#498,.T.);
#347=FACE_OUTER_BOUND('',#499,.T.);
#348=FACE_OUTER_BOUND('',#500,.T.);
#349=FACE_OUTER_BOUND('',#501,.T.);
#350=FACE_OUTER_BOUND('',#502,.T.);
#351=FACE_OUTER_BOUND('',#503,.T.);
#352=FACE_OUTER_BOUND('',#505,.T.);
#353=FACE_OUTER_BOUND('',#507,.T.);
#354=FACE_OUTER_BOUND('',#508,.T.);
#355=FACE_OUTER_BOUND('',#509,.T.);
#356=FACE_OUTER_BOUND('',#510,.T.);
#357=FACE_OUTER_BOUND('',#511,.T.);
#358=FACE_OUTER_BOUND('',#512,.T.);
#359=FACE_OUTER_BOUND('',#514,.T.);
#360=FACE_OUTER_BOUND('',#516,.T.);
#361=FACE_OUTER_BOUND('',#517,.T.);
#362=FACE_OUTER_BOUND('',#518,.T.);
#363=FACE_OUTER_BOUND('',#519,.T.);
#364=FACE_OUTER_BOUND('',#520,.T.);
#365=FACE_OUTER_BOUND('',#521,.T.);
#366=FACE_OUTER_BOUND('',#523,.T.);
#367=FACE_OUTER_BOUND('',#525,.T.);
#368=FACE_OUTER_BOUND('',#526,.T.);
#369=FACE_OUTER_BOUND('',#527,.T.);
#370=FACE_OUTER_BOUND('',#528,.T.);
#371=FACE_OUTER_BOUND('',#529,.T.);
#372=FACE_OUTER_BOUND('',#530,.T.);
#373=FACE_OUTER_BOUND('',#532,.T.);
#374=FACE_OUTER_BOUND('',#534,.T.);
#375=FACE_OUTER_BOUND('',#535,.T.);
#376=FACE_OUTER_BOUND('',#536,.T.);
#377=FACE_OUTER_BOUND('',#537,.T.);
#378=FACE_OUTER_BOUND('',#540,.T.);
#379=FACE_OUTER_BOUND('',#541,.T.);
#380=FACE_OUTER_BOUND('',#544,.T.);
#381=FACE_OUTER_BOUND('',#545,.T.);
#382=FACE_OUTER_BOUND('',#546,.T.);
#383=FACE_OUTER_BOUND('',#547,.T.);
#384=FACE_OUTER_BOUND('',#548,.T.);
#385=FACE_OUTER_BOUND('',#551,.T.);
#386=FACE_OUTER_BOUND('',#552,.T.);
#387=FACE_OUTER_BOUND('',#555,.T.);
#388=FACE_OUTER_BOUND('',#556,.T.);
#389=FACE_OUTER_BOUND('',#557,.T.);
#390=FACE_OUTER_BOUND('',#558,.T.);
#391=FACE_OUTER_BOUND('',#559,.T.);
#392=FACE_OUTER_BOUND('',#560,.T.);
#393=FACE_OUTER_BOUND('',#561,.T.);
#394=FACE_OUTER_BOUND('',#562,.T.);
#395=FACE_OUTER_BOUND('',#563,.T.);
#396=FACE_OUTER_BOUND('',#564,.T.);
#397=FACE_OUTER_BOUND('',#565,.T.);
#398=FACE_OUTER_BOUND('',#566,.T.);
#399=FACE_OUTER_BOUND('',#568,.T.);
#400=FACE_OUTER_BOUND('',#577,.T.);
#401=FACE_OUTER_BOUND('',#586,.T.);
#402=FACE_OUTER_BOUND('',#588,.T.);
#403=FACE_OUTER_BOUND('',#589,.T.);
#404=FACE_OUTER_BOUND('',#590,.T.);
#405=FACE_OUTER_BOUND('',#591,.T.);
#406=FACE_OUTER_BOUND('',#592,.T.);
#407=FACE_OUTER_BOUND('',#593,.T.);
#408=FACE_OUTER_BOUND('',#594,.T.);
#409=FACE_OUTER_BOUND('',#595,.T.);
#410=FACE_OUTER_BOUND('',#596,.T.);
#411=FACE_OUTER_BOUND('',#598,.T.);
#412=FACE_OUTER_BOUND('',#607,.T.);
#413=FACE_OUTER_BOUND('',#616,.T.);
#414=FACE_OUTER_BOUND('',#618,.T.);
#415=FACE_OUTER_BOUND('',#619,.T.);
#416=FACE_OUTER_BOUND('',#620,.T.);
#417=FACE_OUTER_BOUND('',#621,.T.);
#418=FACE_OUTER_BOUND('',#622,.T.);
#419=FACE_OUTER_BOUND('',#623,.T.);
#420=FACE_OUTER_BOUND('',#624,.T.);
#421=FACE_OUTER_BOUND('',#625,.T.);
#422=FACE_OUTER_BOUND('',#628,.T.);
#423=FACE_OUTER_BOUND('',#629,.T.);
#424=FACE_OUTER_BOUND('',#630,.T.);
#425=FACE_OUTER_BOUND('',#631,.T.);
#426=FACE_OUTER_BOUND('',#632,.T.);
#427=FACE_OUTER_BOUND('',#637,.T.);
#428=FACE_OUTER_BOUND('',#638,.T.);
#429=FACE_OUTER_BOUND('',#639,.T.);
#430=FACE_OUTER_BOUND('',#640,.T.);
#431=FACE_OUTER_BOUND('',#641,.T.);
#432=FACE_OUTER_BOUND('',#644,.T.);
#433=FACE_OUTER_BOUND('',#645,.T.);
#434=FACE_OUTER_BOUND('',#646,.T.);
#435=FACE_OUTER_BOUND('',#647,.T.);
#436=FACE_OUTER_BOUND('',#648,.T.);
#437=FACE_OUTER_BOUND('',#649,.T.);
#438=FACE_OUTER_BOUND('',#650,.T.);
#439=FACE_OUTER_BOUND('',#651,.T.);
#440=FACE_OUTER_BOUND('',#652,.T.);
#441=FACE_OUTER_BOUND('',#653,.T.);
#442=FACE_OUTER_BOUND('',#654,.T.);
#443=FACE_OUTER_BOUND('',#655,.T.);
#444=FACE_OUTER_BOUND('',#656,.T.);
#445=FACE_OUTER_BOUND('',#657,.T.);
#446=FACE_OUTER_BOUND('',#658,.T.);
#447=FACE_OUTER_BOUND('',#659,.T.);
#448=FACE_OUTER_BOUND('',#660,.T.);
#449=FACE_OUTER_BOUND('',#661,.T.);
#450=FACE_OUTER_BOUND('',#662,.T.);
#451=FACE_OUTER_BOUND('',#663,.T.);
#452=FACE_OUTER_BOUND('',#664,.T.);
#453=FACE_OUTER_BOUND('',#665,.T.);
#454=FACE_OUTER_BOUND('',#666,.T.);
#455=FACE_OUTER_BOUND('',#667,.T.);
#456=FACE_OUTER_BOUND('',#668,.T.);
#457=FACE_OUTER_BOUND('',#675,.T.);
#458=FACE_OUTER_BOUND('',#682,.T.);
#459=FACE_OUTER_BOUND('',#684,.T.);
#460=FACE_OUTER_BOUND('',#686,.T.);
#461=FACE_OUTER_BOUND('',#687,.T.);
#462=FACE_OUTER_BOUND('',#688,.T.);
#463=FACE_OUTER_BOUND('',#689,.T.);
#464=FACE_OUTER_BOUND('',#690,.T.);
#465=FACE_OUTER_BOUND('',#691,.T.);
#466=FACE_OUTER_BOUND('',#695,.T.);
#467=FACE_OUTER_BOUND('',#699,.T.);
#468=FACE_OUTER_BOUND('',#700,.T.);
#469=FACE_OUTER_BOUND('',#701,.T.);
#470=FACE_OUTER_BOUND('',#702,.T.);
#471=FACE_OUTER_BOUND('',#703,.T.);
#472=FACE_OUTER_BOUND('',#704,.T.);
#473=FACE_OUTER_BOUND('',#705,.T.);
#474=FACE_OUTER_BOUND('',#706,.T.);
#475=FACE_OUTER_BOUND('',#707,.T.);
#476=FACE_OUTER_BOUND('',#708,.T.);
#477=FACE_OUTER_BOUND('',#709,.T.);
#478=FACE_OUTER_BOUND('',#710,.T.);
#479=FACE_OUTER_BOUND('',#712,.T.);
#480=EDGE_LOOP('',(#1881,#1882,#1883,#1884));
#481=EDGE_LOOP('',(#1885,#1886,#1887,#1888));
#482=EDGE_LOOP('',(#1889,#1890,#1891,#1892));
#483=EDGE_LOOP('',(#1893,#1894,#1895,#1896));
#484=EDGE_LOOP('',(#1897,#1898,#1899,#1900));
#485=EDGE_LOOP('',(#1901,#1902,#1903,#1904));
#486=EDGE_LOOP('',(#1905,#1906,#1907,#1908));
#487=EDGE_LOOP('',(#1909,#1910,#1911,#1912));
#488=EDGE_LOOP('',(#1913,#1914,#1915,#1916));
#489=EDGE_LOOP('',(#1917));
#490=EDGE_LOOP('',(#1918));
#491=EDGE_LOOP('',(#1919));
#492=EDGE_LOOP('',(#1920));
#493=EDGE_LOOP('',(#1921,#1922,#1923,#1924));
#494=EDGE_LOOP('',(#1925));
#495=EDGE_LOOP('',(#1926));
#496=EDGE_LOOP('',(#1927));
#497=EDGE_LOOP('',(#1928));
#498=EDGE_LOOP('',(#1929,#1930,#1931,#1932));
#499=EDGE_LOOP('',(#1933,#1934,#1935,#1936));
#500=EDGE_LOOP('',(#1937,#1938,#1939,#1940));
#501=EDGE_LOOP('',(#1941,#1942,#1943,#1944));
#502=EDGE_LOOP('',(#1945,#1946,#1947,#1948));
#503=EDGE_LOOP('',(#1949,#1950,#1951,#1952));
#504=EDGE_LOOP('',(#1953));
#505=EDGE_LOOP('',(#1954,#1955,#1956,#1957));
#506=EDGE_LOOP('',(#1958));
#507=EDGE_LOOP('',(#1959,#1960,#1961,#1962));
#508=EDGE_LOOP('',(#1963,#1964,#1965,#1966));
#509=EDGE_LOOP('',(#1967,#1968,#1969,#1970));
#510=EDGE_LOOP('',(#1971,#1972,#1973,#1974));
#511=EDGE_LOOP('',(#1975,#1976,#1977,#1978));
#512=EDGE_LOOP('',(#1979,#1980,#1981,#1982));
#513=EDGE_LOOP('',(#1983));
#514=EDGE_LOOP('',(#1984,#1985,#1986,#1987));
#515=EDGE_LOOP('',(#1988));
#516=EDGE_LOOP('',(#1989,#1990,#1991,#1992));
#517=EDGE_LOOP('',(#1993,#1994,#1995,#1996));
#518=EDGE_LOOP('',(#1997,#1998,#1999,#2000));
#519=EDGE_LOOP('',(#2001,#2002,#2003,#2004));
#520=EDGE_LOOP('',(#2005,#2006,#2007,#2008));
#521=EDGE_LOOP('',(#2009,#2010,#2011,#2012));
#522=EDGE_LOOP('',(#2013));
#523=EDGE_LOOP('',(#2014,#2015,#2016,#2017));
#524=EDGE_LOOP('',(#2018));
#525=EDGE_LOOP('',(#2019,#2020,#2021,#2022));
#526=EDGE_LOOP('',(#2023,#2024,#2025,#2026));
#527=EDGE_LOOP('',(#2027,#2028,#2029,#2030));
#528=EDGE_LOOP('',(#2031,#2032,#2033,#2034));
#529=EDGE_LOOP('',(#2035,#2036,#2037,#2038));
#530=EDGE_LOOP('',(#2039,#2040,#2041,#2042));
#531=EDGE_LOOP('',(#2043));
#532=EDGE_LOOP('',(#2044,#2045,#2046,#2047));
#533=EDGE_LOOP('',(#2048));
#534=EDGE_LOOP('',(#2049,#2050,#2051,#2052));
#535=EDGE_LOOP('',(#2053,#2054,#2055,#2056));
#536=EDGE_LOOP('',(#2057,#2058,#2059,#2060));
#537=EDGE_LOOP('',(#2061,#2062,#2063,#2064));
#538=EDGE_LOOP('',(#2065));
#539=EDGE_LOOP('',(#2066));
#540=EDGE_LOOP('',(#2067,#2068,#2069,#2070));
#541=EDGE_LOOP('',(#2071,#2072,#2073,#2074));
#542=EDGE_LOOP('',(#2075));
#543=EDGE_LOOP('',(#2076));
#544=EDGE_LOOP('',(#2077,#2078,#2079,#2080));
#545=EDGE_LOOP('',(#2081,#2082,#2083,#2084));
#546=EDGE_LOOP('',(#2085,#2086,#2087,#2088));
#547=EDGE_LOOP('',(#2089,#2090,#2091,#2092));
#548=EDGE_LOOP('',(#2093,#2094,#2095,#2096));
#549=EDGE_LOOP('',(#2097));
#550=EDGE_LOOP('',(#2098));
#551=EDGE_LOOP('',(#2099,#2100,#2101,#2102));
#552=EDGE_LOOP('',(#2103,#2104,#2105,#2106));
#553=EDGE_LOOP('',(#2107));
#554=EDGE_LOOP('',(#2108));
#555=EDGE_LOOP('',(#2109,#2110,#2111,#2112));
#556=EDGE_LOOP('',(#2113,#2114,#2115,#2116));
#557=EDGE_LOOP('',(#2117,#2118,#2119,#2120));
#558=EDGE_LOOP('',(#2121,#2122,#2123,#2124,#2125,#2126));
#559=EDGE_LOOP('',(#2127,#2128,#2129,#2130,#2131,#2132));
#560=EDGE_LOOP('',(#2133,#2134,#2135,#2136,#2137,#2138));
#561=EDGE_LOOP('',(#2139,#2140,#2141,#2142,#2143,#2144));
#562=EDGE_LOOP('',(#2145,#2146,#2147,#2148,#2149,#2150));
#563=EDGE_LOOP('',(#2151,#2152,#2153,#2154,#2155,#2156));
#564=EDGE_LOOP('',(#2157,#2158,#2159,#2160,#2161,#2162));
#565=EDGE_LOOP('',(#2163,#2164,#2165,#2166,#2167,#2168));
#566=EDGE_LOOP('',(#2169));
#567=EDGE_LOOP('',(#2170));
#568=EDGE_LOOP('',(#2171,#2172,#2173,#2174));
#569=EDGE_LOOP('',(#2175,#2176));
#570=EDGE_LOOP('',(#2177,#2178));
#571=EDGE_LOOP('',(#2179,#2180));
#572=EDGE_LOOP('',(#2181,#2182));
#573=EDGE_LOOP('',(#2183,#2184));
#574=EDGE_LOOP('',(#2185,#2186));
#575=EDGE_LOOP('',(#2187,#2188));
#576=EDGE_LOOP('',(#2189,#2190));
#577=EDGE_LOOP('',(#2191,#2192,#2193,#2194));
#578=EDGE_LOOP('',(#2195,#2196));
#579=EDGE_LOOP('',(#2197,#2198));
#580=EDGE_LOOP('',(#2199,#2200));
#581=EDGE_LOOP('',(#2201,#2202));
#582=EDGE_LOOP('',(#2203,#2204));
#583=EDGE_LOOP('',(#2205,#2206));
#584=EDGE_LOOP('',(#2207,#2208));
#585=EDGE_LOOP('',(#2209,#2210));
#586=EDGE_LOOP('',(#2211));
#587=EDGE_LOOP('',(#2212));
#588=EDGE_LOOP('',(#2213,#2214,#2215,#2216,#2217,#2218));
#589=EDGE_LOOP('',(#2219,#2220,#2221,#2222,#2223,#2224));
#590=EDGE_LOOP('',(#2225,#2226,#2227,#2228,#2229,#2230));
#591=EDGE_LOOP('',(#2231,#2232,#2233,#2234,#2235,#2236));
#592=EDGE_LOOP('',(#2237,#2238,#2239,#2240,#2241,#2242));
#593=EDGE_LOOP('',(#2243,#2244,#2245,#2246,#2247,#2248));
#594=EDGE_LOOP('',(#2249,#2250,#2251,#2252,#2253,#2254));
#595=EDGE_LOOP('',(#2255,#2256,#2257,#2258,#2259,#2260));
#596=EDGE_LOOP('',(#2261));
#597=EDGE_LOOP('',(#2262));
#598=EDGE_LOOP('',(#2263,#2264,#2265,#2266));
#599=EDGE_LOOP('',(#2267,#2268));
#600=EDGE_LOOP('',(#2269,#2270));
#601=EDGE_LOOP('',(#2271,#2272));
#602=EDGE_LOOP('',(#2273,#2274));
#603=EDGE_LOOP('',(#2275,#2276));
#604=EDGE_LOOP('',(#2277,#2278));
#605=EDGE_LOOP('',(#2279,#2280));
#606=EDGE_LOOP('',(#2281,#2282));
#607=EDGE_LOOP('',(#2283,#2284,#2285,#2286));
#608=EDGE_LOOP('',(#2287,#2288));
#609=EDGE_LOOP('',(#2289,#2290));
#610=EDGE_LOOP('',(#2291,#2292));
#611=EDGE_LOOP('',(#2293,#2294));
#612=EDGE_LOOP('',(#2295,#2296));
#613=EDGE_LOOP('',(#2297,#2298));
#614=EDGE_LOOP('',(#2299,#2300));
#615=EDGE_LOOP('',(#2301,#2302));
#616=EDGE_LOOP('',(#2303));
#617=EDGE_LOOP('',(#2304));
#618=EDGE_LOOP('',(#2305,#2306,#2307,#2308,#2309));
#619=EDGE_LOOP('',(#2310,#2311,#2312));
#620=EDGE_LOOP('',(#2313,#2314,#2315,#2316,#2317,#2318,#2319));
#621=EDGE_LOOP('',(#2320,#2321,#2322,#2323));
#622=EDGE_LOOP('',(#2324,#2325,#2326,#2327,#2328,#2329));
#623=EDGE_LOOP('',(#2330,#2331,#2332,#2333,#2334,#2335,#2336));
#624=EDGE_LOOP('',(#2337,#2338,#2339,#2340,#2341,#2342,#2343,#2344));
#625=EDGE_LOOP('',(#2345,#2346,#2347,#2348,#2349,#2350,#2351,#2352));
#626=EDGE_LOOP('',(#2353));
#627=EDGE_LOOP('',(#2354));
#628=EDGE_LOOP('',(#2355,#2356,#2357,#2358));
#629=EDGE_LOOP('',(#2359,#2360,#2361,#2362));
#630=EDGE_LOOP('',(#2363,#2364,#2365,#2366));
#631=EDGE_LOOP('',(#2367,#2368,#2369,#2370,#2371,#2372,#2373,#2374));
#632=EDGE_LOOP('',(#2375,#2376,#2377,#2378,#2379,#2380,#2381,#2382));
#633=EDGE_LOOP('',(#2383));
#634=EDGE_LOOP('',(#2384));
#635=EDGE_LOOP('',(#2385));
#636=EDGE_LOOP('',(#2386));
#637=EDGE_LOOP('',(#2387,#2388,#2389,#2390));
#638=EDGE_LOOP('',(#2391,#2392,#2393,#2394));
#639=EDGE_LOOP('',(#2395,#2396,#2397,#2398));
#640=EDGE_LOOP('',(#2399,#2400,#2401,#2402));
#641=EDGE_LOOP('',(#2403,#2404,#2405,#2406,#2407,#2408,#2409,#2410));
#642=EDGE_LOOP('',(#2411));
#643=EDGE_LOOP('',(#2412));
#644=EDGE_LOOP('',(#2413,#2414,#2415,#2416,#2417,#2418,#2419,#2420,#2421,
#2422,#2423,#2424));
#645=EDGE_LOOP('',(#2425,#2426,#2427,#2428));
#646=EDGE_LOOP('',(#2429,#2430,#2431,#2432,#2433,#2434));
#647=EDGE_LOOP('',(#2435,#2436,#2437,#2438));
#648=EDGE_LOOP('',(#2439,#2440,#2441,#2442));
#649=EDGE_LOOP('',(#2443,#2444,#2445,#2446));
#650=EDGE_LOOP('',(#2447,#2448,#2449,#2450));
#651=EDGE_LOOP('',(#2451,#2452,#2453,#2454));
#652=EDGE_LOOP('',(#2455,#2456,#2457,#2458));
#653=EDGE_LOOP('',(#2459,#2460,#2461,#2462));
#654=EDGE_LOOP('',(#2463,#2464,#2465,#2466));
#655=EDGE_LOOP('',(#2467,#2468,#2469,#2470));
#656=EDGE_LOOP('',(#2471,#2472,#2473,#2474));
#657=EDGE_LOOP('',(#2475,#2476,#2477,#2478));
#658=EDGE_LOOP('',(#2479,#2480,#2481,#2482));
#659=EDGE_LOOP('',(#2483,#2484,#2485,#2486,#2487,#2488));
#660=EDGE_LOOP('',(#2489,#2490,#2491,#2492,#2493,#2494));
#661=EDGE_LOOP('',(#2495,#2496,#2497,#2498));
#662=EDGE_LOOP('',(#2499,#2500,#2501,#2502));
#663=EDGE_LOOP('',(#2503,#2504,#2505,#2506));
#664=EDGE_LOOP('',(#2507,#2508,#2509,#2510));
#665=EDGE_LOOP('',(#2511,#2512,#2513,#2514));
#666=EDGE_LOOP('',(#2515,#2516,#2517,#2518));
#667=EDGE_LOOP('',(#2519,#2520,#2521,#2522));
#668=EDGE_LOOP('',(#2523,#2524,#2525,#2526,#2527,#2528,#2529,#2530,#2531,
#2532,#2533));
#669=EDGE_LOOP('',(#2534,#2535,#2536));
#670=EDGE_LOOP('',(#2537,#2538,#2539));
#671=EDGE_LOOP('',(#2540,#2541,#2542));
#672=EDGE_LOOP('',(#2543,#2544,#2545));
#673=EDGE_LOOP('',(#2546,#2547,#2548));
#674=EDGE_LOOP('',(#2549,#2550,#2551));
#675=EDGE_LOOP('',(#2552,#2553,#2554,#2555,#2556,#2557,#2558,#2559,#2560,
#2561,#2562));
#676=EDGE_LOOP('',(#2563,#2564,#2565));
#677=EDGE_LOOP('',(#2566,#2567,#2568));
#678=EDGE_LOOP('',(#2569,#2570,#2571));
#679=EDGE_LOOP('',(#2572,#2573,#2574));
#680=EDGE_LOOP('',(#2575,#2576,#2577));
#681=EDGE_LOOP('',(#2578,#2579,#2580));
#682=EDGE_LOOP('',(#2581));
#683=EDGE_LOOP('',(#2582));
#684=EDGE_LOOP('',(#2583));
#685=EDGE_LOOP('',(#2584));
#686=EDGE_LOOP('',(#2585,#2586,#2587,#2588));
#687=EDGE_LOOP('',(#2589,#2590,#2591,#2592));
#688=EDGE_LOOP('',(#2593,#2594,#2595,#2596));
#689=EDGE_LOOP('',(#2597,#2598,#2599,#2600));
#690=EDGE_LOOP('',(#2601,#2602,#2603,#2604));
#691=EDGE_LOOP('',(#2605,#2606));
#692=EDGE_LOOP('',(#2607));
#693=EDGE_LOOP('',(#2608));
#694=EDGE_LOOP('',(#2609));
#695=EDGE_LOOP('',(#2610,#2611));
#696=EDGE_LOOP('',(#2612));
#697=EDGE_LOOP('',(#2613));
#698=EDGE_LOOP('',(#2614));
#699=EDGE_LOOP('',(#2615,#2616,#2617,#2618));
#700=EDGE_LOOP('',(#2619,#2620,#2621,#2622));
#701=EDGE_LOOP('',(#2623,#2624,#2625,#2626));
#702=EDGE_LOOP('',(#2627,#2628,#2629,#2630));
#703=EDGE_LOOP('',(#2631,#2632,#2633,#2634));
#704=EDGE_LOOP('',(#2635,#2636,#2637,#2638));
#705=EDGE_LOOP('',(#2639,#2640,#2641,#2642));
#706=EDGE_LOOP('',(#2643,#2644,#2645,#2646));
#707=EDGE_LOOP('',(#2647,#2648,#2649,#2650));
#708=EDGE_LOOP('',(#2651,#2652,#2653,#2654));
#709=EDGE_LOOP('',(#2655,#2656,#2657,#2658));
#710=EDGE_LOOP('',(#2659,#2660,#2661,#2662,#2663,#2664,#2665));
#711=EDGE_LOOP('',(#2666,#2667,#2668,#2669));
#712=EDGE_LOOP('',(#2670,#2671,#2672,#2673,#2674,#2675,#2676));
#713=EDGE_LOOP('',(#2677,#2678,#2679,#2680));
#714=LINE('',#3901,#913);
#715=LINE('',#3907,#914);
#716=LINE('',#3913,#915);
#717=LINE('',#3919,#916);
#718=LINE('',#3924,#917);
#719=LINE('',#3926,#918);
#720=LINE('',#3928,#919);
#721=LINE('',#3929,#920);
#722=LINE('',#3932,#921);
#723=LINE('',#3934,#922);
#724=LINE('',#3935,#923);
#725=LINE('',#3938,#924);
#726=LINE('',#3940,#925);
#727=LINE('',#3941,#926);
#728=LINE('',#3943,#927);
#729=LINE('',#3944,#928);
#730=LINE('',#3951,#929);
#731=LINE('',#3956,#930);
#732=LINE('',#3958,#931);
#733=LINE('',#3960,#932);
#734=LINE('',#3961,#933);
#735=LINE('',#3964,#934);
#736=LINE('',#3966,#935);
#737=LINE('',#3967,#936);
#738=LINE('',#3970,#937);
#739=LINE('',#3972,#938);
#740=LINE('',#3973,#939);
#741=LINE('',#3975,#940);
#742=LINE('',#3976,#941);
#743=LINE('',#3983,#942);
#744=LINE('',#3988,#943);
#745=LINE('',#3990,#944);
#746=LINE('',#3992,#945);
#747=LINE('',#3993,#946);
#748=LINE('',#3996,#947);
#749=LINE('',#3998,#948);
#750=LINE('',#3999,#949);
#751=LINE('',#4002,#950);
#752=LINE('',#4004,#951);
#753=LINE('',#4005,#952);
#754=LINE('',#4007,#953);
#755=LINE('',#4008,#954);
#756=LINE('',#4015,#955);
#757=LINE('',#4020,#956);
#758=LINE('',#4022,#957);
#759=LINE('',#4024,#958);
#760=LINE('',#4025,#959);
#761=LINE('',#4028,#960);
#762=LINE('',#4030,#961);
#763=LINE('',#4031,#962);
#764=LINE('',#4034,#963);
#765=LINE('',#4036,#964);
#766=LINE('',#4037,#965);
#767=LINE('',#4039,#966);
#768=LINE('',#4040,#967);
#769=LINE('',#4047,#968);
#770=LINE('',#4052,#969);
#771=LINE('',#4054,#970);
#772=LINE('',#4056,#971);
#773=LINE('',#4057,#972);
#774=LINE('',#4060,#973);
#775=LINE('',#4062,#974);
#776=LINE('',#4063,#975);
#777=LINE('',#4066,#976);
#778=LINE('',#4068,#977);
#779=LINE('',#4069,#978);
#780=LINE('',#4071,#979);
#781=LINE('',#4072,#980);
#782=LINE('',#4079,#981);
#783=LINE('',#4085,#982);
#784=LINE('',#4090,#983);
#785=LINE('',#4092,#984);
#786=LINE('',#4094,#985);
#787=LINE('',#4095,#986);
#788=LINE('',#4098,#987);
#789=LINE('',#4100,#988);
#790=LINE('',#4101,#989);
#791=LINE('',#4107,#990);
#792=LINE('',#4109,#991);
#793=LINE('',#4110,#992);
#794=LINE('',#4117,#993);
#795=LINE('',#4123,#994);
#796=LINE('',#4128,#995);
#797=LINE('',#4130,#996);
#798=LINE('',#4132,#997);
#799=LINE('',#4133,#998);
#800=LINE('',#4136,#999);
#801=LINE('',#4138,#1000);
#802=LINE('',#4139,#1001);
#803=LINE('',#4142,#1002);
#804=LINE('',#4144,#1003);
#805=LINE('',#4145,#1004);
#806=LINE('',#4191,#1005);
#807=LINE('',#4269,#1006);
#808=LINE('',#4347,#1007);
#809=LINE('',#4425,#1008);
#810=LINE('',#4503,#1009);
#811=LINE('',#4581,#1010);
#812=LINE('',#4659,#1011);
#813=LINE('',#4737,#1012);
#814=LINE('',#4783,#1013);
#815=LINE('',#4786,#1014);
#816=LINE('',#4829,#1015);
#817=LINE('',#4907,#1016);
#818=LINE('',#4985,#1017);
#819=LINE('',#5063,#1018);
#820=LINE('',#5141,#1019);
#821=LINE('',#5219,#1020);
#822=LINE('',#5297,#1021);
#823=LINE('',#5375,#1022);
#824=LINE('',#5421,#1023);
#825=LINE('',#5424,#1024);
#826=LINE('',#5538,#1025);
#827=LINE('',#5540,#1026);
#828=LINE('',#5544,#1027);
#829=LINE('',#5545,#1028);
#830=LINE('',#5583,#1029);
#831=LINE('',#5585,#1030);
#832=LINE('',#5589,#1031);
#833=LINE('',#5590,#1032);
#834=LINE('',#5593,#1033);
#835=LINE('',#5594,#1034);
#836=LINE('',#5601,#1035);
#837=LINE('',#5606,#1036);
#838=LINE('',#5609,#1037);
#839=LINE('',#5611,#1038);
#840=LINE('',#5613,#1039);
#841=LINE('',#5615,#1040);
#842=LINE('',#5616,#1041);
#843=LINE('',#5623,#1042);
#844=LINE('',#5628,#1043);
#845=LINE('',#5749,#1044);
#846=LINE('',#5841,#1045);
#847=LINE('',#5872,#1046);
#848=LINE('',#5873,#1047);
#849=LINE('',#5883,#1048);
#850=LINE('',#5885,#1049);
#851=LINE('',#5889,#1050);
#852=LINE('',#5893,#1051);
#853=LINE('',#5896,#1052);
#854=LINE('',#5898,#1053);
#855=LINE('',#5899,#1054);
#856=LINE('',#5911,#1055);
#857=LINE('',#5914,#1056);
#858=LINE('',#5920,#1057);
#859=LINE('',#5929,#1058);
#860=LINE('',#5932,#1059);
#861=LINE('',#5938,#1060);
#862=LINE('',#5947,#1061);
#863=LINE('',#5950,#1062);
#864=LINE('',#5956,#1063);
#865=LINE('',#5965,#1064);
#866=LINE('',#5968,#1065);
#867=LINE('',#5974,#1066);
#868=LINE('',#5983,#1067);
#869=LINE('',#5989,#1068);
#870=LINE('',#5999,#1069);
#871=LINE('',#6009,#1070);
#872=LINE('',#6012,#1071);
#873=LINE('',#6018,#1072);
#874=LINE('',#6027,#1073);
#875=LINE('',#6030,#1074);
#876=LINE('',#6036,#1075);
#877=LINE('',#6043,#1076);
#878=LINE('',#6045,#1077);
#879=LINE('',#6050,#1078);
#880=LINE('',#6052,#1079);
#881=LINE('',#6060,#1080);
#882=LINE('',#6066,#1081);
#883=LINE('',#6072,#1082);
#884=LINE('',#6079,#1083);
#885=LINE('',#6082,#1084);
#886=LINE('',#6091,#1085);
#887=LINE('',#6093,#1086);
#888=LINE('',#6095,#1087);
#889=LINE('',#6096,#1088);
#890=LINE('',#6099,#1089);
#891=LINE('',#6101,#1090);
#892=LINE('',#6102,#1091);
#893=LINE('',#6105,#1092);
#894=LINE('',#6107,#1093);
#895=LINE('',#6108,#1094);
#896=LINE('',#6110,#1095);
#897=LINE('',#6111,#1096);
#898=LINE('',#6115,#1097);
#899=LINE('',#6117,#1098);
#900=LINE('',#6119,#1099);
#901=LINE('',#6120,#1100);
#902=LINE('',#6126,#1101);
#903=LINE('',#6129,#1102);
#904=LINE('',#6131,#1103);
#905=LINE('',#6132,#1104);
#906=LINE('',#6138,#1105);
#907=LINE('',#6141,#1106);
#908=LINE('',#6143,#1107);
#909=LINE('',#6144,#1108);
#910=LINE('',#6147,#1109);
#911=LINE('',#6149,#1110);
#912=LINE('',#6150,#1111);
#913=VECTOR('',#3174,1.56804779604371);
#914=VECTOR('',#3181,1.59117458184246);
#915=VECTOR('',#3188,1.64408911916883);
#916=VECTOR('',#3195,1.62076668964932);
#917=VECTOR('',#3200,10.);
#918=VECTOR('',#3201,10.);
#919=VECTOR('',#3202,10.);
#920=VECTOR('',#3203,10.);
#921=VECTOR('',#3206,10.);
#922=VECTOR('',#3207,10.);
#923=VECTOR('',#3208,10.);
#924=VECTOR('',#3211,10.);
#925=VECTOR('',#3212,10.);
#926=VECTOR('',#3213,10.);
#927=VECTOR('',#3216,10.);
#928=VECTOR('',#3217,10.);
#929=VECTOR('',#3226,1.59117458184246);
#930=VECTOR('',#3231,10.);
#931=VECTOR('',#3232,10.);
#932=VECTOR('',#3233,10.);
#933=VECTOR('',#3234,10.);
#934=VECTOR('',#3237,10.);
#935=VECTOR('',#3238,10.);
#936=VECTOR('',#3239,10.);
#937=VECTOR('',#3242,10.);
#938=VECTOR('',#3243,10.);
#939=VECTOR('',#3244,10.);
#940=VECTOR('',#3247,10.);
#941=VECTOR('',#3248,10.);
#942=VECTOR('',#3257,1.62076668964932);
#943=VECTOR('',#3262,10.);
#944=VECTOR('',#3263,10.);
#945=VECTOR('',#3264,10.);
#946=VECTOR('',#3265,10.);
#947=VECTOR('',#3268,10.);
#948=VECTOR('',#3269,10.);
#949=VECTOR('',#3270,10.);
#950=VECTOR('',#3273,10.);
#951=VECTOR('',#3274,10.);
#952=VECTOR('',#3275,10.);
#953=VECTOR('',#3278,10.);
#954=VECTOR('',#3279,10.);
#955=VECTOR('',#3288,1.56804779604371);
#956=VECTOR('',#3293,10.);
#957=VECTOR('',#3294,10.);
#958=VECTOR('',#3295,10.);
#959=VECTOR('',#3296,10.);
#960=VECTOR('',#3299,10.);
#961=VECTOR('',#3300,10.);
#962=VECTOR('',#3301,10.);
#963=VECTOR('',#3304,10.);
#964=VECTOR('',#3305,10.);
#965=VECTOR('',#3306,10.);
#966=VECTOR('',#3309,10.);
#967=VECTOR('',#3310,10.);
#968=VECTOR('',#3319,1.64408911916883);
#969=VECTOR('',#3324,10.);
#970=VECTOR('',#3325,10.);
#971=VECTOR('',#3326,10.);
#972=VECTOR('',#3327,10.);
#973=VECTOR('',#3330,10.);
#974=VECTOR('',#3331,10.);
#975=VECTOR('',#3332,10.);
#976=VECTOR('',#3335,10.);
#977=VECTOR('',#3336,10.);
#978=VECTOR('',#3337,10.);
#979=VECTOR('',#3340,10.);
#980=VECTOR('',#3341,10.);
#981=VECTOR('',#3350,1.62076668964932);
#982=VECTOR('',#3357,1.59117458184246);
#983=VECTOR('',#3362,10.);
#984=VECTOR('',#3363,10.);
#985=VECTOR('',#3364,10.);
#986=VECTOR('',#3365,10.);
#987=VECTOR('',#3368,10.);
#988=VECTOR('',#3369,10.);
#989=VECTOR('',#3370,10.);
#990=VECTOR('',#3377,10.);
#991=VECTOR('',#3380,10.);
#992=VECTOR('',#3381,10.);
#993=VECTOR('',#3390,1.64408911916883);
#994=VECTOR('',#3397,1.56804779604371);
#995=VECTOR('',#3402,10.);
#996=VECTOR('',#3403,10.);
#997=VECTOR('',#3404,10.);
#998=VECTOR('',#3405,10.);
#999=VECTOR('',#3408,10.);
#1000=VECTOR('',#3409,10.);
#1001=VECTOR('',#3410,10.);
#1002=VECTOR('',#3413,10.);
#1003=VECTOR('',#3414,10.);
#1004=VECTOR('',#3415,10.);
#1005=VECTOR('',#3428,1.5);
#1006=VECTOR('',#3431,1.5);
#1007=VECTOR('',#3434,1.5);
#1008=VECTOR('',#3437,1.5);
#1009=VECTOR('',#3440,1.5);
#1010=VECTOR('',#3443,1.5);
#1011=VECTOR('',#3446,1.5);
#1012=VECTOR('',#3449,1.5);
#1013=VECTOR('',#3460,27.4055926996728);
#1014=VECTOR('',#3463,35.5);
#1015=VECTOR('',#3470,1.5);
#1016=VECTOR('',#3473,1.5);
#1017=VECTOR('',#3476,1.5);
#1018=VECTOR('',#3479,1.5);
#1019=VECTOR('',#3482,1.5);
#1020=VECTOR('',#3485,1.5);
#1021=VECTOR('',#3488,1.5);
#1022=VECTOR('',#3491,1.5);
#1023=VECTOR('',#3502,27.4055926996728);
#1024=VECTOR('',#3505,35.5);
#1025=VECTOR('',#3518,10.);
#1026=VECTOR('',#3519,10.);
#1027=VECTOR('',#3522,10.);
#1028=VECTOR('',#3523,10.);
#1029=VECTOR('',#3532,10.);
#1030=VECTOR('',#3533,10.);
#1031=VECTOR('',#3536,10.);
#1032=VECTOR('',#3537,10.);
#1033=VECTOR('',#3540,10.);
#1034=VECTOR('',#3541,10.);
#1035=VECTOR('',#3544,10.);
#1036=VECTOR('',#3545,10.);
#1037=VECTOR('',#3548,10.);
#1038=VECTOR('',#3549,10.);
#1039=VECTOR('',#3550,10.);
#1040=VECTOR('',#3551,10.);
#1041=VECTOR('',#3552,10.);
#1042=VECTOR('',#3559,10.);
#1043=VECTOR('',#3566,10.);
#1044=VECTOR('',#3567,10.);
#1045=VECTOR('',#3568,10.);
#1046=VECTOR('',#3571,10.);
#1047=VECTOR('',#3572,10.);
#1048=VECTOR('',#3583,1.5625);
#1049=VECTOR('',#3586,1.5625);
#1050=VECTOR('',#3591,1.5625);
#1051=VECTOR('',#3596,1.5625);
#1052=VECTOR('',#3599,10.);
#1053=VECTOR('',#3600,10.);
#1054=VECTOR('',#3601,10.);
#1055=VECTOR('',#3618,10.);
#1056=VECTOR('',#3621,10.);
#1057=VECTOR('',#3628,10.);
#1058=VECTOR('',#3639,10.);
#1059=VECTOR('',#3642,10.);
#1060=VECTOR('',#3649,10.);
#1061=VECTOR('',#3660,10.);
#1062=VECTOR('',#3663,10.);
#1063=VECTOR('',#3670,10.);
#1064=VECTOR('',#3681,10.);
#1065=VECTOR('',#3684,10.);
#1066=VECTOR('',#3691,10.);
#1067=VECTOR('',#3702,10.);
#1068=VECTOR('',#3707,10.);
#1069=VECTOR('',#3718,10.);
#1070=VECTOR('',#3731,10.);
#1071=VECTOR('',#3734,10.);
#1072=VECTOR('',#3741,10.);
#1073=VECTOR('',#3752,10.);
#1074=VECTOR('',#3755,10.);
#1075=VECTOR('',#3762,10.);
#1076=VECTOR('',#3773,27.4055926996728);
#1077=VECTOR('',#3774,27.4055926996728);
#1078=VECTOR('',#3781,35.5);
#1079=VECTOR('',#3782,35.5);
#1080=VECTOR('',#3793,7.5);
#1081=VECTOR('',#3800,3.5);
#1082=VECTOR('',#3807,3.5);
#1083=VECTOR('',#3814,10.);
#1084=VECTOR('',#3817,10.);
#1085=VECTOR('',#3830,10.);
#1086=VECTOR('',#3831,10.);
#1087=VECTOR('',#3832,10.);
#1088=VECTOR('',#3833,10.);
#1089=VECTOR('',#3836,10.);
#1090=VECTOR('',#3837,10.);
#1091=VECTOR('',#3838,10.);
#1092=VECTOR('',#3841,10.);
#1093=VECTOR('',#3842,10.);
#1094=VECTOR('',#3843,10.);
#1095=VECTOR('',#3846,10.);
#1096=VECTOR('',#3847,10.);
#1097=VECTOR('',#3850,10.);
#1098=VECTOR('',#3851,10.);
#1099=VECTOR('',#3852,10.);
#1100=VECTOR('',#3853,10.);
#1101=VECTOR('',#3860,10.);
#1102=VECTOR('',#3863,10.);
#1103=VECTOR('',#3864,10.);
#1104=VECTOR('',#3865,10.);
#1105=VECTOR('',#3872,10.);
#1106=VECTOR('',#3875,10.);
#1107=VECTOR('',#3876,10.);
#1108=VECTOR('',#3877,10.);
#1109=VECTOR('',#3880,10.);
#1110=VECTOR('',#3881,10.);
#1111=VECTOR('',#3882,10.);
#1112=CIRCLE('',#2904,1.56804779604371);
#1113=CIRCLE('',#2905,1.56804779604371);
#1114=CIRCLE('',#2907,1.59117458184246);
#1115=CIRCLE('',#2908,1.59117458184246);
#1116=CIRCLE('',#2910,1.64408911916883);
#1117=CIRCLE('',#2911,1.64408911916883);
#1118=CIRCLE('',#2913,1.62076668964932);
#1119=CIRCLE('',#2914,1.62076668964932);
#1120=CIRCLE('',#2922,1.59117458184246);
#1121=CIRCLE('',#2923,1.59117458184246);
#1122=CIRCLE('',#2931,1.62076668964932);
#1123=CIRCLE('',#2932,1.62076668964932);
#1124=CIRCLE('',#2940,1.56804779604371);
#1125=CIRCLE('',#2941,1.56804779604371);
#1126=CIRCLE('',#2949,1.64408911916883);
#1127=CIRCLE('',#2950,1.64408911916883);
#1128=CIRCLE('',#2958,1.62076668964932);
#1129=CIRCLE('',#2959,1.62076668964932);
#1130=CIRCLE('',#2961,1.59117458184246);
#1131=CIRCLE('',#2962,1.59117458184246);
#1132=CIRCLE('',#2966,19.0394330483695);
#1133=CIRCLE('',#2967,19.0394330483695);
#1134=CIRCLE('',#2972,1.64408911916883);
#1135=CIRCLE('',#2973,1.64408911916883);
#1136=CIRCLE('',#2975,1.56804779604371);
#1137=CIRCLE('',#2976,1.56804779604371);
#1138=CIRCLE('',#2981,19.0394330483694);
#1139=CIRCLE('',#2982,19.0394330483694);
#1140=CIRCLE('',#2994,35.5);
#1141=CIRCLE('',#2995,27.4055926996728);
#1142=CIRCLE('',#2997,27.4055926996728);
#1143=CIRCLE('',#2999,35.5);
#1144=CIRCLE('',#3010,35.5);
#1145=CIRCLE('',#3011,27.4055926996728);
#1146=CIRCLE('',#3013,27.4055926996728);
#1147=CIRCLE('',#3015,35.5);
#1148=CIRCLE('',#3017,4.5);
#1149=CIRCLE('',#3019,31.0000000000001);
#1150=CIRCLE('',#3021,27.4055926996728);
#1151=CIRCLE('',#3023,35.5000000000001);
#1152=CIRCLE('',#3024,31.4746396801213);
#1153=CIRCLE('',#3026,27.4055926996728);
#1154=CIRCLE('',#3030,1.5625);
#1155=CIRCLE('',#3031,1.5625);
#1156=CIRCLE('',#3033,27.4055926996728);
#1157=CIRCLE('',#3035,27.4055926996728);
#1158=CIRCLE('',#3037,1.5625);
#1159=CIRCLE('',#3038,1.5625);
#1160=CIRCLE('',#3039,1.5625);
#1161=CIRCLE('',#3040,1.5625);
#1162=CIRCLE('',#3044,1.5625);
#1163=CIRCLE('',#3046,1.5625);
#1164=CIRCLE('',#3049,35.5000000000001);
#1165=CIRCLE('',#3050,35.5000000000001);
#1166=CIRCLE('',#3051,35.5000000000001);
#1167=CIRCLE('',#3055,27.4055926996728);
#1168=CIRCLE('',#3056,35.5);
#1169=CIRCLE('',#3064,27.4055926996728);
#1170=CIRCLE('',#3065,35.5);
#1171=CIRCLE('',#3073,27.4055926996728);
#1172=CIRCLE('',#3074,35.5);
#1173=CIRCLE('',#3082,27.4055926996728);
#1174=CIRCLE('',#3083,35.5);
#1175=CIRCLE('',#3091,27.4055926996728);
#1176=CIRCLE('',#3092,35.5);
#1177=CIRCLE('',#3093,35.5);
#1178=CIRCLE('',#3094,27.4055926996728);
#1179=CIRCLE('',#3104,27.4055926996728);
#1180=CIRCLE('',#3105,35.5);
#1181=CIRCLE('',#3113,27.4055926996728);
#1182=CIRCLE('',#3114,35.5);
#1183=CIRCLE('',#3122,27.4055926996728);
#1184=CIRCLE('',#3123,27.4055926996728);
#1185=CIRCLE('',#3125,35.5);
#1186=CIRCLE('',#3126,35.5);
#1187=CIRCLE('',#3130,7.5);
#1188=CIRCLE('',#3131,7.5);
#1189=CIRCLE('',#3133,3.5);
#1190=CIRCLE('',#3134,3.5);
#1191=CIRCLE('',#3136,3.5);
#1192=CIRCLE('',#3137,3.5);
#1193=CIRCLE('',#3139,27.4463300619164);
#1194=CIRCLE('',#3140,27.4463300619164);
#1195=CIRCLE('',#3142,27.4055926996728);
#1196=CIRCLE('',#3143,27.4055926996728);
#1197=CIRCLE('',#3152,27.4463300619146);
#1198=CIRCLE('',#3153,27.4463300619146);
#1199=CIRCLE('',#3156,27.4055926996728);
#1200=CIRCLE('',#3157,27.4055926996728);
#1201=CIRCLE('',#3161,27.4055926996728);
#1202=CIRCLE('',#3162,27.4055926996728);
#1203=VERTEX_POINT('',#3898);
#1204=VERTEX_POINT('',#3900);
#1205=VERTEX_POINT('',#3904);
#1206=VERTEX_POINT('',#3906);
#1207=VERTEX_POINT('',#3910);
#1208=VERTEX_POINT('',#3912);
#1209=VERTEX_POINT('',#3916);
#1210=VERTEX_POINT('',#3918);
#1211=VERTEX_POINT('',#3922);
#1212=VERTEX_POINT('',#3923);
#1213=VERTEX_POINT('',#3925);
#1214=VERTEX_POINT('',#3927);
#1215=VERTEX_POINT('',#3931);
#1216=VERTEX_POINT('',#3933);
#1217=VERTEX_POINT('',#3937);
#1218=VERTEX_POINT('',#3939);
#1219=VERTEX_POINT('',#3948);
#1220=VERTEX_POINT('',#3950);
#1221=VERTEX_POINT('',#3954);
#1222=VERTEX_POINT('',#3955);
#1223=VERTEX_POINT('',#3957);
#1224=VERTEX_POINT('',#3959);
#1225=VERTEX_POINT('',#3963);
#1226=VERTEX_POINT('',#3965);
#1227=VERTEX_POINT('',#3969);
#1228=VERTEX_POINT('',#3971);
#1229=VERTEX_POINT('',#3980);
#1230=VERTEX_POINT('',#3982);
#1231=VERTEX_POINT('',#3986);
#1232=VERTEX_POINT('',#3987);
#1233=VERTEX_POINT('',#3989);
#1234=VERTEX_POINT('',#3991);
#1235=VERTEX_POINT('',#3995);
#1236=VERTEX_POINT('',#3997);
#1237=VERTEX_POINT('',#4001);
#1238=VERTEX_POINT('',#4003);
#1239=VERTEX_POINT('',#4012);
#1240=VERTEX_POINT('',#4014);
#1241=VERTEX_POINT('',#4018);
#1242=VERTEX_POINT('',#4019);
#1243=VERTEX_POINT('',#4021);
#1244=VERTEX_POINT('',#4023);
#1245=VERTEX_POINT('',#4027);
#1246=VERTEX_POINT('',#4029);
#1247=VERTEX_POINT('',#4033);
#1248=VERTEX_POINT('',#4035);
#1249=VERTEX_POINT('',#4044);
#1250=VERTEX_POINT('',#4046);
#1251=VERTEX_POINT('',#4050);
#1252=VERTEX_POINT('',#4051);
#1253=VERTEX_POINT('',#4053);
#1254=VERTEX_POINT('',#4055);
#1255=VERTEX_POINT('',#4059);
#1256=VERTEX_POINT('',#4061);
#1257=VERTEX_POINT('',#4065);
#1258=VERTEX_POINT('',#4067);
#1259=VERTEX_POINT('',#4076);
#1260=VERTEX_POINT('',#4078);
#1261=VERTEX_POINT('',#4082);
#1262=VERTEX_POINT('',#4084);
#1263=VERTEX_POINT('',#4088);
#1264=VERTEX_POINT('',#4089);
#1265=VERTEX_POINT('',#4091);
#1266=VERTEX_POINT('',#4093);
#1267=VERTEX_POINT('',#4097);
#1268=VERTEX_POINT('',#4099);
#1269=VERTEX_POINT('',#4103);
#1270=VERTEX_POINT('',#4105);
#1271=VERTEX_POINT('',#4114);
#1272=VERTEX_POINT('',#4116);
#1273=VERTEX_POINT('',#4120);
#1274=VERTEX_POINT('',#4122);
#1275=VERTEX_POINT('',#4126);
#1276=VERTEX_POINT('',#4127);
#1277=VERTEX_POINT('',#4129);
#1278=VERTEX_POINT('',#4131);
#1279=VERTEX_POINT('',#4135);
#1280=VERTEX_POINT('',#4137);
#1281=VERTEX_POINT('',#4141);
#1282=VERTEX_POINT('',#4143);
#1283=VERTEX_POINT('',#4152);
#1284=VERTEX_POINT('',#4153);
#1285=VERTEX_POINT('',#4190);
#1286=VERTEX_POINT('',#4192);
#1287=VERTEX_POINT('',#4230);
#1288=VERTEX_POINT('',#4231);
#1289=VERTEX_POINT('',#4268);
#1290=VERTEX_POINT('',#4270);
#1291=VERTEX_POINT('',#4308);
#1292=VERTEX_POINT('',#4309);
#1293=VERTEX_POINT('',#4346);
#1294=VERTEX_POINT('',#4348);
#1295=VERTEX_POINT('',#4386);
#1296=VERTEX_POINT('',#4387);
#1297=VERTEX_POINT('',#4424);
#1298=VERTEX_POINT('',#4426);
#1299=VERTEX_POINT('',#4464);
#1300=VERTEX_POINT('',#4465);
#1301=VERTEX_POINT('',#4502);
#1302=VERTEX_POINT('',#4504);
#1303=VERTEX_POINT('',#4542);
#1304=VERTEX_POINT('',#4543);
#1305=VERTEX_POINT('',#4580);
#1306=VERTEX_POINT('',#4582);
#1307=VERTEX_POINT('',#4620);
#1308=VERTEX_POINT('',#4621);
#1309=VERTEX_POINT('',#4658);
#1310=VERTEX_POINT('',#4660);
#1311=VERTEX_POINT('',#4698);
#1312=VERTEX_POINT('',#4699);
#1313=VERTEX_POINT('',#4736);
#1314=VERTEX_POINT('',#4738);
#1315=VERTEX_POINT('',#4776);
#1316=VERTEX_POINT('',#4778);
#1317=VERTEX_POINT('',#4781);
#1318=VERTEX_POINT('',#4785);
#1319=VERTEX_POINT('',#4790);
#1320=VERTEX_POINT('',#4791);
#1321=VERTEX_POINT('',#4828);
#1322=VERTEX_POINT('',#4830);
#1323=VERTEX_POINT('',#4868);
#1324=VERTEX_POINT('',#4869);
#1325=VERTEX_POINT('',#4906);
#1326=VERTEX_POINT('',#4908);
#1327=VERTEX_POINT('',#4946);
#1328=VERTEX_POINT('',#4947);
#1329=VERTEX_POINT('',#4984);
#1330=VERTEX_POINT('',#4986);
#1331=VERTEX_POINT('',#5024);
#1332=VERTEX_POINT('',#5025);
#1333=VERTEX_POINT('',#5062);
#1334=VERTEX_POINT('',#5064);
#1335=VERTEX_POINT('',#5102);
#1336=VERTEX_POINT('',#5103);
#1337=VERTEX_POINT('',#5140);
#1338=VERTEX_POINT('',#5142);
#1339=VERTEX_POINT('',#5180);
#1340=VERTEX_POINT('',#5181);
#1341=VERTEX_POINT('',#5218);
#1342=VERTEX_POINT('',#5220);
#1343=VERTEX_POINT('',#5258);
#1344=VERTEX_POINT('',#5259);
#1345=VERTEX_POINT('',#5296);
#1346=VERTEX_POINT('',#5298);
#1347=VERTEX_POINT('',#5336);
#1348=VERTEX_POINT('',#5337);
#1349=VERTEX_POINT('',#5374);
#1350=VERTEX_POINT('',#5376);
#1351=VERTEX_POINT('',#5414);
#1352=VERTEX_POINT('',#5416);
#1353=VERTEX_POINT('',#5419);
#1354=VERTEX_POINT('',#5423);
#1355=VERTEX_POINT('',#5481);
#1356=VERTEX_POINT('',#5482);
#1357=VERTEX_POINT('',#5495);
#1358=VERTEX_POINT('',#5505);
#1359=VERTEX_POINT('',#5518);
#1360=VERTEX_POINT('',#5530);
#1361=VERTEX_POINT('',#5537);
#1362=VERTEX_POINT('',#5539);
#1363=VERTEX_POINT('',#5541);
#1364=VERTEX_POINT('',#5543);
#1365=VERTEX_POINT('',#5547);
#1366=VERTEX_POINT('',#5548);
#1367=VERTEX_POINT('',#5563);
#1368=VERTEX_POINT('',#5565);
#1369=VERTEX_POINT('',#5582);
#1370=VERTEX_POINT('',#5584);
#1371=VERTEX_POINT('',#5586);
#1372=VERTEX_POINT('',#5588);
#1373=VERTEX_POINT('',#5592);
#1374=VERTEX_POINT('',#5600);
#1375=VERTEX_POINT('',#5608);
#1376=VERTEX_POINT('',#5610);
#1377=VERTEX_POINT('',#5612);
#1378=VERTEX_POINT('',#5614);
#1379=VERTEX_POINT('',#5617);
#1380=VERTEX_POINT('',#5619);
#1381=VERTEX_POINT('',#5622);
#1382=VERTEX_POINT('',#5626);
#1383=VERTEX_POINT('',#5689);
#1384=VERTEX_POINT('',#5690);
#1385=VERTEX_POINT('',#5715);
#1386=VERTEX_POINT('',#5724);
#1387=VERTEX_POINT('',#5810);
#1388=VERTEX_POINT('',#5815);
#1389=VERTEX_POINT('',#5840);
#1390=VERTEX_POINT('',#5842);
#1391=VERTEX_POINT('',#5874);
#1392=VERTEX_POINT('',#5876);
#1393=VERTEX_POINT('',#5878);
#1394=VERTEX_POINT('',#5880);
#1395=VERTEX_POINT('',#5887);
#1396=VERTEX_POINT('',#5891);
#1397=VERTEX_POINT('',#5895);
#1398=VERTEX_POINT('',#5897);
#1399=VERTEX_POINT('',#5907);
#1400=VERTEX_POINT('',#5908);
#1401=VERTEX_POINT('',#5910);
#1402=VERTEX_POINT('',#5912);
#1403=VERTEX_POINT('',#5916);
#1404=VERTEX_POINT('',#5918);
#1405=VERTEX_POINT('',#5925);
#1406=VERTEX_POINT('',#5926);
#1407=VERTEX_POINT('',#5928);
#1408=VERTEX_POINT('',#5930);
#1409=VERTEX_POINT('',#5934);
#1410=VERTEX_POINT('',#5936);
#1411=VERTEX_POINT('',#5943);
#1412=VERTEX_POINT('',#5944);
#1413=VERTEX_POINT('',#5946);
#1414=VERTEX_POINT('',#5948);
#1415=VERTEX_POINT('',#5952);
#1416=VERTEX_POINT('',#5954);
#1417=VERTEX_POINT('',#5961);
#1418=VERTEX_POINT('',#5962);
#1419=VERTEX_POINT('',#5964);
#1420=VERTEX_POINT('',#5966);
#1421=VERTEX_POINT('',#5970);
#1422=VERTEX_POINT('',#5972);
#1423=VERTEX_POINT('',#5979);
#1424=VERTEX_POINT('',#5980);
#1425=VERTEX_POINT('',#5982);
#1426=VERTEX_POINT('',#5984);
#1427=VERTEX_POINT('',#5986);
#1428=VERTEX_POINT('',#5988);
#1429=VERTEX_POINT('',#5992);
#1430=VERTEX_POINT('',#5994);
#1431=VERTEX_POINT('',#5996);
#1432=VERTEX_POINT('',#5998);
#1433=VERTEX_POINT('',#6005);
#1434=VERTEX_POINT('',#6006);
#1435=VERTEX_POINT('',#6008);
#1436=VERTEX_POINT('',#6010);
#1437=VERTEX_POINT('',#6014);
#1438=VERTEX_POINT('',#6016);
#1439=VERTEX_POINT('',#6023);
#1440=VERTEX_POINT('',#6024);
#1441=VERTEX_POINT('',#6026);
#1442=VERTEX_POINT('',#6028);
#1443=VERTEX_POINT('',#6032);
#1444=VERTEX_POINT('',#6034);
#1445=VERTEX_POINT('',#6041);
#1446=VERTEX_POINT('',#6044);
#1447=VERTEX_POINT('',#6048);
#1448=VERTEX_POINT('',#6051);
#1449=VERTEX_POINT('',#6057);
#1450=VERTEX_POINT('',#6059);
#1451=VERTEX_POINT('',#6063);
#1452=VERTEX_POINT('',#6065);
#1453=VERTEX_POINT('',#6069);
#1454=VERTEX_POINT('',#6071);
#1455=VERTEX_POINT('',#6075);
#1456=VERTEX_POINT('',#6076);
#1457=VERTEX_POINT('',#6078);
#1458=VERTEX_POINT('',#6080);
#1459=VERTEX_POINT('',#6089);
#1460=VERTEX_POINT('',#6090);
#1461=VERTEX_POINT('',#6092);
#1462=VERTEX_POINT('',#6094);
#1463=VERTEX_POINT('',#6098);
#1464=VERTEX_POINT('',#6100);
#1465=VERTEX_POINT('',#6104);
#1466=VERTEX_POINT('',#6106);
#1467=VERTEX_POINT('',#6113);
#1468=VERTEX_POINT('',#6114);
#1469=VERTEX_POINT('',#6116);
#1470=VERTEX_POINT('',#6118);
#1471=VERTEX_POINT('',#6122);
#1472=VERTEX_POINT('',#6124);
#1473=VERTEX_POINT('',#6128);
#1474=VERTEX_POINT('',#6130);
#1475=VERTEX_POINT('',#6134);
#1476=VERTEX_POINT('',#6136);
#1477=VERTEX_POINT('',#6140);
#1478=VERTEX_POINT('',#6142);
#1479=VERTEX_POINT('',#6146);
#1480=VERTEX_POINT('',#6148);
#1481=EDGE_CURVE('',#1203,#1203,#1112,.T.);
#1482=EDGE_CURVE('',#1203,#1204,#714,.T.);
#1483=EDGE_CURVE('',#1204,#1204,#1113,.T.);
#1484=EDGE_CURVE('',#1205,#1205,#1114,.T.);
#1485=EDGE_CURVE('',#1205,#1206,#715,.T.);
#1486=EDGE_CURVE('',#1206,#1206,#1115,.T.);
#1487=EDGE_CURVE('',#1207,#1207,#1116,.T.);
#1488=EDGE_CURVE('',#1207,#1208,#716,.T.);
#1489=EDGE_CURVE('',#1208,#1208,#1117,.T.);
#1490=EDGE_CURVE('',#1209,#1209,#1118,.T.);
#1491=EDGE_CURVE('',#1209,#1210,#717,.T.);
#1492=EDGE_CURVE('',#1210,#1210,#1119,.T.);
#1493=EDGE_CURVE('',#1211,#1212,#718,.T.);
#1494=EDGE_CURVE('',#1212,#1213,#719,.T.);
#1495=EDGE_CURVE('',#1214,#1213,#720,.T.);
#1496=EDGE_CURVE('',#1211,#1214,#721,.T.);
#1497=EDGE_CURVE('',#1215,#1211,#722,.T.);
#1498=EDGE_CURVE('',#1216,#1214,#723,.T.);
#1499=EDGE_CURVE('',#1215,#1216,#724,.T.);
#1500=EDGE_CURVE('',#1217,#1215,#725,.T.);
#1501=EDGE_CURVE('',#1218,#1216,#726,.T.);
#1502=EDGE_CURVE('',#1217,#1218,#727,.T.);
#1503=EDGE_CURVE('',#1212,#1217,#728,.T.);
#1504=EDGE_CURVE('',#1213,#1218,#729,.T.);
#1505=EDGE_CURVE('',#1219,#1219,#1120,.T.);
#1506=EDGE_CURVE('',#1219,#1220,#730,.T.);
#1507=EDGE_CURVE('',#1220,#1220,#1121,.T.);
#1508=EDGE_CURVE('',#1221,#1222,#731,.T.);
#1509=EDGE_CURVE('',#1222,#1223,#732,.T.);
#1510=EDGE_CURVE('',#1224,#1223,#733,.T.);
#1511=EDGE_CURVE('',#1221,#1224,#734,.T.);
#1512=EDGE_CURVE('',#1225,#1221,#735,.T.);
#1513=EDGE_CURVE('',#1226,#1224,#736,.T.);
#1514=EDGE_CURVE('',#1225,#1226,#737,.T.);
#1515=EDGE_CURVE('',#1227,#1225,#738,.T.);
#1516=EDGE_CURVE('',#1228,#1226,#739,.T.);
#1517=EDGE_CURVE('',#1227,#1228,#740,.T.);
#1518=EDGE_CURVE('',#1222,#1227,#741,.T.);
#1519=EDGE_CURVE('',#1223,#1228,#742,.T.);
#1520=EDGE_CURVE('',#1229,#1229,#1122,.T.);
#1521=EDGE_CURVE('',#1229,#1230,#743,.T.);
#1522=EDGE_CURVE('',#1230,#1230,#1123,.T.);
#1523=EDGE_CURVE('',#1231,#1232,#744,.T.);
#1524=EDGE_CURVE('',#1231,#1233,#745,.T.);
#1525=EDGE_CURVE('',#1234,#1233,#746,.T.);
#1526=EDGE_CURVE('',#1232,#1234,#747,.T.);
#1527=EDGE_CURVE('',#1232,#1235,#748,.T.);
#1528=EDGE_CURVE('',#1236,#1234,#749,.T.);
#1529=EDGE_CURVE('',#1235,#1236,#750,.T.);
#1530=EDGE_CURVE('',#1235,#1237,#751,.T.);
#1531=EDGE_CURVE('',#1238,#1236,#752,.T.);
#1532=EDGE_CURVE('',#1237,#1238,#753,.T.);
#1533=EDGE_CURVE('',#1237,#1231,#754,.T.);
#1534=EDGE_CURVE('',#1233,#1238,#755,.T.);
#1535=EDGE_CURVE('',#1239,#1239,#1124,.T.);
#1536=EDGE_CURVE('',#1239,#1240,#756,.T.);
#1537=EDGE_CURVE('',#1240,#1240,#1125,.T.);
#1538=EDGE_CURVE('',#1241,#1242,#757,.T.);
#1539=EDGE_CURVE('',#1241,#1243,#758,.T.);
#1540=EDGE_CURVE('',#1244,#1243,#759,.T.);
#1541=EDGE_CURVE('',#1242,#1244,#760,.T.);
#1542=EDGE_CURVE('',#1242,#1245,#761,.T.);
#1543=EDGE_CURVE('',#1246,#1244,#762,.T.);
#1544=EDGE_CURVE('',#1245,#1246,#763,.T.);
#1545=EDGE_CURVE('',#1245,#1247,#764,.T.);
#1546=EDGE_CURVE('',#1248,#1246,#765,.T.);
#1547=EDGE_CURVE('',#1247,#1248,#766,.T.);
#1548=EDGE_CURVE('',#1247,#1241,#767,.T.);
#1549=EDGE_CURVE('',#1243,#1248,#768,.T.);
#1550=EDGE_CURVE('',#1249,#1249,#1126,.T.);
#1551=EDGE_CURVE('',#1249,#1250,#769,.T.);
#1552=EDGE_CURVE('',#1250,#1250,#1127,.T.);
#1553=EDGE_CURVE('',#1251,#1252,#770,.T.);
#1554=EDGE_CURVE('',#1252,#1253,#771,.T.);
#1555=EDGE_CURVE('',#1254,#1253,#772,.T.);
#1556=EDGE_CURVE('',#1251,#1254,#773,.T.);
#1557=EDGE_CURVE('',#1255,#1251,#774,.T.);
#1558=EDGE_CURVE('',#1256,#1254,#775,.T.);
#1559=EDGE_CURVE('',#1255,#1256,#776,.T.);
#1560=EDGE_CURVE('',#1257,#1255,#777,.T.);
#1561=EDGE_CURVE('',#1258,#1256,#778,.T.);
#1562=EDGE_CURVE('',#1257,#1258,#779,.T.);
#1563=EDGE_CURVE('',#1252,#1257,#780,.T.);
#1564=EDGE_CURVE('',#1253,#1258,#781,.T.);
#1565=EDGE_CURVE('',#1259,#1259,#1128,.T.);
#1566=EDGE_CURVE('',#1259,#1260,#782,.T.);
#1567=EDGE_CURVE('',#1260,#1260,#1129,.T.);
#1568=EDGE_CURVE('',#1261,#1261,#1130,.T.);
#1569=EDGE_CURVE('',#1261,#1262,#783,.T.);
#1570=EDGE_CURVE('',#1262,#1262,#1131,.T.);
#1571=EDGE_CURVE('',#1263,#1264,#784,.T.);
#1572=EDGE_CURVE('',#1263,#1265,#785,.T.);
#1573=EDGE_CURVE('',#1266,#1265,#786,.T.);
#1574=EDGE_CURVE('',#1264,#1266,#787,.T.);
#1575=EDGE_CURVE('',#1264,#1267,#788,.T.);
#1576=EDGE_CURVE('',#1268,#1266,#789,.T.);
#1577=EDGE_CURVE('',#1267,#1268,#790,.T.);
#1578=EDGE_CURVE('',#1267,#1269,#1132,.T.);
#1579=EDGE_CURVE('',#1270,#1268,#1133,.T.);
#1580=EDGE_CURVE('',#1269,#1270,#791,.T.);
#1581=EDGE_CURVE('',#1269,#1263,#792,.T.);
#1582=EDGE_CURVE('',#1265,#1270,#793,.T.);
#1583=EDGE_CURVE('',#1271,#1271,#1134,.T.);
#1584=EDGE_CURVE('',#1271,#1272,#794,.T.);
#1585=EDGE_CURVE('',#1272,#1272,#1135,.T.);
#1586=EDGE_CURVE('',#1273,#1273,#1136,.T.);
#1587=EDGE_CURVE('',#1273,#1274,#795,.T.);
#1588=EDGE_CURVE('',#1274,#1274,#1137,.T.);
#1589=EDGE_CURVE('',#1275,#1276,#796,.T.);
#1590=EDGE_CURVE('',#1276,#1277,#797,.T.);
#1591=EDGE_CURVE('',#1278,#1277,#798,.T.);
#1592=EDGE_CURVE('',#1275,#1278,#799,.T.);
#1593=EDGE_CURVE('',#1279,#1275,#800,.T.);
#1594=EDGE_CURVE('',#1280,#1278,#801,.T.);
#1595=EDGE_CURVE('',#1279,#1280,#802,.T.);
#1596=EDGE_CURVE('',#1281,#1279,#803,.T.);
#1597=EDGE_CURVE('',#1282,#1280,#804,.T.);
#1598=EDGE_CURVE('',#1281,#1282,#805,.T.);
#1599=EDGE_CURVE('',#1281,#1276,#1138,.T.);
#1600=EDGE_CURVE('',#1277,#1282,#1139,.T.);
#1601=EDGE_CURVE('',#1283,#1284,#52,.T.);
#1602=EDGE_CURVE('',#1284,#1283,#53,.T.);
#1603=EDGE_CURVE('',#1284,#1285,#806,.T.);
#1604=EDGE_CURVE('',#1286,#1285,#54,.T.);
#1605=EDGE_CURVE('',#1285,#1286,#55,.T.);
#1606=EDGE_CURVE('',#1287,#1288,#56,.T.);
#1607=EDGE_CURVE('',#1288,#1287,#57,.T.);
#1608=EDGE_CURVE('',#1288,#1289,#807,.T.);
#1609=EDGE_CURVE('',#1290,#1289,#58,.T.);
#1610=EDGE_CURVE('',#1289,#1290,#59,.T.);
#1611=EDGE_CURVE('',#1291,#1292,#60,.T.);
#1612=EDGE_CURVE('',#1292,#1291,#61,.T.);
#1613=EDGE_CURVE('',#1292,#1293,#808,.T.);
#1614=EDGE_CURVE('',#1294,#1293,#62,.T.);
#1615=EDGE_CURVE('',#1293,#1294,#63,.T.);
#1616=EDGE_CURVE('',#1295,#1296,#64,.T.);
#1617=EDGE_CURVE('',#1296,#1295,#65,.T.);
#1618=EDGE_CURVE('',#1296,#1297,#809,.T.);
#1619=EDGE_CURVE('',#1298,#1297,#66,.T.);
#1620=EDGE_CURVE('',#1297,#1298,#67,.T.);
#1621=EDGE_CURVE('',#1299,#1300,#68,.T.);
#1622=EDGE_CURVE('',#1300,#1299,#69,.T.);
#1623=EDGE_CURVE('',#1300,#1301,#810,.T.);
#1624=EDGE_CURVE('',#1302,#1301,#70,.T.);
#1625=EDGE_CURVE('',#1301,#1302,#71,.T.);
#1626=EDGE_CURVE('',#1303,#1304,#72,.T.);
#1627=EDGE_CURVE('',#1304,#1303,#73,.T.);
#1628=EDGE_CURVE('',#1304,#1305,#811,.T.);
#1629=EDGE_CURVE('',#1306,#1305,#74,.T.);
#1630=EDGE_CURVE('',#1305,#1306,#75,.T.);
#1631=EDGE_CURVE('',#1307,#1308,#76,.T.);
#1632=EDGE_CURVE('',#1308,#1307,#77,.T.);
#1633=EDGE_CURVE('',#1308,#1309,#812,.T.);
#1634=EDGE_CURVE('',#1310,#1309,#78,.T.);
#1635=EDGE_CURVE('',#1309,#1310,#79,.T.);
#1636=EDGE_CURVE('',#1311,#1312,#80,.T.);
#1637=EDGE_CURVE('',#1312,#1311,#81,.T.);
#1638=EDGE_CURVE('',#1312,#1313,#813,.T.);
#1639=EDGE_CURVE('',#1314,#1313,#82,.T.);
#1640=EDGE_CURVE('',#1313,#1314,#83,.T.);
#1641=EDGE_CURVE('',#1315,#1315,#1140,.T.);
#1642=EDGE_CURVE('',#1316,#1316,#1141,.T.);
#1643=EDGE_CURVE('',#1317,#1317,#1142,.T.);
#1644=EDGE_CURVE('',#1317,#1316,#814,.T.);
#1645=EDGE_CURVE('',#1315,#1318,#815,.T.);
#1646=EDGE_CURVE('',#1318,#1318,#1143,.T.);
#1647=EDGE_CURVE('',#1319,#1320,#84,.T.);
#1648=EDGE_CURVE('',#1320,#1319,#85,.T.);
#1649=EDGE_CURVE('',#1320,#1321,#816,.T.);
#1650=EDGE_CURVE('',#1322,#1321,#86,.T.);
#1651=EDGE_CURVE('',#1321,#1322,#87,.T.);
#1652=EDGE_CURVE('',#1323,#1324,#88,.T.);
#1653=EDGE_CURVE('',#1324,#1323,#89,.T.);
#1654=EDGE_CURVE('',#1324,#1325,#817,.T.);
#1655=EDGE_CURVE('',#1326,#1325,#90,.T.);
#1656=EDGE_CURVE('',#1325,#1326,#91,.T.);
#1657=EDGE_CURVE('',#1327,#1328,#92,.T.);
#1658=EDGE_CURVE('',#1328,#1327,#93,.T.);
#1659=EDGE_CURVE('',#1328,#1329,#818,.T.);
#1660=EDGE_CURVE('',#1330,#1329,#94,.T.);
#1661=EDGE_CURVE('',#1329,#1330,#95,.T.);
#1662=EDGE_CURVE('',#1331,#1332,#96,.T.);
#1663=EDGE_CURVE('',#1332,#1331,#97,.T.);
#1664=EDGE_CURVE('',#1332,#1333,#819,.T.);
#1665=EDGE_CURVE('',#1334,#1333,#98,.T.);
#1666=EDGE_CURVE('',#1333,#1334,#99,.T.);
#1667=EDGE_CURVE('',#1335,#1336,#100,.T.);
#1668=EDGE_CURVE('',#1336,#1335,#101,.T.);
#1669=EDGE_CURVE('',#1336,#1337,#820,.T.);
#1670=EDGE_CURVE('',#1338,#1337,#102,.T.);
#1671=EDGE_CURVE('',#1337,#1338,#103,.T.);
#1672=EDGE_CURVE('',#1339,#1340,#104,.T.);
#1673=EDGE_CURVE('',#1340,#1339,#105,.T.);
#1674=EDGE_CURVE('',#1340,#1341,#821,.T.);
#1675=EDGE_CURVE('',#1342,#1341,#106,.T.);
#1676=EDGE_CURVE('',#1341,#1342,#107,.T.);
#1677=EDGE_CURVE('',#1343,#1344,#108,.T.);
#1678=EDGE_CURVE('',#1344,#1343,#109,.T.);
#1679=EDGE_CURVE('',#1344,#1345,#822,.T.);
#1680=EDGE_CURVE('',#1346,#1345,#110,.T.);
#1681=EDGE_CURVE('',#1345,#1346,#111,.T.);
#1682=EDGE_CURVE('',#1347,#1348,#112,.T.);
#1683=EDGE_CURVE('',#1348,#1347,#113,.T.);
#1684=EDGE_CURVE('',#1348,#1349,#823,.T.);
#1685=EDGE_CURVE('',#1350,#1349,#114,.T.);
#1686=EDGE_CURVE('',#1349,#1350,#115,.T.);
#1687=EDGE_CURVE('',#1351,#1351,#1144,.T.);
#1688=EDGE_CURVE('',#1352,#1352,#1145,.T.);
#1689=EDGE_CURVE('',#1353,#1353,#1146,.T.);
#1690=EDGE_CURVE('',#1353,#1352,#824,.T.);
#1691=EDGE_CURVE('',#1351,#1354,#825,.T.);
#1692=EDGE_CURVE('',#1354,#1354,#1147,.T.);
#1693=EDGE_CURVE('',#1355,#1356,#116,.T.);
#1694=EDGE_CURVE('',#1355,#1357,#117,.T.);
#1695=EDGE_CURVE('',#1357,#1358,#118,.F.);
#1696=EDGE_CURVE('',#1358,#1359,#119,.T.);
#1697=EDGE_CURVE('',#1359,#1356,#1148,.T.);
#1698=EDGE_CURVE('',#1356,#1360,#120,.T.);
#1699=EDGE_CURVE('',#1359,#1360,#1149,.T.);
#1700=EDGE_CURVE('',#1361,#1358,#826,.T.);
#1701=EDGE_CURVE('',#1362,#1361,#827,.T.);
#1702=EDGE_CURVE('',#1363,#1362,#1150,.T.);
#1703=EDGE_CURVE('',#1364,#1363,#828,.T.);
#1704=EDGE_CURVE('',#1364,#1360,#829,.T.);
#1705=EDGE_CURVE('',#1365,#1366,#121,.T.);
#1706=EDGE_CURVE('',#1365,#1367,#1151,.T.);
#1707=EDGE_CURVE('',#1367,#1368,#122,.F.);
#1708=EDGE_CURVE('',#1368,#1366,#1152,.T.);
#1709=EDGE_CURVE('',#1369,#1368,#830,.T.);
#1710=EDGE_CURVE('',#1370,#1369,#831,.T.);
#1711=EDGE_CURVE('',#1371,#1370,#1153,.T.);
#1712=EDGE_CURVE('',#1372,#1371,#832,.T.);
#1713=EDGE_CURVE('',#1372,#1366,#833,.T.);
#1714=EDGE_CURVE('',#1373,#1365,#834,.T.);
#1715=EDGE_CURVE('',#1361,#1372,#835,.T.);
#1716=EDGE_CURVE('',#1357,#1373,#123,.T.);
#1717=EDGE_CURVE('',#1367,#1374,#836,.T.);
#1718=EDGE_CURVE('',#1374,#1355,#124,.T.);
#1719=EDGE_CURVE('',#1369,#1364,#837,.T.);
#1720=EDGE_CURVE('',#1375,#1371,#838,.T.);
#1721=EDGE_CURVE('',#1375,#1376,#839,.T.);
#1722=EDGE_CURVE('',#1376,#1377,#840,.T.);
#1723=EDGE_CURVE('',#1378,#1377,#841,.T.);
#1724=EDGE_CURVE('',#1362,#1378,#842,.T.);
#1725=EDGE_CURVE('',#1379,#1379,#1154,.T.);
#1726=EDGE_CURVE('',#1380,#1380,#1155,.T.);
#1727=EDGE_CURVE('',#1381,#1370,#843,.T.);
#1728=EDGE_CURVE('',#1375,#1381,#1156,.T.);
#1729=EDGE_CURVE('',#1382,#1378,#1157,.T.);
#1730=EDGE_CURVE('',#1363,#1382,#844,.T.);
#1731=EDGE_CURVE('',#1383,#1384,#125,.T.);
#1732=EDGE_CURVE('',#1383,#1385,#126,.T.);
#1733=EDGE_CURVE('',#1385,#1386,#127,.F.);
#1734=EDGE_CURVE('',#1384,#1386,#845,.T.);
#1735=EDGE_CURVE('',#1374,#1387,#128,.T.);
#1736=EDGE_CURVE('',#1387,#1388,#129,.F.);
#1737=EDGE_CURVE('',#1388,#1389,#846,.T.);
#1738=EDGE_CURVE('',#1390,#1389,#130,.T.);
#1739=EDGE_CURVE('',#1390,#1373,#131,.T.);
#1740=EDGE_CURVE('',#1385,#1390,#847,.T.);
#1741=EDGE_CURVE('',#1387,#1383,#848,.T.);
#1742=EDGE_CURVE('',#1391,#1391,#1158,.T.);
#1743=EDGE_CURVE('',#1392,#1392,#1159,.T.);
#1744=EDGE_CURVE('',#1393,#1393,#1160,.T.);
#1745=EDGE_CURVE('',#1394,#1394,#1161,.T.);
#1746=EDGE_CURVE('',#1380,#1391,#849,.T.);
#1747=EDGE_CURVE('',#1379,#1392,#850,.T.);
#1748=EDGE_CURVE('',#1395,#1395,#1162,.T.);
#1749=EDGE_CURVE('',#1395,#1393,#851,.T.);
#1750=EDGE_CURVE('',#1396,#1396,#1163,.T.);
#1751=EDGE_CURVE('',#1396,#1394,#852,.T.);
#1752=EDGE_CURVE('',#1397,#1382,#853,.T.);
#1753=EDGE_CURVE('',#1398,#1397,#854,.T.);
#1754=EDGE_CURVE('',#1381,#1398,#855,.T.);
#1755=EDGE_CURVE('',#1367,#1398,#1164,.T.);
#1756=EDGE_CURVE('',#1377,#1397,#1165,.T.);
#1757=EDGE_CURVE('',#1376,#1365,#1166,.T.);
#1758=EDGE_CURVE('',#1399,#1400,#1167,.T.);
#1759=EDGE_CURVE('',#1399,#1401,#856,.T.);
#1760=EDGE_CURVE('',#1402,#1401,#1168,.T.);
#1761=EDGE_CURVE('',#1400,#1402,#857,.T.);
#1762=EDGE_CURVE('',#1400,#1403,#17,.T.);
#1763=EDGE_CURVE('',#1404,#1402,#18,.T.);
#1764=EDGE_CURVE('',#1403,#1404,#858,.T.);
#1765=EDGE_CURVE('',#1403,#1399,#19,.T.);
#1766=EDGE_CURVE('',#1401,#1404,#20,.T.);
#1767=EDGE_CURVE('',#1405,#1406,#1169,.T.);
#1768=EDGE_CURVE('',#1405,#1407,#859,.T.);
#1769=EDGE_CURVE('',#1408,#1407,#1170,.T.);
#1770=EDGE_CURVE('',#1406,#1408,#860,.T.);
#1771=EDGE_CURVE('',#1406,#1409,#21,.T.);
#1772=EDGE_CURVE('',#1410,#1408,#22,.T.);
#1773=EDGE_CURVE('',#1409,#1410,#861,.T.);
#1774=EDGE_CURVE('',#1409,#1405,#23,.T.);
#1775=EDGE_CURVE('',#1407,#1410,#24,.T.);
#1776=EDGE_CURVE('',#1411,#1412,#1171,.T.);
#1777=EDGE_CURVE('',#1411,#1413,#862,.T.);
#1778=EDGE_CURVE('',#1414,#1413,#1172,.T.);
#1779=EDGE_CURVE('',#1412,#1414,#863,.T.);
#1780=EDGE_CURVE('',#1412,#1415,#25,.T.);
#1781=EDGE_CURVE('',#1416,#1414,#26,.T.);
#1782=EDGE_CURVE('',#1415,#1416,#864,.T.);
#1783=EDGE_CURVE('',#1415,#1411,#27,.T.);
#1784=EDGE_CURVE('',#1413,#1416,#28,.T.);
#1785=EDGE_CURVE('',#1417,#1418,#1173,.T.);
#1786=EDGE_CURVE('',#1417,#1419,#865,.T.);
#1787=EDGE_CURVE('',#1420,#1419,#1174,.T.);
#1788=EDGE_CURVE('',#1418,#1420,#866,.T.);
#1789=EDGE_CURVE('',#1418,#1421,#29,.T.);
#1790=EDGE_CURVE('',#1422,#1420,#30,.T.);
#1791=EDGE_CURVE('',#1421,#1422,#867,.T.);
#1792=EDGE_CURVE('',#1421,#1417,#31,.T.);
#1793=EDGE_CURVE('',#1419,#1422,#32,.T.);
#1794=EDGE_CURVE('',#1423,#1424,#1175,.T.);
#1795=EDGE_CURVE('',#1423,#1425,#868,.T.);
#1796=EDGE_CURVE('',#1426,#1425,#1176,.T.);
#1797=EDGE_CURVE('',#1427,#1426,#1177,.T.);
#1798=EDGE_CURVE('',#1428,#1427,#869,.T.);
#1799=EDGE_CURVE('',#1424,#1428,#1178,.T.);
#1800=EDGE_CURVE('',#1428,#1429,#33,.T.);
#1801=EDGE_CURVE('',#1430,#1427,#34,.T.);
#1802=EDGE_CURVE('',#1431,#1430,#35,.T.);
#1803=EDGE_CURVE('',#1432,#1431,#870,.T.);
#1804=EDGE_CURVE('',#1429,#1432,#36,.T.);
#1805=EDGE_CURVE('',#1432,#1423,#37,.T.);
#1806=EDGE_CURVE('',#1425,#1431,#38,.T.);
#1807=EDGE_CURVE('',#1433,#1434,#1179,.T.);
#1808=EDGE_CURVE('',#1433,#1435,#871,.T.);
#1809=EDGE_CURVE('',#1436,#1435,#1180,.T.);
#1810=EDGE_CURVE('',#1434,#1436,#872,.T.);
#1811=EDGE_CURVE('',#1434,#1437,#39,.T.);
#1812=EDGE_CURVE('',#1438,#1436,#40,.T.);
#1813=EDGE_CURVE('',#1437,#1438,#873,.T.);
#1814=EDGE_CURVE('',#1437,#1433,#41,.T.);
#1815=EDGE_CURVE('',#1435,#1438,#42,.T.);
#1816=EDGE_CURVE('',#1439,#1440,#1181,.T.);
#1817=EDGE_CURVE('',#1439,#1441,#874,.T.);
#1818=EDGE_CURVE('',#1442,#1441,#1182,.T.);
#1819=EDGE_CURVE('',#1440,#1442,#875,.T.);
#1820=EDGE_CURVE('',#1440,#1443,#43,.T.);
#1821=EDGE_CURVE('',#1444,#1442,#44,.T.);
#1822=EDGE_CURVE('',#1443,#1444,#876,.T.);
#1823=EDGE_CURVE('',#1443,#1439,#45,.T.);
#1824=EDGE_CURVE('',#1441,#1444,#46,.T.);
#1825=EDGE_CURVE('',#1445,#1445,#1183,.T.);
#1826=EDGE_CURVE('',#1445,#1424,#877,.T.);
#1827=EDGE_CURVE('',#1429,#1446,#878,.T.);
#1828=EDGE_CURVE('',#1446,#1446,#1184,.T.);
#1829=EDGE_CURVE('',#1447,#1447,#1185,.T.);
#1830=EDGE_CURVE('',#1447,#1426,#879,.T.);
#1831=EDGE_CURVE('',#1430,#1448,#880,.T.);
#1832=EDGE_CURVE('',#1448,#1448,#1186,.T.);
#1833=EDGE_CURVE('',#1449,#1449,#1187,.T.);
#1834=EDGE_CURVE('',#1449,#1450,#881,.T.);
#1835=EDGE_CURVE('',#1450,#1450,#1188,.T.);
#1836=EDGE_CURVE('',#1451,#1451,#1189,.T.);
#1837=EDGE_CURVE('',#1451,#1452,#882,.T.);
#1838=EDGE_CURVE('',#1452,#1452,#1190,.T.);
#1839=EDGE_CURVE('',#1453,#1453,#1191,.T.);
#1840=EDGE_CURVE('',#1453,#1454,#883,.T.);
#1841=EDGE_CURVE('',#1454,#1454,#1192,.T.);
#1842=EDGE_CURVE('',#1455,#1456,#1193,.T.);
#1843=EDGE_CURVE('',#1455,#1457,#884,.T.);
#1844=EDGE_CURVE('',#1458,#1457,#1194,.T.);
#1845=EDGE_CURVE('',#1456,#1458,#885,.T.);
#1846=EDGE_CURVE('',#1456,#1455,#1195,.T.);
#1847=EDGE_CURVE('',#1457,#1458,#1196,.T.);
#1848=EDGE_CURVE('',#1459,#1460,#886,.T.);
#1849=EDGE_CURVE('',#1460,#1461,#887,.T.);
#1850=EDGE_CURVE('',#1462,#1461,#888,.T.);
#1851=EDGE_CURVE('',#1459,#1462,#889,.T.);
#1852=EDGE_CURVE('',#1463,#1459,#890,.T.);
#1853=EDGE_CURVE('',#1464,#1462,#891,.T.);
#1854=EDGE_CURVE('',#1463,#1464,#892,.T.);
#1855=EDGE_CURVE('',#1465,#1463,#893,.T.);
#1856=EDGE_CURVE('',#1466,#1464,#894,.T.);
#1857=EDGE_CURVE('',#1465,#1466,#895,.T.);
#1858=EDGE_CURVE('',#1460,#1465,#896,.T.);
#1859=EDGE_CURVE('',#1461,#1466,#897,.T.);
#1860=EDGE_CURVE('',#1467,#1468,#898,.T.);
#1861=EDGE_CURVE('',#1468,#1469,#899,.T.);
#1862=EDGE_CURVE('',#1470,#1469,#900,.T.);
#1863=EDGE_CURVE('',#1467,#1470,#901,.T.);
#1864=EDGE_CURVE('',#1471,#1467,#1197,.T.);
#1865=EDGE_CURVE('',#1472,#1470,#1198,.T.);
#1866=EDGE_CURVE('',#1471,#1472,#902,.T.);
#1867=EDGE_CURVE('',#1473,#1471,#903,.T.);
#1868=EDGE_CURVE('',#1474,#1472,#904,.T.);
#1869=EDGE_CURVE('',#1473,#1474,#905,.T.);
#1870=EDGE_CURVE('',#1475,#1473,#1199,.T.);
#1871=EDGE_CURVE('',#1476,#1474,#1200,.T.);
#1872=EDGE_CURVE('',#1475,#1476,#906,.T.);
#1873=EDGE_CURVE('',#1477,#1475,#907,.T.);
#1874=EDGE_CURVE('',#1478,#1476,#908,.T.);
#1875=EDGE_CURVE('',#1477,#1478,#909,.T.);
#1876=EDGE_CURVE('',#1479,#1477,#910,.T.);
#1877=EDGE_CURVE('',#1480,#1478,#911,.T.);
#1878=EDGE_CURVE('',#1479,#1480,#912,.T.);
#1879=EDGE_CURVE('',#1468,#1479,#1201,.T.);
#1880=EDGE_CURVE('',#1469,#1480,#1202,.T.);
#1881=ORIENTED_EDGE('',*,*,#1481,.F.);
#1882=ORIENTED_EDGE('',*,*,#1482,.T.);
#1883=ORIENTED_EDGE('',*,*,#1483,.F.);
#1884=ORIENTED_EDGE('',*,*,#1482,.F.);
#1885=ORIENTED_EDGE('',*,*,#1484,.F.);
#1886=ORIENTED_EDGE('',*,*,#1485,.T.);
#1887=ORIENTED_EDGE('',*,*,#1486,.F.);
#1888=ORIENTED_EDGE('',*,*,#1485,.F.);
#1889=ORIENTED_EDGE('',*,*,#1487,.F.);
#1890=ORIENTED_EDGE('',*,*,#1488,.T.);
#1891=ORIENTED_EDGE('',*,*,#1489,.F.);
#1892=ORIENTED_EDGE('',*,*,#1488,.F.);
#1893=ORIENTED_EDGE('',*,*,#1490,.F.);
#1894=ORIENTED_EDGE('',*,*,#1491,.T.);
#1895=ORIENTED_EDGE('',*,*,#1492,.F.);
#1896=ORIENTED_EDGE('',*,*,#1491,.F.);
#1897=ORIENTED_EDGE('',*,*,#1493,.T.);
#1898=ORIENTED_EDGE('',*,*,#1494,.T.);
#1899=ORIENTED_EDGE('',*,*,#1495,.F.);
#1900=ORIENTED_EDGE('',*,*,#1496,.F.);
#1901=ORIENTED_EDGE('',*,*,#1497,.T.);
#1902=ORIENTED_EDGE('',*,*,#1496,.T.);
#1903=ORIENTED_EDGE('',*,*,#1498,.F.);
#1904=ORIENTED_EDGE('',*,*,#1499,.F.);
#1905=ORIENTED_EDGE('',*,*,#1500,.T.);
#1906=ORIENTED_EDGE('',*,*,#1499,.T.);
#1907=ORIENTED_EDGE('',*,*,#1501,.F.);
#1908=ORIENTED_EDGE('',*,*,#1502,.F.);
#1909=ORIENTED_EDGE('',*,*,#1503,.T.);
#1910=ORIENTED_EDGE('',*,*,#1502,.T.);
#1911=ORIENTED_EDGE('',*,*,#1504,.F.);
#1912=ORIENTED_EDGE('',*,*,#1494,.F.);
#1913=ORIENTED_EDGE('',*,*,#1503,.F.);
#1914=ORIENTED_EDGE('',*,*,#1493,.F.);
#1915=ORIENTED_EDGE('',*,*,#1497,.F.);
#1916=ORIENTED_EDGE('',*,*,#1500,.F.);
#1917=ORIENTED_EDGE('',*,*,#1492,.T.);
#1918=ORIENTED_EDGE('',*,*,#1489,.T.);
#1919=ORIENTED_EDGE('',*,*,#1486,.T.);
#1920=ORIENTED_EDGE('',*,*,#1483,.T.);
#1921=ORIENTED_EDGE('',*,*,#1504,.T.);
#1922=ORIENTED_EDGE('',*,*,#1501,.T.);
#1923=ORIENTED_EDGE('',*,*,#1498,.T.);
#1924=ORIENTED_EDGE('',*,*,#1495,.T.);
#1925=ORIENTED_EDGE('',*,*,#1490,.T.);
#1926=ORIENTED_EDGE('',*,*,#1487,.T.);
#1927=ORIENTED_EDGE('',*,*,#1484,.T.);
#1928=ORIENTED_EDGE('',*,*,#1481,.T.);
#1929=ORIENTED_EDGE('',*,*,#1505,.F.);
#1930=ORIENTED_EDGE('',*,*,#1506,.T.);
#1931=ORIENTED_EDGE('',*,*,#1507,.F.);
#1932=ORIENTED_EDGE('',*,*,#1506,.F.);
#1933=ORIENTED_EDGE('',*,*,#1508,.T.);
#1934=ORIENTED_EDGE('',*,*,#1509,.T.);
#1935=ORIENTED_EDGE('',*,*,#1510,.F.);
#1936=ORIENTED_EDGE('',*,*,#1511,.F.);
#1937=ORIENTED_EDGE('',*,*,#1512,.T.);
#1938=ORIENTED_EDGE('',*,*,#1511,.T.);
#1939=ORIENTED_EDGE('',*,*,#1513,.F.);
#1940=ORIENTED_EDGE('',*,*,#1514,.F.);
#1941=ORIENTED_EDGE('',*,*,#1515,.T.);
#1942=ORIENTED_EDGE('',*,*,#1514,.T.);
#1943=ORIENTED_EDGE('',*,*,#1516,.F.);
#1944=ORIENTED_EDGE('',*,*,#1517,.F.);
#1945=ORIENTED_EDGE('',*,*,#1518,.T.);
#1946=ORIENTED_EDGE('',*,*,#1517,.T.);
#1947=ORIENTED_EDGE('',*,*,#1519,.F.);
#1948=ORIENTED_EDGE('',*,*,#1509,.F.);
#1949=ORIENTED_EDGE('',*,*,#1518,.F.);
#1950=ORIENTED_EDGE('',*,*,#1508,.F.);
#1951=ORIENTED_EDGE('',*,*,#1512,.F.);
#1952=ORIENTED_EDGE('',*,*,#1515,.F.);
#1953=ORIENTED_EDGE('',*,*,#1507,.T.);
#1954=ORIENTED_EDGE('',*,*,#1519,.T.);
#1955=ORIENTED_EDGE('',*,*,#1516,.T.);
#1956=ORIENTED_EDGE('',*,*,#1513,.T.);
#1957=ORIENTED_EDGE('',*,*,#1510,.T.);
#1958=ORIENTED_EDGE('',*,*,#1505,.T.);
#1959=ORIENTED_EDGE('',*,*,#1520,.F.);
#1960=ORIENTED_EDGE('',*,*,#1521,.T.);
#1961=ORIENTED_EDGE('',*,*,#1522,.F.);
#1962=ORIENTED_EDGE('',*,*,#1521,.F.);
#1963=ORIENTED_EDGE('',*,*,#1523,.F.);
#1964=ORIENTED_EDGE('',*,*,#1524,.T.);
#1965=ORIENTED_EDGE('',*,*,#1525,.F.);
#1966=ORIENTED_EDGE('',*,*,#1526,.F.);
#1967=ORIENTED_EDGE('',*,*,#1527,.F.);
#1968=ORIENTED_EDGE('',*,*,#1526,.T.);
#1969=ORIENTED_EDGE('',*,*,#1528,.F.);
#1970=ORIENTED_EDGE('',*,*,#1529,.F.);
#1971=ORIENTED_EDGE('',*,*,#1530,.F.);
#1972=ORIENTED_EDGE('',*,*,#1529,.T.);
#1973=ORIENTED_EDGE('',*,*,#1531,.F.);
#1974=ORIENTED_EDGE('',*,*,#1532,.F.);
#1975=ORIENTED_EDGE('',*,*,#1533,.F.);
#1976=ORIENTED_EDGE('',*,*,#1532,.T.);
#1977=ORIENTED_EDGE('',*,*,#1534,.F.);
#1978=ORIENTED_EDGE('',*,*,#1524,.F.);
#1979=ORIENTED_EDGE('',*,*,#1533,.T.);
#1980=ORIENTED_EDGE('',*,*,#1523,.T.);
#1981=ORIENTED_EDGE('',*,*,#1527,.T.);
#1982=ORIENTED_EDGE('',*,*,#1530,.T.);
#1983=ORIENTED_EDGE('',*,*,#1522,.T.);
#1984=ORIENTED_EDGE('',*,*,#1534,.T.);
#1985=ORIENTED_EDGE('',*,*,#1531,.T.);
#1986=ORIENTED_EDGE('',*,*,#1528,.T.);
#1987=ORIENTED_EDGE('',*,*,#1525,.T.);
#1988=ORIENTED_EDGE('',*,*,#1520,.T.);
#1989=ORIENTED_EDGE('',*,*,#1535,.F.);
#1990=ORIENTED_EDGE('',*,*,#1536,.T.);
#1991=ORIENTED_EDGE('',*,*,#1537,.F.);
#1992=ORIENTED_EDGE('',*,*,#1536,.F.);
#1993=ORIENTED_EDGE('',*,*,#1538,.F.);
#1994=ORIENTED_EDGE('',*,*,#1539,.T.);
#1995=ORIENTED_EDGE('',*,*,#1540,.F.);
#1996=ORIENTED_EDGE('',*,*,#1541,.F.);
#1997=ORIENTED_EDGE('',*,*,#1542,.F.);
#1998=ORIENTED_EDGE('',*,*,#1541,.T.);
#1999=ORIENTED_EDGE('',*,*,#1543,.F.);
#2000=ORIENTED_EDGE('',*,*,#1544,.F.);
#2001=ORIENTED_EDGE('',*,*,#1545,.F.);
#2002=ORIENTED_EDGE('',*,*,#1544,.T.);
#2003=ORIENTED_EDGE('',*,*,#1546,.F.);
#2004=ORIENTED_EDGE('',*,*,#1547,.F.);
#2005=ORIENTED_EDGE('',*,*,#1548,.F.);
#2006=ORIENTED_EDGE('',*,*,#1547,.T.);
#2007=ORIENTED_EDGE('',*,*,#1549,.F.);
#2008=ORIENTED_EDGE('',*,*,#1539,.F.);
#2009=ORIENTED_EDGE('',*,*,#1548,.T.);
#2010=ORIENTED_EDGE('',*,*,#1538,.T.);
#2011=ORIENTED_EDGE('',*,*,#1542,.T.);
#2012=ORIENTED_EDGE('',*,*,#1545,.T.);
#2013=ORIENTED_EDGE('',*,*,#1537,.T.);
#2014=ORIENTED_EDGE('',*,*,#1549,.T.);
#2015=ORIENTED_EDGE('',*,*,#1546,.T.);
#2016=ORIENTED_EDGE('',*,*,#1543,.T.);
#2017=ORIENTED_EDGE('',*,*,#1540,.T.);
#2018=ORIENTED_EDGE('',*,*,#1535,.T.);
#2019=ORIENTED_EDGE('',*,*,#1550,.F.);
#2020=ORIENTED_EDGE('',*,*,#1551,.T.);
#2021=ORIENTED_EDGE('',*,*,#1552,.F.);
#2022=ORIENTED_EDGE('',*,*,#1551,.F.);
#2023=ORIENTED_EDGE('',*,*,#1553,.T.);
#2024=ORIENTED_EDGE('',*,*,#1554,.T.);
#2025=ORIENTED_EDGE('',*,*,#1555,.F.);
#2026=ORIENTED_EDGE('',*,*,#1556,.F.);
#2027=ORIENTED_EDGE('',*,*,#1557,.T.);
#2028=ORIENTED_EDGE('',*,*,#1556,.T.);
#2029=ORIENTED_EDGE('',*,*,#1558,.F.);
#2030=ORIENTED_EDGE('',*,*,#1559,.F.);
#2031=ORIENTED_EDGE('',*,*,#1560,.T.);
#2032=ORIENTED_EDGE('',*,*,#1559,.T.);
#2033=ORIENTED_EDGE('',*,*,#1561,.F.);
#2034=ORIENTED_EDGE('',*,*,#1562,.F.);
#2035=ORIENTED_EDGE('',*,*,#1563,.T.);
#2036=ORIENTED_EDGE('',*,*,#1562,.T.);
#2037=ORIENTED_EDGE('',*,*,#1564,.F.);
#2038=ORIENTED_EDGE('',*,*,#1554,.F.);
#2039=ORIENTED_EDGE('',*,*,#1563,.F.);
#2040=ORIENTED_EDGE('',*,*,#1553,.F.);
#2041=ORIENTED_EDGE('',*,*,#1557,.F.);
#2042=ORIENTED_EDGE('',*,*,#1560,.F.);
#2043=ORIENTED_EDGE('',*,*,#1552,.T.);
#2044=ORIENTED_EDGE('',*,*,#1564,.T.);
#2045=ORIENTED_EDGE('',*,*,#1561,.T.);
#2046=ORIENTED_EDGE('',*,*,#1558,.T.);
#2047=ORIENTED_EDGE('',*,*,#1555,.T.);
#2048=ORIENTED_EDGE('',*,*,#1550,.T.);
#2049=ORIENTED_EDGE('',*,*,#1565,.F.);
#2050=ORIENTED_EDGE('',*,*,#1566,.T.);
#2051=ORIENTED_EDGE('',*,*,#1567,.F.);
#2052=ORIENTED_EDGE('',*,*,#1566,.F.);
#2053=ORIENTED_EDGE('',*,*,#1568,.F.);
#2054=ORIENTED_EDGE('',*,*,#1569,.T.);
#2055=ORIENTED_EDGE('',*,*,#1570,.F.);
#2056=ORIENTED_EDGE('',*,*,#1569,.F.);
#2057=ORIENTED_EDGE('',*,*,#1571,.F.);
#2058=ORIENTED_EDGE('',*,*,#1572,.T.);
#2059=ORIENTED_EDGE('',*,*,#1573,.F.);
#2060=ORIENTED_EDGE('',*,*,#1574,.F.);
#2061=ORIENTED_EDGE('',*,*,#1575,.F.);
#2062=ORIENTED_EDGE('',*,*,#1574,.T.);
#2063=ORIENTED_EDGE('',*,*,#1576,.F.);
#2064=ORIENTED_EDGE('',*,*,#1577,.F.);
#2065=ORIENTED_EDGE('',*,*,#1565,.T.);
#2066=ORIENTED_EDGE('',*,*,#1568,.T.);
#2067=ORIENTED_EDGE('',*,*,#1578,.F.);
#2068=ORIENTED_EDGE('',*,*,#1577,.T.);
#2069=ORIENTED_EDGE('',*,*,#1579,.F.);
#2070=ORIENTED_EDGE('',*,*,#1580,.F.);
#2071=ORIENTED_EDGE('',*,*,#1581,.F.);
#2072=ORIENTED_EDGE('',*,*,#1580,.T.);
#2073=ORIENTED_EDGE('',*,*,#1582,.F.);
#2074=ORIENTED_EDGE('',*,*,#1572,.F.);
#2075=ORIENTED_EDGE('',*,*,#1567,.T.);
#2076=ORIENTED_EDGE('',*,*,#1570,.T.);
#2077=ORIENTED_EDGE('',*,*,#1581,.T.);
#2078=ORIENTED_EDGE('',*,*,#1571,.T.);
#2079=ORIENTED_EDGE('',*,*,#1575,.T.);
#2080=ORIENTED_EDGE('',*,*,#1578,.T.);
#2081=ORIENTED_EDGE('',*,*,#1582,.T.);
#2082=ORIENTED_EDGE('',*,*,#1579,.T.);
#2083=ORIENTED_EDGE('',*,*,#1576,.T.);
#2084=ORIENTED_EDGE('',*,*,#1573,.T.);
#2085=ORIENTED_EDGE('',*,*,#1583,.F.);
#2086=ORIENTED_EDGE('',*,*,#1584,.T.);
#2087=ORIENTED_EDGE('',*,*,#1585,.F.);
#2088=ORIENTED_EDGE('',*,*,#1584,.F.);
#2089=ORIENTED_EDGE('',*,*,#1586,.F.);
#2090=ORIENTED_EDGE('',*,*,#1587,.T.);
#2091=ORIENTED_EDGE('',*,*,#1588,.F.);
#2092=ORIENTED_EDGE('',*,*,#1587,.F.);
#2093=ORIENTED_EDGE('',*,*,#1589,.T.);
#2094=ORIENTED_EDGE('',*,*,#1590,.T.);
#2095=ORIENTED_EDGE('',*,*,#1591,.F.);
#2096=ORIENTED_EDGE('',*,*,#1592,.F.);
#2097=ORIENTED_EDGE('',*,*,#1583,.T.);
#2098=ORIENTED_EDGE('',*,*,#1586,.T.);
#2099=ORIENTED_EDGE('',*,*,#1593,.T.);
#2100=ORIENTED_EDGE('',*,*,#1592,.T.);
#2101=ORIENTED_EDGE('',*,*,#1594,.F.);
#2102=ORIENTED_EDGE('',*,*,#1595,.F.);
#2103=ORIENTED_EDGE('',*,*,#1596,.T.);
#2104=ORIENTED_EDGE('',*,*,#1595,.T.);
#2105=ORIENTED_EDGE('',*,*,#1597,.F.);
#2106=ORIENTED_EDGE('',*,*,#1598,.F.);
#2107=ORIENTED_EDGE('',*,*,#1585,.T.);
#2108=ORIENTED_EDGE('',*,*,#1588,.T.);
#2109=ORIENTED_EDGE('',*,*,#1599,.F.);
#2110=ORIENTED_EDGE('',*,*,#1598,.T.);
#2111=ORIENTED_EDGE('',*,*,#1600,.F.);
#2112=ORIENTED_EDGE('',*,*,#1590,.F.);
#2113=ORIENTED_EDGE('',*,*,#1599,.T.);
#2114=ORIENTED_EDGE('',*,*,#1589,.F.);
#2115=ORIENTED_EDGE('',*,*,#1593,.F.);
#2116=ORIENTED_EDGE('',*,*,#1596,.F.);
#2117=ORIENTED_EDGE('',*,*,#1600,.T.);
#2118=ORIENTED_EDGE('',*,*,#1597,.T.);
#2119=ORIENTED_EDGE('',*,*,#1594,.T.);
#2120=ORIENTED_EDGE('',*,*,#1591,.T.);
#2121=ORIENTED_EDGE('',*,*,#1601,.F.);
#2122=ORIENTED_EDGE('',*,*,#1602,.F.);
#2123=ORIENTED_EDGE('',*,*,#1603,.T.);
#2124=ORIENTED_EDGE('',*,*,#1604,.F.);
#2125=ORIENTED_EDGE('',*,*,#1605,.F.);
#2126=ORIENTED_EDGE('',*,*,#1603,.F.);
#2127=ORIENTED_EDGE('',*,*,#1606,.F.);
#2128=ORIENTED_EDGE('',*,*,#1607,.F.);
#2129=ORIENTED_EDGE('',*,*,#1608,.T.);
#2130=ORIENTED_EDGE('',*,*,#1609,.F.);
#2131=ORIENTED_EDGE('',*,*,#1610,.F.);
#2132=ORIENTED_EDGE('',*,*,#1608,.F.);
#2133=ORIENTED_EDGE('',*,*,#1611,.F.);
#2134=ORIENTED_EDGE('',*,*,#1612,.F.);
#2135=ORIENTED_EDGE('',*,*,#1613,.T.);
#2136=ORIENTED_EDGE('',*,*,#1614,.F.);
#2137=ORIENTED_EDGE('',*,*,#1615,.F.);
#2138=ORIENTED_EDGE('',*,*,#1613,.F.);
#2139=ORIENTED_EDGE('',*,*,#1616,.F.);
#2140=ORIENTED_EDGE('',*,*,#1617,.F.);
#2141=ORIENTED_EDGE('',*,*,#1618,.T.);
#2142=ORIENTED_EDGE('',*,*,#1619,.F.);
#2143=ORIENTED_EDGE('',*,*,#1620,.F.);
#2144=ORIENTED_EDGE('',*,*,#1618,.F.);
#2145=ORIENTED_EDGE('',*,*,#1621,.F.);
#2146=ORIENTED_EDGE('',*,*,#1622,.F.);
#2147=ORIENTED_EDGE('',*,*,#1623,.T.);
#2148=ORIENTED_EDGE('',*,*,#1624,.F.);
#2149=ORIENTED_EDGE('',*,*,#1625,.F.);
#2150=ORIENTED_EDGE('',*,*,#1623,.F.);
#2151=ORIENTED_EDGE('',*,*,#1626,.F.);
#2152=ORIENTED_EDGE('',*,*,#1627,.F.);
#2153=ORIENTED_EDGE('',*,*,#1628,.T.);
#2154=ORIENTED_EDGE('',*,*,#1629,.F.);
#2155=ORIENTED_EDGE('',*,*,#1630,.F.);
#2156=ORIENTED_EDGE('',*,*,#1628,.F.);
#2157=ORIENTED_EDGE('',*,*,#1631,.F.);
#2158=ORIENTED_EDGE('',*,*,#1632,.F.);
#2159=ORIENTED_EDGE('',*,*,#1633,.T.);
#2160=ORIENTED_EDGE('',*,*,#1634,.F.);
#2161=ORIENTED_EDGE('',*,*,#1635,.F.);
#2162=ORIENTED_EDGE('',*,*,#1633,.F.);
#2163=ORIENTED_EDGE('',*,*,#1636,.F.);
#2164=ORIENTED_EDGE('',*,*,#1637,.F.);
#2165=ORIENTED_EDGE('',*,*,#1638,.T.);
#2166=ORIENTED_EDGE('',*,*,#1639,.F.);
#2167=ORIENTED_EDGE('',*,*,#1640,.F.);
#2168=ORIENTED_EDGE('',*,*,#1638,.F.);
#2169=ORIENTED_EDGE('',*,*,#1641,.T.);
#2170=ORIENTED_EDGE('',*,*,#1642,.T.);
#2171=ORIENTED_EDGE('',*,*,#1643,.F.);
#2172=ORIENTED_EDGE('',*,*,#1644,.T.);
#2173=ORIENTED_EDGE('',*,*,#1642,.F.);
#2174=ORIENTED_EDGE('',*,*,#1644,.F.);
#2175=ORIENTED_EDGE('',*,*,#1601,.T.);
#2176=ORIENTED_EDGE('',*,*,#1602,.T.);
#2177=ORIENTED_EDGE('',*,*,#1606,.T.);
#2178=ORIENTED_EDGE('',*,*,#1607,.T.);
#2179=ORIENTED_EDGE('',*,*,#1611,.T.);
#2180=ORIENTED_EDGE('',*,*,#1612,.T.);
#2181=ORIENTED_EDGE('',*,*,#1616,.T.);
#2182=ORIENTED_EDGE('',*,*,#1617,.T.);
#2183=ORIENTED_EDGE('',*,*,#1621,.T.);
#2184=ORIENTED_EDGE('',*,*,#1622,.T.);
#2185=ORIENTED_EDGE('',*,*,#1626,.T.);
#2186=ORIENTED_EDGE('',*,*,#1627,.T.);
#2187=ORIENTED_EDGE('',*,*,#1631,.T.);
#2188=ORIENTED_EDGE('',*,*,#1632,.T.);
#2189=ORIENTED_EDGE('',*,*,#1636,.T.);
#2190=ORIENTED_EDGE('',*,*,#1637,.T.);
#2191=ORIENTED_EDGE('',*,*,#1641,.F.);
#2192=ORIENTED_EDGE('',*,*,#1645,.T.);
#2193=ORIENTED_EDGE('',*,*,#1646,.T.);
#2194=ORIENTED_EDGE('',*,*,#1645,.F.);
#2195=ORIENTED_EDGE('',*,*,#1604,.T.);
#2196=ORIENTED_EDGE('',*,*,#1605,.T.);
#2197=ORIENTED_EDGE('',*,*,#1609,.T.);
#2198=ORIENTED_EDGE('',*,*,#1610,.T.);
#2199=ORIENTED_EDGE('',*,*,#1614,.T.);
#2200=ORIENTED_EDGE('',*,*,#1615,.T.);
#2201=ORIENTED_EDGE('',*,*,#1619,.T.);
#2202=ORIENTED_EDGE('',*,*,#1620,.T.);
#2203=ORIENTED_EDGE('',*,*,#1624,.T.);
#2204=ORIENTED_EDGE('',*,*,#1625,.T.);
#2205=ORIENTED_EDGE('',*,*,#1629,.T.);
#2206=ORIENTED_EDGE('',*,*,#1630,.T.);
#2207=ORIENTED_EDGE('',*,*,#1634,.T.);
#2208=ORIENTED_EDGE('',*,*,#1635,.T.);
#2209=ORIENTED_EDGE('',*,*,#1639,.T.);
#2210=ORIENTED_EDGE('',*,*,#1640,.T.);
#2211=ORIENTED_EDGE('',*,*,#1646,.F.);
#2212=ORIENTED_EDGE('',*,*,#1643,.T.);
#2213=ORIENTED_EDGE('',*,*,#1647,.F.);
#2214=ORIENTED_EDGE('',*,*,#1648,.F.);
#2215=ORIENTED_EDGE('',*,*,#1649,.T.);
#2216=ORIENTED_EDGE('',*,*,#1650,.F.);
#2217=ORIENTED_EDGE('',*,*,#1651,.F.);
#2218=ORIENTED_EDGE('',*,*,#1649,.F.);
#2219=ORIENTED_EDGE('',*,*,#1652,.F.);
#2220=ORIENTED_EDGE('',*,*,#1653,.F.);
#2221=ORIENTED_EDGE('',*,*,#1654,.T.);
#2222=ORIENTED_EDGE('',*,*,#1655,.F.);
#2223=ORIENTED_EDGE('',*,*,#1656,.F.);
#2224=ORIENTED_EDGE('',*,*,#1654,.F.);
#2225=ORIENTED_EDGE('',*,*,#1657,.F.);
#2226=ORIENTED_EDGE('',*,*,#1658,.F.);
#2227=ORIENTED_EDGE('',*,*,#1659,.T.);
#2228=ORIENTED_EDGE('',*,*,#1660,.F.);
#2229=ORIENTED_EDGE('',*,*,#1661,.F.);
#2230=ORIENTED_EDGE('',*,*,#1659,.F.);
#2231=ORIENTED_EDGE('',*,*,#1662,.F.);
#2232=ORIENTED_EDGE('',*,*,#1663,.F.);
#2233=ORIENTED_EDGE('',*,*,#1664,.T.);
#2234=ORIENTED_EDGE('',*,*,#1665,.F.);
#2235=ORIENTED_EDGE('',*,*,#1666,.F.);
#2236=ORIENTED_EDGE('',*,*,#1664,.F.);
#2237=ORIENTED_EDGE('',*,*,#1667,.F.);
#2238=ORIENTED_EDGE('',*,*,#1668,.F.);
#2239=ORIENTED_EDGE('',*,*,#1669,.T.);
#2240=ORIENTED_EDGE('',*,*,#1670,.F.);
#2241=ORIENTED_EDGE('',*,*,#1671,.F.);
#2242=ORIENTED_EDGE('',*,*,#1669,.F.);
#2243=ORIENTED_EDGE('',*,*,#1672,.F.);
#2244=ORIENTED_EDGE('',*,*,#1673,.F.);
#2245=ORIENTED_EDGE('',*,*,#1674,.T.);
#2246=ORIENTED_EDGE('',*,*,#1675,.F.);
#2247=ORIENTED_EDGE('',*,*,#1676,.F.);
#2248=ORIENTED_EDGE('',*,*,#1674,.F.);
#2249=ORIENTED_EDGE('',*,*,#1677,.F.);
#2250=ORIENTED_EDGE('',*,*,#1678,.F.);
#2251=ORIENTED_EDGE('',*,*,#1679,.T.);
#2252=ORIENTED_EDGE('',*,*,#1680,.F.);
#2253=ORIENTED_EDGE('',*,*,#1681,.F.);
#2254=ORIENTED_EDGE('',*,*,#1679,.F.);
#2255=ORIENTED_EDGE('',*,*,#1682,.F.);
#2256=ORIENTED_EDGE('',*,*,#1683,.F.);
#2257=ORIENTED_EDGE('',*,*,#1684,.T.);
#2258=ORIENTED_EDGE('',*,*,#1685,.F.);
#2259=ORIENTED_EDGE('',*,*,#1686,.F.);
#2260=ORIENTED_EDGE('',*,*,#1684,.F.);
#2261=ORIENTED_EDGE('',*,*,#1687,.T.);
#2262=ORIENTED_EDGE('',*,*,#1688,.T.);
#2263=ORIENTED_EDGE('',*,*,#1689,.F.);
#2264=ORIENTED_EDGE('',*,*,#1690,.T.);
#2265=ORIENTED_EDGE('',*,*,#1688,.F.);
#2266=ORIENTED_EDGE('',*,*,#1690,.F.);
#2267=ORIENTED_EDGE('',*,*,#1647,.T.);
#2268=ORIENTED_EDGE('',*,*,#1648,.T.);
#2269=ORIENTED_EDGE('',*,*,#1652,.T.);
#2270=ORIENTED_EDGE('',*,*,#1653,.T.);
#2271=ORIENTED_EDGE('',*,*,#1657,.T.);
#2272=ORIENTED_EDGE('',*,*,#1658,.T.);
#2273=ORIENTED_EDGE('',*,*,#1662,.T.);
#2274=ORIENTED_EDGE('',*,*,#1663,.T.);
#2275=ORIENTED_EDGE('',*,*,#1667,.T.);
#2276=ORIENTED_EDGE('',*,*,#1668,.T.);
#2277=ORIENTED_EDGE('',*,*,#1672,.T.);
#2278=ORIENTED_EDGE('',*,*,#1673,.T.);
#2279=ORIENTED_EDGE('',*,*,#1677,.T.);
#2280=ORIENTED_EDGE('',*,*,#1678,.T.);
#2281=ORIENTED_EDGE('',*,*,#1682,.T.);
#2282=ORIENTED_EDGE('',*,*,#1683,.T.);
#2283=ORIENTED_EDGE('',*,*,#1687,.F.);
#2284=ORIENTED_EDGE('',*,*,#1691,.T.);
#2285=ORIENTED_EDGE('',*,*,#1692,.T.);
#2286=ORIENTED_EDGE('',*,*,#1691,.F.);
#2287=ORIENTED_EDGE('',*,*,#1650,.T.);
#2288=ORIENTED_EDGE('',*,*,#1651,.T.);
#2289=ORIENTED_EDGE('',*,*,#1655,.T.);
#2290=ORIENTED_EDGE('',*,*,#1656,.T.);
#2291=ORIENTED_EDGE('',*,*,#1660,.T.);
#2292=ORIENTED_EDGE('',*,*,#1661,.T.);
#2293=ORIENTED_EDGE('',*,*,#1665,.T.);
#2294=ORIENTED_EDGE('',*,*,#1666,.T.);
#2295=ORIENTED_EDGE('',*,*,#1670,.T.);
#2296=ORIENTED_EDGE('',*,*,#1671,.T.);
#2297=ORIENTED_EDGE('',*,*,#1675,.T.);
#2298=ORIENTED_EDGE('',*,*,#1676,.T.);
#2299=ORIENTED_EDGE('',*,*,#1680,.T.);
#2300=ORIENTED_EDGE('',*,*,#1681,.T.);
#2301=ORIENTED_EDGE('',*,*,#1685,.T.);
#2302=ORIENTED_EDGE('',*,*,#1686,.T.);
#2303=ORIENTED_EDGE('',*,*,#1692,.F.);
#2304=ORIENTED_EDGE('',*,*,#1689,.T.);
#2305=ORIENTED_EDGE('',*,*,#1693,.F.);
#2306=ORIENTED_EDGE('',*,*,#1694,.T.);
#2307=ORIENTED_EDGE('',*,*,#1695,.T.);
#2308=ORIENTED_EDGE('',*,*,#1696,.T.);
#2309=ORIENTED_EDGE('',*,*,#1697,.T.);
#2310=ORIENTED_EDGE('',*,*,#1698,.F.);
#2311=ORIENTED_EDGE('',*,*,#1697,.F.);
#2312=ORIENTED_EDGE('',*,*,#1699,.T.);
#2313=ORIENTED_EDGE('',*,*,#1699,.F.);
#2314=ORIENTED_EDGE('',*,*,#1696,.F.);
#2315=ORIENTED_EDGE('',*,*,#1700,.F.);
#2316=ORIENTED_EDGE('',*,*,#1701,.F.);
#2317=ORIENTED_EDGE('',*,*,#1702,.F.);
#2318=ORIENTED_EDGE('',*,*,#1703,.F.);
#2319=ORIENTED_EDGE('',*,*,#1704,.T.);
#2320=ORIENTED_EDGE('',*,*,#1705,.F.);
#2321=ORIENTED_EDGE('',*,*,#1706,.T.);
#2322=ORIENTED_EDGE('',*,*,#1707,.T.);
#2323=ORIENTED_EDGE('',*,*,#1708,.T.);
#2324=ORIENTED_EDGE('',*,*,#1708,.F.);
#2325=ORIENTED_EDGE('',*,*,#1709,.F.);
#2326=ORIENTED_EDGE('',*,*,#1710,.F.);
#2327=ORIENTED_EDGE('',*,*,#1711,.F.);
#2328=ORIENTED_EDGE('',*,*,#1712,.F.);
#2329=ORIENTED_EDGE('',*,*,#1713,.T.);
#2330=ORIENTED_EDGE('',*,*,#1714,.T.);
#2331=ORIENTED_EDGE('',*,*,#1705,.T.);
#2332=ORIENTED_EDGE('',*,*,#1713,.F.);
#2333=ORIENTED_EDGE('',*,*,#1715,.F.);
#2334=ORIENTED_EDGE('',*,*,#1700,.T.);
#2335=ORIENTED_EDGE('',*,*,#1695,.F.);
#2336=ORIENTED_EDGE('',*,*,#1716,.T.);
#2337=ORIENTED_EDGE('',*,*,#1717,.T.);
#2338=ORIENTED_EDGE('',*,*,#1718,.T.);
#2339=ORIENTED_EDGE('',*,*,#1693,.T.);
#2340=ORIENTED_EDGE('',*,*,#1698,.T.);
#2341=ORIENTED_EDGE('',*,*,#1704,.F.);
#2342=ORIENTED_EDGE('',*,*,#1719,.F.);
#2343=ORIENTED_EDGE('',*,*,#1709,.T.);
#2344=ORIENTED_EDGE('',*,*,#1707,.F.);
#2345=ORIENTED_EDGE('',*,*,#1701,.T.);
#2346=ORIENTED_EDGE('',*,*,#1715,.T.);
#2347=ORIENTED_EDGE('',*,*,#1712,.T.);
#2348=ORIENTED_EDGE('',*,*,#1720,.F.);
#2349=ORIENTED_EDGE('',*,*,#1721,.T.);
#2350=ORIENTED_EDGE('',*,*,#1722,.T.);
#2351=ORIENTED_EDGE('',*,*,#1723,.F.);
#2352=ORIENTED_EDGE('',*,*,#1724,.F.);
#2353=ORIENTED_EDGE('',*,*,#1725,.T.);
#2354=ORIENTED_EDGE('',*,*,#1726,.T.);
#2355=ORIENTED_EDGE('',*,*,#1711,.T.);
#2356=ORIENTED_EDGE('',*,*,#1727,.F.);
#2357=ORIENTED_EDGE('',*,*,#1728,.F.);
#2358=ORIENTED_EDGE('',*,*,#1720,.T.);
#2359=ORIENTED_EDGE('',*,*,#1702,.T.);
#2360=ORIENTED_EDGE('',*,*,#1724,.T.);
#2361=ORIENTED_EDGE('',*,*,#1729,.F.);
#2362=ORIENTED_EDGE('',*,*,#1730,.F.);
#2363=ORIENTED_EDGE('',*,*,#1731,.F.);
#2364=ORIENTED_EDGE('',*,*,#1732,.T.);
#2365=ORIENTED_EDGE('',*,*,#1733,.T.);
#2366=ORIENTED_EDGE('',*,*,#1734,.F.);
#2367=ORIENTED_EDGE('',*,*,#1718,.F.);
#2368=ORIENTED_EDGE('',*,*,#1735,.T.);
#2369=ORIENTED_EDGE('',*,*,#1736,.T.);
#2370=ORIENTED_EDGE('',*,*,#1737,.T.);
#2371=ORIENTED_EDGE('',*,*,#1738,.F.);
#2372=ORIENTED_EDGE('',*,*,#1739,.T.);
#2373=ORIENTED_EDGE('',*,*,#1716,.F.);
#2374=ORIENTED_EDGE('',*,*,#1694,.F.);
#2375=ORIENTED_EDGE('',*,*,#1740,.T.);
#2376=ORIENTED_EDGE('',*,*,#1738,.T.);
#2377=ORIENTED_EDGE('',*,*,#1737,.F.);
#2378=ORIENTED_EDGE('',*,*,#1736,.F.);
#2379=ORIENTED_EDGE('',*,*,#1741,.T.);
#2380=ORIENTED_EDGE('',*,*,#1731,.T.);
#2381=ORIENTED_EDGE('',*,*,#1734,.T.);
#2382=ORIENTED_EDGE('',*,*,#1733,.F.);
#2383=ORIENTED_EDGE('',*,*,#1742,.F.);
#2384=ORIENTED_EDGE('',*,*,#1743,.F.);
#2385=ORIENTED_EDGE('',*,*,#1744,.F.);
#2386=ORIENTED_EDGE('',*,*,#1745,.F.);
#2387=ORIENTED_EDGE('',*,*,#1726,.F.);
#2388=ORIENTED_EDGE('',*,*,#1746,.T.);
#2389=ORIENTED_EDGE('',*,*,#1742,.T.);
#2390=ORIENTED_EDGE('',*,*,#1746,.F.);
#2391=ORIENTED_EDGE('',*,*,#1725,.F.);
#2392=ORIENTED_EDGE('',*,*,#1747,.T.);
#2393=ORIENTED_EDGE('',*,*,#1743,.T.);
#2394=ORIENTED_EDGE('',*,*,#1747,.F.);
#2395=ORIENTED_EDGE('',*,*,#1748,.F.);
#2396=ORIENTED_EDGE('',*,*,#1749,.T.);
#2397=ORIENTED_EDGE('',*,*,#1744,.T.);
#2398=ORIENTED_EDGE('',*,*,#1749,.F.);
#2399=ORIENTED_EDGE('',*,*,#1750,.F.);
#2400=ORIENTED_EDGE('',*,*,#1751,.T.);
#2401=ORIENTED_EDGE('',*,*,#1745,.T.);
#2402=ORIENTED_EDGE('',*,*,#1751,.F.);
#2403=ORIENTED_EDGE('',*,*,#1703,.T.);
#2404=ORIENTED_EDGE('',*,*,#1730,.T.);
#2405=ORIENTED_EDGE('',*,*,#1752,.F.);
#2406=ORIENTED_EDGE('',*,*,#1753,.F.);
#2407=ORIENTED_EDGE('',*,*,#1754,.F.);
#2408=ORIENTED_EDGE('',*,*,#1727,.T.);
#2409=ORIENTED_EDGE('',*,*,#1710,.T.);
#2410=ORIENTED_EDGE('',*,*,#1719,.T.);
#2411=ORIENTED_EDGE('',*,*,#1748,.T.);
#2412=ORIENTED_EDGE('',*,*,#1750,.T.);
#2413=ORIENTED_EDGE('',*,*,#1717,.F.);
#2414=ORIENTED_EDGE('',*,*,#1755,.T.);
#2415=ORIENTED_EDGE('',*,*,#1753,.T.);
#2416=ORIENTED_EDGE('',*,*,#1756,.F.);
#2417=ORIENTED_EDGE('',*,*,#1722,.F.);
#2418=ORIENTED_EDGE('',*,*,#1757,.T.);
#2419=ORIENTED_EDGE('',*,*,#1714,.F.);
#2420=ORIENTED_EDGE('',*,*,#1739,.F.);
#2421=ORIENTED_EDGE('',*,*,#1740,.F.);
#2422=ORIENTED_EDGE('',*,*,#1732,.F.);
#2423=ORIENTED_EDGE('',*,*,#1741,.F.);
#2424=ORIENTED_EDGE('',*,*,#1735,.F.);
#2425=ORIENTED_EDGE('',*,*,#1723,.T.);
#2426=ORIENTED_EDGE('',*,*,#1756,.T.);
#2427=ORIENTED_EDGE('',*,*,#1752,.T.);
#2428=ORIENTED_EDGE('',*,*,#1729,.T.);
#2429=ORIENTED_EDGE('',*,*,#1721,.F.);
#2430=ORIENTED_EDGE('',*,*,#1728,.T.);
#2431=ORIENTED_EDGE('',*,*,#1754,.T.);
#2432=ORIENTED_EDGE('',*,*,#1755,.F.);
#2433=ORIENTED_EDGE('',*,*,#1706,.F.);
#2434=ORIENTED_EDGE('',*,*,#1757,.F.);
#2435=ORIENTED_EDGE('',*,*,#1758,.F.);
#2436=ORIENTED_EDGE('',*,*,#1759,.T.);
#2437=ORIENTED_EDGE('',*,*,#1760,.F.);
#2438=ORIENTED_EDGE('',*,*,#1761,.F.);
#2439=ORIENTED_EDGE('',*,*,#1762,.F.);
#2440=ORIENTED_EDGE('',*,*,#1761,.T.);
#2441=ORIENTED_EDGE('',*,*,#1763,.F.);
#2442=ORIENTED_EDGE('',*,*,#1764,.F.);
#2443=ORIENTED_EDGE('',*,*,#1765,.F.);
#2444=ORIENTED_EDGE('',*,*,#1764,.T.);
#2445=ORIENTED_EDGE('',*,*,#1766,.F.);
#2446=ORIENTED_EDGE('',*,*,#1759,.F.);
#2447=ORIENTED_EDGE('',*,*,#1767,.F.);
#2448=ORIENTED_EDGE('',*,*,#1768,.T.);
#2449=ORIENTED_EDGE('',*,*,#1769,.F.);
#2450=ORIENTED_EDGE('',*,*,#1770,.F.);
#2451=ORIENTED_EDGE('',*,*,#1771,.F.);
#2452=ORIENTED_EDGE('',*,*,#1770,.T.);
#2453=ORIENTED_EDGE('',*,*,#1772,.F.);
#2454=ORIENTED_EDGE('',*,*,#1773,.F.);
#2455=ORIENTED_EDGE('',*,*,#1774,.F.);
#2456=ORIENTED_EDGE('',*,*,#1773,.T.);
#2457=ORIENTED_EDGE('',*,*,#1775,.F.);
#2458=ORIENTED_EDGE('',*,*,#1768,.F.);
#2459=ORIENTED_EDGE('',*,*,#1776,.F.);
#2460=ORIENTED_EDGE('',*,*,#1777,.T.);
#2461=ORIENTED_EDGE('',*,*,#1778,.F.);
#2462=ORIENTED_EDGE('',*,*,#1779,.F.);
#2463=ORIENTED_EDGE('',*,*,#1780,.F.);
#2464=ORIENTED_EDGE('',*,*,#1779,.T.);
#2465=ORIENTED_EDGE('',*,*,#1781,.F.);
#2466=ORIENTED_EDGE('',*,*,#1782,.F.);
#2467=ORIENTED_EDGE('',*,*,#1783,.F.);
#2468=ORIENTED_EDGE('',*,*,#1782,.T.);
#2469=ORIENTED_EDGE('',*,*,#1784,.F.);
#2470=ORIENTED_EDGE('',*,*,#1777,.F.);
#2471=ORIENTED_EDGE('',*,*,#1785,.F.);
#2472=ORIENTED_EDGE('',*,*,#1786,.T.);
#2473=ORIENTED_EDGE('',*,*,#1787,.F.);
#2474=ORIENTED_EDGE('',*,*,#1788,.F.);
#2475=ORIENTED_EDGE('',*,*,#1789,.F.);
#2476=ORIENTED_EDGE('',*,*,#1788,.T.);
#2477=ORIENTED_EDGE('',*,*,#1790,.F.);
#2478=ORIENTED_EDGE('',*,*,#1791,.F.);
#2479=ORIENTED_EDGE('',*,*,#1792,.F.);
#2480=ORIENTED_EDGE('',*,*,#1791,.T.);
#2481=ORIENTED_EDGE('',*,*,#1793,.F.);
#2482=ORIENTED_EDGE('',*,*,#1786,.F.);
#2483=ORIENTED_EDGE('',*,*,#1794,.F.);
#2484=ORIENTED_EDGE('',*,*,#1795,.T.);
#2485=ORIENTED_EDGE('',*,*,#1796,.F.);
#2486=ORIENTED_EDGE('',*,*,#1797,.F.);
#2487=ORIENTED_EDGE('',*,*,#1798,.F.);
#2488=ORIENTED_EDGE('',*,*,#1799,.F.);
#2489=ORIENTED_EDGE('',*,*,#1800,.F.);
#2490=ORIENTED_EDGE('',*,*,#1798,.T.);
#2491=ORIENTED_EDGE('',*,*,#1801,.F.);
#2492=ORIENTED_EDGE('',*,*,#1802,.F.);
#2493=ORIENTED_EDGE('',*,*,#1803,.F.);
#2494=ORIENTED_EDGE('',*,*,#1804,.F.);
#2495=ORIENTED_EDGE('',*,*,#1805,.F.);
#2496=ORIENTED_EDGE('',*,*,#1803,.T.);
#2497=ORIENTED_EDGE('',*,*,#1806,.F.);
#2498=ORIENTED_EDGE('',*,*,#1795,.F.);
#2499=ORIENTED_EDGE('',*,*,#1807,.F.);
#2500=ORIENTED_EDGE('',*,*,#1808,.T.);
#2501=ORIENTED_EDGE('',*,*,#1809,.F.);
#2502=ORIENTED_EDGE('',*,*,#1810,.F.);
#2503=ORIENTED_EDGE('',*,*,#1811,.F.);
#2504=ORIENTED_EDGE('',*,*,#1810,.T.);
#2505=ORIENTED_EDGE('',*,*,#1812,.F.);
#2506=ORIENTED_EDGE('',*,*,#1813,.F.);
#2507=ORIENTED_EDGE('',*,*,#1814,.F.);
#2508=ORIENTED_EDGE('',*,*,#1813,.T.);
#2509=ORIENTED_EDGE('',*,*,#1815,.F.);
#2510=ORIENTED_EDGE('',*,*,#1808,.F.);
#2511=ORIENTED_EDGE('',*,*,#1816,.F.);
#2512=ORIENTED_EDGE('',*,*,#1817,.T.);
#2513=ORIENTED_EDGE('',*,*,#1818,.F.);
#2514=ORIENTED_EDGE('',*,*,#1819,.F.);
#2515=ORIENTED_EDGE('',*,*,#1820,.F.);
#2516=ORIENTED_EDGE('',*,*,#1819,.T.);
#2517=ORIENTED_EDGE('',*,*,#1821,.F.);
#2518=ORIENTED_EDGE('',*,*,#1822,.F.);
#2519=ORIENTED_EDGE('',*,*,#1823,.F.);
#2520=ORIENTED_EDGE('',*,*,#1822,.T.);
#2521=ORIENTED_EDGE('',*,*,#1824,.F.);
#2522=ORIENTED_EDGE('',*,*,#1817,.F.);
#2523=ORIENTED_EDGE('',*,*,#1825,.F.);
#2524=ORIENTED_EDGE('',*,*,#1826,.T.);
#2525=ORIENTED_EDGE('',*,*,#1799,.T.);
#2526=ORIENTED_EDGE('',*,*,#1800,.T.);
#2527=ORIENTED_EDGE('',*,*,#1827,.T.);
#2528=ORIENTED_EDGE('',*,*,#1828,.T.);
#2529=ORIENTED_EDGE('',*,*,#1827,.F.);
#2530=ORIENTED_EDGE('',*,*,#1804,.T.);
#2531=ORIENTED_EDGE('',*,*,#1805,.T.);
#2532=ORIENTED_EDGE('',*,*,#1794,.T.);
#2533=ORIENTED_EDGE('',*,*,#1826,.F.);
#2534=ORIENTED_EDGE('',*,*,#1762,.T.);
#2535=ORIENTED_EDGE('',*,*,#1765,.T.);
#2536=ORIENTED_EDGE('',*,*,#1758,.T.);
#2537=ORIENTED_EDGE('',*,*,#1771,.T.);
#2538=ORIENTED_EDGE('',*,*,#1774,.T.);
#2539=ORIENTED_EDGE('',*,*,#1767,.T.);
#2540=ORIENTED_EDGE('',*,*,#1780,.T.);
#2541=ORIENTED_EDGE('',*,*,#1783,.T.);
#2542=ORIENTED_EDGE('',*,*,#1776,.T.);
#2543=ORIENTED_EDGE('',*,*,#1789,.T.);
#2544=ORIENTED_EDGE('',*,*,#1792,.T.);
#2545=ORIENTED_EDGE('',*,*,#1785,.T.);
#2546=ORIENTED_EDGE('',*,*,#1811,.T.);
#2547=ORIENTED_EDGE('',*,*,#1814,.T.);
#2548=ORIENTED_EDGE('',*,*,#1807,.T.);
#2549=ORIENTED_EDGE('',*,*,#1820,.T.);
#2550=ORIENTED_EDGE('',*,*,#1823,.T.);
#2551=ORIENTED_EDGE('',*,*,#1816,.T.);
#2552=ORIENTED_EDGE('',*,*,#1829,.F.);
#2553=ORIENTED_EDGE('',*,*,#1830,.T.);
#2554=ORIENTED_EDGE('',*,*,#1796,.T.);
#2555=ORIENTED_EDGE('',*,*,#1806,.T.);
#2556=ORIENTED_EDGE('',*,*,#1802,.T.);
#2557=ORIENTED_EDGE('',*,*,#1831,.T.);
#2558=ORIENTED_EDGE('',*,*,#1832,.T.);
#2559=ORIENTED_EDGE('',*,*,#1831,.F.);
#2560=ORIENTED_EDGE('',*,*,#1801,.T.);
#2561=ORIENTED_EDGE('',*,*,#1797,.T.);
#2562=ORIENTED_EDGE('',*,*,#1830,.F.);
#2563=ORIENTED_EDGE('',*,*,#1763,.T.);
#2564=ORIENTED_EDGE('',*,*,#1760,.T.);
#2565=ORIENTED_EDGE('',*,*,#1766,.T.);
#2566=ORIENTED_EDGE('',*,*,#1772,.T.);
#2567=ORIENTED_EDGE('',*,*,#1769,.T.);
#2568=ORIENTED_EDGE('',*,*,#1775,.T.);
#2569=ORIENTED_EDGE('',*,*,#1781,.T.);
#2570=ORIENTED_EDGE('',*,*,#1778,.T.);
#2571=ORIENTED_EDGE('',*,*,#1784,.T.);
#2572=ORIENTED_EDGE('',*,*,#1790,.T.);
#2573=ORIENTED_EDGE('',*,*,#1787,.T.);
#2574=ORIENTED_EDGE('',*,*,#1793,.T.);
#2575=ORIENTED_EDGE('',*,*,#1812,.T.);
#2576=ORIENTED_EDGE('',*,*,#1809,.T.);
#2577=ORIENTED_EDGE('',*,*,#1815,.T.);
#2578=ORIENTED_EDGE('',*,*,#1821,.T.);
#2579=ORIENTED_EDGE('',*,*,#1818,.T.);
#2580=ORIENTED_EDGE('',*,*,#1824,.T.);
#2581=ORIENTED_EDGE('',*,*,#1829,.T.);
#2582=ORIENTED_EDGE('',*,*,#1825,.T.);
#2583=ORIENTED_EDGE('',*,*,#1832,.F.);
#2584=ORIENTED_EDGE('',*,*,#1828,.F.);
#2585=ORIENTED_EDGE('',*,*,#1833,.F.);
#2586=ORIENTED_EDGE('',*,*,#1834,.T.);
#2587=ORIENTED_EDGE('',*,*,#1835,.F.);
#2588=ORIENTED_EDGE('',*,*,#1834,.F.);
#2589=ORIENTED_EDGE('',*,*,#1836,.F.);
#2590=ORIENTED_EDGE('',*,*,#1837,.T.);
#2591=ORIENTED_EDGE('',*,*,#1838,.F.);
#2592=ORIENTED_EDGE('',*,*,#1837,.F.);
#2593=ORIENTED_EDGE('',*,*,#1839,.F.);
#2594=ORIENTED_EDGE('',*,*,#1840,.T.);
#2595=ORIENTED_EDGE('',*,*,#1841,.F.);
#2596=ORIENTED_EDGE('',*,*,#1840,.F.);
#2597=ORIENTED_EDGE('',*,*,#1842,.F.);
#2598=ORIENTED_EDGE('',*,*,#1843,.T.);
#2599=ORIENTED_EDGE('',*,*,#1844,.F.);
#2600=ORIENTED_EDGE('',*,*,#1845,.F.);
#2601=ORIENTED_EDGE('',*,*,#1846,.F.);
#2602=ORIENTED_EDGE('',*,*,#1845,.T.);
#2603=ORIENTED_EDGE('',*,*,#1847,.F.);
#2604=ORIENTED_EDGE('',*,*,#1843,.F.);
#2605=ORIENTED_EDGE('',*,*,#1846,.T.);
#2606=ORIENTED_EDGE('',*,*,#1842,.T.);
#2607=ORIENTED_EDGE('',*,*,#1835,.T.);
#2608=ORIENTED_EDGE('',*,*,#1838,.T.);
#2609=ORIENTED_EDGE('',*,*,#1841,.T.);
#2610=ORIENTED_EDGE('',*,*,#1847,.T.);
#2611=ORIENTED_EDGE('',*,*,#1844,.T.);
#2612=ORIENTED_EDGE('',*,*,#1833,.T.);
#2613=ORIENTED_EDGE('',*,*,#1836,.T.);
#2614=ORIENTED_EDGE('',*,*,#1839,.T.);
#2615=ORIENTED_EDGE('',*,*,#1848,.T.);
#2616=ORIENTED_EDGE('',*,*,#1849,.T.);
#2617=ORIENTED_EDGE('',*,*,#1850,.F.);
#2618=ORIENTED_EDGE('',*,*,#1851,.F.);
#2619=ORIENTED_EDGE('',*,*,#1852,.T.);
#2620=ORIENTED_EDGE('',*,*,#1851,.T.);
#2621=ORIENTED_EDGE('',*,*,#1853,.F.);
#2622=ORIENTED_EDGE('',*,*,#1854,.F.);
#2623=ORIENTED_EDGE('',*,*,#1855,.T.);
#2624=ORIENTED_EDGE('',*,*,#1854,.T.);
#2625=ORIENTED_EDGE('',*,*,#1856,.F.);
#2626=ORIENTED_EDGE('',*,*,#1857,.F.);
#2627=ORIENTED_EDGE('',*,*,#1858,.T.);
#2628=ORIENTED_EDGE('',*,*,#1857,.T.);
#2629=ORIENTED_EDGE('',*,*,#1859,.F.);
#2630=ORIENTED_EDGE('',*,*,#1849,.F.);
#2631=ORIENTED_EDGE('',*,*,#1860,.T.);
#2632=ORIENTED_EDGE('',*,*,#1861,.T.);
#2633=ORIENTED_EDGE('',*,*,#1862,.F.);
#2634=ORIENTED_EDGE('',*,*,#1863,.F.);
#2635=ORIENTED_EDGE('',*,*,#1864,.T.);
#2636=ORIENTED_EDGE('',*,*,#1863,.T.);
#2637=ORIENTED_EDGE('',*,*,#1865,.F.);
#2638=ORIENTED_EDGE('',*,*,#1866,.F.);
#2639=ORIENTED_EDGE('',*,*,#1867,.T.);
#2640=ORIENTED_EDGE('',*,*,#1866,.T.);
#2641=ORIENTED_EDGE('',*,*,#1868,.F.);
#2642=ORIENTED_EDGE('',*,*,#1869,.F.);
#2643=ORIENTED_EDGE('',*,*,#1870,.T.);
#2644=ORIENTED_EDGE('',*,*,#1869,.T.);
#2645=ORIENTED_EDGE('',*,*,#1871,.F.);
#2646=ORIENTED_EDGE('',*,*,#1872,.F.);
#2647=ORIENTED_EDGE('',*,*,#1873,.T.);
#2648=ORIENTED_EDGE('',*,*,#1872,.T.);
#2649=ORIENTED_EDGE('',*,*,#1874,.F.);
#2650=ORIENTED_EDGE('',*,*,#1875,.F.);
#2651=ORIENTED_EDGE('',*,*,#1876,.T.);
#2652=ORIENTED_EDGE('',*,*,#1875,.T.);
#2653=ORIENTED_EDGE('',*,*,#1877,.F.);
#2654=ORIENTED_EDGE('',*,*,#1878,.F.);
#2655=ORIENTED_EDGE('',*,*,#1879,.T.);
#2656=ORIENTED_EDGE('',*,*,#1878,.T.);
#2657=ORIENTED_EDGE('',*,*,#1880,.F.);
#2658=ORIENTED_EDGE('',*,*,#1861,.F.);
#2659=ORIENTED_EDGE('',*,*,#1880,.T.);
#2660=ORIENTED_EDGE('',*,*,#1877,.T.);
#2661=ORIENTED_EDGE('',*,*,#1874,.T.);
#2662=ORIENTED_EDGE('',*,*,#1871,.T.);
#2663=ORIENTED_EDGE('',*,*,#1868,.T.);
#2664=ORIENTED_EDGE('',*,*,#1865,.T.);
#2665=ORIENTED_EDGE('',*,*,#1862,.T.);
#2666=ORIENTED_EDGE('',*,*,#1859,.T.);
#2667=ORIENTED_EDGE('',*,*,#1856,.T.);
#2668=ORIENTED_EDGE('',*,*,#1853,.T.);
#2669=ORIENTED_EDGE('',*,*,#1850,.T.);
#2670=ORIENTED_EDGE('',*,*,#1879,.F.);
#2671=ORIENTED_EDGE('',*,*,#1860,.F.);
#2672=ORIENTED_EDGE('',*,*,#1864,.F.);
#2673=ORIENTED_EDGE('',*,*,#1867,.F.);
#2674=ORIENTED_EDGE('',*,*,#1870,.F.);
#2675=ORIENTED_EDGE('',*,*,#1873,.F.);
#2676=ORIENTED_EDGE('',*,*,#1876,.F.);
#2677=ORIENTED_EDGE('',*,*,#1858,.F.);
#2678=ORIENTED_EDGE('',*,*,#1848,.F.);
#2679=ORIENTED_EDGE('',*,*,#1852,.F.);
#2680=ORIENTED_EDGE('',*,*,#1855,.F.);
#2681=CYLINDRICAL_SURFACE('',#2903,1.56804779604371);
#2682=CYLINDRICAL_SURFACE('',#2906,1.59117458184246);
#2683=CYLINDRICAL_SURFACE('',#2909,1.64408911916883);
#2684=CYLINDRICAL_SURFACE('',#2912,1.62076668964932);
#2685=CYLINDRICAL_SURFACE('',#2921,1.59117458184246);
#2686=CYLINDRICAL_SURFACE('',#2930,1.62076668964932);
#2687=CYLINDRICAL_SURFACE('',#2939,1.56804779604371);
#2688=CYLINDRICAL_SURFACE('',#2948,1.64408911916883);
#2689=CYLINDRICAL_SURFACE('',#2957,1.62076668964932);
#2690=CYLINDRICAL_SURFACE('',#2960,1.59117458184246);
#2691=CYLINDRICAL_SURFACE('',#2965,19.0394330483695);
#2692=CYLINDRICAL_SURFACE('',#2971,1.64408911916883);
#2693=CYLINDRICAL_SURFACE('',#2974,1.56804779604371);
#2694=CYLINDRICAL_SURFACE('',#2980,19.0394330483694);
#2695=CYLINDRICAL_SURFACE('',#2985,1.5);
#2696=CYLINDRICAL_SURFACE('',#2986,1.5);
#2697=CYLINDRICAL_SURFACE('',#2987,1.5);
#2698=CYLINDRICAL_SURFACE('',#2988,1.5);
#2699=CYLINDRICAL_SURFACE('',#2989,1.5);
#2700=CYLINDRICAL_SURFACE('',#2990,1.5);
#2701=CYLINDRICAL_SURFACE('',#2991,1.5);
#2702=CYLINDRICAL_SURFACE('',#2992,1.5);
#2703=CYLINDRICAL_SURFACE('',#2996,27.4055926996728);
#2704=CYLINDRICAL_SURFACE('',#2998,35.5);
#2705=CYLINDRICAL_SURFACE('',#3001,1.5);
#2706=CYLINDRICAL_SURFACE('',#3002,1.5);
#2707=CYLINDRICAL_SURFACE('',#3003,1.5);
#2708=CYLINDRICAL_SURFACE('',#3004,1.5);
#2709=CYLINDRICAL_SURFACE('',#3005,1.5);
#2710=CYLINDRICAL_SURFACE('',#3006,1.5);
#2711=CYLINDRICAL_SURFACE('',#3007,1.5);
#2712=CYLINDRICAL_SURFACE('',#3008,1.5);
#2713=CYLINDRICAL_SURFACE('',#3012,27.4055926996728);
#2714=CYLINDRICAL_SURFACE('',#3014,35.5);
#2715=CYLINDRICAL_SURFACE('',#3032,27.4055926996728);
#2716=CYLINDRICAL_SURFACE('',#3034,27.4055926996728);
#2717=CYLINDRICAL_SURFACE('',#3041,1.5625);
#2718=CYLINDRICAL_SURFACE('',#3042,1.5625);
#2719=CYLINDRICAL_SURFACE('',#3043,1.5625);
#2720=CYLINDRICAL_SURFACE('',#3045,1.5625);
#2721=CYLINDRICAL_SURFACE('',#3048,35.5000000000001);
#2722=CYLINDRICAL_SURFACE('',#3121,27.4055926996728);
#2723=CYLINDRICAL_SURFACE('',#3124,35.5);
#2724=CYLINDRICAL_SURFACE('',#3129,7.5);
#2725=CYLINDRICAL_SURFACE('',#3132,3.5);
#2726=CYLINDRICAL_SURFACE('',#3135,3.5);
#2727=CYLINDRICAL_SURFACE('',#3138,27.4463300619164);
#2728=CYLINDRICAL_SURFACE('',#3141,27.4055926996728);
#2729=CYLINDRICAL_SURFACE('',#3151,27.4463300619146);
#2730=CYLINDRICAL_SURFACE('',#3155,27.4055926996728);
#2731=CYLINDRICAL_SURFACE('',#3160,27.4055926996728);
#2732=ADVANCED_FACE('',(#336),#2681,.F.);
#2733=ADVANCED_FACE('',(#337),#2682,.F.);
#2734=ADVANCED_FACE('',(#338),#2683,.F.);
#2735=ADVANCED_FACE('',(#339),#2684,.F.);
#2736=ADVANCED_FACE('',(#340),#248,.T.);
#2737=ADVANCED_FACE('',(#341),#249,.T.);
#2738=ADVANCED_FACE('',(#342),#250,.T.);
#2739=ADVANCED_FACE('',(#343),#251,.T.);
#2740=ADVANCED_FACE('',(#344,#158,#159,#160,#161),#252,.T.);
#2741=ADVANCED_FACE('',(#345,#162,#163,#164,#165),#253,.F.);
#2742=ADVANCED_FACE('',(#346),#2685,.F.);
#2743=ADVANCED_FACE('',(#347),#254,.T.);
#2744=ADVANCED_FACE('',(#348),#255,.T.);
#2745=ADVANCED_FACE('',(#349),#256,.T.);
#2746=ADVANCED_FACE('',(#350),#257,.T.);
#2747=ADVANCED_FACE('',(#351,#166),#258,.T.);
#2748=ADVANCED_FACE('',(#352,#167),#259,.F.);
#2749=ADVANCED_FACE('',(#353),#2686,.F.);
#2750=ADVANCED_FACE('',(#354),#260,.T.);
#2751=ADVANCED_FACE('',(#355),#261,.T.);
#2752=ADVANCED_FACE('',(#356),#262,.T.);
#2753=ADVANCED_FACE('',(#357),#263,.T.);
#2754=ADVANCED_FACE('',(#358,#168),#264,.T.);
#2755=ADVANCED_FACE('',(#359,#169),#265,.F.);
#2756=ADVANCED_FACE('',(#360),#2687,.F.);
#2757=ADVANCED_FACE('',(#361),#266,.T.);
#2758=ADVANCED_FACE('',(#362),#267,.T.);
#2759=ADVANCED_FACE('',(#363),#268,.T.);
#2760=ADVANCED_FACE('',(#364),#269,.T.);
#2761=ADVANCED_FACE('',(#365,#170),#270,.T.);
#2762=ADVANCED_FACE('',(#366,#171),#271,.F.);
#2763=ADVANCED_FACE('',(#367),#2688,.F.);
#2764=ADVANCED_FACE('',(#368),#272,.T.);
#2765=ADVANCED_FACE('',(#369),#273,.T.);
#2766=ADVANCED_FACE('',(#370),#274,.T.);
#2767=ADVANCED_FACE('',(#371),#275,.T.);
#2768=ADVANCED_FACE('',(#372,#172),#276,.T.);
#2769=ADVANCED_FACE('',(#373,#173),#277,.F.);
#2770=ADVANCED_FACE('',(#374),#2689,.F.);
#2771=ADVANCED_FACE('',(#375),#2690,.F.);
#2772=ADVANCED_FACE('',(#376),#278,.T.);
#2773=ADVANCED_FACE('',(#377,#174,#175),#279,.T.);
#2774=ADVANCED_FACE('',(#378),#2691,.T.);
#2775=ADVANCED_FACE('',(#379,#176,#177),#280,.T.);
#2776=ADVANCED_FACE('',(#380),#281,.T.);
#2777=ADVANCED_FACE('',(#381),#282,.F.);
#2778=ADVANCED_FACE('',(#382),#2692,.F.);
#2779=ADVANCED_FACE('',(#383),#2693,.F.);
#2780=ADVANCED_FACE('',(#384,#178,#179),#283,.T.);
#2781=ADVANCED_FACE('',(#385),#284,.T.);
#2782=ADVANCED_FACE('',(#386,#180,#181),#285,.T.);
#2783=ADVANCED_FACE('',(#387),#2694,.T.);
#2784=ADVANCED_FACE('',(#388),#286,.T.);
#2785=ADVANCED_FACE('',(#389),#287,.F.);
#2786=ADVANCED_FACE('',(#390),#2695,.F.);
#2787=ADVANCED_FACE('',(#391),#2696,.F.);
#2788=ADVANCED_FACE('',(#392),#2697,.F.);
#2789=ADVANCED_FACE('',(#393),#2698,.F.);
#2790=ADVANCED_FACE('',(#394),#2699,.F.);
#2791=ADVANCED_FACE('',(#395),#2700,.F.);
#2792=ADVANCED_FACE('',(#396),#2701,.F.);
#2793=ADVANCED_FACE('',(#397),#2702,.F.);
#2794=ADVANCED_FACE('',(#398,#182),#288,.T.);
#2795=ADVANCED_FACE('',(#399,#183,#184,#185,#186,#187,#188,#189,#190),#2703,
 .F.);
#2796=ADVANCED_FACE('',(#400,#191,#192,#193,#194,#195,#196,#197,#198),#2704,
 .T.);
#2797=ADVANCED_FACE('',(#401,#199),#289,.F.);
#2798=ADVANCED_FACE('',(#402),#2705,.F.);
#2799=ADVANCED_FACE('',(#403),#2706,.F.);
#2800=ADVANCED_FACE('',(#404),#2707,.F.);
#2801=ADVANCED_FACE('',(#405),#2708,.F.);
#2802=ADVANCED_FACE('',(#406),#2709,.F.);
#2803=ADVANCED_FACE('',(#407),#2710,.F.);
#2804=ADVANCED_FACE('',(#408),#2711,.F.);
#2805=ADVANCED_FACE('',(#409),#2712,.F.);
#2806=ADVANCED_FACE('',(#410,#200),#290,.T.);
#2807=ADVANCED_FACE('',(#411,#201,#202,#203,#204,#205,#206,#207,#208),#2713,
 .F.);
#2808=ADVANCED_FACE('',(#412,#209,#210,#211,#212,#213,#214,#215,#216),#2714,
 .T.);
#2809=ADVANCED_FACE('',(#413,#217),#291,.F.);
#2810=ADVANCED_FACE('',(#414),#49,.F.);
#2811=ADVANCED_FACE('',(#415),#47,.T.);
#2812=ADVANCED_FACE('',(#416),#292,.F.);
#2813=ADVANCED_FACE('',(#417),#48,.T.);
#2814=ADVANCED_FACE('',(#418),#293,.F.);
#2815=ADVANCED_FACE('',(#419),#294,.F.);
#2816=ADVANCED_FACE('',(#420),#295,.F.);
#2817=ADVANCED_FACE('',(#421,#218,#219),#296,.T.);
#2818=ADVANCED_FACE('',(#422),#2715,.F.);
#2819=ADVANCED_FACE('',(#423),#2716,.F.);
#2820=ADVANCED_FACE('',(#424),#50,.F.);
#2821=ADVANCED_FACE('',(#425),#51,.F.);
#2822=ADVANCED_FACE('',(#426,#220,#221,#222,#223),#297,.F.);
#2823=ADVANCED_FACE('',(#427),#2717,.F.);
#2824=ADVANCED_FACE('',(#428),#2718,.F.);
#2825=ADVANCED_FACE('',(#429),#2719,.F.);
#2826=ADVANCED_FACE('',(#430),#2720,.F.);
#2827=ADVANCED_FACE('',(#431,#224,#225),#298,.T.);
#2828=ADVANCED_FACE('',(#432),#2721,.T.);
#2829=ADVANCED_FACE('',(#433),#299,.T.);
#2830=ADVANCED_FACE('',(#434),#300,.F.);
#2831=ADVANCED_FACE('',(#435),#301,.F.);
#2832=ADVANCED_FACE('',(#436),#302,.F.);
#2833=ADVANCED_FACE('',(#437),#303,.F.);
#2834=ADVANCED_FACE('',(#438),#304,.F.);
#2835=ADVANCED_FACE('',(#439),#305,.F.);
#2836=ADVANCED_FACE('',(#440),#306,.F.);
#2837=ADVANCED_FACE('',(#441),#307,.F.);
#2838=ADVANCED_FACE('',(#442),#308,.F.);
#2839=ADVANCED_FACE('',(#443),#309,.F.);
#2840=ADVANCED_FACE('',(#444),#310,.F.);
#2841=ADVANCED_FACE('',(#445),#311,.F.);
#2842=ADVANCED_FACE('',(#446),#312,.F.);
#2843=ADVANCED_FACE('',(#447),#313,.F.);
#2844=ADVANCED_FACE('',(#448),#314,.F.);
#2845=ADVANCED_FACE('',(#449),#315,.F.);
#2846=ADVANCED_FACE('',(#450),#316,.F.);
#2847=ADVANCED_FACE('',(#451),#317,.F.);
#2848=ADVANCED_FACE('',(#452),#318,.F.);
#2849=ADVANCED_FACE('',(#453),#319,.F.);
#2850=ADVANCED_FACE('',(#454),#320,.F.);
#2851=ADVANCED_FACE('',(#455),#321,.F.);
#2852=ADVANCED_FACE('',(#456,#226,#227,#228,#229,#230,#231),#2722,.F.);
#2853=ADVANCED_FACE('',(#457,#232,#233,#234,#235,#236,#237),#2723,.T.);
#2854=ADVANCED_FACE('',(#458,#238),#322,.T.);
#2855=ADVANCED_FACE('',(#459,#239),#323,.F.);
#2856=ADVANCED_FACE('',(#460),#2724,.F.);
#2857=ADVANCED_FACE('',(#461),#2725,.F.);
#2858=ADVANCED_FACE('',(#462),#2726,.F.);
#2859=ADVANCED_FACE('',(#463),#2727,.T.);
#2860=ADVANCED_FACE('',(#464),#2728,.T.);
#2861=ADVANCED_FACE('',(#465,#240,#241,#242),#324,.T.);
#2862=ADVANCED_FACE('',(#466,#243,#244,#245),#325,.F.);
#2863=ADVANCED_FACE('',(#467),#326,.T.);
#2864=ADVANCED_FACE('',(#468),#327,.T.);
#2865=ADVANCED_FACE('',(#469),#328,.T.);
#2866=ADVANCED_FACE('',(#470),#329,.T.);
#2867=ADVANCED_FACE('',(#471),#330,.T.);
#2868=ADVANCED_FACE('',(#472),#2729,.T.);
#2869=ADVANCED_FACE('',(#473),#331,.T.);
#2870=ADVANCED_FACE('',(#474),#2730,.T.);
#2871=ADVANCED_FACE('',(#475),#332,.T.);
#2872=ADVANCED_FACE('',(#476),#333,.T.);
#2873=ADVANCED_FACE('',(#477),#2731,.T.);
#2874=ADVANCED_FACE('',(#478,#246),#334,.T.);
#2875=ADVANCED_FACE('',(#479,#247),#335,.F.);
#2876=CLOSED_SHELL('',(#2732,#2733,#2734,#2735,#2736,#2737,#2738,#2739,
#2740,#2741));
#2877=CLOSED_SHELL('',(#2742,#2743,#2744,#2745,#2746,#2747,#2748));
#2878=CLOSED_SHELL('',(#2749,#2750,#2751,#2752,#2753,#2754,#2755));
#2879=CLOSED_SHELL('',(#2756,#2757,#2758,#2759,#2760,#2761,#2762));
#2880=CLOSED_SHELL('',(#2763,#2764,#2765,#2766,#2767,#2768,#2769));
#2881=CLOSED_SHELL('',(#2770,#2771,#2772,#2773,#2774,#2775,#2776,#2777));
#2882=CLOSED_SHELL('',(#2778,#2779,#2780,#2781,#2782,#2783,#2784,#2785));
#2883=CLOSED_SHELL('',(#2786,#2787,#2788,#2789,#2790,#2791,#2792,#2793,
#2794,#2795,#2796,#2797));
#2884=CLOSED_SHELL('',(#2798,#2799,#2800,#2801,#2802,#2803,#2804,#2805,
#2806,#2807,#2808,#2809));
#2885=CLOSED_SHELL('',(#2810,#2811,#2812,#2813,#2814,#2815,#2816,#2817,
#2818,#2819,#2820,#2821,#2822,#2823,#2824,#2825,#2826,#2827,#2828,#2829,
#2830));
#2886=CLOSED_SHELL('',(#2831,#2832,#2833,#2834,#2835,#2836,#2837,#2838,
#2839,#2840,#2841,#2842,#2843,#2844,#2845,#2846,#2847,#2848,#2849,#2850,
#2851,#2852,#2853,#2854,#2855));
#2887=CLOSED_SHELL('',(#2856,#2857,#2858,#2859,#2860,#2861,#2862));
#2888=CLOSED_SHELL('',(#2863,#2864,#2865,#2866,#2867,#2868,#2869,#2870,
#2871,#2872,#2873,#2874,#2875));
#2889=DERIVED_UNIT_ELEMENT(#2891,1.);
#2890=DERIVED_UNIT_ELEMENT(#6164,-3.);
#2891=(
MASS_UNIT()
NAMED_UNIT(*)
SI_UNIT(.KILO.,.GRAM.)
);
#2892=DERIVED_UNIT((#2889,#2890));
#2893=MEASURE_REPRESENTATION_ITEM('density measure',
POSITIVE_RATIO_MEASURE(7850.),#2892);
#2894=PROPERTY_DEFINITION_REPRESENTATION(#2899,#2896);
#2895=PROPERTY_DEFINITION_REPRESENTATION(#2900,#2897);
#2896=REPRESENTATION('material name',(#2898),#6161);
#2897=REPRESENTATION('density',(#2893),#6161);
#2898=DESCRIPTIVE_REPRESENTATION_ITEM('Stahl','Stahl');
#2899=PROPERTY_DEFINITION('material property','material name',#6176);
#2900=PROPERTY_DEFINITION('material property','density of part',#6176);
#2901=AXIS2_PLACEMENT_3D('',#3895,#3166,#3167);
#2902=AXIS2_PLACEMENT_3D('',#3896,#3168,#3169);
#2903=AXIS2_PLACEMENT_3D('',#3897,#3170,#3171);
#2904=AXIS2_PLACEMENT_3D('',#3899,#3172,#3173);
#2905=AXIS2_PLACEMENT_3D('',#3902,#3175,#3176);
#2906=AXIS2_PLACEMENT_3D('',#3903,#3177,#3178);
#2907=AXIS2_PLACEMENT_3D('',#3905,#3179,#3180);
#2908=AXIS2_PLACEMENT_3D('',#3908,#3182,#3183);
#2909=AXIS2_PLACEMENT_3D('',#3909,#3184,#3185);
#2910=AXIS2_PLACEMENT_3D('',#3911,#3186,#3187);
#2911=AXIS2_PLACEMENT_3D('',#3914,#3189,#3190);
#2912=AXIS2_PLACEMENT_3D('',#3915,#3191,#3192);
#2913=AXIS2_PLACEMENT_3D('',#3917,#3193,#3194);
#2914=AXIS2_PLACEMENT_3D('',#3920,#3196,#3197);
#2915=AXIS2_PLACEMENT_3D('',#3921,#3198,#3199);
#2916=AXIS2_PLACEMENT_3D('',#3930,#3204,#3205);
#2917=AXIS2_PLACEMENT_3D('',#3936,#3209,#3210);
#2918=AXIS2_PLACEMENT_3D('',#3942,#3214,#3215);
#2919=AXIS2_PLACEMENT_3D('',#3945,#3218,#3219);
#2920=AXIS2_PLACEMENT_3D('',#3946,#3220,#3221);
#2921=AXIS2_PLACEMENT_3D('',#3947,#3222,#3223);
#2922=AXIS2_PLACEMENT_3D('',#3949,#3224,#3225);
#2923=AXIS2_PLACEMENT_3D('',#3952,#3227,#3228);
#2924=AXIS2_PLACEMENT_3D('',#3953,#3229,#3230);
#2925=AXIS2_PLACEMENT_3D('',#3962,#3235,#3236);
#2926=AXIS2_PLACEMENT_3D('',#3968,#3240,#3241);
#2927=AXIS2_PLACEMENT_3D('',#3974,#3245,#3246);
#2928=AXIS2_PLACEMENT_3D('',#3977,#3249,#3250);
#2929=AXIS2_PLACEMENT_3D('',#3978,#3251,#3252);
#2930=AXIS2_PLACEMENT_3D('',#3979,#3253,#3254);
#2931=AXIS2_PLACEMENT_3D('',#3981,#3255,#3256);
#2932=AXIS2_PLACEMENT_3D('',#3984,#3258,#3259);
#2933=AXIS2_PLACEMENT_3D('',#3985,#3260,#3261);
#2934=AXIS2_PLACEMENT_3D('',#3994,#3266,#3267);
#2935=AXIS2_PLACEMENT_3D('',#4000,#3271,#3272);
#2936=AXIS2_PLACEMENT_3D('',#4006,#3276,#3277);
#2937=AXIS2_PLACEMENT_3D('',#4009,#3280,#3281);
#2938=AXIS2_PLACEMENT_3D('',#4010,#3282,#3283);
#2939=AXIS2_PLACEMENT_3D('',#4011,#3284,#3285);
#2940=AXIS2_PLACEMENT_3D('',#4013,#3286,#3287);
#2941=AXIS2_PLACEMENT_3D('',#4016,#3289,#3290);
#2942=AXIS2_PLACEMENT_3D('',#4017,#3291,#3292);
#2943=AXIS2_PLACEMENT_3D('',#4026,#3297,#3298);
#2944=AXIS2_PLACEMENT_3D('',#4032,#3302,#3303);
#2945=AXIS2_PLACEMENT_3D('',#4038,#3307,#3308);
#2946=AXIS2_PLACEMENT_3D('',#4041,#3311,#3312);
#2947=AXIS2_PLACEMENT_3D('',#4042,#3313,#3314);
#2948=AXIS2_PLACEMENT_3D('',#4043,#3315,#3316);
#2949=AXIS2_PLACEMENT_3D('',#4045,#3317,#3318);
#2950=AXIS2_PLACEMENT_3D('',#4048,#3320,#3321);
#2951=AXIS2_PLACEMENT_3D('',#4049,#3322,#3323);
#2952=AXIS2_PLACEMENT_3D('',#4058,#3328,#3329);
#2953=AXIS2_PLACEMENT_3D('',#4064,#3333,#3334);
#2954=AXIS2_PLACEMENT_3D('',#4070,#3338,#3339);
#2955=AXIS2_PLACEMENT_3D('',#4073,#3342,#3343);
#2956=AXIS2_PLACEMENT_3D('',#4074,#3344,#3345);
#2957=AXIS2_PLACEMENT_3D('',#4075,#3346,#3347);
#2958=AXIS2_PLACEMENT_3D('',#4077,#3348,#3349);
#2959=AXIS2_PLACEMENT_3D('',#4080,#3351,#3352);
#2960=AXIS2_PLACEMENT_3D('',#4081,#3353,#3354);
#2961=AXIS2_PLACEMENT_3D('',#4083,#3355,#3356);
#2962=AXIS2_PLACEMENT_3D('',#4086,#3358,#3359);
#2963=AXIS2_PLACEMENT_3D('',#4087,#3360,#3361);
#2964=AXIS2_PLACEMENT_3D('',#4096,#3366,#3367);
#2965=AXIS2_PLACEMENT_3D('',#4102,#3371,#3372);
#2966=AXIS2_PLACEMENT_3D('',#4104,#3373,#3374);
#2967=AXIS2_PLACEMENT_3D('',#4106,#3375,#3376);
#2968=AXIS2_PLACEMENT_3D('',#4108,#3378,#3379);
#2969=AXIS2_PLACEMENT_3D('',#4111,#3382,#3383);
#2970=AXIS2_PLACEMENT_3D('',#4112,#3384,#3385);
#2971=AXIS2_PLACEMENT_3D('',#4113,#3386,#3387);
#2972=AXIS2_PLACEMENT_3D('',#4115,#3388,#3389);
#2973=AXIS2_PLACEMENT_3D('',#4118,#3391,#3392);
#2974=AXIS2_PLACEMENT_3D('',#4119,#3393,#3394);
#2975=AXIS2_PLACEMENT_3D('',#4121,#3395,#3396);
#2976=AXIS2_PLACEMENT_3D('',#4124,#3398,#3399);
#2977=AXIS2_PLACEMENT_3D('',#4125,#3400,#3401);
#2978=AXIS2_PLACEMENT_3D('',#4134,#3406,#3407);
#2979=AXIS2_PLACEMENT_3D('',#4140,#3411,#3412);
#2980=AXIS2_PLACEMENT_3D('',#4146,#3416,#3417);
#2981=AXIS2_PLACEMENT_3D('',#4147,#3418,#3419);
#2982=AXIS2_PLACEMENT_3D('',#4148,#3420,#3421);
#2983=AXIS2_PLACEMENT_3D('',#4149,#3422,#3423);
#2984=AXIS2_PLACEMENT_3D('',#4150,#3424,#3425);
#2985=AXIS2_PLACEMENT_3D('',#4151,#3426,#3427);
#2986=AXIS2_PLACEMENT_3D('',#4229,#3429,#3430);
#2987=AXIS2_PLACEMENT_3D('',#4307,#3432,#3433);
#2988=AXIS2_PLACEMENT_3D('',#4385,#3435,#3436);
#2989=AXIS2_PLACEMENT_3D('',#4463,#3438,#3439);
#2990=AXIS2_PLACEMENT_3D('',#4541,#3441,#3442);
#2991=AXIS2_PLACEMENT_3D('',#4619,#3444,#3445);
#2992=AXIS2_PLACEMENT_3D('',#4697,#3447,#3448);
#2993=AXIS2_PLACEMENT_3D('',#4775,#3450,#3451);
#2994=AXIS2_PLACEMENT_3D('',#4777,#3452,#3453);
#2995=AXIS2_PLACEMENT_3D('',#4779,#3454,#3455);
#2996=AXIS2_PLACEMENT_3D('',#4780,#3456,#3457);
#2997=AXIS2_PLACEMENT_3D('',#4782,#3458,#3459);
#2998=AXIS2_PLACEMENT_3D('',#4784,#3461,#3462);
#2999=AXIS2_PLACEMENT_3D('',#4787,#3464,#3465);
#3000=AXIS2_PLACEMENT_3D('',#4788,#3466,#3467);
#3001=AXIS2_PLACEMENT_3D('',#4789,#3468,#3469);
#3002=AXIS2_PLACEMENT_3D('',#4867,#3471,#3472);
#3003=AXIS2_PLACEMENT_3D('',#4945,#3474,#3475);
#3004=AXIS2_PLACEMENT_3D('',#5023,#3477,#3478);
#3005=AXIS2_PLACEMENT_3D('',#5101,#3480,#3481);
#3006=AXIS2_PLACEMENT_3D('',#5179,#3483,#3484);
#3007=AXIS2_PLACEMENT_3D('',#5257,#3486,#3487);
#3008=AXIS2_PLACEMENT_3D('',#5335,#3489,#3490);
#3009=AXIS2_PLACEMENT_3D('',#5413,#3492,#3493);
#3010=AXIS2_PLACEMENT_3D('',#5415,#3494,#3495);
#3011=AXIS2_PLACEMENT_3D('',#5417,#3496,#3497);
#3012=AXIS2_PLACEMENT_3D('',#5418,#3498,#3499);
#3013=AXIS2_PLACEMENT_3D('',#5420,#3500,#3501);
#3014=AXIS2_PLACEMENT_3D('',#5422,#3503,#3504);
#3015=AXIS2_PLACEMENT_3D('',#5425,#3506,#3507);
#3016=AXIS2_PLACEMENT_3D('',#5426,#3508,#3509);
#3017=AXIS2_PLACEMENT_3D('',#5528,#3510,#3511);
#3018=AXIS2_PLACEMENT_3D('',#5529,#3512,#3513);
#3019=AXIS2_PLACEMENT_3D('',#5535,#3514,#3515);
#3020=AXIS2_PLACEMENT_3D('',#5536,#3516,#3517);
#3021=AXIS2_PLACEMENT_3D('',#5542,#3520,#3521);
#3022=AXIS2_PLACEMENT_3D('',#5546,#3524,#3525);
#3023=AXIS2_PLACEMENT_3D('',#5564,#3526,#3527);
#3024=AXIS2_PLACEMENT_3D('',#5580,#3528,#3529);
#3025=AXIS2_PLACEMENT_3D('',#5581,#3530,#3531);
#3026=AXIS2_PLACEMENT_3D('',#5587,#3534,#3535);
#3027=AXIS2_PLACEMENT_3D('',#5591,#3538,#3539);
#3028=AXIS2_PLACEMENT_3D('',#5599,#3542,#3543);
#3029=AXIS2_PLACEMENT_3D('',#5607,#3546,#3547);
#3030=AXIS2_PLACEMENT_3D('',#5618,#3553,#3554);
#3031=AXIS2_PLACEMENT_3D('',#5620,#3555,#3556);
#3032=AXIS2_PLACEMENT_3D('',#5621,#3557,#3558);
#3033=AXIS2_PLACEMENT_3D('',#5624,#3560,#3561);
#3034=AXIS2_PLACEMENT_3D('',#5625,#3562,#3563);
#3035=AXIS2_PLACEMENT_3D('',#5627,#3564,#3565);
#3036=AXIS2_PLACEMENT_3D('',#5871,#3569,#3570);
#3037=AXIS2_PLACEMENT_3D('',#5875,#3573,#3574);
#3038=AXIS2_PLACEMENT_3D('',#5877,#3575,#3576);
#3039=AXIS2_PLACEMENT_3D('',#5879,#3577,#3578);
#3040=AXIS2_PLACEMENT_3D('',#5881,#3579,#3580);
#3041=AXIS2_PLACEMENT_3D('',#5882,#3581,#3582);
#3042=AXIS2_PLACEMENT_3D('',#5884,#3584,#3585);
#3043=AXIS2_PLACEMENT_3D('',#5886,#3587,#3588);
#3044=AXIS2_PLACEMENT_3D('',#5888,#3589,#3590);
#3045=AXIS2_PLACEMENT_3D('',#5890,#3592,#3593);
#3046=AXIS2_PLACEMENT_3D('',#5892,#3594,#3595);
#3047=AXIS2_PLACEMENT_3D('',#5894,#3597,#3598);
#3048=AXIS2_PLACEMENT_3D('',#5900,#3602,#3603);
#3049=AXIS2_PLACEMENT_3D('',#5901,#3604,#3605);
#3050=AXIS2_PLACEMENT_3D('',#5902,#3606,#3607);
#3051=AXIS2_PLACEMENT_3D('',#5903,#3608,#3609);
#3052=AXIS2_PLACEMENT_3D('',#5904,#3610,#3611);
#3053=AXIS2_PLACEMENT_3D('',#5905,#3612,#3613);
#3054=AXIS2_PLACEMENT_3D('',#5906,#3614,#3615);
#3055=AXIS2_PLACEMENT_3D('',#5909,#3616,#3617);
#3056=AXIS2_PLACEMENT_3D('',#5913,#3619,#3620);
#3057=AXIS2_PLACEMENT_3D('',#5915,#3622,#3623);
#3058=AXIS2_PLACEMENT_3D('',#5917,#3624,#3625);
#3059=AXIS2_PLACEMENT_3D('',#5919,#3626,#3627);
#3060=AXIS2_PLACEMENT_3D('',#5921,#3629,#3630);
#3061=AXIS2_PLACEMENT_3D('',#5922,#3631,#3632);
#3062=AXIS2_PLACEMENT_3D('',#5923,#3633,#3634);
#3063=AXIS2_PLACEMENT_3D('',#5924,#3635,#3636);
#3064=AXIS2_PLACEMENT_3D('',#5927,#3637,#3638);
#3065=AXIS2_PLACEMENT_3D('',#5931,#3640,#3641);
#3066=AXIS2_PLACEMENT_3D('',#5933,#3643,#3644);
#3067=AXIS2_PLACEMENT_3D('',#5935,#3645,#3646);
#3068=AXIS2_PLACEMENT_3D('',#5937,#3647,#3648);
#3069=AXIS2_PLACEMENT_3D('',#5939,#3650,#3651);
#3070=AXIS2_PLACEMENT_3D('',#5940,#3652,#3653);
#3071=AXIS2_PLACEMENT_3D('',#5941,#3654,#3655);
#3072=AXIS2_PLACEMENT_3D('',#5942,#3656,#3657);
#3073=AXIS2_PLACEMENT_3D('',#5945,#3658,#3659);
#3074=AXIS2_PLACEMENT_3D('',#5949,#3661,#3662);
#3075=AXIS2_PLACEMENT_3D('',#5951,#3664,#3665);
#3076=AXIS2_PLACEMENT_3D('',#5953,#3666,#3667);
#3077=AXIS2_PLACEMENT_3D('',#5955,#3668,#3669);
#3078=AXIS2_PLACEMENT_3D('',#5957,#3671,#3672);
#3079=AXIS2_PLACEMENT_3D('',#5958,#3673,#3674);
#3080=AXIS2_PLACEMENT_3D('',#5959,#3675,#3676);
#3081=AXIS2_PLACEMENT_3D('',#5960,#3677,#3678);
#3082=AXIS2_PLACEMENT_3D('',#5963,#3679,#3680);
#3083=AXIS2_PLACEMENT_3D('',#5967,#3682,#3683);
#3084=AXIS2_PLACEMENT_3D('',#5969,#3685,#3686);
#3085=AXIS2_PLACEMENT_3D('',#5971,#3687,#3688);
#3086=AXIS2_PLACEMENT_3D('',#5973,#3689,#3690);
#3087=AXIS2_PLACEMENT_3D('',#5975,#3692,#3693);
#3088=AXIS2_PLACEMENT_3D('',#5976,#3694,#3695);
#3089=AXIS2_PLACEMENT_3D('',#5977,#3696,#3697);
#3090=AXIS2_PLACEMENT_3D('',#5978,#3698,#3699);
#3091=AXIS2_PLACEMENT_3D('',#5981,#3700,#3701);
#3092=AXIS2_PLACEMENT_3D('',#5985,#3703,#3704);
#3093=AXIS2_PLACEMENT_3D('',#5987,#3705,#3706);
#3094=AXIS2_PLACEMENT_3D('',#5990,#3708,#3709);
#3095=AXIS2_PLACEMENT_3D('',#5991,#3710,#3711);
#3096=AXIS2_PLACEMENT_3D('',#5993,#3712,#3713);
#3097=AXIS2_PLACEMENT_3D('',#5995,#3714,#3715);
#3098=AXIS2_PLACEMENT_3D('',#5997,#3716,#3717);
#3099=AXIS2_PLACEMENT_3D('',#6000,#3719,#3720);
#3100=AXIS2_PLACEMENT_3D('',#6001,#3721,#3722);
#3101=AXIS2_PLACEMENT_3D('',#6002,#3723,#3724);
#3102=AXIS2_PLACEMENT_3D('',#6003,#3725,#3726);
#3103=AXIS2_PLACEMENT_3D('',#6004,#3727,#3728);
#3104=AXIS2_PLACEMENT_3D('',#6007,#3729,#3730);
#3105=AXIS2_PLACEMENT_3D('',#6011,#3732,#3733);
#3106=AXIS2_PLACEMENT_3D('',#6013,#3735,#3736);
#3107=AXIS2_PLACEMENT_3D('',#6015,#3737,#3738);
#3108=AXIS2_PLACEMENT_3D('',#6017,#3739,#3740);
#3109=AXIS2_PLACEMENT_3D('',#6019,#3742,#3743);
#3110=AXIS2_PLACEMENT_3D('',#6020,#3744,#3745);
#3111=AXIS2_PLACEMENT_3D('',#6021,#3746,#3747);
#3112=AXIS2_PLACEMENT_3D('',#6022,#3748,#3749);
#3113=AXIS2_PLACEMENT_3D('',#6025,#3750,#3751);
#3114=AXIS2_PLACEMENT_3D('',#6029,#3753,#3754);
#3115=AXIS2_PLACEMENT_3D('',#6031,#3756,#3757);
#3116=AXIS2_PLACEMENT_3D('',#6033,#3758,#3759);
#3117=AXIS2_PLACEMENT_3D('',#6035,#3760,#3761);
#3118=AXIS2_PLACEMENT_3D('',#6037,#3763,#3764);
#3119=AXIS2_PLACEMENT_3D('',#6038,#3765,#3766);
#3120=AXIS2_PLACEMENT_3D('',#6039,#3767,#3768);
#3121=AXIS2_PLACEMENT_3D('',#6040,#3769,#3770);
#3122=AXIS2_PLACEMENT_3D('',#6042,#3771,#3772);
#3123=AXIS2_PLACEMENT_3D('',#6046,#3775,#3776);
#3124=AXIS2_PLACEMENT_3D('',#6047,#3777,#3778);
#3125=AXIS2_PLACEMENT_3D('',#6049,#3779,#3780);
#3126=AXIS2_PLACEMENT_3D('',#6053,#3783,#3784);
#3127=AXIS2_PLACEMENT_3D('',#6054,#3785,#3786);
#3128=AXIS2_PLACEMENT_3D('',#6055,#3787,#3788);
#3129=AXIS2_PLACEMENT_3D('',#6056,#3789,#3790);
#3130=AXIS2_PLACEMENT_3D('',#6058,#3791,#3792);
#3131=AXIS2_PLACEMENT_3D('',#6061,#3794,#3795);
#3132=AXIS2_PLACEMENT_3D('',#6062,#3796,#3797);
#3133=AXIS2_PLACEMENT_3D('',#6064,#3798,#3799);
#3134=AXIS2_PLACEMENT_3D('',#6067,#3801,#3802);
#3135=AXIS2_PLACEMENT_3D('',#6068,#3803,#3804);
#3136=AXIS2_PLACEMENT_3D('',#6070,#3805,#3806);
#3137=AXIS2_PLACEMENT_3D('',#6073,#3808,#3809);
#3138=AXIS2_PLACEMENT_3D('',#6074,#3810,#3811);
#3139=AXIS2_PLACEMENT_3D('',#6077,#3812,#3813);
#3140=AXIS2_PLACEMENT_3D('',#6081,#3815,#3816);
#3141=AXIS2_PLACEMENT_3D('',#6083,#3818,#3819);
#3142=AXIS2_PLACEMENT_3D('',#6084,#3820,#3821);
#3143=AXIS2_PLACEMENT_3D('',#6085,#3822,#3823);
#3144=AXIS2_PLACEMENT_3D('',#6086,#3824,#3825);
#3145=AXIS2_PLACEMENT_3D('',#6087,#3826,#3827);
#3146=AXIS2_PLACEMENT_3D('',#6088,#3828,#3829);
#3147=AXIS2_PLACEMENT_3D('',#6097,#3834,#3835);
#3148=AXIS2_PLACEMENT_3D('',#6103,#3839,#3840);
#3149=AXIS2_PLACEMENT_3D('',#6109,#3844,#3845);
#3150=AXIS2_PLACEMENT_3D('',#6112,#3848,#3849);
#3151=AXIS2_PLACEMENT_3D('',#6121,#3854,#3855);
#3152=AXIS2_PLACEMENT_3D('',#6123,#3856,#3857);
#3153=AXIS2_PLACEMENT_3D('',#6125,#3858,#3859);
#3154=AXIS2_PLACEMENT_3D('',#6127,#3861,#3862);
#3155=AXIS2_PLACEMENT_3D('',#6133,#3866,#3867);
#3156=AXIS2_PLACEMENT_3D('',#6135,#3868,#3869);
#3157=AXIS2_PLACEMENT_3D('',#6137,#3870,#3871);
#3158=AXIS2_PLACEMENT_3D('',#6139,#3873,#3874);
#3159=AXIS2_PLACEMENT_3D('',#6145,#3878,#3879);
#3160=AXIS2_PLACEMENT_3D('',#6151,#3883,#3884);
#3161=AXIS2_PLACEMENT_3D('',#6152,#3885,#3886);
#3162=AXIS2_PLACEMENT_3D('',#6153,#3887,#3888);
#3163=AXIS2_PLACEMENT_3D('',#6154,#3889,#3890);
#3164=AXIS2_PLACEMENT_3D('',#6155,#3891,#3892);
#3165=AXIS2_PLACEMENT_3D('',#6156,#3893,#3894);
#3166=DIRECTION('axis',(0.,0.,1.));
#3167=DIRECTION('refdir',(1.,0.,0.));
#3168=DIRECTION('axis',(0.,0.,1.));
#3169=DIRECTION('refdir',(1.,0.,0.));
#3170=DIRECTION('center_axis',(0.,0.,-1.));
#3171=DIRECTION('ref_axis',(1.,0.,0.));
#3172=DIRECTION('center_axis',(0.,0.,1.));
#3173=DIRECTION('ref_axis',(1.,0.,0.));
#3174=DIRECTION('',(0.,0.,1.));
#3175=DIRECTION('center_axis',(0.,0.,-1.));
#3176=DIRECTION('ref_axis',(1.,0.,0.));
#3177=DIRECTION('center_axis',(0.,0.,-1.));
#3178=DIRECTION('ref_axis',(1.,0.,0.));
#3179=DIRECTION('center_axis',(0.,0.,1.));
#3180=DIRECTION('ref_axis',(1.,0.,0.));
#3181=DIRECTION('',(0.,0.,1.));
#3182=DIRECTION('center_axis',(0.,0.,-1.));
#3183=DIRECTION('ref_axis',(1.,0.,0.));
#3184=DIRECTION('center_axis',(0.,0.,-1.));
#3185=DIRECTION('ref_axis',(1.,0.,0.));
#3186=DIRECTION('center_axis',(0.,0.,1.));
#3187=DIRECTION('ref_axis',(1.,0.,0.));
#3188=DIRECTION('',(0.,0.,1.));
#3189=DIRECTION('center_axis',(0.,0.,-1.));
#3190=DIRECTION('ref_axis',(1.,0.,0.));
#3191=DIRECTION('center_axis',(0.,0.,-1.));
#3192=DIRECTION('ref_axis',(1.,0.,0.));
#3193=DIRECTION('center_axis',(0.,0.,1.));
#3194=DIRECTION('ref_axis',(1.,0.,0.));
#3195=DIRECTION('',(0.,0.,1.));
#3196=DIRECTION('center_axis',(0.,0.,-1.));
#3197=DIRECTION('ref_axis',(1.,0.,0.));
#3198=DIRECTION('center_axis',(1.,0.,0.));
#3199=DIRECTION('ref_axis',(0.,-1.,0.));
#3200=DIRECTION('',(0.,-1.,0.));
#3201=DIRECTION('',(0.,0.,-1.));
#3202=DIRECTION('',(0.,-1.,0.));
#3203=DIRECTION('',(0.,0.,-1.));
#3204=DIRECTION('center_axis',(0.,1.,0.));
#3205=DIRECTION('ref_axis',(1.,0.,0.));
#3206=DIRECTION('',(1.,0.,0.));
#3207=DIRECTION('',(1.,0.,0.));
#3208=DIRECTION('',(0.,0.,-1.));
#3209=DIRECTION('center_axis',(-1.,0.,0.));
#3210=DIRECTION('ref_axis',(0.,1.,0.));
#3211=DIRECTION('',(0.,1.,0.));
#3212=DIRECTION('',(0.,1.,0.));
#3213=DIRECTION('',(0.,0.,-1.));
#3214=DIRECTION('center_axis',(0.,-1.,0.));
#3215=DIRECTION('ref_axis',(-1.,0.,0.));
#3216=DIRECTION('',(-1.,0.,0.));
#3217=DIRECTION('',(-1.,0.,0.));
#3218=DIRECTION('center_axis',(0.,0.,1.));
#3219=DIRECTION('ref_axis',(1.,0.,0.));
#3220=DIRECTION('center_axis',(0.,0.,1.));
#3221=DIRECTION('ref_axis',(1.,0.,0.));
#3222=DIRECTION('center_axis',(0.,0.,1.));
#3223=DIRECTION('ref_axis',(1.,0.,0.));
#3224=DIRECTION('center_axis',(0.,0.,-1.));
#3225=DIRECTION('ref_axis',(1.,0.,0.));
#3226=DIRECTION('',(0.,0.,-1.));
#3227=DIRECTION('center_axis',(0.,0.,1.));
#3228=DIRECTION('ref_axis',(1.,0.,0.));
#3229=DIRECTION('center_axis',(-1.,0.,0.));
#3230=DIRECTION('ref_axis',(0.,-1.,0.));
#3231=DIRECTION('',(0.,-1.,0.));
#3232=DIRECTION('',(0.,0.,1.));
#3233=DIRECTION('',(0.,-1.,0.));
#3234=DIRECTION('',(0.,0.,1.));
#3235=DIRECTION('center_axis',(0.,1.,0.));
#3236=DIRECTION('ref_axis',(-1.,0.,0.));
#3237=DIRECTION('',(-1.,0.,0.));
#3238=DIRECTION('',(-1.,0.,0.));
#3239=DIRECTION('',(0.,0.,1.));
#3240=DIRECTION('center_axis',(1.,0.,0.));
#3241=DIRECTION('ref_axis',(0.,1.,0.));
#3242=DIRECTION('',(0.,1.,0.));
#3243=DIRECTION('',(0.,1.,0.));
#3244=DIRECTION('',(0.,0.,1.));
#3245=DIRECTION('center_axis',(0.,-1.,0.));
#3246=DIRECTION('ref_axis',(1.,0.,0.));
#3247=DIRECTION('',(1.,0.,0.));
#3248=DIRECTION('',(1.,0.,0.));
#3249=DIRECTION('center_axis',(0.,0.,-1.));
#3250=DIRECTION('ref_axis',(1.,0.,0.));
#3251=DIRECTION('center_axis',(0.,0.,-1.));
#3252=DIRECTION('ref_axis',(1.,0.,0.));
#3253=DIRECTION('center_axis',(0.,0.,1.));
#3254=DIRECTION('ref_axis',(1.,0.,0.));
#3255=DIRECTION('center_axis',(0.,0.,-1.));
#3256=DIRECTION('ref_axis',(1.,0.,0.));
#3257=DIRECTION('',(0.,0.,-1.));
#3258=DIRECTION('center_axis',(0.,0.,1.));
#3259=DIRECTION('ref_axis',(1.,0.,0.));
#3260=DIRECTION('center_axis',(0.,-1.,0.));
#3261=DIRECTION('ref_axis',(1.,0.,0.));
#3262=DIRECTION('',(-1.,0.,0.));
#3263=DIRECTION('',(0.,0.,1.));
#3264=DIRECTION('',(1.,0.,0.));
#3265=DIRECTION('',(0.,0.,1.));
#3266=DIRECTION('center_axis',(-1.,0.,0.));
#3267=DIRECTION('ref_axis',(0.,-1.,0.));
#3268=DIRECTION('',(0.,1.,0.));
#3269=DIRECTION('',(0.,-1.,0.));
#3270=DIRECTION('',(0.,0.,1.));
#3271=DIRECTION('center_axis',(0.,1.,0.));
#3272=DIRECTION('ref_axis',(-1.,0.,0.));
#3273=DIRECTION('',(1.,0.,0.));
#3274=DIRECTION('',(-1.,0.,0.));
#3275=DIRECTION('',(0.,0.,1.));
#3276=DIRECTION('center_axis',(1.,0.,0.));
#3277=DIRECTION('ref_axis',(0.,1.,0.));
#3278=DIRECTION('',(0.,-1.,0.));
#3279=DIRECTION('',(0.,1.,0.));
#3280=DIRECTION('center_axis',(0.,0.,-1.));
#3281=DIRECTION('ref_axis',(1.,0.,0.));
#3282=DIRECTION('center_axis',(0.,0.,-1.));
#3283=DIRECTION('ref_axis',(1.,0.,0.));
#3284=DIRECTION('center_axis',(0.,0.,1.));
#3285=DIRECTION('ref_axis',(1.,0.,0.));
#3286=DIRECTION('center_axis',(0.,0.,-1.));
#3287=DIRECTION('ref_axis',(1.,0.,0.));
#3288=DIRECTION('',(0.,0.,-1.));
#3289=DIRECTION('center_axis',(0.,0.,1.));
#3290=DIRECTION('ref_axis',(1.,0.,0.));
#3291=DIRECTION('center_axis',(0.,1.,0.));
#3292=DIRECTION('ref_axis',(-1.,0.,0.));
#3293=DIRECTION('',(1.,0.,0.));
#3294=DIRECTION('',(0.,0.,1.));
#3295=DIRECTION('',(-1.,0.,0.));
#3296=DIRECTION('',(0.,0.,1.));
#3297=DIRECTION('center_axis',(1.,0.,0.));
#3298=DIRECTION('ref_axis',(0.,1.,0.));
#3299=DIRECTION('',(0.,-1.,0.));
#3300=DIRECTION('',(0.,1.,0.));
#3301=DIRECTION('',(0.,0.,1.));
#3302=DIRECTION('center_axis',(0.,-1.,0.));
#3303=DIRECTION('ref_axis',(1.,0.,0.));
#3304=DIRECTION('',(-1.,0.,0.));
#3305=DIRECTION('',(1.,0.,0.));
#3306=DIRECTION('',(0.,0.,1.));
#3307=DIRECTION('center_axis',(-1.,0.,0.));
#3308=DIRECTION('ref_axis',(0.,-1.,0.));
#3309=DIRECTION('',(0.,1.,0.));
#3310=DIRECTION('',(0.,-1.,0.));
#3311=DIRECTION('center_axis',(0.,0.,-1.));
#3312=DIRECTION('ref_axis',(1.,0.,0.));
#3313=DIRECTION('center_axis',(0.,0.,-1.));
#3314=DIRECTION('ref_axis',(1.,0.,0.));
#3315=DIRECTION('center_axis',(0.,0.,1.));
#3316=DIRECTION('ref_axis',(1.,0.,0.));
#3317=DIRECTION('center_axis',(0.,0.,-1.));
#3318=DIRECTION('ref_axis',(1.,0.,0.));
#3319=DIRECTION('',(0.,0.,-1.));
#3320=DIRECTION('center_axis',(0.,0.,1.));
#3321=DIRECTION('ref_axis',(1.,0.,0.));
#3322=DIRECTION('center_axis',(1.,0.,0.));
#3323=DIRECTION('ref_axis',(0.,1.,0.));
#3324=DIRECTION('',(0.,1.,0.));
#3325=DIRECTION('',(0.,0.,1.));
#3326=DIRECTION('',(0.,1.,0.));
#3327=DIRECTION('',(0.,0.,1.));
#3328=DIRECTION('center_axis',(0.,-1.,0.));
#3329=DIRECTION('ref_axis',(1.,0.,0.));
#3330=DIRECTION('',(1.,0.,0.));
#3331=DIRECTION('',(1.,0.,0.));
#3332=DIRECTION('',(0.,0.,1.));
#3333=DIRECTION('center_axis',(-1.,0.,0.));
#3334=DIRECTION('ref_axis',(0.,-1.,0.));
#3335=DIRECTION('',(0.,-1.,0.));
#3336=DIRECTION('',(0.,-1.,0.));
#3337=DIRECTION('',(0.,0.,1.));
#3338=DIRECTION('center_axis',(0.,1.,0.));
#3339=DIRECTION('ref_axis',(-1.,0.,0.));
#3340=DIRECTION('',(-1.,0.,0.));
#3341=DIRECTION('',(-1.,0.,0.));
#3342=DIRECTION('center_axis',(0.,0.,-1.));
#3343=DIRECTION('ref_axis',(1.,0.,0.));
#3344=DIRECTION('center_axis',(0.,0.,-1.));
#3345=DIRECTION('ref_axis',(1.,0.,0.));
#3346=DIRECTION('center_axis',(0.,0.,-1.));
#3347=DIRECTION('ref_axis',(1.,0.,0.));
#3348=DIRECTION('center_axis',(0.,0.,-1.));
#3349=DIRECTION('ref_axis',(1.,0.,0.));
#3350=DIRECTION('',(0.,0.,-1.));
#3351=DIRECTION('center_axis',(0.,0.,1.));
#3352=DIRECTION('ref_axis',(1.,0.,0.));
#3353=DIRECTION('center_axis',(0.,0.,-1.));
#3354=DIRECTION('ref_axis',(1.,0.,0.));
#3355=DIRECTION('center_axis',(0.,0.,-1.));
#3356=DIRECTION('ref_axis',(1.,0.,0.));
#3357=DIRECTION('',(0.,0.,-1.));
#3358=DIRECTION('center_axis',(0.,0.,1.));
#3359=DIRECTION('ref_axis',(1.,0.,0.));
#3360=DIRECTION('center_axis',(-1.,0.,0.));
#3361=DIRECTION('ref_axis',(0.,0.,-1.));
#3362=DIRECTION('',(0.,0.,1.));
#3363=DIRECTION('',(0.,-1.,0.));
#3364=DIRECTION('',(0.,0.,-1.));
#3365=DIRECTION('',(0.,-1.,0.));
#3366=DIRECTION('center_axis',(0.,0.,1.));
#3367=DIRECTION('ref_axis',(-1.,0.,0.));
#3368=DIRECTION('',(1.,0.,0.));
#3369=DIRECTION('',(-1.,0.,0.));
#3370=DIRECTION('',(0.,-1.,0.));
#3371=DIRECTION('center_axis',(0.,-1.,0.));
#3372=DIRECTION('ref_axis',(0.971667603161947,0.,-0.236351579147501));
#3373=DIRECTION('center_axis',(0.,1.,0.));
#3374=DIRECTION('ref_axis',(0.971667603161947,0.,-0.236351579147501));
#3375=DIRECTION('center_axis',(0.,-1.,0.));
#3376=DIRECTION('ref_axis',(0.971667603161947,0.,-0.236351579147501));
#3377=DIRECTION('',(0.,-1.,0.));
#3378=DIRECTION('center_axis',(0.,0.,-1.));
#3379=DIRECTION('ref_axis',(1.,0.,0.));
#3380=DIRECTION('',(-1.,0.,0.));
#3381=DIRECTION('',(1.,0.,0.));
#3382=DIRECTION('center_axis',(0.,1.,0.));
#3383=DIRECTION('ref_axis',(-1.,0.,0.));
#3384=DIRECTION('center_axis',(0.,1.,0.));
#3385=DIRECTION('ref_axis',(-1.,0.,0.));
#3386=DIRECTION('center_axis',(0.,0.,-1.));
#3387=DIRECTION('ref_axis',(1.,0.,0.));
#3388=DIRECTION('center_axis',(0.,0.,-1.));
#3389=DIRECTION('ref_axis',(1.,0.,0.));
#3390=DIRECTION('',(0.,0.,-1.));
#3391=DIRECTION('center_axis',(0.,0.,1.));
#3392=DIRECTION('ref_axis',(1.,0.,0.));
#3393=DIRECTION('center_axis',(0.,0.,-1.));
#3394=DIRECTION('ref_axis',(1.,0.,0.));
#3395=DIRECTION('center_axis',(0.,0.,-1.));
#3396=DIRECTION('ref_axis',(1.,0.,0.));
#3397=DIRECTION('',(0.,0.,-1.));
#3398=DIRECTION('center_axis',(0.,0.,1.));
#3399=DIRECTION('ref_axis',(1.,0.,0.));
#3400=DIRECTION('center_axis',(0.,0.,1.));
#3401=DIRECTION('ref_axis',(-1.,0.,0.));
#3402=DIRECTION('',(-1.,0.,0.));
#3403=DIRECTION('',(0.,-1.,0.));
#3404=DIRECTION('',(-1.,0.,0.));
#3405=DIRECTION('',(0.,-1.,0.));
#3406=DIRECTION('center_axis',(1.,0.,0.));
#3407=DIRECTION('ref_axis',(0.,0.,1.));
#3408=DIRECTION('',(0.,0.,1.));
#3409=DIRECTION('',(0.,0.,1.));
#3410=DIRECTION('',(0.,-1.,0.));
#3411=DIRECTION('center_axis',(0.,0.,-1.));
#3412=DIRECTION('ref_axis',(1.,0.,0.));
#3413=DIRECTION('',(1.,0.,0.));
#3414=DIRECTION('',(1.,0.,0.));
#3415=DIRECTION('',(0.,-1.,0.));
#3416=DIRECTION('center_axis',(0.,-1.,0.));
#3417=DIRECTION('ref_axis',(-0.866622456874169,0.,-0.498964444866946));
#3418=DIRECTION('center_axis',(0.,1.,0.));
#3419=DIRECTION('ref_axis',(-0.866622456874169,0.,-0.498964444866946));
#3420=DIRECTION('center_axis',(0.,-1.,0.));
#3421=DIRECTION('ref_axis',(-0.866622456874169,0.,-0.498964444866946));
#3422=DIRECTION('center_axis',(0.,1.,0.));
#3423=DIRECTION('ref_axis',(-1.,0.,0.));
#3424=DIRECTION('center_axis',(0.,1.,0.));
#3425=DIRECTION('ref_axis',(-1.,0.,0.));
#3426=DIRECTION('center_axis',(0.707106781186547,0.,0.707106781186548));
#3427=DIRECTION('ref_axis',(0.,1.,0.));
#3428=DIRECTION('',(0.707106781186547,0.,0.707106781186548));
#3429=DIRECTION('center_axis',(-1.83697019872103E-16,0.,1.));
#3430=DIRECTION('ref_axis',(0.,1.,0.));
#3431=DIRECTION('',(-1.83697019872103E-16,0.,1.));
#3432=DIRECTION('center_axis',(-0.707106781186548,0.,0.707106781186547));
#3433=DIRECTION('ref_axis',(0.,1.,0.));
#3434=DIRECTION('',(-0.707106781186548,0.,0.707106781186547));
#3435=DIRECTION('center_axis',(-1.,0.,-1.22464679914735E-16));
#3436=DIRECTION('ref_axis',(0.,1.,0.));
#3437=DIRECTION('',(-1.,0.,-1.22464679914735E-16));
#3438=DIRECTION('center_axis',(-0.707106781186547,0.,-0.707106781186548));
#3439=DIRECTION('ref_axis',(0.,1.,0.));
#3440=DIRECTION('',(-0.707106781186548,0.,-0.707106781186548));
#3441=DIRECTION('center_axis',(6.12323399573677E-17,0.,-1.));
#3442=DIRECTION('ref_axis',(0.,1.,0.));
#3443=DIRECTION('',(6.12323399573677E-17,0.,-1.));
#3444=DIRECTION('center_axis',(0.707106781186548,0.,-0.707106781186548));
#3445=DIRECTION('ref_axis',(0.,1.,0.));
#3446=DIRECTION('',(0.707106781186547,0.,-0.707106781186547));
#3447=DIRECTION('center_axis',(1.,0.,0.));
#3448=DIRECTION('ref_axis',(0.,1.,0.));
#3449=DIRECTION('',(1.,0.,0.));
#3450=DIRECTION('center_axis',(0.,1.,0.));
#3451=DIRECTION('ref_axis',(-1.,0.,0.));
#3452=DIRECTION('center_axis',(0.,1.,0.));
#3453=DIRECTION('ref_axis',(-1.,0.,0.));
#3454=DIRECTION('center_axis',(0.,-1.,0.));
#3455=DIRECTION('ref_axis',(-1.,0.,0.));
#3456=DIRECTION('center_axis',(0.,1.,0.));
#3457=DIRECTION('ref_axis',(-1.,0.,0.));
#3458=DIRECTION('center_axis',(0.,1.,0.));
#3459=DIRECTION('ref_axis',(-1.,0.,0.));
#3460=DIRECTION('',(0.,1.,0.));
#3461=DIRECTION('center_axis',(0.,1.,0.));
#3462=DIRECTION('ref_axis',(-1.,0.,0.));
#3463=DIRECTION('',(0.,-1.,0.));
#3464=DIRECTION('center_axis',(0.,1.,0.));
#3465=DIRECTION('ref_axis',(-1.,0.,0.));
#3466=DIRECTION('center_axis',(0.,1.,0.));
#3467=DIRECTION('ref_axis',(-1.,0.,0.));
#3468=DIRECTION('center_axis',(0.707106781186547,0.,0.707106781186548));
#3469=DIRECTION('ref_axis',(0.,1.,0.));
#3470=DIRECTION('',(0.707106781186547,0.,0.707106781186548));
#3471=DIRECTION('center_axis',(-1.83697019872103E-16,0.,1.));
#3472=DIRECTION('ref_axis',(0.,1.,0.));
#3473=DIRECTION('',(-1.83697019872103E-16,0.,1.));
#3474=DIRECTION('center_axis',(-0.707106781186548,0.,0.707106781186547));
#3475=DIRECTION('ref_axis',(0.,1.,0.));
#3476=DIRECTION('',(-0.707106781186548,0.,0.707106781186547));
#3477=DIRECTION('center_axis',(-1.,0.,-1.22464679914735E-16));
#3478=DIRECTION('ref_axis',(0.,1.,0.));
#3479=DIRECTION('',(-1.,0.,-1.22464679914735E-16));
#3480=DIRECTION('center_axis',(-0.707106781186547,0.,-0.707106781186548));
#3481=DIRECTION('ref_axis',(0.,1.,0.));
#3482=DIRECTION('',(-0.707106781186547,0.,-0.707106781186548));
#3483=DIRECTION('center_axis',(6.12323399573677E-17,0.,-1.));
#3484=DIRECTION('ref_axis',(0.,1.,0.));
#3485=DIRECTION('',(6.12323399573677E-17,0.,-1.));
#3486=DIRECTION('center_axis',(0.707106781186548,0.,-0.707106781186548));
#3487=DIRECTION('ref_axis',(0.,1.,0.));
#3488=DIRECTION('',(0.707106781186547,0.,-0.707106781186547));
#3489=DIRECTION('center_axis',(1.,0.,0.));
#3490=DIRECTION('ref_axis',(0.,1.,0.));
#3491=DIRECTION('',(1.,0.,0.));
#3492=DIRECTION('center_axis',(0.,1.,0.));
#3493=DIRECTION('ref_axis',(-1.,0.,0.));
#3494=DIRECTION('center_axis',(0.,1.,0.));
#3495=DIRECTION('ref_axis',(-1.,0.,0.));
#3496=DIRECTION('center_axis',(0.,-1.,0.));
#3497=DIRECTION('ref_axis',(-1.,0.,0.));
#3498=DIRECTION('center_axis',(0.,1.,0.));
#3499=DIRECTION('ref_axis',(-1.,0.,0.));
#3500=DIRECTION('center_axis',(0.,1.,0.));
#3501=DIRECTION('ref_axis',(-1.,0.,0.));
#3502=DIRECTION('',(0.,1.,0.));
#3503=DIRECTION('center_axis',(0.,1.,0.));
#3504=DIRECTION('ref_axis',(-1.,0.,0.));
#3505=DIRECTION('',(0.,-1.,0.));
#3506=DIRECTION('center_axis',(0.,1.,0.));
#3507=DIRECTION('ref_axis',(-1.,0.,0.));
#3508=DIRECTION('center_axis',(0.,1.,0.));
#3509=DIRECTION('ref_axis',(-1.,0.,0.));
#3510=DIRECTION('center_axis',(0.916583160237764,0.,-0.399844107582634));
#3511=DIRECTION('ref_axis',(0.,-1.,0.));
#3512=DIRECTION('center_axis',(0.,1.,0.));
#3513=DIRECTION('ref_axis',(0.399844107582632,0.,0.916583160237765));
#3514=DIRECTION('center_axis',(0.,1.,0.));
#3515=DIRECTION('ref_axis',(0.399844107582632,0.,0.916583160237765));
#3516=DIRECTION('center_axis',(0.,1.,0.));
#3517=DIRECTION('ref_axis',(1.,0.,0.));
#3518=DIRECTION('',(0.,0.,-1.));
#3519=DIRECTION('',(1.,0.,-9.8562352200951E-17));
#3520=DIRECTION('center_axis',(0.,-1.,0.));
#3521=DIRECTION('ref_axis',(-1.,0.,0.));
#3522=DIRECTION('',(1.,0.,9.8562352200951E-17));
#3523=DIRECTION('',(0.,0.,-1.));
#3524=DIRECTION('center_axis',(0.,1.,0.));
#3525=DIRECTION('ref_axis',(-0.00368400372538923,0.,-0.999993214035251));
#3526=DIRECTION('center_axis',(0.,1.,0.));
#3527=DIRECTION('ref_axis',(0.634601088940088,0.,-0.77283986563586));
#3528=DIRECTION('center_axis',(0.,-1.,0.));
#3529=DIRECTION('ref_axis',(0.00428757786377241,0.,0.999990808295787));
#3530=DIRECTION('center_axis',(0.,-1.,0.));
#3531=DIRECTION('ref_axis',(-1.,0.,0.));
#3532=DIRECTION('',(0.,0.,-1.));
#3533=DIRECTION('',(-1.,0.,-9.8562352200951E-17));
#3534=DIRECTION('center_axis',(0.,1.,0.));
#3535=DIRECTION('ref_axis',(-1.,0.,0.));
#3536=DIRECTION('',(-1.,0.,9.8562352200951E-17));
#3537=DIRECTION('',(0.,0.,-1.));
#3538=DIRECTION('center_axis',(1.,0.,0.));
#3539=DIRECTION('ref_axis',(0.,-1.,0.));
#3540=DIRECTION('',(0.,-1.,0.));
#3541=DIRECTION('',(0.,-1.,0.));
#3542=DIRECTION('center_axis',(-1.,0.,0.));
#3543=DIRECTION('ref_axis',(0.,1.,0.));
#3544=DIRECTION('',(0.,1.,0.));
#3545=DIRECTION('',(0.,1.,0.));
#3546=DIRECTION('center_axis',(9.8562352200951E-17,0.,1.));
#3547=DIRECTION('ref_axis',(1.,0.,-9.8562352200951E-17));
#3548=DIRECTION('',(0.,1.,0.));
#3549=DIRECTION('',(1.,0.,-9.8562352200951E-17));
#3550=DIRECTION('',(0.,1.,0.));
#3551=DIRECTION('',(1.,0.,-9.8562352200951E-17));
#3552=DIRECTION('',(0.,1.,0.));
#3553=DIRECTION('center_axis',(-9.8562352200951E-17,0.,-1.));
#3554=DIRECTION('ref_axis',(1.,0.,0.));
#3555=DIRECTION('center_axis',(-9.8562352200951E-17,0.,-1.));
#3556=DIRECTION('ref_axis',(1.,0.,0.));
#3557=DIRECTION('center_axis',(0.,1.,0.));
#3558=DIRECTION('ref_axis',(-1.,0.,0.));
#3559=DIRECTION('',(0.,1.,0.));
#3560=DIRECTION('center_axis',(0.,1.,0.));
#3561=DIRECTION('ref_axis',(-1.,0.,0.));
#3562=DIRECTION('center_axis',(0.,1.,0.));
#3563=DIRECTION('ref_axis',(-1.,0.,0.));
#3564=DIRECTION('center_axis',(0.,-1.,0.));
#3565=DIRECTION('ref_axis',(-1.,0.,0.));
#3566=DIRECTION('',(0.,1.,0.));
#3567=DIRECTION('',(1.,0.,0.));
#3568=DIRECTION('',(1.,0.,0.));
#3569=DIRECTION('center_axis',(0.,0.,1.));
#3570=DIRECTION('ref_axis',(0.,-1.,0.));
#3571=DIRECTION('',(0.,-1.,0.));
#3572=DIRECTION('',(0.,1.,0.));
#3573=DIRECTION('center_axis',(0.,0.,-1.));
#3574=DIRECTION('ref_axis',(1.,0.,0.));
#3575=DIRECTION('center_axis',(0.,0.,-1.));
#3576=DIRECTION('ref_axis',(1.,0.,0.));
#3577=DIRECTION('center_axis',(0.,0.,-1.));
#3578=DIRECTION('ref_axis',(1.,0.,0.));
#3579=DIRECTION('center_axis',(0.,0.,-1.));
#3580=DIRECTION('ref_axis',(1.,0.,0.));
#3581=DIRECTION('center_axis',(0.,0.,-1.));
#3582=DIRECTION('ref_axis',(1.,0.,0.));
#3583=DIRECTION('',(0.,0.,-1.));
#3584=DIRECTION('center_axis',(0.,0.,-1.));
#3585=DIRECTION('ref_axis',(1.,0.,0.));
#3586=DIRECTION('',(0.,0.,-1.));
#3587=DIRECTION('center_axis',(0.,0.,-1.));
#3588=DIRECTION('ref_axis',(1.,0.,0.));
#3589=DIRECTION('center_axis',(9.8562352200951E-17,0.,-1.));
#3590=DIRECTION('ref_axis',(1.,0.,0.));
#3591=DIRECTION('',(0.,0.,-1.));
#3592=DIRECTION('center_axis',(0.,0.,-1.));
#3593=DIRECTION('ref_axis',(1.,0.,0.));
#3594=DIRECTION('center_axis',(9.8562352200951E-17,0.,-1.));
#3595=DIRECTION('ref_axis',(1.,0.,0.));
#3596=DIRECTION('',(0.,0.,-1.));
#3597=DIRECTION('center_axis',(-9.8562352200951E-17,0.,1.));
#3598=DIRECTION('ref_axis',(1.,0.,9.8562352200951E-17));
#3599=DIRECTION('',(1.,0.,9.8562352200951E-17));
#3600=DIRECTION('',(0.,1.,0.));
#3601=DIRECTION('',(-1.,0.,-9.8562352200951E-17));
#3602=DIRECTION('center_axis',(0.,1.,0.));
#3603=DIRECTION('ref_axis',(0.634601088940088,0.,-0.77283986563586));
#3604=DIRECTION('center_axis',(0.,1.,0.));
#3605=DIRECTION('ref_axis',(0.634601088940088,0.,-0.77283986563586));
#3606=DIRECTION('center_axis',(0.,1.,0.));
#3607=DIRECTION('ref_axis',(0.634601088940088,0.,-0.77283986563586));
#3608=DIRECTION('center_axis',(0.,1.,0.));
#3609=DIRECTION('ref_axis',(0.634601088940088,0.,-0.77283986563586));
#3610=DIRECTION('center_axis',(0.,1.,0.));
#3611=DIRECTION('ref_axis',(-1.,0.,0.));
#3612=DIRECTION('center_axis',(0.,1.,0.));
#3613=DIRECTION('ref_axis',(-1.,0.,0.));
#3614=DIRECTION('center_axis',(0.,1.,0.));
#3615=DIRECTION('ref_axis',(-0.623489801858733,0.,-0.78183148246803));
#3616=DIRECTION('center_axis',(0.,-1.,0.));
#3617=DIRECTION('ref_axis',(-1.,0.,0.));
#3618=DIRECTION('',(-0.78183148246803,0.,0.623489801858733));
#3619=DIRECTION('center_axis',(0.,1.,0.));
#3620=DIRECTION('ref_axis',(-1.,0.,0.));
#3621=DIRECTION('',(-0.78183148246803,0.,0.623489801858733));
#3622=DIRECTION('center_axis',(-0.59544108172958,-0.296562825370967,-0.74665949990387));
#3623=DIRECTION('ref_axis',(0.18490389722921,-0.955013345774806,0.231862153404691));
#3624=DIRECTION('center_axis',(0.59544108172958,0.296562825370967,0.74665949990387));
#3625=DIRECTION('ref_axis',(-0.18490389722921,0.955013345774806,-0.231862153404691));
#3626=DIRECTION('center_axis',(-0.59544108172958,-0.296562825370967,-0.74665949990387));
#3627=DIRECTION('ref_axis',(-0.18490389722921,0.955013345774806,-0.231862153404691));
#3628=DIRECTION('',(-0.78183148246803,0.,0.623489801858733));
#3629=DIRECTION('center_axis',(0.59544108172958,-0.296562825370967,0.74665949990387));
#3630=DIRECTION('ref_axis',(0.18490389722921,0.955013345774806,0.231862153404691));
#3631=DIRECTION('center_axis',(-0.59544108172958,0.296562825370967,-0.74665949990387));
#3632=DIRECTION('ref_axis',(-0.18490389722921,-0.955013345774806,-0.231862153404691));
#3633=DIRECTION('center_axis',(0.59544108172958,-0.296562825370967,0.74665949990387));
#3634=DIRECTION('ref_axis',(-0.18490389722921,-0.955013345774806,-0.231862153404691));
#3635=DIRECTION('center_axis',(0.,1.,0.));
#3636=DIRECTION('ref_axis',(0.222520933956315,0.,-0.974927912181824));
#3637=DIRECTION('center_axis',(0.,-1.,0.));
#3638=DIRECTION('ref_axis',(-1.,0.,0.));
#3639=DIRECTION('',(-0.974927912181824,0.,-0.222520933956315));
#3640=DIRECTION('center_axis',(0.,1.,0.));
#3641=DIRECTION('ref_axis',(-1.,0.,0.));
#3642=DIRECTION('',(-0.974927912181824,0.,-0.222520933956315));
#3643=DIRECTION('center_axis',(0.212510461642555,-0.296562825370967,-0.93106916730201));
#3644=DIRECTION('ref_axis',(-0.0659914368782711,-0.955013345774806,0.28912737616966));
#3645=DIRECTION('center_axis',(-0.212510461642555,0.296562825370967,0.93106916730201));
#3646=DIRECTION('ref_axis',(-0.0659914368782711,-0.955013345774806,0.28912737616966));
#3647=DIRECTION('center_axis',(0.212510461642555,-0.296562825370967,-0.93106916730201));
#3648=DIRECTION('ref_axis',(-0.0659914368782711,-0.955013345774806,0.28912737616966));
#3649=DIRECTION('',(-0.974927912181824,0.,-0.222520933956315));
#3650=DIRECTION('center_axis',(-0.212510461642555,-0.296562825370967,0.93106916730201));
#3651=DIRECTION('ref_axis',(-0.0659914368782711,0.955013345774806,0.28912737616966));
#3652=DIRECTION('center_axis',(0.212510461642555,0.296562825370967,-0.93106916730201));
#3653=DIRECTION('ref_axis',(-0.0659914368782711,0.955013345774806,0.28912737616966));
#3654=DIRECTION('center_axis',(-0.212510461642555,-0.296562825370967,0.93106916730201));
#3655=DIRECTION('ref_axis',(-0.0659914368782711,0.955013345774806,0.28912737616966));
#3656=DIRECTION('center_axis',(0.,1.,0.));
#3657=DIRECTION('ref_axis',(0.900968867902419,0.,-0.433883739117558));
#3658=DIRECTION('center_axis',(0.,-1.,0.));
#3659=DIRECTION('ref_axis',(-1.,0.,0.));
#3660=DIRECTION('',(-0.433883739117558,0.,-0.900968867902419));
#3661=DIRECTION('center_axis',(0.,1.,0.));
#3662=DIRECTION('ref_axis',(-1.,0.,0.));
#3663=DIRECTION('',(-0.433883739117558,0.,-0.900968867902419));
#3664=DIRECTION('center_axis',(0.860437292974429,-0.296562825370967,-0.414364761371942));
#3665=DIRECTION('ref_axis',(-0.267193873036423,-0.955013345774806,0.128673787555223));
#3666=DIRECTION('center_axis',(-0.860437292974429,0.296562825370967,0.414364761371942));
#3667=DIRECTION('ref_axis',(-0.267193873036423,-0.955013345774806,0.128673787555223));
#3668=DIRECTION('center_axis',(0.860437292974429,-0.296562825370967,-0.414364761371942));
#3669=DIRECTION('ref_axis',(-0.267193873036423,-0.955013345774806,0.128673787555223));
#3670=DIRECTION('',(-0.433883739117558,0.,-0.900968867902419));
#3671=DIRECTION('center_axis',(-0.860437292974429,-0.296562825370967,0.414364761371942));
#3672=DIRECTION('ref_axis',(-0.267193873036423,0.955013345774806,0.128673787555223));
#3673=DIRECTION('center_axis',(0.860437292974429,0.296562825370967,-0.414364761371942));
#3674=DIRECTION('ref_axis',(-0.267193873036423,0.955013345774806,0.128673787555223));
#3675=DIRECTION('center_axis',(-0.860437292974429,-0.296562825370967,0.414364761371942));
#3676=DIRECTION('ref_axis',(-0.267193873036423,0.955013345774806,0.128673787555223));
#3677=DIRECTION('center_axis',(0.,1.,0.));
#3678=DIRECTION('ref_axis',(0.900968867902419,0.,0.433883739117558));
#3679=DIRECTION('center_axis',(0.,-1.,0.));
#3680=DIRECTION('ref_axis',(-1.,0.,0.));
#3681=DIRECTION('',(0.433883739117558,0.,-0.900968867902419));
#3682=DIRECTION('center_axis',(0.,1.,0.));
#3683=DIRECTION('ref_axis',(-1.,0.,0.));
#3684=DIRECTION('',(0.433883739117558,0.,-0.900968867902419));
#3685=DIRECTION('center_axis',(0.860437292974429,-0.296562825370967,0.414364761371942));
#3686=DIRECTION('ref_axis',(-0.267193873036423,-0.955013345774806,-0.128673787555223));
#3687=DIRECTION('center_axis',(-0.860437292974429,0.296562825370967,-0.414364761371942));
#3688=DIRECTION('ref_axis',(-0.267193873036423,-0.955013345774806,-0.128673787555223));
#3689=DIRECTION('center_axis',(0.860437292974429,-0.296562825370967,0.414364761371942));
#3690=DIRECTION('ref_axis',(-0.267193873036423,-0.955013345774806,-0.128673787555223));
#3691=DIRECTION('',(0.433883739117558,0.,-0.900968867902419));
#3692=DIRECTION('center_axis',(-0.860437292974429,-0.296562825370967,-0.414364761371942));
#3693=DIRECTION('ref_axis',(-0.267193873036423,0.955013345774806,-0.128673787555223));
#3694=DIRECTION('center_axis',(0.860437292974429,0.296562825370967,0.414364761371942));
#3695=DIRECTION('ref_axis',(-0.267193873036423,0.955013345774806,-0.128673787555223));
#3696=DIRECTION('center_axis',(-0.860437292974429,-0.296562825370967,-0.414364761371942));
#3697=DIRECTION('ref_axis',(-0.267193873036423,0.955013345774806,-0.128673787555223));
#3698=DIRECTION('center_axis',(0.,1.,0.));
#3699=DIRECTION('ref_axis',(0.222520933956314,0.,0.974927912181824));
#3700=DIRECTION('center_axis',(0.,-1.,0.));
#3701=DIRECTION('ref_axis',(-1.,0.,0.));
#3702=DIRECTION('',(0.974927912181824,0.,-0.222520933956314));
#3703=DIRECTION('center_axis',(0.,1.,0.));
#3704=DIRECTION('ref_axis',(-1.,0.,0.));
#3705=DIRECTION('center_axis',(0.,1.,0.));
#3706=DIRECTION('ref_axis',(-1.,0.,0.));
#3707=DIRECTION('',(0.974927912181824,0.,-0.222520933956314));
#3708=DIRECTION('center_axis',(0.,-1.,0.));
#3709=DIRECTION('ref_axis',(-1.,0.,0.));
#3710=DIRECTION('center_axis',(0.212510461642554,-0.296562825370967,0.93106916730201));
#3711=DIRECTION('ref_axis',(-0.065991436878271,-0.955013345774806,-0.28912737616966));
#3712=DIRECTION('center_axis',(-0.212510461642554,0.296562825370967,-0.93106916730201));
#3713=DIRECTION('ref_axis',(-0.0659914368782709,-0.955013345774806,-0.28912737616966));
#3714=DIRECTION('center_axis',(0.212510461642554,-0.296562825370967,0.93106916730201));
#3715=DIRECTION('ref_axis',(-0.065991436878271,-0.955013345774806,-0.28912737616966));
#3716=DIRECTION('center_axis',(0.212510461642554,-0.296562825370967,0.93106916730201));
#3717=DIRECTION('ref_axis',(-0.065991436878271,-0.955013345774806,-0.28912737616966));
#3718=DIRECTION('',(0.974927912181824,0.,-0.222520933956314));
#3719=DIRECTION('center_axis',(-0.212510461642554,0.296562825370967,-0.93106916730201));
#3720=DIRECTION('ref_axis',(-0.0659914368782709,-0.955013345774806,-0.28912737616966));
#3721=DIRECTION('center_axis',(-0.212510461642554,-0.296562825370967,-0.93106916730201));
#3722=DIRECTION('ref_axis',(-0.065991436878271,0.955013345774806,-0.28912737616966));
#3723=DIRECTION('center_axis',(0.212510461642554,0.296562825370967,0.93106916730201));
#3724=DIRECTION('ref_axis',(-0.0659914368782709,0.955013345774806,-0.28912737616966));
#3725=DIRECTION('center_axis',(-0.212510461642554,-0.296562825370967,-0.93106916730201));
#3726=DIRECTION('ref_axis',(-0.065991436878271,0.955013345774806,-0.28912737616966));
#3727=DIRECTION('center_axis',(0.,1.,0.));
#3728=DIRECTION('ref_axis',(-0.623489801858734,0.,0.78183148246803));
#3729=DIRECTION('center_axis',(0.,-1.,0.));
#3730=DIRECTION('ref_axis',(-1.,0.,0.));
#3731=DIRECTION('',(0.78183148246803,0.,0.623489801858734));
#3732=DIRECTION('center_axis',(0.,1.,0.));
#3733=DIRECTION('ref_axis',(-1.,0.,0.));
#3734=DIRECTION('',(0.78183148246803,0.,0.623489801858734));
#3735=DIRECTION('center_axis',(-0.59544108172958,-0.296562825370967,0.74665949990387));
#3736=DIRECTION('ref_axis',(0.184903897229211,-0.955013345774806,-0.231862153404691));
#3737=DIRECTION('center_axis',(0.59544108172958,0.296562825370967,-0.74665949990387));
#3738=DIRECTION('ref_axis',(-0.184903897229211,0.955013345774806,0.231862153404691));
#3739=DIRECTION('center_axis',(-0.59544108172958,-0.296562825370967,0.74665949990387));
#3740=DIRECTION('ref_axis',(-0.184903897229211,0.955013345774806,0.231862153404691));
#3741=DIRECTION('',(0.78183148246803,0.,0.623489801858734));
#3742=DIRECTION('center_axis',(0.59544108172958,-0.296562825370967,-0.74665949990387));
#3743=DIRECTION('ref_axis',(0.184903897229211,0.955013345774806,-0.231862153404691));
#3744=DIRECTION('center_axis',(-0.59544108172958,0.296562825370967,0.74665949990387));
#3745=DIRECTION('ref_axis',(-0.184903897229211,-0.955013345774806,0.231862153404691));
#3746=DIRECTION('center_axis',(0.59544108172958,-0.296562825370967,-0.74665949990387));
#3747=DIRECTION('ref_axis',(-0.184903897229211,-0.955013345774806,0.231862153404691));
#3748=DIRECTION('center_axis',(0.,1.,0.));
#3749=DIRECTION('ref_axis',(-1.,0.,0.));
#3750=DIRECTION('center_axis',(0.,-1.,0.));
#3751=DIRECTION('ref_axis',(-1.,0.,0.));
#3752=DIRECTION('',(0.,0.,1.));
#3753=DIRECTION('center_axis',(0.,1.,0.));
#3754=DIRECTION('ref_axis',(-1.,0.,0.));
#3755=DIRECTION('',(0.,0.,1.));
#3756=DIRECTION('center_axis',(-0.955013345774806,-0.296562825370967,0.));
#3757=DIRECTION('ref_axis',(0.296562825370967,-0.955013345774806,0.));
#3758=DIRECTION('center_axis',(0.955013345774806,0.296562825370967,0.));
#3759=DIRECTION('ref_axis',(-0.296562825370967,0.955013345774806,0.));
#3760=DIRECTION('center_axis',(-0.955013345774806,-0.296562825370967,0.));
#3761=DIRECTION('ref_axis',(-0.296562825370967,0.955013345774806,0.));
#3762=DIRECTION('',(0.,0.,1.));
#3763=DIRECTION('center_axis',(0.955013345774806,-0.296562825370967,0.));
#3764=DIRECTION('ref_axis',(0.296562825370967,0.955013345774806,0.));
#3765=DIRECTION('center_axis',(-0.955013345774806,0.296562825370967,0.));
#3766=DIRECTION('ref_axis',(-0.296562825370967,-0.955013345774806,0.));
#3767=DIRECTION('center_axis',(0.955013345774806,-0.296562825370967,0.));
#3768=DIRECTION('ref_axis',(-0.296562825370967,-0.955013345774806,0.));
#3769=DIRECTION('center_axis',(0.,1.,0.));
#3770=DIRECTION('ref_axis',(-1.,0.,0.));
#3771=DIRECTION('center_axis',(0.,-1.,0.));
#3772=DIRECTION('ref_axis',(-1.,0.,0.));
#3773=DIRECTION('',(0.,-1.,0.));
#3774=DIRECTION('',(0.,-1.,0.));
#3775=DIRECTION('center_axis',(0.,-1.,0.));
#3776=DIRECTION('ref_axis',(-1.,0.,0.));
#3777=DIRECTION('center_axis',(0.,1.,0.));
#3778=DIRECTION('ref_axis',(-1.,0.,0.));
#3779=DIRECTION('center_axis',(0.,1.,0.));
#3780=DIRECTION('ref_axis',(-1.,0.,0.));
#3781=DIRECTION('',(0.,-1.,0.));
#3782=DIRECTION('',(0.,-1.,0.));
#3783=DIRECTION('center_axis',(0.,1.,0.));
#3784=DIRECTION('ref_axis',(-1.,0.,0.));
#3785=DIRECTION('center_axis',(0.,1.,0.));
#3786=DIRECTION('ref_axis',(-1.,0.,0.));
#3787=DIRECTION('center_axis',(0.,1.,0.));
#3788=DIRECTION('ref_axis',(-1.,0.,0.));
#3789=DIRECTION('center_axis',(0.,1.,0.));
#3790=DIRECTION('ref_axis',(0.,0.,-1.));
#3791=DIRECTION('center_axis',(0.,1.,0.));
#3792=DIRECTION('ref_axis',(0.,0.,-1.));
#3793=DIRECTION('',(0.,1.,0.));
#3794=DIRECTION('center_axis',(0.,-1.,0.));
#3795=DIRECTION('ref_axis',(0.,0.,-1.));
#3796=DIRECTION('center_axis',(0.,1.,0.));
#3797=DIRECTION('ref_axis',(0.,0.,-1.));
#3798=DIRECTION('center_axis',(0.,1.,0.));
#3799=DIRECTION('ref_axis',(0.,0.,-1.));
#3800=DIRECTION('',(0.,1.,0.));
#3801=DIRECTION('center_axis',(0.,-1.,0.));
#3802=DIRECTION('ref_axis',(0.,0.,-1.));
#3803=DIRECTION('center_axis',(0.,1.,0.));
#3804=DIRECTION('ref_axis',(0.,0.,-1.));
#3805=DIRECTION('center_axis',(0.,1.,0.));
#3806=DIRECTION('ref_axis',(0.,0.,-1.));
#3807=DIRECTION('',(0.,1.,0.));
#3808=DIRECTION('center_axis',(0.,-1.,0.));
#3809=DIRECTION('ref_axis',(0.,0.,-1.));
#3810=DIRECTION('center_axis',(0.,-1.,0.));
#3811=DIRECTION('ref_axis',(-1.,0.,0.));
#3812=DIRECTION('center_axis',(0.,1.,0.));
#3813=DIRECTION('ref_axis',(-1.,0.,0.));
#3814=DIRECTION('',(0.,-1.,0.));
#3815=DIRECTION('center_axis',(0.,-1.,0.));
#3816=DIRECTION('ref_axis',(-1.,0.,0.));
#3817=DIRECTION('',(0.,-1.,0.));
#3818=DIRECTION('center_axis',(0.,-1.,0.));
#3819=DIRECTION('ref_axis',(0.691253877876199,0.,0.722611981855489));
#3820=DIRECTION('center_axis',(0.,1.,0.));
#3821=DIRECTION('ref_axis',(-1.,0.,0.));
#3822=DIRECTION('center_axis',(0.,-1.,0.));
#3823=DIRECTION('ref_axis',(-1.,0.,0.));
#3824=DIRECTION('center_axis',(0.,1.,0.));
#3825=DIRECTION('ref_axis',(-1.,0.,0.));
#3826=DIRECTION('center_axis',(0.,1.,0.));
#3827=DIRECTION('ref_axis',(-1.,0.,0.));
#3828=DIRECTION('center_axis',(1.,0.,0.));
#3829=DIRECTION('ref_axis',(0.,0.,1.));
#3830=DIRECTION('',(0.,0.,1.));
#3831=DIRECTION('',(0.,-1.,0.));
#3832=DIRECTION('',(0.,0.,1.));
#3833=DIRECTION('',(0.,-1.,0.));
#3834=DIRECTION('center_axis',(0.,0.,1.));
#3835=DIRECTION('ref_axis',(-1.,0.,0.));
#3836=DIRECTION('',(-1.,0.,0.));
#3837=DIRECTION('',(-1.,0.,0.));
#3838=DIRECTION('',(0.,-1.,0.));
#3839=DIRECTION('center_axis',(-1.,0.,0.));
#3840=DIRECTION('ref_axis',(0.,0.,-1.));
#3841=DIRECTION('',(0.,0.,-1.));
#3842=DIRECTION('',(0.,0.,-1.));
#3843=DIRECTION('',(0.,-1.,0.));
#3844=DIRECTION('center_axis',(0.,0.,-1.));
#3845=DIRECTION('ref_axis',(1.,0.,0.));
#3846=DIRECTION('',(1.,0.,0.));
#3847=DIRECTION('',(1.,0.,0.));
#3848=DIRECTION('center_axis',(0.,0.,-1.));
#3849=DIRECTION('ref_axis',(1.,0.,0.));
#3850=DIRECTION('',(1.,0.,0.));
#3851=DIRECTION('',(0.,-1.,0.));
#3852=DIRECTION('',(1.,0.,0.));
#3853=DIRECTION('',(0.,-1.,0.));
#3854=DIRECTION('center_axis',(0.,-1.,0.));
#3855=DIRECTION('ref_axis',(-0.838028445555529,0.,-0.545626543012511));
#3856=DIRECTION('center_axis',(0.,-1.,0.));
#3857=DIRECTION('ref_axis',(-0.838028445555529,0.,-0.545626543012511));
#3858=DIRECTION('center_axis',(0.,-1.,0.));
#3859=DIRECTION('ref_axis',(-0.838028445555529,0.,-0.545626543012511));
#3860=DIRECTION('',(0.,-1.,0.));
#3861=DIRECTION('center_axis',(-1.,0.,0.));
#3862=DIRECTION('ref_axis',(0.,0.,-1.));
#3863=DIRECTION('',(0.,0.,-1.));
#3864=DIRECTION('',(0.,0.,-1.));
#3865=DIRECTION('',(0.,-1.,0.));
#3866=DIRECTION('center_axis',(0.,-1.,0.));
#3867=DIRECTION('ref_axis',(-0.507634616772577,0.,-0.861572455371084));
#3868=DIRECTION('center_axis',(0.,-1.,0.));
#3869=DIRECTION('ref_axis',(-0.507634616772577,0.,-0.861572455371084));
#3870=DIRECTION('center_axis',(0.,-1.,0.));
#3871=DIRECTION('ref_axis',(-0.507634616772577,0.,-0.861572455371084));
#3872=DIRECTION('',(0.,-1.,0.));
#3873=DIRECTION('center_axis',(0.,0.,1.));
#3874=DIRECTION('ref_axis',(-1.,0.,0.));
#3875=DIRECTION('',(-1.,0.,0.));
#3876=DIRECTION('',(-1.,0.,0.));
#3877=DIRECTION('',(0.,-1.,0.));
#3878=DIRECTION('center_axis',(1.,0.,0.));
#3879=DIRECTION('ref_axis',(0.,0.,1.));
#3880=DIRECTION('',(0.,0.,1.));
#3881=DIRECTION('',(0.,0.,1.));
#3882=DIRECTION('',(0.,-1.,0.));
#3883=DIRECTION('center_axis',(0.,-1.,0.));
#3884=DIRECTION('ref_axis',(-0.507634616772577,0.,-0.861572455371084));
#3885=DIRECTION('center_axis',(0.,-1.,0.));
#3886=DIRECTION('ref_axis',(-0.507634616772577,0.,-0.861572455371084));
#3887=DIRECTION('center_axis',(0.,-1.,0.));
#3888=DIRECTION('ref_axis',(-0.507634616772577,0.,-0.861572455371084));
#3889=DIRECTION('center_axis',(0.,-1.,0.));
#3890=DIRECTION('ref_axis',(1.,0.,0.));
#3891=DIRECTION('center_axis',(0.,-1.,0.));
#3892=DIRECTION('ref_axis',(1.,0.,0.));
#3893=DIRECTION('',(0.,0.,1.));
#3894=DIRECTION('',(1.,0.,0.));
#3895=CARTESIAN_POINT('',(0.,0.,0.));
#3896=CARTESIAN_POINT('',(0.,0.,0.));
#3897=CARTESIAN_POINT('Origin',(42.449502601743,51.5466901330137,0.));
#3898=CARTESIAN_POINT('',(40.8814548056993,51.5466901330137,-2.5));
#3899=CARTESIAN_POINT('Origin',(42.449502601743,51.5466901330137,-2.5));
#3900=CARTESIAN_POINT('',(40.8814548056993,51.5466901330137,0.));
#3901=CARTESIAN_POINT('',(40.8814548056993,51.5466901330137,0.));
#3902=CARTESIAN_POINT('Origin',(42.449502601743,51.5466901330137,0.));
#3903=CARTESIAN_POINT('Origin',(99.674771409328,51.5466901330137,0.));
#3904=CARTESIAN_POINT('',(98.0835968274856,51.5466901330137,-2.5));
#3905=CARTESIAN_POINT('Origin',(99.674771409328,51.5466901330137,-2.5));
#3906=CARTESIAN_POINT('',(98.0835968274856,51.5466901330137,0.));
#3907=CARTESIAN_POINT('',(98.0835968274856,51.5466901330137,0.));
#3908=CARTESIAN_POINT('Origin',(99.674771409328,51.5466901330137,0.));
#3909=CARTESIAN_POINT('Origin',(42.4477192805116,-31.2770662789386,0.));
#3910=CARTESIAN_POINT('',(40.8036301613427,-31.2770662789386,-2.5));
#3911=CARTESIAN_POINT('Origin',(42.4477192805116,-31.2770662789386,-2.5));
#3912=CARTESIAN_POINT('',(40.8036301613427,-31.2770662789386,0.));
#3913=CARTESIAN_POINT('',(40.8036301613427,-31.2770662789386,0.));
#3914=CARTESIAN_POINT('Origin',(42.4477192805116,-31.2770662789386,0.));
#3915=CARTESIAN_POINT('Origin',(99.6724312981669,-31.2336774265894,0.));
#3916=CARTESIAN_POINT('',(98.0516646085176,-31.2336774265894,-2.5));
#3917=CARTESIAN_POINT('Origin',(99.6724312981669,-31.2336774265894,-2.5));
#3918=CARTESIAN_POINT('',(98.0516646085176,-31.2336774265894,0.));
#3919=CARTESIAN_POINT('',(98.0516646085176,-31.2336774265894,0.));
#3920=CARTESIAN_POINT('Origin',(99.6724312981669,-31.2336774265894,0.));
#3921=CARTESIAN_POINT('Origin',(103.516798000408,55.3040786836607,0.));
#3922=CARTESIAN_POINT('',(103.516798000408,55.3040786836607,0.));
#3923=CARTESIAN_POINT('',(103.516798000408,-34.9133992233993,0.));
#3924=CARTESIAN_POINT('',(103.516798000408,55.3040786836607,0.));
#3925=CARTESIAN_POINT('',(103.516798000408,-34.9133992233993,-2.5));
#3926=CARTESIAN_POINT('',(103.516798000408,-34.9133992233993,0.));
#3927=CARTESIAN_POINT('',(103.516798000408,55.3040786836607,-2.5));
#3928=CARTESIAN_POINT('',(103.516798000408,55.3040786836607,-2.5));
#3929=CARTESIAN_POINT('',(103.516798000408,55.3040786836607,0.));
#3930=CARTESIAN_POINT('Origin',(38.5464764860503,55.3040786836607,0.));
#3931=CARTESIAN_POINT('',(38.5464764860503,55.3040786836607,0.));
#3932=CARTESIAN_POINT('',(38.5464764860503,55.3040786836607,0.));
#3933=CARTESIAN_POINT('',(38.5464764860503,55.3040786836607,-2.5));
#3934=CARTESIAN_POINT('',(38.5464764860503,55.3040786836607,-2.5));
#3935=CARTESIAN_POINT('',(38.5464764860503,55.3040786836607,0.));
#3936=CARTESIAN_POINT('Origin',(38.5464764860503,-34.9133992233993,0.));
#3937=CARTESIAN_POINT('',(38.5464764860503,-34.9133992233993,0.));
#3938=CARTESIAN_POINT('',(38.5464764860503,-34.9133992233993,0.));
#3939=CARTESIAN_POINT('',(38.5464764860503,-34.9133992233993,-2.5));
#3940=CARTESIAN_POINT('',(38.5464764860503,-34.9133992233993,-2.5));
#3941=CARTESIAN_POINT('',(38.5464764860503,-34.9133992233993,0.));
#3942=CARTESIAN_POINT('Origin',(103.516798000408,-34.9133992233993,0.));
#3943=CARTESIAN_POINT('',(103.516798000408,-34.9133992233993,0.));
#3944=CARTESIAN_POINT('',(103.516798000408,-34.9133992233993,-2.5));
#3945=CARTESIAN_POINT('Origin',(71.0316372432292,10.1953397301307,0.));
#3946=CARTESIAN_POINT('Origin',(71.0316372432292,10.1953397301307,-2.5));
#3947=CARTESIAN_POINT('Origin',(99.674771409328,51.5466901330137,-2.5));
#3948=CARTESIAN_POINT('',(98.0835968274856,51.5466901330137,2.));
#3949=CARTESIAN_POINT('Origin',(99.674771409328,51.5466901330137,2.));
#3950=CARTESIAN_POINT('',(98.0835968274856,51.5466901330137,-2.5));
#3951=CARTESIAN_POINT('',(98.0835968274856,51.5466901330137,-2.5));
#3952=CARTESIAN_POINT('Origin',(99.674771409328,51.5466901330137,-2.5));
#3953=CARTESIAN_POINT('Origin',(96.0167980004082,55.3040786836607,-2.5));
#3954=CARTESIAN_POINT('',(96.0167980004082,55.3040786836607,-2.5));
#3955=CARTESIAN_POINT('',(96.0167980004082,47.8040786836607,-2.5));
#3956=CARTESIAN_POINT('',(96.0167980004082,55.3040786836607,-2.5));
#3957=CARTESIAN_POINT('',(96.0167980004082,47.8040786836607,2.));
#3958=CARTESIAN_POINT('',(96.0167980004082,47.8040786836607,-2.5));
#3959=CARTESIAN_POINT('',(96.0167980004082,55.3040786836607,2.));
#3960=CARTESIAN_POINT('',(96.0167980004082,55.3040786836607,2.));
#3961=CARTESIAN_POINT('',(96.0167980004082,55.3040786836607,-2.5));
#3962=CARTESIAN_POINT('Origin',(103.516798000408,55.3040786836607,-2.5));
#3963=CARTESIAN_POINT('',(103.516798000408,55.3040786836607,-2.5));
#3964=CARTESIAN_POINT('',(103.516798000408,55.3040786836607,-2.5));
#3965=CARTESIAN_POINT('',(103.516798000408,55.3040786836607,2.));
#3966=CARTESIAN_POINT('',(103.516798000408,55.3040786836607,2.));
#3967=CARTESIAN_POINT('',(103.516798000408,55.3040786836607,-2.5));
#3968=CARTESIAN_POINT('Origin',(103.516798000408,47.8040786836607,-2.5));
#3969=CARTESIAN_POINT('',(103.516798000408,47.8040786836607,-2.5));
#3970=CARTESIAN_POINT('',(103.516798000408,47.8040786836607,-2.5));
#3971=CARTESIAN_POINT('',(103.516798000408,47.8040786836607,2.));
#3972=CARTESIAN_POINT('',(103.516798000408,47.8040786836607,2.));
#3973=CARTESIAN_POINT('',(103.516798000408,47.8040786836607,-2.5));
#3974=CARTESIAN_POINT('Origin',(96.0167980004082,47.8040786836607,-2.5));
#3975=CARTESIAN_POINT('',(96.0167980004082,47.8040786836607,-2.5));
#3976=CARTESIAN_POINT('',(96.0167980004082,47.8040786836607,2.));
#3977=CARTESIAN_POINT('Origin',(99.7667980004082,51.5540786836607,-2.5));
#3978=CARTESIAN_POINT('Origin',(99.7667980004082,51.5540786836607,2.));
#3979=CARTESIAN_POINT('Origin',(99.6724312981669,-31.2336774265894,-2.5));
#3980=CARTESIAN_POINT('',(98.0516646085176,-31.2336774265894,2.));
#3981=CARTESIAN_POINT('Origin',(99.6724312981669,-31.2336774265894,2.));
#3982=CARTESIAN_POINT('',(98.0516646085176,-31.2336774265894,-2.5));
#3983=CARTESIAN_POINT('',(98.0516646085176,-31.2336774265894,-2.5));
#3984=CARTESIAN_POINT('Origin',(99.6724312981669,-31.2336774265894,-2.5));
#3985=CARTESIAN_POINT('Origin',(96.0167980004082,-34.9133992233993,-2.5));
#3986=CARTESIAN_POINT('',(103.516798000408,-34.9133992233993,-2.5));
#3987=CARTESIAN_POINT('',(96.0167980004082,-34.9133992233993,-2.5));
#3988=CARTESIAN_POINT('',(103.516798000408,-34.9133992233993,-2.5));
#3989=CARTESIAN_POINT('',(103.516798000408,-34.9133992233993,2.));
#3990=CARTESIAN_POINT('',(103.516798000408,-34.9133992233993,-2.5));
#3991=CARTESIAN_POINT('',(96.0167980004082,-34.9133992233993,2.));
#3992=CARTESIAN_POINT('',(103.516798000408,-34.9133992233993,2.));
#3993=CARTESIAN_POINT('',(96.0167980004082,-34.9133992233993,-2.5));
#3994=CARTESIAN_POINT('Origin',(96.0167980004082,-27.4133992233993,-2.5));
#3995=CARTESIAN_POINT('',(96.0167980004082,-27.4133992233993,-2.5));
#3996=CARTESIAN_POINT('',(96.0167980004082,-34.9133992233993,-2.5));
#3997=CARTESIAN_POINT('',(96.0167980004082,-27.4133992233993,2.));
#3998=CARTESIAN_POINT('',(96.0167980004082,-34.9133992233993,2.));
#3999=CARTESIAN_POINT('',(96.0167980004082,-27.4133992233993,-2.5));
#4000=CARTESIAN_POINT('Origin',(103.516798000408,-27.4133992233993,-2.5));
#4001=CARTESIAN_POINT('',(103.516798000408,-27.4133992233993,-2.5));
#4002=CARTESIAN_POINT('',(96.0167980004082,-27.4133992233993,-2.5));
#4003=CARTESIAN_POINT('',(103.516798000408,-27.4133992233993,2.));
#4004=CARTESIAN_POINT('',(96.0167980004082,-27.4133992233993,2.));
#4005=CARTESIAN_POINT('',(103.516798000408,-27.4133992233993,-2.5));
#4006=CARTESIAN_POINT('Origin',(103.516798000408,-34.9133992233993,-2.5));
#4007=CARTESIAN_POINT('',(103.516798000408,-27.4133992233993,-2.5));
#4008=CARTESIAN_POINT('',(103.516798000408,-27.4133992233993,2.));
#4009=CARTESIAN_POINT('Origin',(99.7667980004082,-31.1633992233993,-2.5));
#4010=CARTESIAN_POINT('Origin',(99.7667980004082,-31.1633992233993,2.));
#4011=CARTESIAN_POINT('Origin',(42.449502601743,51.5466901330137,-2.5));
#4012=CARTESIAN_POINT('',(40.8814548056993,51.5466901330137,2.));
#4013=CARTESIAN_POINT('Origin',(42.449502601743,51.5466901330137,2.));
#4014=CARTESIAN_POINT('',(40.8814548056993,51.5466901330137,-2.5));
#4015=CARTESIAN_POINT('',(40.8814548056993,51.5466901330137,-2.5));
#4016=CARTESIAN_POINT('Origin',(42.449502601743,51.5466901330137,-2.5));
#4017=CARTESIAN_POINT('Origin',(46.0464764860503,55.3040786836607,-2.5));
#4018=CARTESIAN_POINT('',(38.5464764860503,55.3040786836607,-2.5));
#4019=CARTESIAN_POINT('',(46.0464764860503,55.3040786836607,-2.5));
#4020=CARTESIAN_POINT('',(38.5464764860503,55.3040786836607,-2.5));
#4021=CARTESIAN_POINT('',(38.5464764860503,55.3040786836607,2.));
#4022=CARTESIAN_POINT('',(38.5464764860503,55.3040786836607,-2.5));
#4023=CARTESIAN_POINT('',(46.0464764860503,55.3040786836607,2.));
#4024=CARTESIAN_POINT('',(38.5464764860503,55.3040786836607,2.));
#4025=CARTESIAN_POINT('',(46.0464764860503,55.3040786836607,-2.5));
#4026=CARTESIAN_POINT('Origin',(46.0464764860503,47.8040786836607,-2.5));
#4027=CARTESIAN_POINT('',(46.0464764860503,47.8040786836607,-2.5));
#4028=CARTESIAN_POINT('',(46.0464764860503,55.3040786836607,-2.5));
#4029=CARTESIAN_POINT('',(46.0464764860503,47.8040786836607,2.));
#4030=CARTESIAN_POINT('',(46.0464764860503,55.3040786836607,2.));
#4031=CARTESIAN_POINT('',(46.0464764860503,47.8040786836607,-2.5));
#4032=CARTESIAN_POINT('Origin',(38.5464764860503,47.8040786836607,-2.5));
#4033=CARTESIAN_POINT('',(38.5464764860503,47.8040786836607,-2.5));
#4034=CARTESIAN_POINT('',(46.0464764860503,47.8040786836607,-2.5));
#4035=CARTESIAN_POINT('',(38.5464764860503,47.8040786836607,2.));
#4036=CARTESIAN_POINT('',(46.0464764860503,47.8040786836607,2.));
#4037=CARTESIAN_POINT('',(38.5464764860503,47.8040786836607,-2.5));
#4038=CARTESIAN_POINT('Origin',(38.5464764860503,55.3040786836607,-2.5));
#4039=CARTESIAN_POINT('',(38.5464764860503,47.8040786836607,-2.5));
#4040=CARTESIAN_POINT('',(38.5464764860503,47.8040786836607,2.));
#4041=CARTESIAN_POINT('Origin',(42.2964764860503,51.5540786836607,-2.5));
#4042=CARTESIAN_POINT('Origin',(42.2964764860503,51.5540786836607,2.));
#4043=CARTESIAN_POINT('Origin',(42.4477192805116,-31.2770662789386,-2.5));
#4044=CARTESIAN_POINT('',(40.8036301613427,-31.2770662789386,2.));
#4045=CARTESIAN_POINT('Origin',(42.4477192805116,-31.2770662789386,2.));
#4046=CARTESIAN_POINT('',(40.8036301613427,-31.2770662789386,-2.5));
#4047=CARTESIAN_POINT('',(40.8036301613427,-31.2770662789386,-2.5));
#4048=CARTESIAN_POINT('Origin',(42.4477192805116,-31.2770662789386,-2.5));
#4049=CARTESIAN_POINT('Origin',(46.0464764860503,-34.9133992233993,-2.5));
#4050=CARTESIAN_POINT('',(46.0464764860503,-34.9133992233993,-2.5));
#4051=CARTESIAN_POINT('',(46.0464764860503,-27.4133992233993,-2.5));
#4052=CARTESIAN_POINT('',(46.0464764860503,-34.9133992233993,-2.5));
#4053=CARTESIAN_POINT('',(46.0464764860503,-27.4133992233993,2.));
#4054=CARTESIAN_POINT('',(46.0464764860503,-27.4133992233993,-2.5));
#4055=CARTESIAN_POINT('',(46.0464764860503,-34.9133992233993,2.));
#4056=CARTESIAN_POINT('',(46.0464764860503,-34.9133992233993,2.));
#4057=CARTESIAN_POINT('',(46.0464764860503,-34.9133992233993,-2.5));
#4058=CARTESIAN_POINT('Origin',(38.5464764860503,-34.9133992233993,-2.5));
#4059=CARTESIAN_POINT('',(38.5464764860503,-34.9133992233993,-2.5));
#4060=CARTESIAN_POINT('',(38.5464764860503,-34.9133992233993,-2.5));
#4061=CARTESIAN_POINT('',(38.5464764860503,-34.9133992233993,2.));
#4062=CARTESIAN_POINT('',(38.5464764860503,-34.9133992233993,2.));
#4063=CARTESIAN_POINT('',(38.5464764860503,-34.9133992233993,-2.5));
#4064=CARTESIAN_POINT('Origin',(38.5464764860503,-27.4133992233993,-2.5));
#4065=CARTESIAN_POINT('',(38.5464764860503,-27.4133992233993,-2.5));
#4066=CARTESIAN_POINT('',(38.5464764860503,-27.4133992233993,-2.5));
#4067=CARTESIAN_POINT('',(38.5464764860503,-27.4133992233993,2.));
#4068=CARTESIAN_POINT('',(38.5464764860503,-27.4133992233993,2.));
#4069=CARTESIAN_POINT('',(38.5464764860503,-27.4133992233993,-2.5));
#4070=CARTESIAN_POINT('Origin',(46.0464764860503,-27.4133992233993,-2.5));
#4071=CARTESIAN_POINT('',(46.0464764860503,-27.4133992233993,-2.5));
#4072=CARTESIAN_POINT('',(46.0464764860503,-27.4133992233993,2.));
#4073=CARTESIAN_POINT('Origin',(42.2964764860503,-31.1633992233993,-2.5));
#4074=CARTESIAN_POINT('Origin',(42.2964764860503,-31.1633992233993,2.));
#4075=CARTESIAN_POINT('Origin',(99.6724312981669,-31.2336774265894,-2.5));
#4076=CARTESIAN_POINT('',(98.0516646085176,-31.2336774265894,-2.5));
#4077=CARTESIAN_POINT('Origin',(99.6724312981669,-31.2336774265894,-2.5000000372529));
#4078=CARTESIAN_POINT('',(98.0516646085176,-31.2336774265894,-7.50000011175871));
#4079=CARTESIAN_POINT('',(98.0516646085176,-31.2336774265894,-2.5));
#4080=CARTESIAN_POINT('Origin',(99.6724312981669,-31.2336774265894,-7.50000011175871));
#4081=CARTESIAN_POINT('Origin',(99.674771409328,51.5466901330137,-2.5));
#4082=CARTESIAN_POINT('',(98.0835968274856,51.5466901330137,-2.5));
#4083=CARTESIAN_POINT('Origin',(99.674771409328,51.5466901330137,-2.5000000372529));
#4084=CARTESIAN_POINT('',(98.0835968274856,51.5466901330137,-7.50000011175871));
#4085=CARTESIAN_POINT('',(98.0835968274856,51.5466901330137,-2.5));
#4086=CARTESIAN_POINT('Origin',(99.674771409328,51.5466901330137,-7.50000011175871));
#4087=CARTESIAN_POINT('Origin',(96.0000014305115,55.3040786836607,-2.5000000372529));
#4088=CARTESIAN_POINT('',(96.0000014305115,55.3040786836607,-7.50000011175871));
#4089=CARTESIAN_POINT('',(96.0000014305115,55.3040786836607,-2.5000000372529));
#4090=CARTESIAN_POINT('',(96.0000014305115,55.3040786836607,-7.50000011175871));
#4091=CARTESIAN_POINT('',(96.0000014305115,-34.9129213163393,-7.50000011175871));
#4092=CARTESIAN_POINT('',(96.0000014305115,55.3040786836607,-7.50000011175871));
#4093=CARTESIAN_POINT('',(96.0000014305115,-34.9129213163393,-2.5000000372529));
#4094=CARTESIAN_POINT('',(96.0000014305115,-34.9129213163393,-7.50000011175871));
#4095=CARTESIAN_POINT('',(96.0000014305115,55.3040786836607,-2.5000000372529));
#4096=CARTESIAN_POINT('Origin',(103.50000154227,55.3040786836607,-2.5000000372529));
#4097=CARTESIAN_POINT('',(103.50000154227,55.3040786836607,-2.5000000372529));
#4098=CARTESIAN_POINT('',(96.0000014305115,55.3040786836607,-2.5000000372529));
#4099=CARTESIAN_POINT('',(103.50000154227,-34.9129213163393,-2.5000000372529));
#4100=CARTESIAN_POINT('',(96.0000014305115,-34.9129213163393,-2.5000000372529));
#4101=CARTESIAN_POINT('',(103.50000154227,55.3040786836607,-2.5000000372529));
#4102=CARTESIAN_POINT('Origin',(85.0000012665986,55.3040786836607,2.00000002980234));
#4103=CARTESIAN_POINT('',(101.500001512468,55.3040786836607,-7.50000011175871));
#4104=CARTESIAN_POINT('Origin',(85.0000012665986,55.3040786836607,2.00000002980234));
#4105=CARTESIAN_POINT('',(101.500001512468,-34.9129213163393,-7.50000011175871));
#4106=CARTESIAN_POINT('Origin',(85.0000012665986,-34.9129213163393,2.00000002980234));
#4107=CARTESIAN_POINT('',(101.500001512468,55.3040786836607,-7.50000011175871));
#4108=CARTESIAN_POINT('Origin',(96.0000014305115,55.3040786836607,-7.50000011175871));
#4109=CARTESIAN_POINT('',(101.500001512468,55.3040786836607,-7.50000011175871));
#4110=CARTESIAN_POINT('',(101.500001512468,-34.9129213163393,-7.50000011175871));
#4111=CARTESIAN_POINT('Origin',(99.7500014863908,55.3040786836607,-5.00000007450581));
#4112=CARTESIAN_POINT('Origin',(99.7500014863908,-34.9129213163393,-5.00000007450581));
#4113=CARTESIAN_POINT('Origin',(42.4477192805116,-31.2770662789386,-2.5));
#4114=CARTESIAN_POINT('',(40.8036301613427,-31.2770662789386,-2.5));
#4115=CARTESIAN_POINT('Origin',(42.4477192805116,-31.2770662789386,-2.5000000372529));
#4116=CARTESIAN_POINT('',(40.8036301613427,-31.2770662789386,-7.50000011175871));
#4117=CARTESIAN_POINT('',(40.8036301613427,-31.2770662789386,-2.5));
#4118=CARTESIAN_POINT('Origin',(42.4477192805116,-31.2770662789386,-7.50000011175871));
#4119=CARTESIAN_POINT('Origin',(42.449502601743,51.5466901330137,-2.5));
#4120=CARTESIAN_POINT('',(40.8814548056993,51.5466901330137,-2.5));
#4121=CARTESIAN_POINT('Origin',(42.449502601743,51.5466901330137,-2.5000000372529));
#4122=CARTESIAN_POINT('',(40.8814548056993,51.5466901330137,-7.50000011175871));
#4123=CARTESIAN_POINT('',(40.8814548056993,51.5466901330137,-2.5));
#4124=CARTESIAN_POINT('Origin',(42.449502601743,51.5466901330137,-7.50000011175871));
#4125=CARTESIAN_POINT('Origin',(46.0000006854534,55.3040786836607,-2.5000000372529));
#4126=CARTESIAN_POINT('',(46.0000006854534,55.3040786836607,-2.5000000372529));
#4127=CARTESIAN_POINT('',(38.5000005736947,55.3040786836607,-2.5000000372529));
#4128=CARTESIAN_POINT('',(46.0000006854534,55.3040786836607,-2.5000000372529));
#4129=CARTESIAN_POINT('',(38.5000005736947,-34.9129213163393,-2.5000000372529));
#4130=CARTESIAN_POINT('',(38.5000005736947,55.3040786836607,-2.5000000372529));
#4131=CARTESIAN_POINT('',(46.0000006854534,-34.9129213163393,-2.5000000372529));
#4132=CARTESIAN_POINT('',(46.0000006854534,-34.9129213163393,-2.5000000372529));
#4133=CARTESIAN_POINT('',(46.0000006854534,55.3040786836607,-2.5000000372529));
#4134=CARTESIAN_POINT('Origin',(46.0000006854534,55.3040786836607,-7.50000011175871));
#4135=CARTESIAN_POINT('',(46.0000006854534,55.3040786836607,-7.50000011175871));
#4136=CARTESIAN_POINT('',(46.0000006854534,55.3040786836607,-7.50000011175871));
#4137=CARTESIAN_POINT('',(46.0000006854534,-34.9129213163393,-7.50000011175871));
#4138=CARTESIAN_POINT('',(46.0000006854534,-34.9129213163393,-7.50000011175871));
#4139=CARTESIAN_POINT('',(46.0000006854534,55.3040786836607,-7.50000011175871));
#4140=CARTESIAN_POINT('Origin',(40.500000603497,55.3040786836607,-7.50000011175871));
#4141=CARTESIAN_POINT('',(40.500000603497,55.3040786836607,-7.50000011175871));
#4142=CARTESIAN_POINT('',(40.500000603497,55.3040786836607,-7.50000011175871));
#4143=CARTESIAN_POINT('',(40.500000603497,-34.9129213163393,-7.50000011175871));
#4144=CARTESIAN_POINT('',(40.500000603497,-34.9129213163393,-7.50000011175871));
#4145=CARTESIAN_POINT('',(40.500000603497,55.3040786836607,-7.50000011175871));
#4146=CARTESIAN_POINT('Origin',(57.0000008493662,55.3040786836607,2.00000002980232));
#4147=CARTESIAN_POINT('Origin',(57.0000008493662,55.3040786836607,2.00000002980232));
#4148=CARTESIAN_POINT('Origin',(57.0000008493662,-34.9129213163393,2.00000002980232));
#4149=CARTESIAN_POINT('Origin',(42.2500006295741,55.3040786836607,-5.00000007450581));
#4150=CARTESIAN_POINT('Origin',(42.2500006295741,-34.9129213163393,-5.00000007450581));
#4151=CARTESIAN_POINT('Origin',(92.2364535987024,60.,32.2678176069696));
#4152=CARTESIAN_POINT('',(89.6387521747247,60.,27.5487958394323));
#4153=CARTESIAN_POINT('',(88.510837645247,58.5,28.5422016535142));
#4154=CARTESIAN_POINT('Ctrl Pts',(89.6387521747247,60.,27.5487958394323));
#4155=CARTESIAN_POINT('Ctrl Pts',(89.6387521747247,60.1883069386851,27.5487958394323));
#4156=CARTESIAN_POINT('Ctrl Pts',(89.6112466688077,60.3891593818947,27.574504937385));
#4157=CARTESIAN_POINT('Ctrl Pts',(89.4987298102981,60.7586141848944,27.6783485816542));
#4158=CARTESIAN_POINT('Ctrl Pts',(89.4136400265257,60.9272147895397,27.756404360772));
#4159=CARTESIAN_POINT('Ctrl Pts',(89.2154633907816,61.193801360392,27.9349968464317));
#4160=CARTESIAN_POINT('Ctrl Pts',(89.089068432228,61.3093678836491,28.0474933324093));
#4161=CARTESIAN_POINT('Ctrl Pts',(88.8093304043876,61.462462518316,28.2907002363804));
#4162=CARTESIAN_POINT('Ctrl Pts',(88.6559170427942,61.5,28.4213238924083));
#4163=CARTESIAN_POINT('Ctrl Pts',(88.3651929074336,61.5,28.6635504468053));
#4164=CARTESIAN_POINT('Ctrl Pts',(88.2084499146304,61.4622003119568,28.7913237547885));
#4165=CARTESIAN_POINT('Ctrl Pts',(87.9174677272385,61.3086651527297,29.0235473348559));
#4166=CARTESIAN_POINT('Ctrl Pts',(87.7832960285556,61.1929343900434,29.1280852808968));
#4167=CARTESIAN_POINT('Ctrl Pts',(87.5708405651438,60.9264608556911,29.2914998289781));
#4168=CARTESIAN_POINT('Ctrl Pts',(87.4781190074063,60.758195261656,29.3615194875595));
#4169=CARTESIAN_POINT('Ctrl Pts',(87.3547030327264,60.3891618822536,29.4541253598798));
#4170=CARTESIAN_POINT('Ctrl Pts',(87.3241007563033,60.1883817446922,29.4767851081302));
#4171=CARTESIAN_POINT('Ctrl Pts',(87.3241007563033,59.8116182553078,29.4767851081302));
#4172=CARTESIAN_POINT('Ctrl Pts',(87.3547030327264,59.6108381177464,29.4541253598798));
#4173=CARTESIAN_POINT('Ctrl Pts',(87.4781190074063,59.241804738344,29.3615194875595));
#4174=CARTESIAN_POINT('Ctrl Pts',(87.5708405651438,59.0735391443089,29.2914998289781));
#4175=CARTESIAN_POINT('Ctrl Pts',(87.7832960285556,58.8070656099566,29.1280852808968));
#4176=CARTESIAN_POINT('Ctrl Pts',(87.9174677272385,58.6913348472703,29.0235473348559));
#4177=CARTESIAN_POINT('Ctrl Pts',(88.2084499146304,58.5377996880432,28.7913237547885));
#4178=CARTESIAN_POINT('Ctrl Pts',(88.3651929074336,58.5,28.6635504468053));
#4179=CARTESIAN_POINT('Ctrl Pts',(88.510837645247,58.5,28.5422016535142));
#4180=CARTESIAN_POINT('Ctrl Pts',(88.510837645247,58.5,28.5422016535142));
#4181=CARTESIAN_POINT('Ctrl Pts',(88.6559170427942,58.5,28.4213238924083));
#4182=CARTESIAN_POINT('Ctrl Pts',(88.8093304043875,58.537537481684,28.2907002363804));
#4183=CARTESIAN_POINT('Ctrl Pts',(89.089068432228,58.6906321163509,28.0474933324093));
#4184=CARTESIAN_POINT('Ctrl Pts',(89.2154633907816,58.806198639608,27.9349968464317));
#4185=CARTESIAN_POINT('Ctrl Pts',(89.4136400265257,59.0727852104603,27.756404360772));
#4186=CARTESIAN_POINT('Ctrl Pts',(89.4987298102981,59.2413858151056,27.6783485816542));
#4187=CARTESIAN_POINT('Ctrl Pts',(89.6112466688077,59.6108406181053,27.574504937385));
#4188=CARTESIAN_POINT('Ctrl Pts',(89.6387521747247,59.8116930613149,27.5487958394323));
#4189=CARTESIAN_POINT('Ctrl Pts',(89.6387521747247,60.,27.5487958394323));
#4190=CARTESIAN_POINT('',(94.2823084532679,58.5,34.3136724615351));
#4191=CARTESIAN_POINT('',(92.2364535987024,58.5,32.2678176069696));
#4192=CARTESIAN_POINT('',(95.3948103482232,60.,33.3048540129308));
#4193=CARTESIAN_POINT('Ctrl Pts',(95.3948103482232,60.,33.3048540129308));
#4194=CARTESIAN_POINT('Ctrl Pts',(95.3948103482232,59.8116782879568,33.3048540129308));
#4195=CARTESIAN_POINT('Ctrl Pts',(95.3675069579081,59.6108076439739,33.3307721446872));
#4196=CARTESIAN_POINT('Ctrl Pts',(95.2559559916277,59.2413065492965,33.4356335786155));
#4197=CARTESIAN_POINT('Ctrl Pts',(95.1716478765562,59.0726771438475,33.5145161452537));
#4198=CARTESIAN_POINT('Ctrl Pts',(94.9757297281801,58.806183469514,33.6953335530452));
#4199=CARTESIAN_POINT('Ctrl Pts',(94.8510009162268,58.6906682059443,33.8093527298603));
#4200=CARTESIAN_POINT('Ctrl Pts',(94.5755121784513,58.5375792462657,34.0566891860471));
#4201=CARTESIAN_POINT('Ctrl Pts',(94.4246965399111,58.5,34.1899409686034));
#4202=CARTESIAN_POINT('Ctrl Pts',(94.2823084532679,58.5,34.3136724615351));
#4203=CARTESIAN_POINT('Ctrl Pts',(94.2823084532679,58.5,34.3136724615351));
#4204=CARTESIAN_POINT('Ctrl Pts',(94.1395913902426,58.5,34.4376898262687));
#4205=CARTESIAN_POINT('Ctrl Pts',(93.986267737403,58.5377347257818,34.5687176884106));
#4206=CARTESIAN_POINT('Ctrl Pts',(93.7021742884249,58.6910849158097,34.8076042983378));
#4207=CARTESIAN_POINT('Ctrl Pts',(93.5714586718567,58.8066976613761,34.9155292161809));
#4208=CARTESIAN_POINT('Ctrl Pts',(93.3644842825062,59.0731245021568,35.084756799711));
#4209=CARTESIAN_POINT('Ctrl Pts',(93.2742709209356,59.2415552950192,35.1574943707665));
#4210=CARTESIAN_POINT('Ctrl Pts',(93.1543139171961,59.6108066229156,35.2537487977175));
#4211=CARTESIAN_POINT('Ctrl Pts',(93.124638357378,59.811634397235,35.2773227092049));
#4212=CARTESIAN_POINT('Ctrl Pts',(93.124638357378,60.188365602765,35.2773227092049));
#4213=CARTESIAN_POINT('Ctrl Pts',(93.1543139171961,60.3891933770844,35.2537487977175));
#4214=CARTESIAN_POINT('Ctrl Pts',(93.2742709209356,60.7584447049808,35.1574943707665));
#4215=CARTESIAN_POINT('Ctrl Pts',(93.3644842825062,60.9268754978432,35.084756799711));
#4216=CARTESIAN_POINT('Ctrl Pts',(93.5714586718567,61.1933023386239,34.9155292161809));
#4217=CARTESIAN_POINT('Ctrl Pts',(93.7021742884249,61.3089150841903,34.8076042983378));
#4218=CARTESIAN_POINT('Ctrl Pts',(93.986267737403,61.4622652742182,34.5687176884106));
#4219=CARTESIAN_POINT('Ctrl Pts',(94.1395913902426,61.5,34.4376898262687));
#4220=CARTESIAN_POINT('Ctrl Pts',(94.4246965399111,61.5,34.1899409686034));
#4221=CARTESIAN_POINT('Ctrl Pts',(94.5755121784513,61.4624207537343,34.0566891860471));
#4222=CARTESIAN_POINT('Ctrl Pts',(94.8510009162268,61.3093317940557,33.8093527298603));
#4223=CARTESIAN_POINT('Ctrl Pts',(94.9757297281801,61.193816530486,33.6953335530452));
#4224=CARTESIAN_POINT('Ctrl Pts',(95.1716478765562,60.9273228561525,33.5145161452537));
#4225=CARTESIAN_POINT('Ctrl Pts',(95.2559559916277,60.7586934507035,33.4356335786155));
#4226=CARTESIAN_POINT('Ctrl Pts',(95.3675069579081,60.3891923560261,33.3307721446872));
#4227=CARTESIAN_POINT('Ctrl Pts',(95.3948103482232,60.1883217120432,33.3048540129308));
#4228=CARTESIAN_POINT('Ctrl Pts',(95.3948103482232,60.,33.3048540129308));
#4229=CARTESIAN_POINT('Origin',(68.5143207460232,60.,40.0371344185171));
#4230=CARTESIAN_POINT('',(70.0143207460232,60.,34.8760827388749));
#4231=CARTESIAN_POINT('',(68.5143207460232,58.5,34.7826150120439));
#4232=CARTESIAN_POINT('Ctrl Pts',(70.0143207460232,60.,34.8760827388749));
#4233=CARTESIAN_POINT('Ctrl Pts',(70.0143207460232,60.1883083507708,34.8760827388749));
#4234=CARTESIAN_POINT('Ctrl Pts',(69.9766918657366,60.3891627133456,34.874853530749));
#4235=CARTESIAN_POINT('Ctrl Pts',(69.8236980248952,60.7586224646988,34.8688875241806));
#4236=CARTESIAN_POINT('Ctrl Pts',(69.7083332695614,60.9272261353608,34.8640395821338));
#4237=CARTESIAN_POINT('Ctrl Pts',(69.4419159599386,61.19380683746,34.8504826555538));
#4238=CARTESIAN_POINT('Ctrl Pts',(69.2730000593868,61.3093692149104,34.8408401670528));
#4239=CARTESIAN_POINT('Ctrl Pts',(68.9032285118364,61.4624612084211,34.8154149110549));
#4240=CARTESIAN_POINT('Ctrl Pts',(68.7023843083307,61.5,34.7995210869589));
#4241=CARTESIAN_POINT('Ctrl Pts',(68.3255333235479,61.5,34.7656438653305));
#4242=CARTESIAN_POINT('Ctrl Pts',(68.1243543771216,61.4622022161431,34.7453822185671));
#4243=CARTESIAN_POINT('Ctrl Pts',(67.754400639944,61.3086750988343,34.7042453426865));
#4244=CARTESIAN_POINT('Ctrl Pts',(67.585611695863,61.1929504881927,34.6834798463478));
#4245=CARTESIAN_POINT('Ctrl Pts',(67.3198223896438,60.9264814305638,34.6490986575779));
#4246=CARTESIAN_POINT('Ctrl Pts',(67.2047400459798,60.7582086636353,34.6331740275539));
#4247=CARTESIAN_POINT('Ctrl Pts',(67.0519827419938,60.3891651629846,34.6115585109628));
#4248=CARTESIAN_POINT('Ctrl Pts',(67.0143207460231,60.1883822170389,34.6059846674683));
#4249=CARTESIAN_POINT('Ctrl Pts',(67.0143207460231,59.8116177829611,34.6059846674683));
#4250=CARTESIAN_POINT('Ctrl Pts',(67.0519827419938,59.6108348370154,34.6115585109628));
#4251=CARTESIAN_POINT('Ctrl Pts',(67.2047400459798,59.2417913363647,34.6331740275539));
#4252=CARTESIAN_POINT('Ctrl Pts',(67.3198223896438,59.0735185694362,34.6490986575779));
#4253=CARTESIAN_POINT('Ctrl Pts',(67.585611695863,58.8070495118073,34.6834798463478));
#4254=CARTESIAN_POINT('Ctrl Pts',(67.754400639944,58.6913249011657,34.7042453426865));
#4255=CARTESIAN_POINT('Ctrl Pts',(68.1243543771216,58.5377977838569,34.7453822185671));
#4256=CARTESIAN_POINT('Ctrl Pts',(68.3255333235479,58.5,34.7656438653305));
#4257=CARTESIAN_POINT('Ctrl Pts',(68.5143207460231,58.5,34.7826150120439));
#4258=CARTESIAN_POINT('Ctrl Pts',(68.5143207460232,58.5,34.7826150120439));
#4259=CARTESIAN_POINT('Ctrl Pts',(68.7023843083307,58.5,34.7995210869589));
#4260=CARTESIAN_POINT('Ctrl Pts',(68.9032285118364,58.5375387915789,34.8154149110549));
#4261=CARTESIAN_POINT('Ctrl Pts',(69.2730000593868,58.6906307850896,34.8408401670528));
#4262=CARTESIAN_POINT('Ctrl Pts',(69.4419159599386,58.80619316254,34.8504826555538));
#4263=CARTESIAN_POINT('Ctrl Pts',(69.7083332695614,59.0727738646392,34.8640395821338));
#4264=CARTESIAN_POINT('Ctrl Pts',(69.8236980248952,59.2413775353012,34.8688875241806));
#4265=CARTESIAN_POINT('Ctrl Pts',(69.9766918657366,59.6108372866544,34.874853530749));
#4266=CARTESIAN_POINT('Ctrl Pts',(70.0143207460232,59.8116916492292,34.8760827388749));
#4267=CARTESIAN_POINT('Ctrl Pts',(70.0143207460232,60.,34.8760827388749));
#4268=CARTESIAN_POINT('',(68.5143207460232,58.5,42.9304101004905));
#4269=CARTESIAN_POINT('',(68.5143207460232,58.5,40.0371344185171));
#4270=CARTESIAN_POINT('',(70.0143207460232,60.,43.0037253685021));
#4271=CARTESIAN_POINT('Ctrl Pts',(70.0143207460232,60.,43.0037253685021));
#4272=CARTESIAN_POINT('Ctrl Pts',(70.0143207460232,59.8116782879568,43.0037253685021));
#4273=CARTESIAN_POINT('Ctrl Pts',(69.9766874468613,59.6108076439739,43.0027458427815));
#4274=CARTESIAN_POINT('Ctrl Pts',(69.8236607711409,59.2413065492965,42.9980156290924));
#4275=CARTESIAN_POINT('Ctrl Pts',(69.7082675334775,59.0726771438475,42.9941791870035));
#4276=CARTESIAN_POINT('Ctrl Pts',(69.4418752669973,58.806183469514,42.9835013509353));
#4277=CARTESIAN_POINT('Ctrl Pts',(69.2730549451445,58.6906682059443,42.975928495305));
#4278=CARTESIAN_POINT('Ctrl Pts',(68.9033617051186,58.5375792462657,42.9560218260878));
#4279=CARTESIAN_POINT('Ctrl Pts',(68.7024957053471,58.5,42.9436023044178));
#4280=CARTESIAN_POINT('Ctrl Pts',(68.5143207460231,58.5,42.9304101004905));
#4281=CARTESIAN_POINT('Ctrl Pts',(68.5143207460231,58.5,42.9304101004905));
#4282=CARTESIAN_POINT('Ctrl Pts',(68.3257110233789,58.5,42.9171874170223));
#4283=CARTESIAN_POINT('Ctrl Pts',(68.1246441388948,58.5377347257818,42.9014219122281));
#4284=CARTESIAN_POINT('Ctrl Pts',(67.7548413928175,58.6910849158098,42.8694558497791));
#4285=CARTESIAN_POINT('Ctrl Pts',(67.5860970526694,58.8066976613761,42.8533403921626));
#4286=CARTESIAN_POINT('Ctrl Pts',(67.3200820865497,59.0731245021568,42.8266493697989));
#4287=CARTESIAN_POINT('Ctrl Pts',(67.2048583770892,59.2415552950192,42.8142921198191));
#4288=CARTESIAN_POINT('Ctrl Pts',(67.0519738082779,59.6108066229156,42.7975318670403));
#4289=CARTESIAN_POINT('Ctrl Pts',(67.0143207460231,59.811634397235,42.7932173501293));
#4290=CARTESIAN_POINT('Ctrl Pts',(67.0143207460231,60.188365602765,42.7932173501293));
#4291=CARTESIAN_POINT('Ctrl Pts',(67.0519738082779,60.3891933770844,42.7975318670403));
#4292=CARTESIAN_POINT('Ctrl Pts',(67.2048583770892,60.7584447049808,42.8142921198191));
#4293=CARTESIAN_POINT('Ctrl Pts',(67.3200820865497,60.9268754978432,42.8266493697989));
#4294=CARTESIAN_POINT('Ctrl Pts',(67.5860970526693,61.1933023386239,42.8533403921626));
#4295=CARTESIAN_POINT('Ctrl Pts',(67.7548413928175,61.3089150841902,42.8694558497791));
#4296=CARTESIAN_POINT('Ctrl Pts',(68.1246441388948,61.4622652742182,42.9014219122281));
#4297=CARTESIAN_POINT('Ctrl Pts',(68.3257110233789,61.5,42.9171874170223));
#4298=CARTESIAN_POINT('Ctrl Pts',(68.7024957053471,61.5,42.9436023044178));
#4299=CARTESIAN_POINT('Ctrl Pts',(68.9033617051186,61.4624207537343,42.9560218260878));
#4300=CARTESIAN_POINT('Ctrl Pts',(69.2730549451445,61.3093317940557,42.975928495305));
#4301=CARTESIAN_POINT('Ctrl Pts',(69.4418752669973,61.193816530486,42.9835013509353));
#4302=CARTESIAN_POINT('Ctrl Pts',(69.7082675334775,60.9273228561525,42.9941791870035));
#4303=CARTESIAN_POINT('Ctrl Pts',(69.8236607711409,60.7586934507035,42.9980156290924));
#4304=CARTESIAN_POINT('Ctrl Pts',(69.9766874468613,60.389192356026,43.0027458427816));
#4305=CARTESIAN_POINT('Ctrl Pts',(70.0143207460232,60.1883217120432,43.0037253685021));
#4306=CARTESIAN_POINT('Ctrl Pts',(70.0143207460232,60.,43.0037253685021));
#4307=CARTESIAN_POINT('Origin',(46.2465031390536,60.,28.7567900168114));
#4308=CARTESIAN_POINT('',(50.935536982674,60.,26.1890765167506));
#4309=CARTESIAN_POINT('',(49.9404657759424,58.5,25.0628273799225));
#4310=CARTESIAN_POINT('Ctrl Pts',(50.935536982674,60.,26.1890765167506));
#4311=CARTESIAN_POINT('Ctrl Pts',(50.935536982674,60.1883089576184,26.1890765167506));
#4312=CARTESIAN_POINT('Ctrl Pts',(50.9097858345673,60.3891641412443,26.1616121042624));
#4313=CARTESIAN_POINT('Ctrl Pts',(50.8057692643774,60.7586260041989,26.0492603762334));
#4314=CARTESIAN_POINT('Ctrl Pts',(50.7275825644729,60.9272309815906,25.9642946095344));
#4315=CARTESIAN_POINT('Ctrl Pts',(50.5486938681109,61.1938091659848,25.7664115596211));
#4316=CARTESIAN_POINT('Ctrl Pts',(50.4360157144548,61.309369770074,25.6402101117295));
#4317=CARTESIAN_POINT('Ctrl Pts',(50.1924038784444,61.4624606412099,25.3608898596299));
#4318=CARTESIAN_POINT('Ctrl Pts',(50.0615567557075,61.5,25.2077005558863));
#4319=CARTESIAN_POINT('Ctrl Pts',(49.8189112136028,61.5,24.9173995740431));
#4320=CARTESIAN_POINT('Ctrl Pts',(49.6909165496301,61.4622030380551,24.7608869570159));
#4321=CARTESIAN_POINT('Ctrl Pts',(49.4582846743821,61.308679377316,24.4703304639545));
#4322=CARTESIAN_POINT('Ctrl Pts',(49.3535598941527,61.1929574072084,24.336354211364));
#4323=CARTESIAN_POINT('Ctrl Pts',(49.1898364080707,60.9264902657235,24.124189336523));
#4324=CARTESIAN_POINT('Ctrl Pts',(49.1196800709467,60.7582144170801,24.0315904554058));
#4325=CARTESIAN_POINT('Ctrl Pts',(49.0268946359691,60.3891665691878,23.9083403154583));
#4326=CARTESIAN_POINT('Ctrl Pts',(49.0041919173648,60.188382417989,23.8777808949405));
#4327=CARTESIAN_POINT('Ctrl Pts',(49.0041919173648,59.811617582011,23.8777808949405));
#4328=CARTESIAN_POINT('Ctrl Pts',(49.0268946359691,59.6108334308122,23.9083403154583));
#4329=CARTESIAN_POINT('Ctrl Pts',(49.1196800709467,59.2417855829199,24.0315904554058));
#4330=CARTESIAN_POINT('Ctrl Pts',(49.1898364080707,59.0735097342765,24.124189336523));
#4331=CARTESIAN_POINT('Ctrl Pts',(49.3535598941527,58.8070425927916,24.336354211364));
#4332=CARTESIAN_POINT('Ctrl Pts',(49.4582846743821,58.691320622684,24.4703304639545));
#4333=CARTESIAN_POINT('Ctrl Pts',(49.6909165496301,58.5377969619449,24.7608869570159));
#4334=CARTESIAN_POINT('Ctrl Pts',(49.8189112136028,58.5,24.9173995740431));
#4335=CARTESIAN_POINT('Ctrl Pts',(49.9404657759424,58.5,25.0628273799225));
#4336=CARTESIAN_POINT('Ctrl Pts',(49.9404657759424,58.5,25.0628273799225));
#4337=CARTESIAN_POINT('Ctrl Pts',(50.0615567557075,58.5,25.2077005558863));
#4338=CARTESIAN_POINT('Ctrl Pts',(50.1924038784444,58.5375393587901,25.3608898596299));
#4339=CARTESIAN_POINT('Ctrl Pts',(50.4360157144548,58.690630229926,25.6402101117295));
#4340=CARTESIAN_POINT('Ctrl Pts',(50.5486938681109,58.8061908340152,25.7664115596211));
#4341=CARTESIAN_POINT('Ctrl Pts',(50.7275825644729,59.0727690184094,25.9642946095344));
#4342=CARTESIAN_POINT('Ctrl Pts',(50.8057692643774,59.2413739958011,26.0492603762334));
#4343=CARTESIAN_POINT('Ctrl Pts',(50.9097858345673,59.6108358587557,26.1616121042624));
#4344=CARTESIAN_POINT('Ctrl Pts',(50.935536982674,59.8116910423816,26.1890765167506));
#4345=CARTESIAN_POINT('Ctrl Pts',(50.935536982674,60.,26.1890765167506));
#4346=CARTESIAN_POINT('',(44.2006482844881,58.5,30.8026448713769));
#4347=CARTESIAN_POINT('',(46.2465031390536,58.5,28.7567900168114));
#4348=CARTESIAN_POINT('',(45.2094667330924,60.,31.9151467663322));
#4349=CARTESIAN_POINT('Ctrl Pts',(45.2094667330924,60.,31.9151467663322));
#4350=CARTESIAN_POINT('Ctrl Pts',(45.2094667330924,59.8116782879568,31.9151467663322));
#4351=CARTESIAN_POINT('Ctrl Pts',(45.1835486013359,59.610807643974,31.887843376017));
#4352=CARTESIAN_POINT('Ctrl Pts',(45.0786871674077,59.2413065492965,31.7762924097367));
#4353=CARTESIAN_POINT('Ctrl Pts',(44.9998046007695,59.0726771438475,31.6919842946652));
#4354=CARTESIAN_POINT('Ctrl Pts',(44.8189871929779,58.806183469514,31.4960661462891));
#4355=CARTESIAN_POINT('Ctrl Pts',(44.7049680161629,58.6906682059443,31.3713373343358));
#4356=CARTESIAN_POINT('Ctrl Pts',(44.457631559976,58.5375792462657,31.0958485965603));
#4357=CARTESIAN_POINT('Ctrl Pts',(44.3243797774197,58.5,30.9450329580201));
#4358=CARTESIAN_POINT('Ctrl Pts',(44.2006482844881,58.5,30.8026448713769));
#4359=CARTESIAN_POINT('Ctrl Pts',(44.2006482844881,58.5,30.8026448713769));
#4360=CARTESIAN_POINT('Ctrl Pts',(44.0766309197545,58.5,30.6599278083515));
#4361=CARTESIAN_POINT('Ctrl Pts',(43.9456030576125,58.5377347257818,30.506604155512));
#4362=CARTESIAN_POINT('Ctrl Pts',(43.7067164476853,58.6910849158097,30.2225107065338));
#4363=CARTESIAN_POINT('Ctrl Pts',(43.5987915298423,58.8066976613761,30.0917950899657));
#4364=CARTESIAN_POINT('Ctrl Pts',(43.4295639463122,59.0731245021568,29.8848207006151));
#4365=CARTESIAN_POINT('Ctrl Pts',(43.3568263752567,59.2415552950192,29.7946073390446));
#4366=CARTESIAN_POINT('Ctrl Pts',(43.2605719483057,59.6108066229156,29.6746503353051));
#4367=CARTESIAN_POINT('Ctrl Pts',(43.2369980368182,59.811634397235,29.644974775487));
#4368=CARTESIAN_POINT('Ctrl Pts',(43.2369980368182,60.188365602765,29.644974775487));
#4369=CARTESIAN_POINT('Ctrl Pts',(43.2605719483057,60.3891933770844,29.6746503353051));
#4370=CARTESIAN_POINT('Ctrl Pts',(43.3568263752567,60.7584447049808,29.7946073390446));
#4371=CARTESIAN_POINT('Ctrl Pts',(43.4295639463122,60.9268754978432,29.8848207006151));
#4372=CARTESIAN_POINT('Ctrl Pts',(43.5987915298423,61.1933023386239,30.0917950899657));
#4373=CARTESIAN_POINT('Ctrl Pts',(43.7067164476853,61.3089150841902,30.2225107065338));
#4374=CARTESIAN_POINT('Ctrl Pts',(43.9456030576125,61.4622652742182,30.506604155512));
#4375=CARTESIAN_POINT('Ctrl Pts',(44.0766309197545,61.5,30.6599278083515));
#4376=CARTESIAN_POINT('Ctrl Pts',(44.3243797774197,61.5,30.9450329580201));
#4377=CARTESIAN_POINT('Ctrl Pts',(44.457631559976,61.4624207537343,31.0958485965603));
#4378=CARTESIAN_POINT('Ctrl Pts',(44.7049680161629,61.3093317940557,31.3713373343358));
#4379=CARTESIAN_POINT('Ctrl Pts',(44.8189871929779,61.193816530486,31.4960661462891));
#4380=CARTESIAN_POINT('Ctrl Pts',(44.9998046007695,60.9273228561525,31.6919842946651));
#4381=CARTESIAN_POINT('Ctrl Pts',(45.0786871674077,60.7586934507035,31.7762924097367));
#4382=CARTESIAN_POINT('Ctrl Pts',(45.1835486013359,60.389192356026,31.887843376017));
#4383=CARTESIAN_POINT('Ctrl Pts',(45.2094667330924,60.1883217120432,31.9151467663322));
#4384=CARTESIAN_POINT('Ctrl Pts',(45.2094667330924,60.,31.9151467663322));
#4385=CARTESIAN_POINT('Origin',(38.477186327506,60.,5.03465716413213));
#4386=CARTESIAN_POINT('',(43.5790289387905,60.,6.53465716413213));
#4387=CARTESIAN_POINT('',(43.6724243996299,58.5,5.03465716413213));
#4388=CARTESIAN_POINT('Ctrl Pts',(43.5790289387905,60.,6.53465716413213));
#4389=CARTESIAN_POINT('Ctrl Pts',(43.5790289387905,60.1883084125588,6.53465716413213));
#4390=CARTESIAN_POINT('Ctrl Pts',(43.5802563429333,60.3891628588368,6.49702826313342));
#4391=CARTESIAN_POINT('Ctrl Pts',(43.5862150145788,60.7586228256041,6.34403425401678));
#4392=CARTESIAN_POINT('Ctrl Pts',(43.5910574251469,60.9272266296169,6.2286693497279));
#4393=CARTESIAN_POINT('Ctrl Pts',(43.6046015550147,61.1938070752464,5.96225198397061));
#4394=CARTESIAN_POINT('Ctrl Pts',(43.6142359036673,61.3093692719062,5.79333633953842));
#4395=CARTESIAN_POINT('Ctrl Pts',(43.6396433102526,61.4624611507876,5.42356506944323));
#4396=CARTESIAN_POINT('Ctrl Pts',(43.6555274248874,61.5,5.22272087839419));
#4397=CARTESIAN_POINT('Ctrl Pts',(43.689386375696,61.5,4.84586998365481));
#4398=CARTESIAN_POINT('Ctrl Pts',(43.709638222066,61.4622022997292,4.64469123252433));
#4399=CARTESIAN_POINT('Ctrl Pts',(43.7507570046928,61.3086755343464,4.27473787162897));
#4400=CARTESIAN_POINT('Ctrl Pts',(43.7715142076816,61.1929511926508,4.10594911358536));
#4401=CARTESIAN_POINT('Ctrl Pts',(43.805882389433,60.9264823303345,3.8401594101043));
#4402=CARTESIAN_POINT('Ctrl Pts',(43.8218013924992,60.7582092496083,3.72507676350363));
#4403=CARTESIAN_POINT('Ctrl Pts',(43.8434094154962,60.389165306264,3.57231916254586));
#4404=CARTESIAN_POINT('Ctrl Pts',(43.8489813970247,60.1883822375559,3.53465716413213));
#4405=CARTESIAN_POINT('Ctrl Pts',(43.8489813970247,59.8116177624441,3.53465716413213));
#4406=CARTESIAN_POINT('Ctrl Pts',(43.8434094154962,59.610834693736,3.57231916254586));
#4407=CARTESIAN_POINT('Ctrl Pts',(43.8218013924992,59.2417907503917,3.72507676350363));
#4408=CARTESIAN_POINT('Ctrl Pts',(43.805882389433,59.0735176696655,3.8401594101043));
#4409=CARTESIAN_POINT('Ctrl Pts',(43.7715142076816,58.8070488073492,4.10594911358536));
#4410=CARTESIAN_POINT('Ctrl Pts',(43.7507570046928,58.6913244656536,4.27473787162897));
#4411=CARTESIAN_POINT('Ctrl Pts',(43.709638222066,58.5377977002708,4.64469123252433));
#4412=CARTESIAN_POINT('Ctrl Pts',(43.689386375696,58.5,4.84586998365481));
#4413=CARTESIAN_POINT('Ctrl Pts',(43.6724243996299,58.5,5.03465716413213));
#4414=CARTESIAN_POINT('Ctrl Pts',(43.6724243996299,58.5,5.03465716413213));
#4415=CARTESIAN_POINT('Ctrl Pts',(43.6555274248874,58.5,5.22272087839419));
#4416=CARTESIAN_POINT('Ctrl Pts',(43.6396433102526,58.5375388492124,5.42356506944323));
#4417=CARTESIAN_POINT('Ctrl Pts',(43.6142359036673,58.6906307280938,5.79333633953842));
#4418=CARTESIAN_POINT('Ctrl Pts',(43.6046015550147,58.8061929247536,5.96225198397061));
#4419=CARTESIAN_POINT('Ctrl Pts',(43.5910574251469,59.0727733703831,6.2286693497279));
#4420=CARTESIAN_POINT('Ctrl Pts',(43.5862150145788,59.2413771743959,6.34403425401678));
#4421=CARTESIAN_POINT('Ctrl Pts',(43.5802563429333,59.6108371411632,6.49702826313342));
#4422=CARTESIAN_POINT('Ctrl Pts',(43.5790289387905,59.8116915874412,6.53465716413213));
#4423=CARTESIAN_POINT('Ctrl Pts',(43.5790289387905,60.,6.53465716413213));
#4424=CARTESIAN_POINT('',(35.5839106455327,58.5,5.03465716413213));
#4425=CARTESIAN_POINT('',(38.477186327506,58.5,5.03465716413213));
#4426=CARTESIAN_POINT('',(35.5105953775211,60.,6.53465716413213));
#4427=CARTESIAN_POINT('Ctrl Pts',(35.5105953775211,60.,6.53465716413213));
#4428=CARTESIAN_POINT('Ctrl Pts',(35.5105953775211,59.8116782879568,6.53465716413213));
#4429=CARTESIAN_POINT('Ctrl Pts',(35.5115749032416,59.610807643974,6.49702386497023));
#4430=CARTESIAN_POINT('Ctrl Pts',(35.5163051169308,59.2413065492965,6.34399718924989));
#4431=CARTESIAN_POINT('Ctrl Pts',(35.5201415590196,59.0726771438475,6.22860395158647));
#4432=CARTESIAN_POINT('Ctrl Pts',(35.5308193950879,58.806183469514,5.96221168510628));
#4433=CARTESIAN_POINT('Ctrl Pts',(35.5383922507182,58.6906682059443,5.79339136325349));
#4434=CARTESIAN_POINT('Ctrl Pts',(35.5582989199354,58.5375792462657,5.42369812322756));
#4435=CARTESIAN_POINT('Ctrl Pts',(35.5707184416054,58.5,5.22283212345605));
#4436=CARTESIAN_POINT('Ctrl Pts',(35.5839106455327,58.5,5.03465716413213));
#4437=CARTESIAN_POINT('Ctrl Pts',(35.5839106455327,58.5,5.03465716413213));
#4438=CARTESIAN_POINT('Ctrl Pts',(35.5971333290009,58.5,4.84604744148789));
#4439=CARTESIAN_POINT('Ctrl Pts',(35.6128988337951,58.5377347257818,4.64498055700381));
#4440=CARTESIAN_POINT('Ctrl Pts',(35.644864896244,58.6910849158097,4.27517781092649));
#4441=CARTESIAN_POINT('Ctrl Pts',(35.6609803538605,58.8066976613761,4.10643347077833));
#4442=CARTESIAN_POINT('Ctrl Pts',(35.6876713762243,59.0731245021568,3.84041850465867));
#4443=CARTESIAN_POINT('Ctrl Pts',(35.7000286262041,59.2415552950192,3.72519479519817));
#4444=CARTESIAN_POINT('Ctrl Pts',(35.7167888789828,59.6108066229156,3.57231022638684));
#4445=CARTESIAN_POINT('Ctrl Pts',(35.7211033958938,59.811634397235,3.53465716413213));
#4446=CARTESIAN_POINT('Ctrl Pts',(35.7211033958938,60.188365602765,3.53465716413213));
#4447=CARTESIAN_POINT('Ctrl Pts',(35.7167888789828,60.3891933770844,3.57231022638684));
#4448=CARTESIAN_POINT('Ctrl Pts',(35.7000286262041,60.7584447049808,3.72519479519817));
#4449=CARTESIAN_POINT('Ctrl Pts',(35.6876713762243,60.9268754978432,3.84041850465867));
#4450=CARTESIAN_POINT('Ctrl Pts',(35.6609803538605,61.1933023386239,4.10643347077833));
#4451=CARTESIAN_POINT('Ctrl Pts',(35.644864896244,61.3089150841902,4.27517781092648));
#4452=CARTESIAN_POINT('Ctrl Pts',(35.6128988337951,61.4622652742182,4.64498055700381));
#4453=CARTESIAN_POINT('Ctrl Pts',(35.5971333290009,61.5,4.84604744148789));
#4454=CARTESIAN_POINT('Ctrl Pts',(35.5707184416054,61.5,5.22283212345605));
#4455=CARTESIAN_POINT('Ctrl Pts',(35.5582989199354,61.4624207537343,5.42369812322756));
#4456=CARTESIAN_POINT('Ctrl Pts',(35.5383922507182,61.3093317940557,5.7933913632535));
#4457=CARTESIAN_POINT('Ctrl Pts',(35.5308193950879,61.193816530486,5.96221168510628));
#4458=CARTESIAN_POINT('Ctrl Pts',(35.5201415590196,60.9273228561525,6.22860395158647));
#4459=CARTESIAN_POINT('Ctrl Pts',(35.5163051169308,60.7586934507035,6.34399718924989));
#4460=CARTESIAN_POINT('Ctrl Pts',(35.5115749032416,60.389192356026,6.49702386497023));
#4461=CARTESIAN_POINT('Ctrl Pts',(35.5105953775211,60.1883217120432,6.53465716413213));
#4462=CARTESIAN_POINT('Ctrl Pts',(35.5105953775211,60.,6.53465716413213));
#4463=CARTESIAN_POINT('Origin',(49.7575307292118,60.,-17.2331604428375));
#4464=CARTESIAN_POINT('',(52.2960216658008,60.,-12.5733491626888));
#4465=CARTESIAN_POINT('',(53.4238639145364,58.5,-13.5668272575128));
#4466=CARTESIAN_POINT('Ctrl Pts',(52.2960216658008,60.,-12.5733491626888));
#4467=CARTESIAN_POINT('Ctrl Pts',(52.2960216658008,60.1883070268158,-12.5733491626888));
#4468=CARTESIAN_POINT('Ctrl Pts',(52.3235253884505,60.389159590174,-12.5990600856353));
#4469=CARTESIAN_POINT('Ctrl Pts',(52.4360350826731,60.7586147034176,-12.7029112363695));
#4470=CARTESIAN_POINT('Ctrl Pts',(52.5211194863238,60.927215500444,-12.7809726989634));
#4471=CARTESIAN_POINT('Ctrl Pts',(52.71928338238,61.1938017046023,-12.9595780418904));
#4472=CARTESIAN_POINT('Ctrl Pts',(52.8456699400277,61.3093679683305,-13.0720824110481));
#4473=CARTESIAN_POINT('Ctrl Pts',(53.1253898321895,61.462462436966,-13.3153068878526));
#4474=CARTESIAN_POINT('Ctrl Pts',(53.2787934680277,61.5,-13.4459402423259));
#4475=CARTESIAN_POINT('Ctrl Pts',(53.5694992357374,61.5,-13.6881849820492));
#4476=CARTESIAN_POINT('Ctrl Pts',(53.7262322277232,61.4622004304632,-13.8159678975796));
#4477=CARTESIAN_POINT('Ctrl Pts',(54.0171959336476,61.3086657730957,-14.0482091985121));
#4478=CARTESIAN_POINT('Ctrl Pts',(54.1513591461588,61.1929353946818,-14.1527552533251));
#4479=CARTESIAN_POINT('Ctrl Pts',(54.363801998262,60.9264621404582,-14.316183212939));
#4480=CARTESIAN_POINT('Ctrl Pts',(54.4565182333015,60.7581960986699,-14.3862088057534));
#4481=CARTESIAN_POINT('Ctrl Pts',(54.5799270118182,60.3891620873578,-14.4788224739703));
#4482=CARTESIAN_POINT('Ctrl Pts',(54.6105274279718,60.1883817743642,-14.5014840876371));
#4483=CARTESIAN_POINT('Ctrl Pts',(54.6105274279718,59.8116182256358,-14.5014840876371));
#4484=CARTESIAN_POINT('Ctrl Pts',(54.5799270118182,59.6108379126422,-14.4788224739703));
#4485=CARTESIAN_POINT('Ctrl Pts',(54.4565182333015,59.2418039013301,-14.3862088057534));
#4486=CARTESIAN_POINT('Ctrl Pts',(54.363801998262,59.0735378595418,-14.316183212939));
#4487=CARTESIAN_POINT('Ctrl Pts',(54.1513591461588,58.8070646053182,-14.1527552533251));
#4488=CARTESIAN_POINT('Ctrl Pts',(54.0171959336476,58.6913342269043,-14.0482091985121));
#4489=CARTESIAN_POINT('Ctrl Pts',(53.7262322277232,58.5377995695368,-13.8159678975796));
#4490=CARTESIAN_POINT('Ctrl Pts',(53.5694992357374,58.5,-13.6881849820492));
#4491=CARTESIAN_POINT('Ctrl Pts',(53.4238639145364,58.5,-13.5668272575128));
#4492=CARTESIAN_POINT('Ctrl Pts',(53.4238639145364,58.5,-13.5668272575128));
#4493=CARTESIAN_POINT('Ctrl Pts',(53.2787934680277,58.5,-13.4459402423259));
#4494=CARTESIAN_POINT('Ctrl Pts',(53.1253898321895,58.537537563034,-13.3153068878526));
#4495=CARTESIAN_POINT('Ctrl Pts',(52.8456699400277,58.6906320316695,-13.0720824110481));
#4496=CARTESIAN_POINT('Ctrl Pts',(52.71928338238,58.8061982953977,-12.9595780418904));
#4497=CARTESIAN_POINT('Ctrl Pts',(52.5211194863238,59.072784499556,-12.7809726989634));
#4498=CARTESIAN_POINT('Ctrl Pts',(52.4360350826731,59.2413852965824,-12.7029112363695));
#4499=CARTESIAN_POINT('Ctrl Pts',(52.3235253884505,59.610840409826,-12.5990600856353));
#4500=CARTESIAN_POINT('Ctrl Pts',(52.2960216658008,59.8116929731842,-12.5733491626888));
#4501=CARTESIAN_POINT('Ctrl Pts',(52.2960216658008,60.,-12.5733491626888));
#4502=CARTESIAN_POINT('',(47.7116758746463,58.5,-19.279015297403));
#4503=CARTESIAN_POINT('',(49.7575307292118,58.5,-17.2331604428375));
#4504=CARTESIAN_POINT('',(46.599173979691,60.,-18.2701968487986));
#4505=CARTESIAN_POINT('Ctrl Pts',(46.599173979691,60.,-18.2701968487986));
#4506=CARTESIAN_POINT('Ctrl Pts',(46.599173979691,59.8116782879568,-18.2701968487986));
#4507=CARTESIAN_POINT('Ctrl Pts',(46.6264773700061,59.610807643974,-18.2961149805551));
#4508=CARTESIAN_POINT('Ctrl Pts',(46.7380283362864,59.2413065492965,-18.4009764144833));
#4509=CARTESIAN_POINT('Ctrl Pts',(46.822336451358,59.0726771438475,-18.4798589811215));
#4510=CARTESIAN_POINT('Ctrl Pts',(47.018254599734,58.806183469514,-18.6606763889131));
#4511=CARTESIAN_POINT('Ctrl Pts',(47.1429834116874,58.6906682059443,-18.7746955657281));
#4512=CARTESIAN_POINT('Ctrl Pts',(47.4184721494628,58.5375792462657,-19.022032021915));
#4513=CARTESIAN_POINT('Ctrl Pts',(47.5692877880031,58.5,-19.1552838044713));
#4514=CARTESIAN_POINT('Ctrl Pts',(47.7116758746463,58.5,-19.279015297403));
#4515=CARTESIAN_POINT('Ctrl Pts',(47.7116758746463,58.5,-19.279015297403));
#4516=CARTESIAN_POINT('Ctrl Pts',(47.8543929376716,58.5,-19.4030326621365));
#4517=CARTESIAN_POINT('Ctrl Pts',(48.0077165905112,58.5377347257818,-19.5340605242785));
#4518=CARTESIAN_POINT('Ctrl Pts',(48.2918100394893,58.6910849158098,-19.7729471342057));
#4519=CARTESIAN_POINT('Ctrl Pts',(48.4225256560575,58.8066976613761,-19.8808720520487));
#4520=CARTESIAN_POINT('Ctrl Pts',(48.6295000454081,59.0731245021568,-20.0500996355788));
#4521=CARTESIAN_POINT('Ctrl Pts',(48.7197134069785,59.2415552950192,-20.1228372066343));
#4522=CARTESIAN_POINT('Ctrl Pts',(48.8396704107181,59.6108066229156,-20.2190916335853));
#4523=CARTESIAN_POINT('Ctrl Pts',(48.8693459705361,59.811634397235,-20.2426655450728));
#4524=CARTESIAN_POINT('Ctrl Pts',(48.8693459705361,60.188365602765,-20.2426655450728));
#4525=CARTESIAN_POINT('Ctrl Pts',(48.8396704107181,60.3891933770844,-20.2190916335853));
#4526=CARTESIAN_POINT('Ctrl Pts',(48.7197134069785,60.7584447049808,-20.1228372066343));
#4527=CARTESIAN_POINT('Ctrl Pts',(48.6295000454081,60.9268754978432,-20.0500996355788));
#4528=CARTESIAN_POINT('Ctrl Pts',(48.4225256560575,61.1933023386239,-19.8808720520487));
#4529=CARTESIAN_POINT('Ctrl Pts',(48.2918100394893,61.3089150841902,-19.7729471342057));
#4530=CARTESIAN_POINT('Ctrl Pts',(48.0077165905112,61.4622652742182,-19.5340605242785));
#4531=CARTESIAN_POINT('Ctrl Pts',(47.8543929376716,61.5,-19.4030326621365));
#4532=CARTESIAN_POINT('Ctrl Pts',(47.5692877880031,61.5,-19.1552838044713));
#4533=CARTESIAN_POINT('Ctrl Pts',(47.4184721494629,61.4624207537343,-19.022032021915));
#4534=CARTESIAN_POINT('Ctrl Pts',(47.1429834116874,61.3093317940557,-18.7746955657281));
#4535=CARTESIAN_POINT('Ctrl Pts',(47.018254599734,61.193816530486,-18.6606763889131));
#4536=CARTESIAN_POINT('Ctrl Pts',(46.822336451358,60.9273228561525,-18.4798589811215));
#4537=CARTESIAN_POINT('Ctrl Pts',(46.7380283362864,60.7586934507035,-18.4009764144833));
#4538=CARTESIAN_POINT('Ctrl Pts',(46.6264773700061,60.389192356026,-18.2961149805551));
#4539=CARTESIAN_POINT('Ctrl Pts',(46.599173979691,60.1883217120432,-18.2701968487986));
#4540=CARTESIAN_POINT('Ctrl Pts',(46.599173979691,60.,-18.2701968487986));
#4541=CARTESIAN_POINT('Origin',(73.479663581891,60.,-25.002477254385));
#4542=CARTESIAN_POINT('',(71.979663581891,60.,-19.8998254813137));
#4543=CARTESIAN_POINT('',(73.479663581891,58.5,-19.8031710585729));
#4544=CARTESIAN_POINT('Ctrl Pts',(71.979663581891,60.,-19.8998254813137));
#4545=CARTESIAN_POINT('Ctrl Pts',(71.979663581891,60.1883056033167,-19.8998254813137));
#4546=CARTESIAN_POINT('Ctrl Pts',(72.0172915423639,60.3891562202835,-19.8985167331202));
#4547=CARTESIAN_POINT('Ctrl Pts',(72.1702778402675,60.7586062998532,-19.8922273263353));
#4548=CARTESIAN_POINT('Ctrl Pts',(72.2856359084925,60.9272039730764,-19.8871354997361));
#4549=CARTESIAN_POINT('Ctrl Pts',(72.5520506262134,61.1937961067859,-19.873014317031));
#4550=CARTESIAN_POINT('Ctrl Pts',(72.7209779394558,61.3093665749898,-19.8630128640412));
#4551=CARTESIAN_POINT('Ctrl Pts',(73.0907618943042,61.4624637444873,-19.8368004538193));
#4552=CARTESIAN_POINT('Ctrl Pts',(73.2916066998214,61.5,-19.8204784449588));
#4553=CARTESIAN_POINT('Ctrl Pts',(73.6684617037503,61.5,-19.7857954538729));
#4554=CARTESIAN_POINT('Ctrl Pts',(73.8696493193838,61.4621985217325,-19.765101562647));
#4555=CARTESIAN_POINT('Ctrl Pts',(74.2396198231939,61.3086557590631,-19.7231666467968));
#4556=CARTESIAN_POINT('Ctrl Pts',(74.4084170866267,61.1929191688202,-19.702035333443));
#4557=CARTESIAN_POINT('Ctrl Pts',(74.674188752803,60.926441378239,-19.6670805003451));
#4558=CARTESIAN_POINT('Ctrl Pts',(74.7892576158516,60.7581825699151,-19.6509077239493));
#4559=CARTESIAN_POINT('Ctrl Pts',(74.9420016993762,60.3891587689119,-19.6289617242564));
#4560=CARTESIAN_POINT('Ctrl Pts',(74.979663581891,60.1883812920251,-19.623305752191));
#4561=CARTESIAN_POINT('Ctrl Pts',(74.979663581891,59.8116187079749,-19.623305752191));
#4562=CARTESIAN_POINT('Ctrl Pts',(74.9420016993762,59.6108412310881,-19.6289617242564));
#4563=CARTESIAN_POINT('Ctrl Pts',(74.7892576158516,59.2418174300849,-19.6509077239493));
#4564=CARTESIAN_POINT('Ctrl Pts',(74.674188752803,59.073558621761,-19.6670805003451));
#4565=CARTESIAN_POINT('Ctrl Pts',(74.4084170866267,58.8070808311798,-19.702035333443));
#4566=CARTESIAN_POINT('Ctrl Pts',(74.2396198231939,58.6913442409369,-19.7231666467968));
#4567=CARTESIAN_POINT('Ctrl Pts',(73.8696493193838,58.5378014782675,-19.765101562647));
#4568=CARTESIAN_POINT('Ctrl Pts',(73.6684617037503,58.5,-19.7857954538729));
#4569=CARTESIAN_POINT('Ctrl Pts',(73.479663581891,58.5,-19.8031710585729));
#4570=CARTESIAN_POINT('Ctrl Pts',(73.479663581891,58.5,-19.8031710585729));
#4571=CARTESIAN_POINT('Ctrl Pts',(73.2916066998214,58.5,-19.8204784449588));
#4572=CARTESIAN_POINT('Ctrl Pts',(73.0907618943042,58.5375362555127,-19.8368004538193));
#4573=CARTESIAN_POINT('Ctrl Pts',(72.7209779394558,58.6906334250102,-19.8630128640412));
#4574=CARTESIAN_POINT('Ctrl Pts',(72.5520506262134,58.8062038932141,-19.873014317031));
#4575=CARTESIAN_POINT('Ctrl Pts',(72.2856359084925,59.0727960269235,-19.8871354997361));
#4576=CARTESIAN_POINT('Ctrl Pts',(72.1702778402675,59.2413937001468,-19.8922273263353));
#4577=CARTESIAN_POINT('Ctrl Pts',(72.0172915423639,59.6108437797165,-19.8985167331202));
#4578=CARTESIAN_POINT('Ctrl Pts',(71.979663581891,59.8116943966833,-19.8998254813137));
#4579=CARTESIAN_POINT('Ctrl Pts',(71.979663581891,60.,-19.8998254813137));
#4580=CARTESIAN_POINT('',(73.479663581891,58.5,-27.8957529363584));
#4581=CARTESIAN_POINT('',(73.479663581891,58.5,-25.002477254385));
#4582=CARTESIAN_POINT('',(71.979663581891,60.,-27.9690682043699));
#4583=CARTESIAN_POINT('Ctrl Pts',(71.979663581891,60.,-27.9690682043699));
#4584=CARTESIAN_POINT('Ctrl Pts',(71.979663581891,59.8116782879568,-27.9690682043699));
#4585=CARTESIAN_POINT('Ctrl Pts',(72.0172968810529,59.6108076439739,-27.9680886786494));
#4586=CARTESIAN_POINT('Ctrl Pts',(72.1703235567733,59.2413065492965,-27.9633584649603));
#4587=CARTESIAN_POINT('Ctrl Pts',(72.2857167944367,59.0726771438475,-27.9595220228714));
#4588=CARTESIAN_POINT('Ctrl Pts',(72.5521090609169,58.806183469514,-27.9488441868032));
#4589=CARTESIAN_POINT('Ctrl Pts',(72.7209293827697,58.6906682059443,-27.9412713311728));
#4590=CARTESIAN_POINT('Ctrl Pts',(73.0906226227956,58.5375792462657,-27.9213646619557));
#4591=CARTESIAN_POINT('Ctrl Pts',(73.2914886225671,58.5,-27.9089451402856));
#4592=CARTESIAN_POINT('Ctrl Pts',(73.479663581891,58.5,-27.8957529363584));
#4593=CARTESIAN_POINT('Ctrl Pts',(73.4796635818911,58.5,-27.8957529363584));
#4594=CARTESIAN_POINT('Ctrl Pts',(73.6682733045353,58.5,-27.8825302528901));
#4595=CARTESIAN_POINT('Ctrl Pts',(73.8693401890194,58.5377347257818,-27.8667647480959));
#4596=CARTESIAN_POINT('Ctrl Pts',(74.2391429350967,58.6910849158097,-27.834798685647));
#4597=CARTESIAN_POINT('Ctrl Pts',(74.4078872752448,58.8066976613761,-27.8186832280305));
#4598=CARTESIAN_POINT('Ctrl Pts',(74.6739022413645,59.0731245021568,-27.7919922056667));
#4599=CARTESIAN_POINT('Ctrl Pts',(74.789125950825,59.2415552950192,-27.779634955687));
#4600=CARTESIAN_POINT('Ctrl Pts',(74.9420105196363,59.6108066229156,-27.7628747029082));
#4601=CARTESIAN_POINT('Ctrl Pts',(74.979663581891,59.811634397235,-27.7585601859972));
#4602=CARTESIAN_POINT('Ctrl Pts',(74.979663581891,60.188365602765,-27.7585601859972));
#4603=CARTESIAN_POINT('Ctrl Pts',(74.9420105196363,60.3891933770844,-27.7628747029082));
#4604=CARTESIAN_POINT('Ctrl Pts',(74.789125950825,60.7584447049808,-27.779634955687));
#4605=CARTESIAN_POINT('Ctrl Pts',(74.6739022413645,60.9268754978432,-27.7919922056667));
#4606=CARTESIAN_POINT('Ctrl Pts',(74.4078872752448,61.1933023386239,-27.8186832280305));
#4607=CARTESIAN_POINT('Ctrl Pts',(74.2391429350967,61.3089150841903,-27.834798685647));
#4608=CARTESIAN_POINT('Ctrl Pts',(73.8693401890194,61.4622652742182,-27.8667647480959));
#4609=CARTESIAN_POINT('Ctrl Pts',(73.6682733045353,61.5,-27.8825302528901));
#4610=CARTESIAN_POINT('Ctrl Pts',(73.2914886225671,61.5,-27.9089451402856));
#4611=CARTESIAN_POINT('Ctrl Pts',(73.0906226227956,61.4624207537343,-27.9213646619556));
#4612=CARTESIAN_POINT('Ctrl Pts',(72.7209293827697,61.3093317940557,-27.9412713311728));
#4613=CARTESIAN_POINT('Ctrl Pts',(72.5521090609169,61.193816530486,-27.9488441868032));
#4614=CARTESIAN_POINT('Ctrl Pts',(72.2857167944367,60.9273228561525,-27.9595220228714));
#4615=CARTESIAN_POINT('Ctrl Pts',(72.1703235567733,60.7586934507035,-27.9633584649603));
#4616=CARTESIAN_POINT('Ctrl Pts',(72.0172968810529,60.3891923560261,-27.9680886786494));
#4617=CARTESIAN_POINT('Ctrl Pts',(71.979663581891,60.1883217120432,-27.9690682043699));
#4618=CARTESIAN_POINT('Ctrl Pts',(71.979663581891,60.,-27.9690682043699));
#4619=CARTESIAN_POINT('Origin',(95.7474811888606,60.,-13.7221328526792));
#4620=CARTESIAN_POINT('',(91.057636763102,60.,-11.1536087704803));
#4621=CARTESIAN_POINT('',(92.0494489911075,58.5,-10.0241006549261));
#4622=CARTESIAN_POINT('Ctrl Pts',(91.057636763102,60.,-11.1536087704803));
#4623=CARTESIAN_POINT('Ctrl Pts',(91.057636763102,60.1883049839957,-11.1536087704803));
#4624=CARTESIAN_POINT('Ctrl Pts',(91.0833056262855,60.3891547503749,-11.1260639544254));
#4625=CARTESIAN_POINT('Ctrl Pts',(91.1869837467126,60.7586026250978,-11.0133892047078));
#4626=CARTESIAN_POINT('Ctrl Pts',(91.2649141913855,60.9271989284375,-10.928180860368));
#4627=CARTESIAN_POINT('Ctrl Pts',(91.4432231821638,61.1937936462971,-10.7297234062456));
#4628=CARTESIAN_POINT('Ctrl Pts',(91.5555459005512,61.3093659519806,-10.6031431799487));
#4629=CARTESIAN_POINT('Ctrl Pts',(91.7983654161952,61.4624643091045,-10.3230052300165));
#4630=CARTESIAN_POINT('Ctrl Pts',(91.9287752574177,61.5,-10.1693774134305));
#4631=CARTESIAN_POINT('Ctrl Pts',(92.1706008633265,61.5,-9.87824827475568));
#4632=CARTESIAN_POINT('Ctrl Pts',(92.2981623441794,61.4621976948542,-9.72128474290031));
#4633=CARTESIAN_POINT('Ctrl Pts',(92.5299952245856,61.308651406344,-9.42989496109456));
#4634=CARTESIAN_POINT('Ctrl Pts',(92.6343543980584,61.19291211023,-9.29553608563131));
#4635=CARTESIAN_POINT('Ctrl Pts',(92.7974731878984,60.9264323383315,-9.08280259488857));
#4636=CARTESIAN_POINT('Ctrl Pts',(92.8673619636862,60.7581766779195,-8.98996372524208));
#4637=CARTESIAN_POINT('Ctrl Pts',(92.9597958990319,60.3891573214909,-8.8663891263561));
#4638=CARTESIAN_POINT('Ctrl Pts',(92.9824145101383,60.1883810801545,-8.8357458303973));
#4639=CARTESIAN_POINT('Ctrl Pts',(92.9824145101383,59.8116189198455,-8.8357458303973));
#4640=CARTESIAN_POINT('Ctrl Pts',(92.9597958990319,59.6108426785091,-8.8663891263561));
#4641=CARTESIAN_POINT('Ctrl Pts',(92.8673619636862,59.2418233220805,-8.98996372524208));
#4642=CARTESIAN_POINT('Ctrl Pts',(92.7974731878984,59.0735676616685,-9.08280259488857));
#4643=CARTESIAN_POINT('Ctrl Pts',(92.6343543980584,58.80708788977,-9.29553608563131));
#4644=CARTESIAN_POINT('Ctrl Pts',(92.5299952245856,58.691348593656,-9.42989496109456));
#4645=CARTESIAN_POINT('Ctrl Pts',(92.2981623441794,58.5378023051458,-9.72128474290031));
#4646=CARTESIAN_POINT('Ctrl Pts',(92.1706008633265,58.5,-9.87824827475568));
#4647=CARTESIAN_POINT('Ctrl Pts',(92.0494489911075,58.5,-10.0241006549261));
#4648=CARTESIAN_POINT('Ctrl Pts',(92.0494489911075,58.5,-10.0241006549261));
#4649=CARTESIAN_POINT('Ctrl Pts',(91.9287752574177,58.5,-10.1693774134305));
#4650=CARTESIAN_POINT('Ctrl Pts',(91.7983654161952,58.5375356908955,-10.3230052300165));
#4651=CARTESIAN_POINT('Ctrl Pts',(91.5555459005512,58.6906340480193,-10.6031431799487));
#4652=CARTESIAN_POINT('Ctrl Pts',(91.4432231821638,58.8062063537029,-10.7297234062456));
#4653=CARTESIAN_POINT('Ctrl Pts',(91.2649141913855,59.0728010715625,-10.928180860368));
#4654=CARTESIAN_POINT('Ctrl Pts',(91.1869837467126,59.2413973749021,-11.0133892047078));
#4655=CARTESIAN_POINT('Ctrl Pts',(91.0833056262855,59.6108452496251,-11.1260639544254));
#4656=CARTESIAN_POINT('Ctrl Pts',(91.057636763102,59.8116950160042,-11.1536087704803));
#4657=CARTESIAN_POINT('Ctrl Pts',(91.057636763102,60.,-11.1536087704803));
#4658=CARTESIAN_POINT('',(97.7933360434261,58.5,-15.7679877072447));
#4659=CARTESIAN_POINT('',(95.7474811888606,58.5,-13.7221328526792));
#4660=CARTESIAN_POINT('',(96.7845175948218,60.,-16.8804896022001));
#4661=CARTESIAN_POINT('Ctrl Pts',(96.7845175948218,60.,-16.8804896022001));
#4662=CARTESIAN_POINT('Ctrl Pts',(96.7845175948218,59.8116782879568,-16.8804896022001));
#4663=CARTESIAN_POINT('Ctrl Pts',(96.8104357265782,59.610807643974,-16.8531862118849));
#4664=CARTESIAN_POINT('Ctrl Pts',(96.9152971605065,59.2413065492965,-16.7416352456046));
#4665=CARTESIAN_POINT('Ctrl Pts',(96.9941797271447,59.0726771438475,-16.657327130533));
#4666=CARTESIAN_POINT('Ctrl Pts',(97.1749971349362,58.806183469514,-16.461408982157));
#4667=CARTESIAN_POINT('Ctrl Pts',(97.2890163117513,58.6906682059443,-16.3366801702037));
#4668=CARTESIAN_POINT('Ctrl Pts',(97.5363527679381,58.5375792462657,-16.0611914324282));
#4669=CARTESIAN_POINT('Ctrl Pts',(97.6696045504944,58.5,-15.910375793888));
#4670=CARTESIAN_POINT('Ctrl Pts',(97.7933360434261,58.5,-15.7679877072447));
#4671=CARTESIAN_POINT('Ctrl Pts',(97.7933360434261,58.5,-15.7679877072447));
#4672=CARTESIAN_POINT('Ctrl Pts',(97.9173534081597,58.5,-15.6252706442194));
#4673=CARTESIAN_POINT('Ctrl Pts',(98.0483812703017,58.5377347257818,-15.4719469913799));
#4674=CARTESIAN_POINT('Ctrl Pts',(98.2872678802288,58.6910849158098,-15.1878535424017));
#4675=CARTESIAN_POINT('Ctrl Pts',(98.3951927980719,58.8066976613761,-15.0571379258336));
#4676=CARTESIAN_POINT('Ctrl Pts',(98.564420381602,59.0731245021568,-14.850163536483));
#4677=CARTESIAN_POINT('Ctrl Pts',(98.6371579526575,59.2415552950192,-14.7599501749125));
#4678=CARTESIAN_POINT('Ctrl Pts',(98.7334123796085,59.6108066229156,-14.639993171173));
#4679=CARTESIAN_POINT('Ctrl Pts',(98.7569862910959,59.811634397235,-14.6103176113549));
#4680=CARTESIAN_POINT('Ctrl Pts',(98.7569862910959,60.188365602765,-14.6103176113549));
#4681=CARTESIAN_POINT('Ctrl Pts',(98.7334123796085,60.3891933770844,-14.639993171173));
#4682=CARTESIAN_POINT('Ctrl Pts',(98.6371579526575,60.7584447049808,-14.7599501749125));
#4683=CARTESIAN_POINT('Ctrl Pts',(98.564420381602,60.9268754978432,-14.850163536483));
#4684=CARTESIAN_POINT('Ctrl Pts',(98.3951927980719,61.1933023386239,-15.0571379258336));
#4685=CARTESIAN_POINT('Ctrl Pts',(98.2872678802288,61.3089150841902,-15.1878535424017));
#4686=CARTESIAN_POINT('Ctrl Pts',(98.0483812703017,61.4622652742182,-15.4719469913799));
#4687=CARTESIAN_POINT('Ctrl Pts',(97.9173534081597,61.5,-15.6252706442194));
#4688=CARTESIAN_POINT('Ctrl Pts',(97.6696045504944,61.5,-15.910375793888));
#4689=CARTESIAN_POINT('Ctrl Pts',(97.5363527679381,61.4624207537343,-16.0611914324282));
#4690=CARTESIAN_POINT('Ctrl Pts',(97.2890163117513,61.3093317940557,-16.3366801702037));
#4691=CARTESIAN_POINT('Ctrl Pts',(97.1749971349362,61.193816530486,-16.461408982157));
#4692=CARTESIAN_POINT('Ctrl Pts',(96.9941797271447,60.9273228561525,-16.657327130533));
#4693=CARTESIAN_POINT('Ctrl Pts',(96.9152971605065,60.7586934507035,-16.7416352456046));
#4694=CARTESIAN_POINT('Ctrl Pts',(96.8104357265782,60.389192356026,-16.8531862118849));
#4695=CARTESIAN_POINT('Ctrl Pts',(96.7845175948218,60.1883217120432,-16.8804896022001));
#4696=CARTESIAN_POINT('Ctrl Pts',(96.7845175948218,60.,-16.8804896022001));
#4697=CARTESIAN_POINT('Origin',(103.516798000408,60.,10.));
#4698=CARTESIAN_POINT('',(98.3549343207523,60.,8.5));
#4699=CARTESIAN_POINT('',(98.2582076022598,58.5,10.));
#4700=CARTESIAN_POINT('Ctrl Pts',(98.3549343207523,60.,8.5));
#4701=CARTESIAN_POINT('Ctrl Pts',(98.3549343207523,60.1883055404687,8.5));
#4702=CARTESIAN_POINT('Ctrl Pts',(98.353623768275,60.389156071222,8.5376279394584));
#4703=CARTESIAN_POINT('Ctrl Pts',(98.3473270256444,60.7586059274529,8.69061406345781));
#4704=CARTESIAN_POINT('Ctrl Pts',(98.3422296669154,60.9272034619579,8.80597197728254));
#4705=CARTESIAN_POINT('Ctrl Pts',(98.3280956839307,61.1937958577842,9.07238663355898));
#4706=CARTESIAN_POINT('Ctrl Pts',(98.3180860866652,61.309366512228,9.24131420840934));
#4707=CARTESIAN_POINT('Ctrl Pts',(98.2918558172664,61.4624638019004,9.61109844864944));
#4708=CARTESIAN_POINT('Ctrl Pts',(98.2755240936274,61.5,9.81194326901956));
#4709=CARTESIAN_POINT('Ctrl Pts',(98.240822820313,61.5,10.1887983652307));
#4710=CARTESIAN_POINT('Ctrl Pts',(98.2201191210749,61.4621984377244,10.3899861788401));
#4711=CARTESIAN_POINT('Ctrl Pts',(98.1781660960638,61.3086553172417,10.7599570669725));
#4712=CARTESIAN_POINT('Ctrl Pts',(98.1570264810752,61.1929184525,10.9287545217683));
#4713=CARTESIAN_POINT('Ctrl Pts',(98.1220586321142,60.9264404610673,11.1945257849807));
#4714=CARTESIAN_POINT('Ctrl Pts',(98.1058802257332,60.758181972167,11.3095943394283));
#4715=CARTESIAN_POINT('Ctrl Pts',(98.0839267275555,60.3891586221295,11.4623381201888));
#4716=CARTESIAN_POINT('Ctrl Pts',(98.0782688917634,60.18838127058,11.5));
#4717=CARTESIAN_POINT('Ctrl Pts',(98.0782688917634,59.81161872942,11.5));
#4718=CARTESIAN_POINT('Ctrl Pts',(98.0839267275555,59.6108413778705,11.4623381201888));
#4719=CARTESIAN_POINT('Ctrl Pts',(98.1058802257332,59.241818027833,11.3095943394283));
#4720=CARTESIAN_POINT('Ctrl Pts',(98.1220586321142,59.0735595389327,11.1945257849807));
#4721=CARTESIAN_POINT('Ctrl Pts',(98.1570264810752,58.8070815475,10.9287545217683));
#4722=CARTESIAN_POINT('Ctrl Pts',(98.1781660960638,58.6913446827583,10.7599570669725));
#4723=CARTESIAN_POINT('Ctrl Pts',(98.2201191210749,58.5378015622756,10.3899861788401));
#4724=CARTESIAN_POINT('Ctrl Pts',(98.240822820313,58.5,10.1887983652307));
#4725=CARTESIAN_POINT('Ctrl Pts',(98.2582076022598,58.5,10.));
#4726=CARTESIAN_POINT('Ctrl Pts',(98.2582076022598,58.5,10.));
#4727=CARTESIAN_POINT('Ctrl Pts',(98.2755240936274,58.5,9.81194326901956));
#4728=CARTESIAN_POINT('Ctrl Pts',(98.2918558172664,58.5375361980996,9.61109844864944));
#4729=CARTESIAN_POINT('Ctrl Pts',(98.3180860866652,58.690633487772,9.24131420840934));
#4730=CARTESIAN_POINT('Ctrl Pts',(98.3280956839307,58.8062041422158,9.07238663355898));
#4731=CARTESIAN_POINT('Ctrl Pts',(98.3422296669154,59.0727965380421,8.80597197728254));
#4732=CARTESIAN_POINT('Ctrl Pts',(98.3473270256444,59.2413940725471,8.69061406345782));
#4733=CARTESIAN_POINT('Ctrl Pts',(98.353623768275,59.610843928778,8.5376279394584));
#4734=CARTESIAN_POINT('Ctrl Pts',(98.3549343207523,59.8116944595313,8.5));
#4735=CARTESIAN_POINT('Ctrl Pts',(98.3549343207523,60.,8.5));
#4736=CARTESIAN_POINT('',(106.410073682382,58.5,10.));
#4737=CARTESIAN_POINT('',(103.516798000408,58.5,10.));
#4738=CARTESIAN_POINT('',(106.483388950393,60.,8.5));
#4739=CARTESIAN_POINT('Ctrl Pts',(106.483388950393,60.,8.5));
#4740=CARTESIAN_POINT('Ctrl Pts',(106.483388950393,59.8116782879568,8.5));
#4741=CARTESIAN_POINT('Ctrl Pts',(106.482409424673,59.610807643974,8.5376332991619));
#4742=CARTESIAN_POINT('Ctrl Pts',(106.477679210983,59.2413065492965,8.69065997488224));
#4743=CARTESIAN_POINT('Ctrl Pts',(106.473842768895,59.0726771438475,8.80605321254566));
#4744=CARTESIAN_POINT('Ctrl Pts',(106.463164932826,58.806183469514,9.07244547902584));
#4745=CARTESIAN_POINT('Ctrl Pts',(106.455592077196,58.6906682059443,9.24126580087863));
#4746=CARTESIAN_POINT('Ctrl Pts',(106.435685407979,58.5375792462657,9.61095904090457));
#4747=CARTESIAN_POINT('Ctrl Pts',(106.423265886309,58.5,9.81182504067608));
#4748=CARTESIAN_POINT('Ctrl Pts',(106.410073682382,58.5,10.));
#4749=CARTESIAN_POINT('Ctrl Pts',(106.410073682382,58.5,10.));
#4750=CARTESIAN_POINT('Ctrl Pts',(106.396850998913,58.5,10.1886097226442));
#4751=CARTESIAN_POINT('Ctrl Pts',(106.381085494119,58.5377347257818,10.3896766071283));
#4752=CARTESIAN_POINT('Ctrl Pts',(106.34911943167,58.6910849158097,10.7594793532056));
#4753=CARTESIAN_POINT('Ctrl Pts',(106.333003974054,58.8066976613761,10.9282236933538));
#4754=CARTESIAN_POINT('Ctrl Pts',(106.30631295169,59.0731245021568,11.1942386594735));
#4755=CARTESIAN_POINT('Ctrl Pts',(106.29395570171,59.2415552950192,11.309462368934));
#4756=CARTESIAN_POINT('Ctrl Pts',(106.277195448931,59.6108066229156,11.4623469377453));
#4757=CARTESIAN_POINT('Ctrl Pts',(106.27288093202,59.811634397235,11.5));
#4758=CARTESIAN_POINT('Ctrl Pts',(106.27288093202,60.188365602765,11.5));
#4759=CARTESIAN_POINT('Ctrl Pts',(106.277195448931,60.3891933770844,11.4623469377453));
#4760=CARTESIAN_POINT('Ctrl Pts',(106.29395570171,60.7584447049808,11.309462368934));
#4761=CARTESIAN_POINT('Ctrl Pts',(106.30631295169,60.9268754978432,11.1942386594735));
#4762=CARTESIAN_POINT('Ctrl Pts',(106.333003974054,61.1933023386239,10.9282236933538));
#4763=CARTESIAN_POINT('Ctrl Pts',(106.34911943167,61.3089150841903,10.7594793532056));
#4764=CARTESIAN_POINT('Ctrl Pts',(106.381085494119,61.4622652742182,10.3896766071283));
#4765=CARTESIAN_POINT('Ctrl Pts',(106.396850998913,61.5,10.1886097226442));
#4766=CARTESIAN_POINT('Ctrl Pts',(106.423265886309,61.5,9.81182504067608));
#4767=CARTESIAN_POINT('Ctrl Pts',(106.435685407979,61.4624207537343,9.61095904090457));
#4768=CARTESIAN_POINT('Ctrl Pts',(106.455592077196,61.3093317940557,9.24126580087863));
#4769=CARTESIAN_POINT('Ctrl Pts',(106.463164932826,61.193816530486,9.07244547902584));
#4770=CARTESIAN_POINT('Ctrl Pts',(106.473842768895,60.9273228561525,8.80605321254566));
#4771=CARTESIAN_POINT('Ctrl Pts',(106.477679210983,60.7586934507035,8.69065997488224));
#4772=CARTESIAN_POINT('Ctrl Pts',(106.482409424673,60.389192356026,8.5376332991619));
#4773=CARTESIAN_POINT('Ctrl Pts',(106.483388950393,60.1883217120432,8.5));
#4774=CARTESIAN_POINT('Ctrl Pts',(106.483388950393,60.,8.5));
#4775=CARTESIAN_POINT('Origin',(70.9969921639571,65.3040786836607,7.51732858206607));
#4776=CARTESIAN_POINT('',(106.496992163957,65.3040786836607,7.51732858206606));
#4777=CARTESIAN_POINT('Origin',(70.9969921639571,65.3040786836607,7.51732858206607));
#4778=CARTESIAN_POINT('',(98.3736592523514,65.3040786836607,7.48709078669368));
#4779=CARTESIAN_POINT('Origin',(70.9680665526786,65.3040786836607,7.48709078669368));
#4780=CARTESIAN_POINT('Origin',(70.9680665526786,55.3040786836607,7.48709078669368));
#4781=CARTESIAN_POINT('',(98.3736592523514,55.3040786836607,7.48709078669368));
#4782=CARTESIAN_POINT('Origin',(70.9680665526786,55.3040786836607,7.48709078669368));
#4783=CARTESIAN_POINT('',(98.3736592523514,55.3040786836607,7.48709078669368));
#4784=CARTESIAN_POINT('Origin',(70.9969921639571,55.3040786836607,7.51732858206607));
#4785=CARTESIAN_POINT('',(106.496992163957,55.3040786836607,7.51732858206606));
#4786=CARTESIAN_POINT('',(106.496992163957,55.3040786836607,7.51732858206606));
#4787=CARTESIAN_POINT('Origin',(70.9969921639571,55.3040786836607,7.51732858206607));
#4788=CARTESIAN_POINT('Origin',(70.9969921639571,55.3040786836607,7.51732858206607));
#4789=CARTESIAN_POINT('Origin',(92.2364535987024,-40.,32.2678176069696));
#4790=CARTESIAN_POINT('',(89.6387521747247,-40.,27.5487958394323));
#4791=CARTESIAN_POINT('',(88.510837645247,-41.5,28.5422016535142));
#4792=CARTESIAN_POINT('Ctrl Pts',(89.6387521747247,-40.,27.5487958394323));
#4793=CARTESIAN_POINT('Ctrl Pts',(89.6387521747247,-39.8116930613149,27.5487958394323));
#4794=CARTESIAN_POINT('Ctrl Pts',(89.6112466688077,-39.6108406181053,27.574504937385));
#4795=CARTESIAN_POINT('Ctrl Pts',(89.4987298102981,-39.2413858151056,27.6783485816542));
#4796=CARTESIAN_POINT('Ctrl Pts',(89.4136400265257,-39.0727852104604,27.756404360772));
#4797=CARTESIAN_POINT('Ctrl Pts',(89.2154633907816,-38.806198639608,27.9349968464317));
#4798=CARTESIAN_POINT('Ctrl Pts',(89.089068432228,-38.6906321163509,28.0474933324093));
#4799=CARTESIAN_POINT('Ctrl Pts',(88.8093304043876,-38.537537481684,28.2907002363804));
#4800=CARTESIAN_POINT('Ctrl Pts',(88.6559170427942,-38.5,28.4213238924083));
#4801=CARTESIAN_POINT('Ctrl Pts',(88.3651929074336,-38.5,28.6635504468053));
#4802=CARTESIAN_POINT('Ctrl Pts',(88.2084499146304,-38.5377996880432,28.7913237547885));
#4803=CARTESIAN_POINT('Ctrl Pts',(87.9174677272385,-38.6913348472703,29.0235473348559));
#4804=CARTESIAN_POINT('Ctrl Pts',(87.7832960285556,-38.8070656099566,29.1280852808968));
#4805=CARTESIAN_POINT('Ctrl Pts',(87.5708405651438,-39.0735391443089,29.2914998289781));
#4806=CARTESIAN_POINT('Ctrl Pts',(87.4781190074063,-39.241804738344,29.3615194875595));
#4807=CARTESIAN_POINT('Ctrl Pts',(87.3547030327264,-39.6108381177464,29.4541253598798));
#4808=CARTESIAN_POINT('Ctrl Pts',(87.3241007563033,-39.8116182553078,29.4767851081302));
#4809=CARTESIAN_POINT('Ctrl Pts',(87.3241007563033,-40.1883817446922,29.4767851081302));
#4810=CARTESIAN_POINT('Ctrl Pts',(87.3547030327264,-40.3891618822536,29.4541253598798));
#4811=CARTESIAN_POINT('Ctrl Pts',(87.4781190074063,-40.758195261656,29.3615194875595));
#4812=CARTESIAN_POINT('Ctrl Pts',(87.5708405651438,-40.9264608556911,29.2914998289781));
#4813=CARTESIAN_POINT('Ctrl Pts',(87.7832960285556,-41.1929343900434,29.1280852808968));
#4814=CARTESIAN_POINT('Ctrl Pts',(87.9174677272385,-41.3086651527296,29.0235473348559));
#4815=CARTESIAN_POINT('Ctrl Pts',(88.2084499146304,-41.4622003119568,28.7913237547885));
#4816=CARTESIAN_POINT('Ctrl Pts',(88.3651929074336,-41.5,28.6635504468053));
#4817=CARTESIAN_POINT('Ctrl Pts',(88.510837645247,-41.5,28.5422016535142));
#4818=CARTESIAN_POINT('Ctrl Pts',(88.510837645247,-41.5,28.5422016535142));
#4819=CARTESIAN_POINT('Ctrl Pts',(88.6559170427942,-41.5,28.4213238924083));
#4820=CARTESIAN_POINT('Ctrl Pts',(88.8093304043876,-41.462462518316,28.2907002363804));
#4821=CARTESIAN_POINT('Ctrl Pts',(89.089068432228,-41.3093678836491,28.0474933324093));
#4822=CARTESIAN_POINT('Ctrl Pts',(89.2154633907816,-41.193801360392,27.9349968464317));
#4823=CARTESIAN_POINT('Ctrl Pts',(89.4136400265257,-40.9272147895397,27.756404360772));
#4824=CARTESIAN_POINT('Ctrl Pts',(89.4987298102981,-40.7586141848944,27.6783485816542));
#4825=CARTESIAN_POINT('Ctrl Pts',(89.6112466688077,-40.3891593818947,27.574504937385));
#4826=CARTESIAN_POINT('Ctrl Pts',(89.6387521747247,-40.1883069386851,27.5487958394323));
#4827=CARTESIAN_POINT('Ctrl Pts',(89.6387521747247,-40.,27.5487958394323));
#4828=CARTESIAN_POINT('',(94.2823084532679,-41.5,34.3136724615351));
#4829=CARTESIAN_POINT('',(92.2364535987024,-41.5,32.2678176069696));
#4830=CARTESIAN_POINT('',(95.3948103482232,-40.,33.3048540129308));
#4831=CARTESIAN_POINT('Ctrl Pts',(95.3948103482232,-40.,33.3048540129308));
#4832=CARTESIAN_POINT('Ctrl Pts',(95.3948103482232,-40.1883217120432,33.3048540129308));
#4833=CARTESIAN_POINT('Ctrl Pts',(95.3675069579081,-40.389192356026,33.3307721446872));
#4834=CARTESIAN_POINT('Ctrl Pts',(95.2559559916277,-40.7586934507035,33.4356335786155));
#4835=CARTESIAN_POINT('Ctrl Pts',(95.1716478765562,-40.9273228561525,33.5145161452537));
#4836=CARTESIAN_POINT('Ctrl Pts',(94.9757297281801,-41.193816530486,33.6953335530452));
#4837=CARTESIAN_POINT('Ctrl Pts',(94.8510009162268,-41.3093317940557,33.8093527298603));
#4838=CARTESIAN_POINT('Ctrl Pts',(94.5755121784513,-41.4624207537343,34.0566891860471));
#4839=CARTESIAN_POINT('Ctrl Pts',(94.4246965399111,-41.5,34.1899409686034));
#4840=CARTESIAN_POINT('Ctrl Pts',(94.2823084532679,-41.5,34.3136724615351));
#4841=CARTESIAN_POINT('Ctrl Pts',(94.2823084532679,-41.5,34.3136724615351));
#4842=CARTESIAN_POINT('Ctrl Pts',(94.1395913902426,-41.5,34.4376898262687));
#4843=CARTESIAN_POINT('Ctrl Pts',(93.986267737403,-41.4622652742182,34.5687176884106));
#4844=CARTESIAN_POINT('Ctrl Pts',(93.7021742884249,-41.3089150841903,34.8076042983378));
#4845=CARTESIAN_POINT('Ctrl Pts',(93.5714586718567,-41.1933023386239,34.9155292161809));
#4846=CARTESIAN_POINT('Ctrl Pts',(93.3644842825062,-40.9268754978432,35.084756799711));
#4847=CARTESIAN_POINT('Ctrl Pts',(93.2742709209356,-40.7584447049808,35.1574943707665));
#4848=CARTESIAN_POINT('Ctrl Pts',(93.1543139171961,-40.3891933770844,35.2537487977175));
#4849=CARTESIAN_POINT('Ctrl Pts',(93.124638357378,-40.188365602765,35.2773227092049));
#4850=CARTESIAN_POINT('Ctrl Pts',(93.124638357378,-39.811634397235,35.2773227092049));
#4851=CARTESIAN_POINT('Ctrl Pts',(93.1543139171961,-39.6108066229156,35.2537487977175));
#4852=CARTESIAN_POINT('Ctrl Pts',(93.2742709209356,-39.2415552950192,35.1574943707665));
#4853=CARTESIAN_POINT('Ctrl Pts',(93.3644842825062,-39.0731245021568,35.084756799711));
#4854=CARTESIAN_POINT('Ctrl Pts',(93.5714586718567,-38.8066976613761,34.9155292161809));
#4855=CARTESIAN_POINT('Ctrl Pts',(93.7021742884249,-38.6910849158097,34.8076042983378));
#4856=CARTESIAN_POINT('Ctrl Pts',(93.986267737403,-38.5377347257818,34.5687176884106));
#4857=CARTESIAN_POINT('Ctrl Pts',(94.1395913902426,-38.5,34.4376898262687));
#4858=CARTESIAN_POINT('Ctrl Pts',(94.4246965399111,-38.5,34.1899409686034));
#4859=CARTESIAN_POINT('Ctrl Pts',(94.5755121784513,-38.5375792462657,34.0566891860471));
#4860=CARTESIAN_POINT('Ctrl Pts',(94.8510009162268,-38.6906682059443,33.8093527298603));
#4861=CARTESIAN_POINT('Ctrl Pts',(94.9757297281801,-38.806183469514,33.6953335530452));
#4862=CARTESIAN_POINT('Ctrl Pts',(95.1716478765562,-39.0726771438475,33.5145161452537));
#4863=CARTESIAN_POINT('Ctrl Pts',(95.2559559916277,-39.2413065492965,33.4356335786155));
#4864=CARTESIAN_POINT('Ctrl Pts',(95.3675069579081,-39.610807643974,33.3307721446872));
#4865=CARTESIAN_POINT('Ctrl Pts',(95.3948103482232,-39.8116782879568,33.3048540129308));
#4866=CARTESIAN_POINT('Ctrl Pts',(95.3948103482232,-40.,33.3048540129308));
#4867=CARTESIAN_POINT('Origin',(68.5143207460232,-40.,40.0371344185171));
#4868=CARTESIAN_POINT('',(70.0143207460232,-40.,34.8760827388749));
#4869=CARTESIAN_POINT('',(68.5143207460232,-41.5,34.7826150120439));
#4870=CARTESIAN_POINT('Ctrl Pts',(70.0143207460232,-40.,34.8760827388749));
#4871=CARTESIAN_POINT('Ctrl Pts',(70.0143207460232,-39.8116916492291,34.8760827388749));
#4872=CARTESIAN_POINT('Ctrl Pts',(69.9766918657366,-39.6108372866544,34.874853530749));
#4873=CARTESIAN_POINT('Ctrl Pts',(69.8236980248952,-39.2413775353012,34.8688875241806));
#4874=CARTESIAN_POINT('Ctrl Pts',(69.7083332695614,-39.0727738646393,34.8640395821338));
#4875=CARTESIAN_POINT('Ctrl Pts',(69.4419159599386,-38.80619316254,34.8504826555538));
#4876=CARTESIAN_POINT('Ctrl Pts',(69.2730000593868,-38.6906307850896,34.8408401670528));
#4877=CARTESIAN_POINT('Ctrl Pts',(68.9032285118364,-38.5375387915789,34.8154149110549));
#4878=CARTESIAN_POINT('Ctrl Pts',(68.7023843083307,-38.5,34.7995210869589));
#4879=CARTESIAN_POINT('Ctrl Pts',(68.3255333235479,-38.5,34.7656438653305));
#4880=CARTESIAN_POINT('Ctrl Pts',(68.1243543771216,-38.5377977838569,34.7453822185671));
#4881=CARTESIAN_POINT('Ctrl Pts',(67.754400639944,-38.6913249011657,34.7042453426865));
#4882=CARTESIAN_POINT('Ctrl Pts',(67.585611695863,-38.8070495118073,34.6834798463478));
#4883=CARTESIAN_POINT('Ctrl Pts',(67.3198223896438,-39.0735185694362,34.6490986575779));
#4884=CARTESIAN_POINT('Ctrl Pts',(67.2047400459799,-39.2417913363647,34.6331740275539));
#4885=CARTESIAN_POINT('Ctrl Pts',(67.0519827419939,-39.6108348370154,34.6115585109628));
#4886=CARTESIAN_POINT('Ctrl Pts',(67.0143207460231,-39.8116177829611,34.6059846674683));
#4887=CARTESIAN_POINT('Ctrl Pts',(67.0143207460231,-40.1883822170389,34.6059846674683));
#4888=CARTESIAN_POINT('Ctrl Pts',(67.0519827419939,-40.3891651629846,34.6115585109628));
#4889=CARTESIAN_POINT('Ctrl Pts',(67.2047400459799,-40.7582086636353,34.6331740275539));
#4890=CARTESIAN_POINT('Ctrl Pts',(67.3198223896438,-40.9264814305638,34.6490986575779));
#4891=CARTESIAN_POINT('Ctrl Pts',(67.585611695863,-41.1929504881927,34.6834798463478));
#4892=CARTESIAN_POINT('Ctrl Pts',(67.754400639944,-41.3086750988343,34.7042453426865));
#4893=CARTESIAN_POINT('Ctrl Pts',(68.1243543771216,-41.4622022161431,34.7453822185671));
#4894=CARTESIAN_POINT('Ctrl Pts',(68.3255333235479,-41.5,34.7656438653305));
#4895=CARTESIAN_POINT('Ctrl Pts',(68.5143207460232,-41.5,34.7826150120439));
#4896=CARTESIAN_POINT('Ctrl Pts',(68.5143207460232,-41.5,34.7826150120439));
#4897=CARTESIAN_POINT('Ctrl Pts',(68.7023843083307,-41.5,34.7995210869589));
#4898=CARTESIAN_POINT('Ctrl Pts',(68.9032285118364,-41.4624612084211,34.8154149110549));
#4899=CARTESIAN_POINT('Ctrl Pts',(69.2730000593868,-41.3093692149104,34.8408401670528));
#4900=CARTESIAN_POINT('Ctrl Pts',(69.4419159599386,-41.19380683746,34.8504826555538));
#4901=CARTESIAN_POINT('Ctrl Pts',(69.7083332695614,-40.9272261353608,34.8640395821338));
#4902=CARTESIAN_POINT('Ctrl Pts',(69.8236980248952,-40.7586224646988,34.8688875241806));
#4903=CARTESIAN_POINT('Ctrl Pts',(69.9766918657366,-40.3891627133456,34.874853530749));
#4904=CARTESIAN_POINT('Ctrl Pts',(70.0143207460232,-40.1883083507709,34.8760827388749));
#4905=CARTESIAN_POINT('Ctrl Pts',(70.0143207460232,-40.,34.8760827388749));
#4906=CARTESIAN_POINT('',(68.5143207460232,-41.5,42.9304101004905));
#4907=CARTESIAN_POINT('',(68.5143207460232,-41.5,40.0371344185171));
#4908=CARTESIAN_POINT('',(70.0143207460232,-40.,43.0037253685021));
#4909=CARTESIAN_POINT('Ctrl Pts',(70.0143207460232,-40.,43.0037253685021));
#4910=CARTESIAN_POINT('Ctrl Pts',(70.0143207460232,-40.1883217120432,43.0037253685021));
#4911=CARTESIAN_POINT('Ctrl Pts',(69.9766874468613,-40.3891923560261,43.0027458427815));
#4912=CARTESIAN_POINT('Ctrl Pts',(69.8236607711409,-40.7586934507035,42.9980156290924));
#4913=CARTESIAN_POINT('Ctrl Pts',(69.7082675334775,-40.9273228561525,42.9941791870035));
#4914=CARTESIAN_POINT('Ctrl Pts',(69.4418752669973,-41.193816530486,42.9835013509353));
#4915=CARTESIAN_POINT('Ctrl Pts',(69.2730549451445,-41.3093317940557,42.975928495305));
#4916=CARTESIAN_POINT('Ctrl Pts',(68.9033617051186,-41.4624207537343,42.9560218260878));
#4917=CARTESIAN_POINT('Ctrl Pts',(68.7024957053471,-41.5,42.9436023044178));
#4918=CARTESIAN_POINT('Ctrl Pts',(68.5143207460232,-41.5,42.9304101004905));
#4919=CARTESIAN_POINT('Ctrl Pts',(68.5143207460231,-41.5,42.9304101004905));
#4920=CARTESIAN_POINT('Ctrl Pts',(68.3257110233789,-41.5,42.9171874170223));
#4921=CARTESIAN_POINT('Ctrl Pts',(68.1246441388948,-41.4622652742182,42.9014219122281));
#4922=CARTESIAN_POINT('Ctrl Pts',(67.7548413928175,-41.3089150841902,42.8694558497791));
#4923=CARTESIAN_POINT('Ctrl Pts',(67.5860970526694,-41.1933023386239,42.8533403921626));
#4924=CARTESIAN_POINT('Ctrl Pts',(67.3200820865497,-40.9268754978432,42.8266493697989));
#4925=CARTESIAN_POINT('Ctrl Pts',(67.2048583770892,-40.7584447049808,42.8142921198191));
#4926=CARTESIAN_POINT('Ctrl Pts',(67.0519738082779,-40.3891933770844,42.7975318670403));
#4927=CARTESIAN_POINT('Ctrl Pts',(67.0143207460231,-40.188365602765,42.7932173501293));
#4928=CARTESIAN_POINT('Ctrl Pts',(67.0143207460231,-39.811634397235,42.7932173501293));
#4929=CARTESIAN_POINT('Ctrl Pts',(67.0519738082779,-39.6108066229156,42.7975318670403));
#4930=CARTESIAN_POINT('Ctrl Pts',(67.2048583770892,-39.2415552950192,42.8142921198191));
#4931=CARTESIAN_POINT('Ctrl Pts',(67.3200820865497,-39.0731245021568,42.8266493697989));
#4932=CARTESIAN_POINT('Ctrl Pts',(67.5860970526693,-38.8066976613761,42.8533403921626));
#4933=CARTESIAN_POINT('Ctrl Pts',(67.7548413928175,-38.6910849158098,42.8694558497791));
#4934=CARTESIAN_POINT('Ctrl Pts',(68.1246441388948,-38.5377347257818,42.9014219122281));
#4935=CARTESIAN_POINT('Ctrl Pts',(68.3257110233789,-38.5,42.9171874170223));
#4936=CARTESIAN_POINT('Ctrl Pts',(68.7024957053471,-38.5,42.9436023044178));
#4937=CARTESIAN_POINT('Ctrl Pts',(68.9033617051186,-38.5375792462657,42.9560218260878));
#4938=CARTESIAN_POINT('Ctrl Pts',(69.2730549451445,-38.6906682059443,42.975928495305));
#4939=CARTESIAN_POINT('Ctrl Pts',(69.4418752669973,-38.806183469514,42.9835013509353));
#4940=CARTESIAN_POINT('Ctrl Pts',(69.7082675334775,-39.0726771438475,42.9941791870035));
#4941=CARTESIAN_POINT('Ctrl Pts',(69.8236607711409,-39.2413065492965,42.9980156290924));
#4942=CARTESIAN_POINT('Ctrl Pts',(69.9766874468612,-39.6108076439739,43.0027458427815));
#4943=CARTESIAN_POINT('Ctrl Pts',(70.0143207460232,-39.8116782879568,43.0037253685021));
#4944=CARTESIAN_POINT('Ctrl Pts',(70.0143207460232,-40.,43.0037253685021));
#4945=CARTESIAN_POINT('Origin',(46.2465031390536,-40.,28.7567900168114));
#4946=CARTESIAN_POINT('',(50.935536982674,-40.,26.1890765167506));
#4947=CARTESIAN_POINT('',(49.9404657759424,-41.5,25.0628273799225));
#4948=CARTESIAN_POINT('Ctrl Pts',(50.935536982674,-40.,26.1890765167506));
#4949=CARTESIAN_POINT('Ctrl Pts',(50.935536982674,-39.8116910423816,26.1890765167506));
#4950=CARTESIAN_POINT('Ctrl Pts',(50.9097858345673,-39.6108358587557,26.1616121042624));
#4951=CARTESIAN_POINT('Ctrl Pts',(50.8057692643774,-39.2413739958011,26.0492603762334));
#4952=CARTESIAN_POINT('Ctrl Pts',(50.7275825644729,-39.0727690184094,25.9642946095344));
#4953=CARTESIAN_POINT('Ctrl Pts',(50.5486938681109,-38.8061908340152,25.7664115596211));
#4954=CARTESIAN_POINT('Ctrl Pts',(50.4360157144548,-38.690630229926,25.6402101117295));
#4955=CARTESIAN_POINT('Ctrl Pts',(50.1924038784444,-38.5375393587901,25.3608898596299));
#4956=CARTESIAN_POINT('Ctrl Pts',(50.0615567557075,-38.5,25.2077005558863));
#4957=CARTESIAN_POINT('Ctrl Pts',(49.8189112136028,-38.5,24.9173995740431));
#4958=CARTESIAN_POINT('Ctrl Pts',(49.6909165496301,-38.5377969619449,24.7608869570159));
#4959=CARTESIAN_POINT('Ctrl Pts',(49.4582846743821,-38.691320622684,24.4703304639545));
#4960=CARTESIAN_POINT('Ctrl Pts',(49.3535598941527,-38.8070425927916,24.336354211364));
#4961=CARTESIAN_POINT('Ctrl Pts',(49.1898364080707,-39.0735097342765,24.124189336523));
#4962=CARTESIAN_POINT('Ctrl Pts',(49.1196800709467,-39.2417855829199,24.0315904554058));
#4963=CARTESIAN_POINT('Ctrl Pts',(49.0268946359691,-39.6108334308122,23.9083403154583));
#4964=CARTESIAN_POINT('Ctrl Pts',(49.0041919173648,-39.811617582011,23.8777808949405));
#4965=CARTESIAN_POINT('Ctrl Pts',(49.0041919173648,-40.188382417989,23.8777808949405));
#4966=CARTESIAN_POINT('Ctrl Pts',(49.0268946359691,-40.3891665691878,23.9083403154583));
#4967=CARTESIAN_POINT('Ctrl Pts',(49.1196800709467,-40.7582144170801,24.0315904554058));
#4968=CARTESIAN_POINT('Ctrl Pts',(49.1898364080707,-40.9264902657235,24.124189336523));
#4969=CARTESIAN_POINT('Ctrl Pts',(49.3535598941527,-41.1929574072084,24.336354211364));
#4970=CARTESIAN_POINT('Ctrl Pts',(49.4582846743821,-41.308679377316,24.4703304639545));
#4971=CARTESIAN_POINT('Ctrl Pts',(49.6909165496301,-41.4622030380551,24.7608869570159));
#4972=CARTESIAN_POINT('Ctrl Pts',(49.8189112136028,-41.5,24.9173995740431));
#4973=CARTESIAN_POINT('Ctrl Pts',(49.9404657759424,-41.5,25.0628273799225));
#4974=CARTESIAN_POINT('Ctrl Pts',(49.9404657759424,-41.5,25.0628273799225));
#4975=CARTESIAN_POINT('Ctrl Pts',(50.0615567557075,-41.5,25.2077005558863));
#4976=CARTESIAN_POINT('Ctrl Pts',(50.1924038784444,-41.4624606412099,25.3608898596299));
#4977=CARTESIAN_POINT('Ctrl Pts',(50.4360157144548,-41.309369770074,25.6402101117295));
#4978=CARTESIAN_POINT('Ctrl Pts',(50.5486938681109,-41.1938091659848,25.7664115596211));
#4979=CARTESIAN_POINT('Ctrl Pts',(50.7275825644729,-40.9272309815906,25.9642946095344));
#4980=CARTESIAN_POINT('Ctrl Pts',(50.8057692643774,-40.7586260041989,26.0492603762333));
#4981=CARTESIAN_POINT('Ctrl Pts',(50.9097858345673,-40.3891641412443,26.1616121042624));
#4982=CARTESIAN_POINT('Ctrl Pts',(50.935536982674,-40.1883089576184,26.1890765167506));
#4983=CARTESIAN_POINT('Ctrl Pts',(50.935536982674,-40.,26.1890765167506));
#4984=CARTESIAN_POINT('',(44.2006482844881,-41.5,30.8026448713769));
#4985=CARTESIAN_POINT('',(46.2465031390536,-41.5,28.7567900168114));
#4986=CARTESIAN_POINT('',(45.2094667330924,-40.,31.9151467663322));
#4987=CARTESIAN_POINT('Ctrl Pts',(45.2094667330924,-40.,31.9151467663322));
#4988=CARTESIAN_POINT('Ctrl Pts',(45.2094667330924,-40.1883217120432,31.9151467663322));
#4989=CARTESIAN_POINT('Ctrl Pts',(45.1835486013359,-40.389192356026,31.887843376017));
#4990=CARTESIAN_POINT('Ctrl Pts',(45.0786871674077,-40.7586934507035,31.7762924097367));
#4991=CARTESIAN_POINT('Ctrl Pts',(44.9998046007695,-40.9273228561525,31.6919842946651));
#4992=CARTESIAN_POINT('Ctrl Pts',(44.8189871929779,-41.193816530486,31.4960661462891));
#4993=CARTESIAN_POINT('Ctrl Pts',(44.7049680161629,-41.3093317940557,31.3713373343358));
#4994=CARTESIAN_POINT('Ctrl Pts',(44.457631559976,-41.4624207537343,31.0958485965603));
#4995=CARTESIAN_POINT('Ctrl Pts',(44.3243797774197,-41.5,30.9450329580201));
#4996=CARTESIAN_POINT('Ctrl Pts',(44.2006482844881,-41.5,30.8026448713769));
#4997=CARTESIAN_POINT('Ctrl Pts',(44.2006482844881,-41.5,30.8026448713769));
#4998=CARTESIAN_POINT('Ctrl Pts',(44.0766309197545,-41.5,30.6599278083515));
#4999=CARTESIAN_POINT('Ctrl Pts',(43.9456030576125,-41.4622652742182,30.506604155512));
#5000=CARTESIAN_POINT('Ctrl Pts',(43.7067164476853,-41.3089150841903,30.2225107065338));
#5001=CARTESIAN_POINT('Ctrl Pts',(43.5987915298423,-41.1933023386239,30.0917950899657));
#5002=CARTESIAN_POINT('Ctrl Pts',(43.4295639463122,-40.9268754978432,29.8848207006151));
#5003=CARTESIAN_POINT('Ctrl Pts',(43.3568263752567,-40.7584447049808,29.7946073390446));
#5004=CARTESIAN_POINT('Ctrl Pts',(43.2605719483057,-40.3891933770844,29.6746503353051));
#5005=CARTESIAN_POINT('Ctrl Pts',(43.2369980368182,-40.188365602765,29.644974775487));
#5006=CARTESIAN_POINT('Ctrl Pts',(43.2369980368182,-39.811634397235,29.644974775487));
#5007=CARTESIAN_POINT('Ctrl Pts',(43.2605719483057,-39.6108066229156,29.6746503353051));
#5008=CARTESIAN_POINT('Ctrl Pts',(43.3568263752567,-39.2415552950192,29.7946073390446));
#5009=CARTESIAN_POINT('Ctrl Pts',(43.4295639463122,-39.0731245021568,29.8848207006151));
#5010=CARTESIAN_POINT('Ctrl Pts',(43.5987915298423,-38.8066976613761,30.0917950899657));
#5011=CARTESIAN_POINT('Ctrl Pts',(43.7067164476853,-38.6910849158098,30.2225107065338));
#5012=CARTESIAN_POINT('Ctrl Pts',(43.9456030576125,-38.5377347257818,30.506604155512));
#5013=CARTESIAN_POINT('Ctrl Pts',(44.0766309197545,-38.5,30.6599278083515));
#5014=CARTESIAN_POINT('Ctrl Pts',(44.3243797774197,-38.5,30.9450329580201));
#5015=CARTESIAN_POINT('Ctrl Pts',(44.457631559976,-38.5375792462657,31.0958485965603));
#5016=CARTESIAN_POINT('Ctrl Pts',(44.7049680161629,-38.6906682059443,31.3713373343358));
#5017=CARTESIAN_POINT('Ctrl Pts',(44.8189871929779,-38.806183469514,31.4960661462891));
#5018=CARTESIAN_POINT('Ctrl Pts',(44.9998046007695,-39.0726771438475,31.6919842946651));
#5019=CARTESIAN_POINT('Ctrl Pts',(45.0786871674077,-39.2413065492965,31.7762924097367));
#5020=CARTESIAN_POINT('Ctrl Pts',(45.1835486013359,-39.610807643974,31.887843376017));
#5021=CARTESIAN_POINT('Ctrl Pts',(45.2094667330924,-39.8116782879568,31.9151467663322));
#5022=CARTESIAN_POINT('Ctrl Pts',(45.2094667330924,-40.,31.9151467663322));
#5023=CARTESIAN_POINT('Origin',(38.477186327506,-40.,5.03465716413213));
#5024=CARTESIAN_POINT('',(43.5790289387905,-40.,6.53465716413213));
#5025=CARTESIAN_POINT('',(43.6724243996299,-41.5,5.03465716413213));
#5026=CARTESIAN_POINT('Ctrl Pts',(43.5790289387905,-40.,6.53465716413213));
#5027=CARTESIAN_POINT('Ctrl Pts',(43.5790289387905,-39.8116915874412,6.53465716413213));
#5028=CARTESIAN_POINT('Ctrl Pts',(43.5802563429333,-39.6108371411632,6.49702826313342));
#5029=CARTESIAN_POINT('Ctrl Pts',(43.5862150145788,-39.2413771743959,6.34403425401678));
#5030=CARTESIAN_POINT('Ctrl Pts',(43.5910574251469,-39.0727733703831,6.2286693497279));
#5031=CARTESIAN_POINT('Ctrl Pts',(43.6046015550147,-38.8061929247536,5.96225198397061));
#5032=CARTESIAN_POINT('Ctrl Pts',(43.6142359036673,-38.6906307280938,5.79333633953841));
#5033=CARTESIAN_POINT('Ctrl Pts',(43.6396433102526,-38.5375388492124,5.42356506944323));
#5034=CARTESIAN_POINT('Ctrl Pts',(43.6555274248874,-38.5,5.22272087839419));
#5035=CARTESIAN_POINT('Ctrl Pts',(43.689386375696,-38.5,4.84586998365481));
#5036=CARTESIAN_POINT('Ctrl Pts',(43.709638222066,-38.5377977002708,4.64469123252433));
#5037=CARTESIAN_POINT('Ctrl Pts',(43.7507570046928,-38.6913244656536,4.27473787162897));
#5038=CARTESIAN_POINT('Ctrl Pts',(43.7715142076816,-38.8070488073492,4.10594911358536));
#5039=CARTESIAN_POINT('Ctrl Pts',(43.805882389433,-39.0735176696655,3.8401594101043));
#5040=CARTESIAN_POINT('Ctrl Pts',(43.8218013924992,-39.2417907503917,3.72507676350363));
#5041=CARTESIAN_POINT('Ctrl Pts',(43.8434094154962,-39.610834693736,3.57231916254587));
#5042=CARTESIAN_POINT('Ctrl Pts',(43.8489813970247,-39.8116177624441,3.53465716413213));
#5043=CARTESIAN_POINT('Ctrl Pts',(43.8489813970247,-40.1883822375559,3.53465716413213));
#5044=CARTESIAN_POINT('Ctrl Pts',(43.8434094154962,-40.389165306264,3.57231916254586));
#5045=CARTESIAN_POINT('Ctrl Pts',(43.8218013924992,-40.7582092496083,3.72507676350362));
#5046=CARTESIAN_POINT('Ctrl Pts',(43.805882389433,-40.9264823303345,3.8401594101043));
#5047=CARTESIAN_POINT('Ctrl Pts',(43.7715142076816,-41.1929511926508,4.10594911358536));
#5048=CARTESIAN_POINT('Ctrl Pts',(43.7507570046928,-41.3086755343464,4.27473787162897));
#5049=CARTESIAN_POINT('Ctrl Pts',(43.709638222066,-41.4622022997292,4.64469123252433));
#5050=CARTESIAN_POINT('Ctrl Pts',(43.689386375696,-41.5,4.84586998365481));
#5051=CARTESIAN_POINT('Ctrl Pts',(43.6724243996299,-41.5,5.03465716413213));
#5052=CARTESIAN_POINT('Ctrl Pts',(43.6724243996299,-41.5,5.03465716413213));
#5053=CARTESIAN_POINT('Ctrl Pts',(43.6555274248874,-41.5,5.22272087839419));
#5054=CARTESIAN_POINT('Ctrl Pts',(43.6396433102526,-41.4624611507876,5.42356506944323));
#5055=CARTESIAN_POINT('Ctrl Pts',(43.6142359036673,-41.3093692719062,5.79333633953841));
#5056=CARTESIAN_POINT('Ctrl Pts',(43.6046015550147,-41.1938070752464,5.96225198397061));
#5057=CARTESIAN_POINT('Ctrl Pts',(43.5910574251469,-40.9272266296169,6.2286693497279));
#5058=CARTESIAN_POINT('Ctrl Pts',(43.5862150145788,-40.7586228256041,6.34403425401678));
#5059=CARTESIAN_POINT('Ctrl Pts',(43.5802563429333,-40.3891628588368,6.49702826313342));
#5060=CARTESIAN_POINT('Ctrl Pts',(43.5790289387905,-40.1883084125588,6.53465716413213));
#5061=CARTESIAN_POINT('Ctrl Pts',(43.5790289387905,-40.,6.53465716413213));
#5062=CARTESIAN_POINT('',(35.5839106455327,-41.5,5.03465716413213));
#5063=CARTESIAN_POINT('',(38.477186327506,-41.5,5.03465716413213));
#5064=CARTESIAN_POINT('',(35.5105953775211,-40.,6.53465716413213));
#5065=CARTESIAN_POINT('Ctrl Pts',(35.5105953775211,-40.,6.53465716413213));
#5066=CARTESIAN_POINT('Ctrl Pts',(35.5105953775211,-40.1883217120432,6.53465716413213));
#5067=CARTESIAN_POINT('Ctrl Pts',(35.5115749032416,-40.389192356026,6.49702386497022));
#5068=CARTESIAN_POINT('Ctrl Pts',(35.5163051169308,-40.7586934507035,6.34399718924988));
#5069=CARTESIAN_POINT('Ctrl Pts',(35.5201415590196,-40.9273228561525,6.22860395158647));
#5070=CARTESIAN_POINT('Ctrl Pts',(35.5308193950879,-41.193816530486,5.96221168510628));
#5071=CARTESIAN_POINT('Ctrl Pts',(35.5383922507182,-41.3093317940557,5.7933913632535));
#5072=CARTESIAN_POINT('Ctrl Pts',(35.5582989199354,-41.4624207537343,5.42369812322756));
#5073=CARTESIAN_POINT('Ctrl Pts',(35.5707184416054,-41.5,5.22283212345605));
#5074=CARTESIAN_POINT('Ctrl Pts',(35.5839106455327,-41.5,5.03465716413213));
#5075=CARTESIAN_POINT('Ctrl Pts',(35.5839106455327,-41.5,5.03465716413213));
#5076=CARTESIAN_POINT('Ctrl Pts',(35.5971333290009,-41.5,4.84604744148789));
#5077=CARTESIAN_POINT('Ctrl Pts',(35.6128988337951,-41.4622652742182,4.64498055700381));
#5078=CARTESIAN_POINT('Ctrl Pts',(35.644864896244,-41.3089150841903,4.27517781092649));
#5079=CARTESIAN_POINT('Ctrl Pts',(35.6609803538605,-41.1933023386239,4.10643347077833));
#5080=CARTESIAN_POINT('Ctrl Pts',(35.6876713762243,-40.9268754978432,3.84041850465867));
#5081=CARTESIAN_POINT('Ctrl Pts',(35.7000286262041,-40.7584447049808,3.72519479519817));
#5082=CARTESIAN_POINT('Ctrl Pts',(35.7167888789828,-40.3891933770844,3.57231022638684));
#5083=CARTESIAN_POINT('Ctrl Pts',(35.7211033958938,-40.188365602765,3.53465716413213));
#5084=CARTESIAN_POINT('Ctrl Pts',(35.7211033958938,-39.811634397235,3.53465716413213));
#5085=CARTESIAN_POINT('Ctrl Pts',(35.7167888789828,-39.6108066229156,3.57231022638684));
#5086=CARTESIAN_POINT('Ctrl Pts',(35.7000286262041,-39.2415552950192,3.72519479519817));
#5087=CARTESIAN_POINT('Ctrl Pts',(35.6876713762243,-39.0731245021568,3.84041850465867));
#5088=CARTESIAN_POINT('Ctrl Pts',(35.6609803538605,-38.8066976613761,4.10643347077833));
#5089=CARTESIAN_POINT('Ctrl Pts',(35.644864896244,-38.6910849158098,4.27517781092649));
#5090=CARTESIAN_POINT('Ctrl Pts',(35.6128988337951,-38.5377347257818,4.64498055700381));
#5091=CARTESIAN_POINT('Ctrl Pts',(35.5971333290009,-38.5,4.84604744148789));
#5092=CARTESIAN_POINT('Ctrl Pts',(35.5707184416054,-38.5,5.22283212345605));
#5093=CARTESIAN_POINT('Ctrl Pts',(35.5582989199354,-38.5375792462657,5.42369812322756));
#5094=CARTESIAN_POINT('Ctrl Pts',(35.5383922507182,-38.6906682059443,5.7933913632535));
#5095=CARTESIAN_POINT('Ctrl Pts',(35.5308193950879,-38.806183469514,5.96221168510628));
#5096=CARTESIAN_POINT('Ctrl Pts',(35.5201415590196,-39.0726771438475,6.22860395158647));
#5097=CARTESIAN_POINT('Ctrl Pts',(35.5163051169308,-39.2413065492965,6.34399718924988));
#5098=CARTESIAN_POINT('Ctrl Pts',(35.5115749032416,-39.610807643974,6.49702386497022));
#5099=CARTESIAN_POINT('Ctrl Pts',(35.5105953775211,-39.8116782879568,6.53465716413213));
#5100=CARTESIAN_POINT('Ctrl Pts',(35.5105953775211,-40.,6.53465716413213));
#5101=CARTESIAN_POINT('Origin',(49.7575307292118,-40.,-17.2331604428375));
#5102=CARTESIAN_POINT('',(52.2960216658008,-40.,-12.5733491626888));
#5103=CARTESIAN_POINT('',(53.4238639145364,-41.5,-13.5668272575128));
#5104=CARTESIAN_POINT('Ctrl Pts',(52.2960216658008,-40.,-12.5733491626888));
#5105=CARTESIAN_POINT('Ctrl Pts',(52.2960216658008,-39.8116929731842,-12.5733491626888));
#5106=CARTESIAN_POINT('Ctrl Pts',(52.3235253884505,-39.610840409826,-12.5990600856353));
#5107=CARTESIAN_POINT('Ctrl Pts',(52.4360350826732,-39.2413852965824,-12.7029112363695));
#5108=CARTESIAN_POINT('Ctrl Pts',(52.5211194863238,-39.072784499556,-12.7809726989634));
#5109=CARTESIAN_POINT('Ctrl Pts',(52.71928338238,-38.8061982953977,-12.9595780418904));
#5110=CARTESIAN_POINT('Ctrl Pts',(52.8456699400277,-38.6906320316695,-13.0720824110481));
#5111=CARTESIAN_POINT('Ctrl Pts',(53.1253898321895,-38.537537563034,-13.3153068878526));
#5112=CARTESIAN_POINT('Ctrl Pts',(53.2787934680277,-38.5,-13.4459402423259));
#5113=CARTESIAN_POINT('Ctrl Pts',(53.5694992357374,-38.5,-13.6881849820492));
#5114=CARTESIAN_POINT('Ctrl Pts',(53.7262322277232,-38.5377995695368,-13.8159678975796));
#5115=CARTESIAN_POINT('Ctrl Pts',(54.0171959336476,-38.6913342269043,-14.0482091985121));
#5116=CARTESIAN_POINT('Ctrl Pts',(54.1513591461588,-38.8070646053182,-14.1527552533251));
#5117=CARTESIAN_POINT('Ctrl Pts',(54.363801998262,-39.0735378595419,-14.316183212939));
#5118=CARTESIAN_POINT('Ctrl Pts',(54.4565182333015,-39.2418039013301,-14.3862088057534));
#5119=CARTESIAN_POINT('Ctrl Pts',(54.5799270118182,-39.6108379126422,-14.4788224739703));
#5120=CARTESIAN_POINT('Ctrl Pts',(54.6105274279718,-39.8116182256358,-14.501484087637));
#5121=CARTESIAN_POINT('Ctrl Pts',(54.6105274279718,-40.1883817743642,-14.501484087637));
#5122=CARTESIAN_POINT('Ctrl Pts',(54.5799270118182,-40.3891620873578,-14.4788224739703));
#5123=CARTESIAN_POINT('Ctrl Pts',(54.4565182333015,-40.7581960986699,-14.3862088057534));
#5124=CARTESIAN_POINT('Ctrl Pts',(54.363801998262,-40.9264621404581,-14.316183212939));
#5125=CARTESIAN_POINT('Ctrl Pts',(54.1513591461588,-41.1929353946818,-14.1527552533251));
#5126=CARTESIAN_POINT('Ctrl Pts',(54.0171959336476,-41.3086657730957,-14.0482091985121));
#5127=CARTESIAN_POINT('Ctrl Pts',(53.7262322277232,-41.4622004304632,-13.8159678975796));
#5128=CARTESIAN_POINT('Ctrl Pts',(53.5694992357374,-41.5,-13.6881849820492));
#5129=CARTESIAN_POINT('Ctrl Pts',(53.4238639145364,-41.5,-13.5668272575128));
#5130=CARTESIAN_POINT('Ctrl Pts',(53.4238639145364,-41.5,-13.5668272575128));
#5131=CARTESIAN_POINT('Ctrl Pts',(53.2787934680277,-41.5,-13.4459402423259));
#5132=CARTESIAN_POINT('Ctrl Pts',(53.1253898321895,-41.462462436966,-13.3153068878526));
#5133=CARTESIAN_POINT('Ctrl Pts',(52.8456699400277,-41.3093679683305,-13.0720824110481));
#5134=CARTESIAN_POINT('Ctrl Pts',(52.71928338238,-41.1938017046023,-12.9595780418904));
#5135=CARTESIAN_POINT('Ctrl Pts',(52.5211194863238,-40.927215500444,-12.7809726989634));
#5136=CARTESIAN_POINT('Ctrl Pts',(52.4360350826732,-40.7586147034176,-12.7029112363695));
#5137=CARTESIAN_POINT('Ctrl Pts',(52.3235253884505,-40.389159590174,-12.5990600856353));
#5138=CARTESIAN_POINT('Ctrl Pts',(52.2960216658008,-40.1883070268158,-12.5733491626888));
#5139=CARTESIAN_POINT('Ctrl Pts',(52.2960216658008,-40.,-12.5733491626888));
#5140=CARTESIAN_POINT('',(47.7116758746463,-41.5,-19.2790152974029));
#5141=CARTESIAN_POINT('',(49.7575307292118,-41.5,-17.2331604428375));
#5142=CARTESIAN_POINT('',(46.599173979691,-40.,-18.2701968487986));
#5143=CARTESIAN_POINT('Ctrl Pts',(46.599173979691,-40.,-18.2701968487986));
#5144=CARTESIAN_POINT('Ctrl Pts',(46.599173979691,-40.1883217120432,-18.2701968487986));
#5145=CARTESIAN_POINT('Ctrl Pts',(46.6264773700061,-40.389192356026,-18.2961149805551));
#5146=CARTESIAN_POINT('Ctrl Pts',(46.7380283362864,-40.7586934507035,-18.4009764144833));
#5147=CARTESIAN_POINT('Ctrl Pts',(46.822336451358,-40.9273228561525,-18.4798589811215));
#5148=CARTESIAN_POINT('Ctrl Pts',(47.018254599734,-41.193816530486,-18.6606763889131));
#5149=CARTESIAN_POINT('Ctrl Pts',(47.1429834116874,-41.3093317940557,-18.7746955657281));
#5150=CARTESIAN_POINT('Ctrl Pts',(47.4184721494629,-41.4624207537343,-19.022032021915));
#5151=CARTESIAN_POINT('Ctrl Pts',(47.5692877880031,-41.5,-19.1552838044713));
#5152=CARTESIAN_POINT('Ctrl Pts',(47.7116758746463,-41.5,-19.279015297403));
#5153=CARTESIAN_POINT('Ctrl Pts',(47.7116758746463,-41.5,-19.2790152974029));
#5154=CARTESIAN_POINT('Ctrl Pts',(47.8543929376716,-41.5,-19.4030326621365));
#5155=CARTESIAN_POINT('Ctrl Pts',(48.0077165905112,-41.4622652742182,-19.5340605242785));
#5156=CARTESIAN_POINT('Ctrl Pts',(48.2918100394893,-41.3089150841903,-19.7729471342057));
#5157=CARTESIAN_POINT('Ctrl Pts',(48.4225256560575,-41.1933023386239,-19.8808720520487));
#5158=CARTESIAN_POINT('Ctrl Pts',(48.629500045408,-40.9268754978432,-20.0500996355788));
#5159=CARTESIAN_POINT('Ctrl Pts',(48.7197134069785,-40.7584447049808,-20.1228372066343));
#5160=CARTESIAN_POINT('Ctrl Pts',(48.8396704107181,-40.3891933770844,-20.2190916335853));
#5161=CARTESIAN_POINT('Ctrl Pts',(48.8693459705361,-40.188365602765,-20.2426655450728));
#5162=CARTESIAN_POINT('Ctrl Pts',(48.8693459705361,-39.811634397235,-20.2426655450728));
#5163=CARTESIAN_POINT('Ctrl Pts',(48.839670410718,-39.6108066229156,-20.2190916335853));
#5164=CARTESIAN_POINT('Ctrl Pts',(48.7197134069785,-39.2415552950192,-20.1228372066343));
#5165=CARTESIAN_POINT('Ctrl Pts',(48.629500045408,-39.0731245021568,-20.0500996355788));
#5166=CARTESIAN_POINT('Ctrl Pts',(48.4225256560575,-38.8066976613761,-19.8808720520487));
#5167=CARTESIAN_POINT('Ctrl Pts',(48.2918100394893,-38.6910849158098,-19.7729471342057));
#5168=CARTESIAN_POINT('Ctrl Pts',(48.0077165905112,-38.5377347257818,-19.5340605242785));
#5169=CARTESIAN_POINT('Ctrl Pts',(47.8543929376716,-38.5,-19.4030326621365));
#5170=CARTESIAN_POINT('Ctrl Pts',(47.5692877880031,-38.5,-19.1552838044713));
#5171=CARTESIAN_POINT('Ctrl Pts',(47.4184721494628,-38.5375792462657,-19.022032021915));
#5172=CARTESIAN_POINT('Ctrl Pts',(47.1429834116874,-38.6906682059443,-18.7746955657281));
#5173=CARTESIAN_POINT('Ctrl Pts',(47.018254599734,-38.806183469514,-18.6606763889131));
#5174=CARTESIAN_POINT('Ctrl Pts',(46.822336451358,-39.0726771438475,-18.4798589811215));
#5175=CARTESIAN_POINT('Ctrl Pts',(46.7380283362864,-39.2413065492965,-18.4009764144833));
#5176=CARTESIAN_POINT('Ctrl Pts',(46.6264773700061,-39.610807643974,-18.2961149805551));
#5177=CARTESIAN_POINT('Ctrl Pts',(46.599173979691,-39.8116782879568,-18.2701968487986));
#5178=CARTESIAN_POINT('Ctrl Pts',(46.599173979691,-40.,-18.2701968487986));
#5179=CARTESIAN_POINT('Origin',(73.479663581891,-40.,-25.002477254385));
#5180=CARTESIAN_POINT('',(71.979663581891,-40.,-19.8998254813137));
#5181=CARTESIAN_POINT('',(73.479663581891,-41.5,-19.8031710585729));
#5182=CARTESIAN_POINT('Ctrl Pts',(71.979663581891,-40.,-19.8998254813137));
#5183=CARTESIAN_POINT('Ctrl Pts',(71.979663581891,-39.8116943966833,-19.8998254813137));
#5184=CARTESIAN_POINT('Ctrl Pts',(72.0172915423639,-39.6108437797165,-19.8985167331202));
#5185=CARTESIAN_POINT('Ctrl Pts',(72.1702778402675,-39.2413937001468,-19.8922273263353));
#5186=CARTESIAN_POINT('Ctrl Pts',(72.2856359084925,-39.0727960269236,-19.8871354997361));
#5187=CARTESIAN_POINT('Ctrl Pts',(72.5520506262134,-38.8062038932141,-19.873014317031));
#5188=CARTESIAN_POINT('Ctrl Pts',(72.7209779394558,-38.6906334250102,-19.8630128640412));
#5189=CARTESIAN_POINT('Ctrl Pts',(73.0907618943042,-38.5375362555127,-19.8368004538193));
#5190=CARTESIAN_POINT('Ctrl Pts',(73.2916066998214,-38.5,-19.8204784449588));
#5191=CARTESIAN_POINT('Ctrl Pts',(73.6684617037503,-38.5,-19.7857954538729));
#5192=CARTESIAN_POINT('Ctrl Pts',(73.8696493193838,-38.5378014782675,-19.765101562647));
#5193=CARTESIAN_POINT('Ctrl Pts',(74.2396198231939,-38.6913442409369,-19.7231666467968));
#5194=CARTESIAN_POINT('Ctrl Pts',(74.4084170866267,-38.8070808311798,-19.702035333443));
#5195=CARTESIAN_POINT('Ctrl Pts',(74.674188752803,-39.073558621761,-19.6670805003451));
#5196=CARTESIAN_POINT('Ctrl Pts',(74.7892576158516,-39.2418174300849,-19.6509077239493));
#5197=CARTESIAN_POINT('Ctrl Pts',(74.9420016993761,-39.6108412310881,-19.6289617242564));
#5198=CARTESIAN_POINT('Ctrl Pts',(74.979663581891,-39.8116187079749,-19.623305752191));
#5199=CARTESIAN_POINT('Ctrl Pts',(74.979663581891,-40.1883812920251,-19.623305752191));
#5200=CARTESIAN_POINT('Ctrl Pts',(74.9420016993761,-40.3891587689119,-19.6289617242564));
#5201=CARTESIAN_POINT('Ctrl Pts',(74.7892576158516,-40.7581825699151,-19.6509077239493));
#5202=CARTESIAN_POINT('Ctrl Pts',(74.674188752803,-40.926441378239,-19.6670805003451));
#5203=CARTESIAN_POINT('Ctrl Pts',(74.4084170866267,-41.1929191688202,-19.702035333443));
#5204=CARTESIAN_POINT('Ctrl Pts',(74.2396198231939,-41.3086557590631,-19.7231666467968));
#5205=CARTESIAN_POINT('Ctrl Pts',(73.8696493193838,-41.4621985217325,-19.765101562647));
#5206=CARTESIAN_POINT('Ctrl Pts',(73.6684617037503,-41.5,-19.7857954538729));
#5207=CARTESIAN_POINT('Ctrl Pts',(73.479663581891,-41.5,-19.8031710585729));
#5208=CARTESIAN_POINT('Ctrl Pts',(73.479663581891,-41.5,-19.8031710585729));
#5209=CARTESIAN_POINT('Ctrl Pts',(73.2916066998215,-41.5,-19.8204784449588));
#5210=CARTESIAN_POINT('Ctrl Pts',(73.0907618943042,-41.4624637444873,-19.8368004538193));
#5211=CARTESIAN_POINT('Ctrl Pts',(72.7209779394558,-41.3093665749898,-19.8630128640412));
#5212=CARTESIAN_POINT('Ctrl Pts',(72.5520506262134,-41.1937961067859,-19.873014317031));
#5213=CARTESIAN_POINT('Ctrl Pts',(72.2856359084925,-40.9272039730764,-19.8871354997361));
#5214=CARTESIAN_POINT('Ctrl Pts',(72.1702778402674,-40.7586062998531,-19.8922273263353));
#5215=CARTESIAN_POINT('Ctrl Pts',(72.0172915423639,-40.3891562202835,-19.8985167331202));
#5216=CARTESIAN_POINT('Ctrl Pts',(71.979663581891,-40.1883056033167,-19.8998254813137));
#5217=CARTESIAN_POINT('Ctrl Pts',(71.979663581891,-40.,-19.8998254813137));
#5218=CARTESIAN_POINT('',(73.479663581891,-41.5,-27.8957529363584));
#5219=CARTESIAN_POINT('',(73.479663581891,-41.5,-25.002477254385));
#5220=CARTESIAN_POINT('',(71.979663581891,-40.,-27.9690682043699));
#5221=CARTESIAN_POINT('Ctrl Pts',(71.979663581891,-40.,-27.9690682043699));
#5222=CARTESIAN_POINT('Ctrl Pts',(71.979663581891,-40.1883217120432,-27.9690682043699));
#5223=CARTESIAN_POINT('Ctrl Pts',(72.0172968810529,-40.389192356026,-27.9680886786494));
#5224=CARTESIAN_POINT('Ctrl Pts',(72.1703235567733,-40.7586934507035,-27.9633584649603));
#5225=CARTESIAN_POINT('Ctrl Pts',(72.2857167944367,-40.9273228561525,-27.9595220228714));
#5226=CARTESIAN_POINT('Ctrl Pts',(72.5521090609169,-41.193816530486,-27.9488441868032));
#5227=CARTESIAN_POINT('Ctrl Pts',(72.7209293827697,-41.3093317940557,-27.9412713311728));
#5228=CARTESIAN_POINT('Ctrl Pts',(73.0906226227956,-41.4624207537343,-27.9213646619556));
#5229=CARTESIAN_POINT('Ctrl Pts',(73.2914886225671,-41.5,-27.9089451402856));
#5230=CARTESIAN_POINT('Ctrl Pts',(73.479663581891,-41.5,-27.8957529363584));
#5231=CARTESIAN_POINT('Ctrl Pts',(73.479663581891,-41.5,-27.8957529363584));
#5232=CARTESIAN_POINT('Ctrl Pts',(73.6682733045353,-41.5,-27.8825302528901));
#5233=CARTESIAN_POINT('Ctrl Pts',(73.8693401890194,-41.4622652742182,-27.8667647480959));
#5234=CARTESIAN_POINT('Ctrl Pts',(74.2391429350967,-41.3089150841903,-27.834798685647));
#5235=CARTESIAN_POINT('Ctrl Pts',(74.4078872752448,-41.1933023386239,-27.8186832280305));
#5236=CARTESIAN_POINT('Ctrl Pts',(74.6739022413645,-40.9268754978432,-27.7919922056667));
#5237=CARTESIAN_POINT('Ctrl Pts',(74.789125950825,-40.7584447049808,-27.779634955687));
#5238=CARTESIAN_POINT('Ctrl Pts',(74.9420105196363,-40.3891933770844,-27.7628747029082));
#5239=CARTESIAN_POINT('Ctrl Pts',(74.979663581891,-40.188365602765,-27.7585601859972));
#5240=CARTESIAN_POINT('Ctrl Pts',(74.979663581891,-39.811634397235,-27.7585601859972));
#5241=CARTESIAN_POINT('Ctrl Pts',(74.9420105196363,-39.6108066229156,-27.7628747029082));
#5242=CARTESIAN_POINT('Ctrl Pts',(74.789125950825,-39.2415552950192,-27.779634955687));
#5243=CARTESIAN_POINT('Ctrl Pts',(74.6739022413645,-39.0731245021568,-27.7919922056667));
#5244=CARTESIAN_POINT('Ctrl Pts',(74.4078872752448,-38.8066976613761,-27.8186832280305));
#5245=CARTESIAN_POINT('Ctrl Pts',(74.2391429350967,-38.6910849158098,-27.834798685647));
#5246=CARTESIAN_POINT('Ctrl Pts',(73.8693401890194,-38.5377347257818,-27.8667647480959));
#5247=CARTESIAN_POINT('Ctrl Pts',(73.6682733045353,-38.5,-27.8825302528901));
#5248=CARTESIAN_POINT('Ctrl Pts',(73.2914886225671,-38.5,-27.9089451402856));
#5249=CARTESIAN_POINT('Ctrl Pts',(73.0906226227956,-38.5375792462657,-27.9213646619556));
#5250=CARTESIAN_POINT('Ctrl Pts',(72.7209293827697,-38.6906682059443,-27.9412713311728));
#5251=CARTESIAN_POINT('Ctrl Pts',(72.5521090609169,-38.806183469514,-27.9488441868032));
#5252=CARTESIAN_POINT('Ctrl Pts',(72.2857167944367,-39.0726771438475,-27.9595220228714));
#5253=CARTESIAN_POINT('Ctrl Pts',(72.1703235567733,-39.2413065492965,-27.9633584649603));
#5254=CARTESIAN_POINT('Ctrl Pts',(72.0172968810529,-39.6108076439739,-27.9680886786494));
#5255=CARTESIAN_POINT('Ctrl Pts',(71.979663581891,-39.8116782879568,-27.9690682043699));
#5256=CARTESIAN_POINT('Ctrl Pts',(71.979663581891,-40.,-27.9690682043699));
#5257=CARTESIAN_POINT('Origin',(95.7474811888606,-40.,-13.7221328526792));
#5258=CARTESIAN_POINT('',(91.057636763102,-40.,-11.1536087704803));
#5259=CARTESIAN_POINT('',(92.0494489911075,-41.5,-10.0241006549261));
#5260=CARTESIAN_POINT('Ctrl Pts',(91.057636763102,-40.,-11.1536087704803));
#5261=CARTESIAN_POINT('Ctrl Pts',(91.057636763102,-39.8116950160043,-11.1536087704803));
#5262=CARTESIAN_POINT('Ctrl Pts',(91.0833056262855,-39.6108452496251,-11.1260639544254));
#5263=CARTESIAN_POINT('Ctrl Pts',(91.1869837467126,-39.2413973749022,-11.0133892047078));
#5264=CARTESIAN_POINT('Ctrl Pts',(91.2649141913855,-39.0728010715625,-10.928180860368));
#5265=CARTESIAN_POINT('Ctrl Pts',(91.4432231821638,-38.8062063537029,-10.7297234062456));
#5266=CARTESIAN_POINT('Ctrl Pts',(91.5555459005512,-38.6906340480193,-10.6031431799487));
#5267=CARTESIAN_POINT('Ctrl Pts',(91.7983654161952,-38.5375356908955,-10.3230052300165));
#5268=CARTESIAN_POINT('Ctrl Pts',(91.9287752574177,-38.5,-10.1693774134305));
#5269=CARTESIAN_POINT('Ctrl Pts',(92.1706008633265,-38.5,-9.87824827475568));
#5270=CARTESIAN_POINT('Ctrl Pts',(92.2981623441794,-38.5378023051458,-9.72128474290031));
#5271=CARTESIAN_POINT('Ctrl Pts',(92.5299952245856,-38.691348593656,-9.42989496109455));
#5272=CARTESIAN_POINT('Ctrl Pts',(92.6343543980584,-38.80708788977,-9.29553608563131));
#5273=CARTESIAN_POINT('Ctrl Pts',(92.7974731878984,-39.0735676616685,-9.08280259488857));
#5274=CARTESIAN_POINT('Ctrl Pts',(92.8673619636862,-39.2418233220805,-8.98996372524208));
#5275=CARTESIAN_POINT('Ctrl Pts',(92.9597958990319,-39.6108426785091,-8.8663891263561));
#5276=CARTESIAN_POINT('Ctrl Pts',(92.9824145101383,-39.8116189198455,-8.8357458303973));
#5277=CARTESIAN_POINT('Ctrl Pts',(92.9824145101383,-40.1883810801545,-8.8357458303973));
#5278=CARTESIAN_POINT('Ctrl Pts',(92.959795899032,-40.3891573214909,-8.86638912635611));
#5279=CARTESIAN_POINT('Ctrl Pts',(92.8673619636862,-40.7581766779195,-8.98996372524208));
#5280=CARTESIAN_POINT('Ctrl Pts',(92.7974731878984,-40.9264323383315,-9.08280259488857));
#5281=CARTESIAN_POINT('Ctrl Pts',(92.6343543980584,-41.19291211023,-9.29553608563131));
#5282=CARTESIAN_POINT('Ctrl Pts',(92.5299952245856,-41.308651406344,-9.42989496109455));
#5283=CARTESIAN_POINT('Ctrl Pts',(92.2981623441794,-41.4621976948542,-9.72128474290031));
#5284=CARTESIAN_POINT('Ctrl Pts',(92.1706008633265,-41.5,-9.87824827475568));
#5285=CARTESIAN_POINT('Ctrl Pts',(92.0494489911075,-41.5,-10.0241006549261));
#5286=CARTESIAN_POINT('Ctrl Pts',(92.0494489911075,-41.5,-10.0241006549261));
#5287=CARTESIAN_POINT('Ctrl Pts',(91.9287752574177,-41.5,-10.1693774134305));
#5288=CARTESIAN_POINT('Ctrl Pts',(91.7983654161952,-41.4624643091045,-10.3230052300165));
#5289=CARTESIAN_POINT('Ctrl Pts',(91.5555459005512,-41.3093659519806,-10.6031431799487));
#5290=CARTESIAN_POINT('Ctrl Pts',(91.4432231821638,-41.1937936462971,-10.7297234062456));
#5291=CARTESIAN_POINT('Ctrl Pts',(91.2649141913855,-40.9271989284375,-10.928180860368));
#5292=CARTESIAN_POINT('Ctrl Pts',(91.1869837467126,-40.7586026250979,-11.0133892047078));
#5293=CARTESIAN_POINT('Ctrl Pts',(91.0833056262855,-40.3891547503749,-11.1260639544254));
#5294=CARTESIAN_POINT('Ctrl Pts',(91.057636763102,-40.1883049839957,-11.1536087704803));
#5295=CARTESIAN_POINT('Ctrl Pts',(91.057636763102,-40.,-11.1536087704803));
#5296=CARTESIAN_POINT('',(97.7933360434261,-41.5,-15.7679877072447));
#5297=CARTESIAN_POINT('',(95.7474811888606,-41.5,-13.7221328526792));
#5298=CARTESIAN_POINT('',(96.7845175948218,-40.,-16.8804896022001));
#5299=CARTESIAN_POINT('Ctrl Pts',(96.7845175948218,-40.,-16.8804896022001));
#5300=CARTESIAN_POINT('Ctrl Pts',(96.7845175948218,-40.1883217120432,-16.8804896022001));
#5301=CARTESIAN_POINT('Ctrl Pts',(96.8104357265782,-40.389192356026,-16.8531862118849));
#5302=CARTESIAN_POINT('Ctrl Pts',(96.9152971605065,-40.7586934507035,-16.7416352456046));
#5303=CARTESIAN_POINT('Ctrl Pts',(96.9941797271447,-40.9273228561525,-16.657327130533));
#5304=CARTESIAN_POINT('Ctrl Pts',(97.1749971349362,-41.193816530486,-16.461408982157));
#5305=CARTESIAN_POINT('Ctrl Pts',(97.2890163117513,-41.3093317940557,-16.3366801702037));
#5306=CARTESIAN_POINT('Ctrl Pts',(97.5363527679381,-41.4624207537343,-16.0611914324282));
#5307=CARTESIAN_POINT('Ctrl Pts',(97.6696045504944,-41.5,-15.910375793888));
#5308=CARTESIAN_POINT('Ctrl Pts',(97.7933360434261,-41.5,-15.7679877072448));
#5309=CARTESIAN_POINT('Ctrl Pts',(97.7933360434261,-41.5,-15.7679877072447));
#5310=CARTESIAN_POINT('Ctrl Pts',(97.9173534081597,-41.5,-15.6252706442194));
#5311=CARTESIAN_POINT('Ctrl Pts',(98.0483812703016,-41.4622652742182,-15.4719469913799));
#5312=CARTESIAN_POINT('Ctrl Pts',(98.2872678802288,-41.3089150841903,-15.1878535424017));
#5313=CARTESIAN_POINT('Ctrl Pts',(98.3951927980719,-41.1933023386239,-15.0571379258335));
#5314=CARTESIAN_POINT('Ctrl Pts',(98.564420381602,-40.9268754978432,-14.850163536483));
#5315=CARTESIAN_POINT('Ctrl Pts',(98.6371579526575,-40.7584447049808,-14.7599501749125));
#5316=CARTESIAN_POINT('Ctrl Pts',(98.7334123796085,-40.3891933770844,-14.639993171173));
#5317=CARTESIAN_POINT('Ctrl Pts',(98.7569862910959,-40.188365602765,-14.6103176113549));
#5318=CARTESIAN_POINT('Ctrl Pts',(98.7569862910959,-39.811634397235,-14.6103176113549));
#5319=CARTESIAN_POINT('Ctrl Pts',(98.7334123796085,-39.6108066229156,-14.639993171173));
#5320=CARTESIAN_POINT('Ctrl Pts',(98.6371579526575,-39.2415552950192,-14.7599501749125));
#5321=CARTESIAN_POINT('Ctrl Pts',(98.564420381602,-39.0731245021568,-14.850163536483));
#5322=CARTESIAN_POINT('Ctrl Pts',(98.3951927980719,-38.8066976613761,-15.0571379258335));
#5323=CARTESIAN_POINT('Ctrl Pts',(98.2872678802288,-38.6910849158098,-15.1878535424017));
#5324=CARTESIAN_POINT('Ctrl Pts',(98.0483812703016,-38.5377347257818,-15.4719469913799));
#5325=CARTESIAN_POINT('Ctrl Pts',(97.9173534081597,-38.5,-15.6252706442194));
#5326=CARTESIAN_POINT('Ctrl Pts',(97.6696045504944,-38.5,-15.910375793888));
#5327=CARTESIAN_POINT('Ctrl Pts',(97.5363527679381,-38.5375792462657,-16.0611914324282));
#5328=CARTESIAN_POINT('Ctrl Pts',(97.2890163117513,-38.6906682059443,-16.3366801702037));
#5329=CARTESIAN_POINT('Ctrl Pts',(97.1749971349362,-38.806183469514,-16.461408982157));
#5330=CARTESIAN_POINT('Ctrl Pts',(96.9941797271447,-39.0726771438475,-16.657327130533));
#5331=CARTESIAN_POINT('Ctrl Pts',(96.9152971605065,-39.2413065492965,-16.7416352456046));
#5332=CARTESIAN_POINT('Ctrl Pts',(96.8104357265782,-39.610807643974,-16.8531862118849));
#5333=CARTESIAN_POINT('Ctrl Pts',(96.7845175948218,-39.8116782879568,-16.8804896022001));
#5334=CARTESIAN_POINT('Ctrl Pts',(96.7845175948218,-40.,-16.8804896022001));
#5335=CARTESIAN_POINT('Origin',(103.516798000408,-40.,10.));
#5336=CARTESIAN_POINT('',(98.3549343207523,-40.,8.5));
#5337=CARTESIAN_POINT('',(98.2582076022598,-41.5,10.));
#5338=CARTESIAN_POINT('Ctrl Pts',(98.3549343207523,-40.,8.5));
#5339=CARTESIAN_POINT('Ctrl Pts',(98.3549343207523,-39.8116944595313,8.5));
#5340=CARTESIAN_POINT('Ctrl Pts',(98.353623768275,-39.610843928778,8.5376279394584));
#5341=CARTESIAN_POINT('Ctrl Pts',(98.3473270256444,-39.2413940725472,8.69061406345781));
#5342=CARTESIAN_POINT('Ctrl Pts',(98.3422296669154,-39.0727965380421,8.80597197728254));
#5343=CARTESIAN_POINT('Ctrl Pts',(98.3280956839307,-38.8062041422158,9.07238663355898));
#5344=CARTESIAN_POINT('Ctrl Pts',(98.3180860866652,-38.690633487772,9.24131420840934));
#5345=CARTESIAN_POINT('Ctrl Pts',(98.2918558172664,-38.5375361980996,9.61109844864944));
#5346=CARTESIAN_POINT('Ctrl Pts',(98.2755240936274,-38.5,9.81194326901956));
#5347=CARTESIAN_POINT('Ctrl Pts',(98.240822820313,-38.5,10.1887983652307));
#5348=CARTESIAN_POINT('Ctrl Pts',(98.2201191210749,-38.5378015622756,10.3899861788401));
#5349=CARTESIAN_POINT('Ctrl Pts',(98.1781660960638,-38.6913446827583,10.7599570669725));
#5350=CARTESIAN_POINT('Ctrl Pts',(98.1570264810752,-38.8070815475,10.9287545217683));
#5351=CARTESIAN_POINT('Ctrl Pts',(98.1220586321142,-39.0735595389327,11.1945257849807));
#5352=CARTESIAN_POINT('Ctrl Pts',(98.1058802257332,-39.241818027833,11.3095943394283));
#5353=CARTESIAN_POINT('Ctrl Pts',(98.0839267275555,-39.6108413778705,11.4623381201888));
#5354=CARTESIAN_POINT('Ctrl Pts',(98.0782688917634,-39.81161872942,11.5));
#5355=CARTESIAN_POINT('Ctrl Pts',(98.0782688917634,-40.18838127058,11.5));
#5356=CARTESIAN_POINT('Ctrl Pts',(98.0839267275555,-40.3891586221295,11.4623381201888));
#5357=CARTESIAN_POINT('Ctrl Pts',(98.1058802257332,-40.758181972167,11.3095943394283));
#5358=CARTESIAN_POINT('Ctrl Pts',(98.1220586321142,-40.9264404610673,11.1945257849807));
#5359=CARTESIAN_POINT('Ctrl Pts',(98.1570264810752,-41.1929184525,10.9287545217683));
#5360=CARTESIAN_POINT('Ctrl Pts',(98.1781660960638,-41.3086553172417,10.7599570669725));
#5361=CARTESIAN_POINT('Ctrl Pts',(98.2201191210749,-41.4621984377244,10.38998617884));
#5362=CARTESIAN_POINT('Ctrl Pts',(98.240822820313,-41.5,10.1887983652307));
#5363=CARTESIAN_POINT('Ctrl Pts',(98.2582076022598,-41.5,10.));
#5364=CARTESIAN_POINT('Ctrl Pts',(98.2582076022598,-41.5,10.));
#5365=CARTESIAN_POINT('Ctrl Pts',(98.2755240936274,-41.5,9.81194326901956));
#5366=CARTESIAN_POINT('Ctrl Pts',(98.2918558172664,-41.4624638019004,9.61109844864944));
#5367=CARTESIAN_POINT('Ctrl Pts',(98.3180860866652,-41.309366512228,9.24131420840934));
#5368=CARTESIAN_POINT('Ctrl Pts',(98.3280956839307,-41.1937958577842,9.07238663355898));
#5369=CARTESIAN_POINT('Ctrl Pts',(98.3422296669154,-40.9272034619579,8.80597197728254));
#5370=CARTESIAN_POINT('Ctrl Pts',(98.3473270256444,-40.7586059274528,8.69061406345781));
#5371=CARTESIAN_POINT('Ctrl Pts',(98.353623768275,-40.389156071222,8.5376279394584));
#5372=CARTESIAN_POINT('Ctrl Pts',(98.3549343207523,-40.1883055404687,8.5));
#5373=CARTESIAN_POINT('Ctrl Pts',(98.3549343207523,-40.,8.5));
#5374=CARTESIAN_POINT('',(106.410073682382,-41.5,10.));
#5375=CARTESIAN_POINT('',(103.516798000408,-41.5,10.));
#5376=CARTESIAN_POINT('',(106.483388950393,-40.,8.5));
#5377=CARTESIAN_POINT('Ctrl Pts',(106.483388950393,-40.,8.5));
#5378=CARTESIAN_POINT('Ctrl Pts',(106.483388950393,-40.1883217120432,8.5));
#5379=CARTESIAN_POINT('Ctrl Pts',(106.482409424673,-40.389192356026,8.5376332991619));
#5380=CARTESIAN_POINT('Ctrl Pts',(106.477679210983,-40.7586934507035,8.69065997488225));
#5381=CARTESIAN_POINT('Ctrl Pts',(106.473842768895,-40.9273228561525,8.80605321254566));
#5382=CARTESIAN_POINT('Ctrl Pts',(106.463164932826,-41.193816530486,9.07244547902585));
#5383=CARTESIAN_POINT('Ctrl Pts',(106.455592077196,-41.3093317940557,9.24126580087863));
#5384=CARTESIAN_POINT('Ctrl Pts',(106.435685407979,-41.4624207537343,9.61095904090456));
#5385=CARTESIAN_POINT('Ctrl Pts',(106.423265886309,-41.5,9.81182504067608));
#5386=CARTESIAN_POINT('Ctrl Pts',(106.410073682382,-41.5,10.));
#5387=CARTESIAN_POINT('Ctrl Pts',(106.410073682382,-41.5,10.));
#5388=CARTESIAN_POINT('Ctrl Pts',(106.396850998913,-41.5,10.1886097226442));
#5389=CARTESIAN_POINT('Ctrl Pts',(106.381085494119,-41.4622652742182,10.3896766071283));
#5390=CARTESIAN_POINT('Ctrl Pts',(106.34911943167,-41.3089150841903,10.7594793532056));
#5391=CARTESIAN_POINT('Ctrl Pts',(106.333003974054,-41.1933023386239,10.9282236933538));
#5392=CARTESIAN_POINT('Ctrl Pts',(106.30631295169,-40.9268754978432,11.1942386594735));
#5393=CARTESIAN_POINT('Ctrl Pts',(106.29395570171,-40.7584447049808,11.309462368934));
#5394=CARTESIAN_POINT('Ctrl Pts',(106.277195448931,-40.3891933770844,11.4623469377453));
#5395=CARTESIAN_POINT('Ctrl Pts',(106.27288093202,-40.188365602765,11.5));
#5396=CARTESIAN_POINT('Ctrl Pts',(106.27288093202,-39.811634397235,11.5));
#5397=CARTESIAN_POINT('Ctrl Pts',(106.277195448931,-39.6108066229156,11.4623469377453));
#5398=CARTESIAN_POINT('Ctrl Pts',(106.29395570171,-39.2415552950192,11.309462368934));
#5399=CARTESIAN_POINT('Ctrl Pts',(106.30631295169,-39.0731245021568,11.1942386594735));
#5400=CARTESIAN_POINT('Ctrl Pts',(106.333003974054,-38.8066976613761,10.9282236933538));
#5401=CARTESIAN_POINT('Ctrl Pts',(106.34911943167,-38.6910849158098,10.7594793532056));
#5402=CARTESIAN_POINT('Ctrl Pts',(106.381085494119,-38.5377347257818,10.3896766071283));
#5403=CARTESIAN_POINT('Ctrl Pts',(106.396850998913,-38.5,10.1886097226442));
#5404=CARTESIAN_POINT('Ctrl Pts',(106.423265886309,-38.5,9.81182504067608));
#5405=CARTESIAN_POINT('Ctrl Pts',(106.435685407979,-38.5375792462657,9.61095904090457));
#5406=CARTESIAN_POINT('Ctrl Pts',(106.455592077196,-38.6906682059443,9.24126580087863));
#5407=CARTESIAN_POINT('Ctrl Pts',(106.463164932826,-38.806183469514,9.07244547902585));
#5408=CARTESIAN_POINT('Ctrl Pts',(106.473842768895,-39.0726771438475,8.80605321254566));
#5409=CARTESIAN_POINT('Ctrl Pts',(106.477679210983,-39.2413065492965,8.69065997488225));
#5410=CARTESIAN_POINT('Ctrl Pts',(106.482409424673,-39.610807643974,8.53763329916191));
#5411=CARTESIAN_POINT('Ctrl Pts',(106.483388950393,-39.8116782879568,8.5));
#5412=CARTESIAN_POINT('Ctrl Pts',(106.483388950393,-40.,8.5));
#5413=CARTESIAN_POINT('Origin',(70.9969921639571,-34.9129213163358,7.51732858206607));
#5414=CARTESIAN_POINT('',(106.496992163957,-34.9129213163358,7.51732858206606));
#5415=CARTESIAN_POINT('Origin',(70.9969921639571,-34.9129213163358,7.51732858206607));
#5416=CARTESIAN_POINT('',(98.3736592523514,-34.9129213163358,7.48709078669368));
#5417=CARTESIAN_POINT('Origin',(70.9680665526786,-34.9129213163358,7.48709078669368));
#5418=CARTESIAN_POINT('Origin',(70.9680665526786,-44.9129213163358,7.48709078669368));
#5419=CARTESIAN_POINT('',(98.3736592523514,-44.9129213163358,7.48709078669368));
#5420=CARTESIAN_POINT('Origin',(70.9680665526786,-44.9129213163358,7.48709078669368));
#5421=CARTESIAN_POINT('',(98.3736592523514,-44.9129213163358,7.48709078669368));
#5422=CARTESIAN_POINT('Origin',(70.9969921639571,-44.9129213163358,7.51732858206607));
#5423=CARTESIAN_POINT('',(106.496992163957,-44.9129213163358,7.51732858206606));
#5424=CARTESIAN_POINT('',(106.496992163957,-44.9129213163358,7.51732858206606));
#5425=CARTESIAN_POINT('Origin',(70.9969921639571,-44.9129213163358,7.51732858206607));
#5426=CARTESIAN_POINT('Origin',(70.9969921639571,-44.9129213163358,7.51732858206607));
#5427=CARTESIAN_POINT('Ctrl Pts',(83.3557065439843,-7.42450633694647,-20.9125971786894));
#5428=CARTESIAN_POINT('Ctrl Pts',(82.2518382906541,-7.42450633694647,-21.3908643843369));
#5429=CARTESIAN_POINT('Ctrl Pts',(79.9432048424182,-7.42450633694647,-22.1064271365056));
#5430=CARTESIAN_POINT('Ctrl Pts',(75.1986631308978,-7.42450633694647,-22.9507856754078));
#5431=CARTESIAN_POINT('Ctrl Pts',(69.7671976436714,-7.42450633694647,-23.1635322949651));
#5432=CARTESIAN_POINT('Ctrl Pts',(64.9714175488661,-7.42450633694647,-22.6641253424642));
#5433=CARTESIAN_POINT('Ctrl Pts',(61.4331974746187,-7.42450633694647,-21.9177090855713));
#5434=CARTESIAN_POINT('Ctrl Pts',(59.7044773129484,-7.42450633694647,-21.3777631302501));
#5435=CARTESIAN_POINT('Ctrl Pts',(58.6018248288954,-7.42450633694647,-20.8967493853046));
#5436=CARTESIAN_POINT('Ctrl Pts',(83.6237905342677,-7.42450633694647,-21.5313504668211));
#5437=CARTESIAN_POINT('Ctrl Pts',(82.4869713869005,-7.42460814065291,-22.0613691154684));
#5438=CARTESIAN_POINT('Ctrl Pts',(80.1214131679439,-7.42458243604418,-22.8563301450182));
#5439=CARTESIAN_POINT('Ctrl Pts',(75.2814583662899,-7.42474920770017,-23.7916787138474));
#5440=CARTESIAN_POINT('Ctrl Pts',(69.7426163914807,-7.42465358216755,-24.0255872835468));
#5441=CARTESIAN_POINT('Ctrl Pts',(64.8529784453073,-7.42470248165279,-23.4745891722532));
#5442=CARTESIAN_POINT('Ctrl Pts',(61.2399672670351,-7.42453005140957,-22.6465166481905));
#5443=CARTESIAN_POINT('Ctrl Pts',(59.4683451018826,-7.42460820667137,-22.046822937323));
#5444=CARTESIAN_POINT('Ctrl Pts',(58.3326504051177,-7.42450633694647,-21.5137917258633));
#5445=CARTESIAN_POINT('Ctrl Pts',(84.158780159165,-7.11538655342092,-22.7661373303396));
#5446=CARTESIAN_POINT('Ctrl Pts',(82.9560154530757,-7.08354636760542,-23.3990563225159));
#5447=CARTESIAN_POINT('Ctrl Pts',(80.4766203060881,-7.0223941782448,-24.3511411314485));
#5448=CARTESIAN_POINT('Ctrl Pts',(75.4462761731284,-6.94008790550098,-25.4663052095775));
#5449=CARTESIAN_POINT('Ctrl Pts',(69.6937125677712,-6.91811217550033,-25.7416654253432));
#5450=CARTESIAN_POINT('Ctrl Pts',(64.6170782604366,-6.96875614397771,-25.0891562720448));
#5451=CARTESIAN_POINT('Ctrl Pts',(60.85471506473,-7.03878852900189,-24.099480155995));
#5452=CARTESIAN_POINT('Ctrl Pts',(58.997301692178,-7.08458193820667,-23.3816449330535));
#5453=CARTESIAN_POINT('Ctrl Pts',(57.7954778309839,-7.11644031236684,-22.7451799750721));
#5454=CARTESIAN_POINT('Ctrl Pts',(84.91205148501,-5.60540765309514,-24.5047309301631));
#5455=CARTESIAN_POINT('Ctrl Pts',(83.5982529864136,-5.42797723229505,-25.2399505487208));
#5456=CARTESIAN_POINT('Ctrl Pts',(80.9374995020247,-5.09338462527015,-26.3137589679684));
#5457=CARTESIAN_POINT('Ctrl Pts',(75.6424196259421,-4.65621169933178,-27.5179163855547));
#5458=CARTESIAN_POINT('Ctrl Pts',(69.637493414753,-4.542807330582,-27.8017210638084));
#5459=CARTESIAN_POINT('Ctrl Pts',(64.3249159967914,-4.80729960209756,-27.1159046773566));
#5460=CARTESIAN_POINT('Ctrl Pts',(60.3461906057595,-5.18291856949916,-26.0305863243437));
#5461=CARTESIAN_POINT('Ctrl Pts',(58.351811809753,-5.43367509455497,-25.2200817468046));
#5462=CARTESIAN_POINT('Ctrl Pts',(57.0385319809532,-5.61127305959887,-24.4803657792211));
#5463=CARTESIAN_POINT('Ctrl Pts',(85.1457596631043,-3.92409153051435,-25.0441428641107));
#5464=CARTESIAN_POINT('Ctrl Pts',(83.7627480391421,-3.61520077387572,-25.7318049154242));
#5465=CARTESIAN_POINT('Ctrl Pts',(81.0076829241322,-3.0542012857192,-26.6551121942761));
#5466=CARTESIAN_POINT('Ctrl Pts',(75.6383747166791,-2.36387428001419,-27.5993233605445));
#5467=CARTESIAN_POINT('Ctrl Pts',(69.642717070049,-2.1972384665493,-27.7979413295393));
#5468=CARTESIAN_POINT('Ctrl Pts',(64.3075571349616,-2.59821020085026,-27.2932419845709));
#5469=CARTESIAN_POINT('Ctrl Pts',(60.2513227096766,-3.20433412941894,-26.4119784442134));
#5470=CARTESIAN_POINT('Ctrl Pts',(58.1854805892914,-3.62490465574068,-25.7141589949302));
#5471=CARTESIAN_POINT('Ctrl Pts',(56.8025263447736,-3.93430397560034,-25.0213736063746));
#5472=CARTESIAN_POINT('Ctrl Pts',(85.1446953349762,-2.91259594878499,-25.0416863334981));
#5473=CARTESIAN_POINT('Ctrl Pts',(83.7295494139721,-2.55254840027096,-25.6537806209977));
#5474=CARTESIAN_POINT('Ctrl Pts',(80.9414930713133,-1.92219764952433,-26.4114097764035));
#5475=CARTESIAN_POINT('Ctrl Pts',(75.5830144046679,-1.19392964163173,-27.1153083186902));
#5476=CARTESIAN_POINT('Ctrl Pts',(69.6615538027519,-1.03066874752187,-27.2492218843643));
#5477=CARTESIAN_POINT('Ctrl Pts',(64.3715653603367,-1.43653374973862,-26.8938544992787));
#5478=CARTESIAN_POINT('Ctrl Pts',(60.3092697138694,-2.09034598858097,-26.2137278696314));
#5479=CARTESIAN_POINT('Ctrl Pts',(58.2179542431363,-2.5636120759928,-25.6388304061717));
#5480=CARTESIAN_POINT('Ctrl Pts',(56.8025263447736,-2.92450633694648,-25.0213736063746));
#5481=CARTESIAN_POINT('',(58.355706543984,-2.54467985604019,-25.6117581897743));
#5482=CARTESIAN_POINT('',(58.3557065439843,-7.38220932371266,-21.4609389559351));
#5483=CARTESIAN_POINT('Ctrl Pts',(58.3557065439843,-2.54467985604006,-25.6117581897745));
#5484=CARTESIAN_POINT('Ctrl Pts',(58.3557065439843,-3.10417900986725,-25.6619726645172));
#5485=CARTESIAN_POINT('Ctrl Pts',(58.3557065439957,-3.66663396576654,-25.600714635313));
#5486=CARTESIAN_POINT('Ctrl Pts',(58.3557065439957,-4.74335955987338,-25.262477582368));
#5487=CARTESIAN_POINT('Ctrl Pts',(58.3557065439843,-5.24399926383512,-24.987886306241));
#5488=CARTESIAN_POINT('Ctrl Pts',(58.3557065439843,-6.13766584247317,-24.2502138705403));
#5489=CARTESIAN_POINT('Ctrl Pts',(58.3557065439741,-6.51498980296646,-23.788154853057));
#5490=CARTESIAN_POINT('Ctrl Pts',(58.3557065439741,-7.00940249247482,-22.8881761436684));
#5491=CARTESIAN_POINT('Ctrl Pts',(58.3557065439772,-7.16667270612561,-22.4809966360275));
#5492=CARTESIAN_POINT('Ctrl Pts',(58.3557065439772,-7.31973098047982,-21.8618273580202));
#5493=CARTESIAN_POINT('Ctrl Pts',(58.3557065439843,-7.35674629255402,-21.6621242240732));
#5494=CARTESIAN_POINT('Ctrl Pts',(58.3557065439843,-7.38220932371266,-21.4609389559351));
#5495=CARTESIAN_POINT('',(83.3557065442273,-2.47956573280846,-25.7024454895243));
#5496=CARTESIAN_POINT('Ctrl Pts',(58.3552051944019,-2.54574286478468,-25.614020129526));
#5497=CARTESIAN_POINT('Ctrl Pts',(59.2397736035729,-2.34035238321308,-25.9066052347097));
#5498=CARTESIAN_POINT('Ctrl Pts',(60.8072365956506,-2.01019996520381,-26.2970995802248));
#5499=CARTESIAN_POINT('Ctrl Pts',(64.3715653603367,-1.43653374973862,-26.8938544992787));
#5500=CARTESIAN_POINT('Ctrl Pts',(69.6615538027519,-1.03066874752187,-27.2492218843643));
#5501=CARTESIAN_POINT('Ctrl Pts',(75.5830144046679,-1.19392964163173,-27.1153083186902));
#5502=CARTESIAN_POINT('Ctrl Pts',(80.3734010125406,-1.84498855760104,-26.4860352805683));
#5503=CARTESIAN_POINT('Ctrl Pts',(82.5521115829348,-2.29720454803635,-25.9568292921824));
#5504=CARTESIAN_POINT('Ctrl Pts',(83.3561912882817,-2.48040252156453,-25.704598527907));
#5505=CARTESIAN_POINT('',(83.3557065439843,-7.42450633694647,-20.9125971786894));
#5506=CARTESIAN_POINT('Ctrl Pts',(83.3557065439843,-7.42450633694647,-20.9125971786894));
#5507=CARTESIAN_POINT('Ctrl Pts',(83.3557065439843,-7.42450633694647,-21.5930769925226));
#5508=CARTESIAN_POINT('Ctrl Pts',(83.3557065440339,-7.29455050505957,-22.2679896241733));
#5509=CARTESIAN_POINT('Ctrl Pts',(83.3557065440339,-6.79049941820473,-23.4763854636928));
#5510=CARTESIAN_POINT('Ctrl Pts',(83.3557065439913,-6.43944803224337,-24.0054447550137));
#5511=CARTESIAN_POINT('Ctrl Pts',(83.3557065439913,-5.57155180347061,-24.8638698481661));
#5512=CARTESIAN_POINT('Ctrl Pts',(83.3557065439822,-5.07492734318961,-25.193742344908));
#5513=CARTESIAN_POINT('Ctrl Pts',(83.3557065439822,-4.20062528369161,-25.5456064057578));
#5514=CARTESIAN_POINT('Ctrl Pts',(83.3557065439843,-3.86043986425983,-25.6365999348146));
#5515=CARTESIAN_POINT('Ctrl Pts',(83.3557065439843,-3.17016159099729,-25.7326272846444));
#5516=CARTESIAN_POINT('Ctrl Pts',(83.3557065439843,-2.82346822888896,-25.7385018525132));
#5517=CARTESIAN_POINT('Ctrl Pts',(83.3557065439843,-2.47956573269763,-25.7024454896763));
#5518=CARTESIAN_POINT('',(58.6018248288954,-7.42450633694647,-20.8967493853046));
#5519=CARTESIAN_POINT('Ctrl Pts',(83.3557065439843,-7.42450633694647,-20.9125971786894));
#5520=CARTESIAN_POINT('Ctrl Pts',(82.2518382906541,-7.42450633694647,-21.3908643843369));
#5521=CARTESIAN_POINT('Ctrl Pts',(79.9432048424182,-7.42450633694647,-22.1064271365056));
#5522=CARTESIAN_POINT('Ctrl Pts',(75.1986631308978,-7.42450633694647,-22.9507856754078));
#5523=CARTESIAN_POINT('Ctrl Pts',(69.7671976436714,-7.42450633694647,-23.1635322949651));
#5524=CARTESIAN_POINT('Ctrl Pts',(64.9714175488661,-7.42450633694647,-22.6641253424642));
#5525=CARTESIAN_POINT('Ctrl Pts',(61.4331974746187,-7.42450633694647,-21.9177090855713));
#5526=CARTESIAN_POINT('Ctrl Pts',(59.7044773129484,-7.42450633694647,-21.3777631302501));
#5527=CARTESIAN_POINT('Ctrl Pts',(58.6018248288954,-7.42450633694647,-20.8967493853046));
#5528=CARTESIAN_POINT('Origin',(58.6018248288954,-2.92450633694647,-20.8967493853046));
#5529=CARTESIAN_POINT('Origin',(70.9969921639571,-2.92450633694647,7.51732858206617));
#5530=CARTESIAN_POINT('',(58.3557065439843,-7.42450633694647,-20.7881107869716));
#5531=CARTESIAN_POINT('Ctrl Pts',(58.3557065439843,-7.38220932371266,-21.4609389559351));
#5532=CARTESIAN_POINT('Ctrl Pts',(58.3557065439843,-7.41135378436598,-21.2306664445932));
#5533=CARTESIAN_POINT('Ctrl Pts',(58.3557065439843,-7.42450633694647,-21.002472267355));
#5534=CARTESIAN_POINT('Ctrl Pts',(58.3557065439843,-7.42450633694647,-20.7881107869716));
#5535=CARTESIAN_POINT('Origin',(70.9969921639571,-7.42450633694647,7.51732858206617));
#5536=CARTESIAN_POINT('Origin',(58.3557065439843,-7.42450633694647,-2.5));
#5537=CARTESIAN_POINT('',(83.3557065439843,-7.42450633694647,-19.9184866480069));
#5538=CARTESIAN_POINT('',(83.3557065439843,-7.42450633694647,-2.5));
#5539=CARTESIAN_POINT('',(70.9969921639571,-7.42450633694647,-19.9184866480069));
#5540=CARTESIAN_POINT('',(64.6763493539707,-7.42450633694648,-19.9184866480069));
#5541=CARTESIAN_POINT('',(70.9391409414078,-7.42450633694647,-19.9184866480069));
#5542=CARTESIAN_POINT('Origin',(70.9680665526786,-7.42450633694647,7.48709078669368));
#5543=CARTESIAN_POINT('',(58.3557065439843,-7.42450633694647,-19.9184866480069));
#5544=CARTESIAN_POINT('',(53.4121800252841,-7.42450633694648,-19.9184866480069));
#5545=CARTESIAN_POINT('',(58.3557065439843,-7.42450633694647,-2.5));
#5546=CARTESIAN_POINT('Origin',(70.9969921639571,-36.9245063369465,7.51732858206617));
#5547=CARTESIAN_POINT('',(83.3557065439843,-34.9129213163358,-25.7619769826976));
#5548=CARTESIAN_POINT('',(83.3557065439843,-32.4245063369465,-21.4294349998332));
#5549=CARTESIAN_POINT('Ctrl Pts',(83.3557065439843,-34.9129213163358,-25.7619769826976));
#5550=CARTESIAN_POINT('Ctrl Pts',(83.3557065439843,-34.7613381010553,-25.6811718692656));
#5551=CARTESIAN_POINT('Ctrl Pts',(83.3557065439843,-34.6103350026352,-25.5889907716154));
#5552=CARTESIAN_POINT('Ctrl Pts',(83.3557065439843,-34.2145580043486,-25.313238678808));
#5553=CARTESIAN_POINT('Ctrl Pts',(83.3557065439842,-33.9825524809772,-25.1111496492638));
#5554=CARTESIAN_POINT('Ctrl Pts',(83.3557065439843,-33.5847566107816,-24.6973873460845));
#5555=CARTESIAN_POINT('Ctrl Pts',(83.3557065439843,-33.3842153620506,-24.445850351463));
#5556=CARTESIAN_POINT('Ctrl Pts',(83.3557065439843,-33.0398649862673,-23.9063039550136));
#5557=CARTESIAN_POINT('Ctrl Pts',(83.3557065439843,-32.8959507797337,-23.6183616244224));
#5558=CARTESIAN_POINT('Ctrl Pts',(83.3557065439842,-32.6737801199619,-23.0592767516742));
#5559=CARTESIAN_POINT('Ctrl Pts',(83.3557065439842,-32.5775957341011,-22.7353266369011));
#5560=CARTESIAN_POINT('Ctrl Pts',(83.3557065439842,-32.4530055383506,-22.0744837590969));
#5561=CARTESIAN_POINT('Ctrl Pts',(83.3557065439842,-32.4245063369465,-21.7376086067951));
#5562=CARTESIAN_POINT('Ctrl Pts',(83.3557065439842,-32.4245063369465,-21.4294349998332));
#5563=CARTESIAN_POINT('',(58.3557065439842,-34.9129213163358,-25.6556709487914));
#5564=CARTESIAN_POINT('Origin',(70.9969921639571,-34.9129213163358,7.51732858206617));
#5565=CARTESIAN_POINT('',(58.3557065439843,-32.4245063369465,-21.307154776144));
#5566=CARTESIAN_POINT('Ctrl Pts',(58.3557065439843,-32.4245063369465,-21.307154776144));
#5567=CARTESIAN_POINT('Ctrl Pts',(58.3557065439843,-32.4245063369465,-21.6169425958243));
#5568=CARTESIAN_POINT('Ctrl Pts',(58.3557065439843,-32.4530598722753,-21.9555971776575));
#5569=CARTESIAN_POINT('Ctrl Pts',(58.3557065439843,-32.5779784093926,-22.619983367746));
#5570=CARTESIAN_POINT('Ctrl Pts',(58.3557065439843,-32.6744418901634,-22.945696456109));
#5571=CARTESIAN_POINT('Ctrl Pts',(58.3557065439843,-32.8971078812612,-23.5071869968883));
#5572=CARTESIAN_POINT('Ctrl Pts',(58.3557065439843,-33.0411466772911,-23.7960601922555));
#5573=CARTESIAN_POINT('Ctrl Pts',(58.3557065439843,-33.3858869734661,-24.3374473238723));
#5574=CARTESIAN_POINT('Ctrl Pts',(58.3557065439843,-33.586699018547,-24.5898908602441));
#5575=CARTESIAN_POINT('Ctrl Pts',(58.3557065439843,-33.9847476747288,-25.0047195095532));
#5576=CARTESIAN_POINT('Ctrl Pts',(58.3557065439843,-34.2166582620235,-25.2071546669247));
#5577=CARTESIAN_POINT('Ctrl Pts',(58.3557065439843,-34.611716311136,-25.4829727264179));
#5578=CARTESIAN_POINT('Ctrl Pts',(58.3557065439843,-34.7620087451358,-25.5749655364471));
#5579=CARTESIAN_POINT('Ctrl Pts',(58.3557065439843,-34.9129213163358,-25.6556709487914));
#5580=CARTESIAN_POINT('Origin',(70.9969921639571,-32.4245063369465,7.51732858206617));
#5581=CARTESIAN_POINT('Origin',(83.3557065439843,-32.4245063369465,-2.5));
#5582=CARTESIAN_POINT('',(58.3557065439843,-32.4245063369465,-19.9184866480069));
#5583=CARTESIAN_POINT('',(58.3557065439843,-32.4245063369465,-2.5));
#5584=CARTESIAN_POINT('',(70.9391409414078,-32.4245063369465,-19.9184866480069));
#5585=CARTESIAN_POINT('',(65.9121800252841,-32.4245063369465,-19.9184866480069));
#5586=CARTESIAN_POINT('',(70.9969921639571,-32.4245063369465,-19.9184866480069));
#5587=CARTESIAN_POINT('Origin',(70.9680665526786,-32.4245063369465,7.48709078669368));
#5588=CARTESIAN_POINT('',(83.3557065439843,-32.4245063369465,-19.9184866480069));
#5589=CARTESIAN_POINT('',(77.1763493539707,-32.4245063369465,-19.9184866480069));
#5590=CARTESIAN_POINT('',(83.3557065439843,-32.4245063369465,-2.5));
#5591=CARTESIAN_POINT('Origin',(83.3557065439843,-7.42450633694647,-2.5));
#5592=CARTESIAN_POINT('',(83.3557065415576,-3.60672411926781,-25.7619769845));
#5593=CARTESIAN_POINT('',(83.3557065439843,-34.9129213163358,-25.7619769826976));
#5594=CARTESIAN_POINT('',(83.3557065439843,-21.1687138266411,-19.9184866480069));
#5595=CARTESIAN_POINT('Ctrl Pts',(83.3557065439843,-2.47956573279149,-25.7024454896861));
#5596=CARTESIAN_POINT('Ctrl Pts',(83.3557065439843,-2.84030670826198,-25.7402672782591));
#5597=CARTESIAN_POINT('Ctrl Pts',(83.3557065439843,-3.21675664966689,-25.7619769826976));
#5598=CARTESIAN_POINT('Ctrl Pts',(83.3557065439843,-3.60672411774796,-25.7619769826976));
#5599=CARTESIAN_POINT('Origin',(58.3557065439843,-32.4245063369465,-2.5));
#5600=CARTESIAN_POINT('',(58.3557065441576,-3.51599783992435,-25.6556709489235));
#5601=CARTESIAN_POINT('',(58.3557065439843,-34.9129213163358,-25.6556709487914));
#5602=CARTESIAN_POINT('Ctrl Pts',(58.3557065439843,-3.51599783981025,-25.6556709487914));
#5603=CARTESIAN_POINT('Ctrl Pts',(58.3557065439843,-3.18268321745296,-25.6556709487914));
#5604=CARTESIAN_POINT('Ctrl Pts',(58.3557065439843,-2.85850531129994,-25.6399237022493));
#5605=CARTESIAN_POINT('Ctrl Pts',(58.3557065439843,-2.54467985604017,-25.6117581897745));
#5606=CARTESIAN_POINT('',(58.3557065439843,-33.6687138266411,-19.9184866480069));
#5607=CARTESIAN_POINT('Origin',(70.9969921639571,-34.9129213163358,-19.9184866480069));
#5608=CARTESIAN_POINT('',(70.9969921639571,-34.9129213163358,-19.9184866480069));
#5609=CARTESIAN_POINT('',(70.9969921639571,-34.9129213163358,-19.9184866480069));
#5610=CARTESIAN_POINT('',(93.5253308213302,-34.9129213163358,-19.9184866480069));
#5611=CARTESIAN_POINT('',(70.9969921639571,-34.9129213163358,-19.9184866480069));
#5612=CARTESIAN_POINT('',(93.5253308213302,55.3040786836642,-19.9184866480069));
#5613=CARTESIAN_POINT('',(93.5253308213302,-34.9129213163358,-19.9184866480069));
#5614=CARTESIAN_POINT('',(70.9969921639571,55.3040786836642,-19.9184866480069));
#5615=CARTESIAN_POINT('',(70.9969921639571,55.3040786836642,-19.9184866480069));
#5616=CARTESIAN_POINT('',(70.9969921639571,-34.9129213163358,-19.9184866480069));
#5617=CARTESIAN_POINT('',(79.9349324507238,38.1400902603081,-19.9184866480069));
#5618=CARTESIAN_POINT('Origin',(81.4974324507238,38.1400902603081,-19.9184866480069));
#5619=CARTESIAN_POINT('',(79.9349324507238,7.14009026030813,-19.9184866480069));
#5620=CARTESIAN_POINT('Origin',(81.4974324507238,7.14009026030813,-19.9184866480069));
#5621=CARTESIAN_POINT('Origin',(70.9680665526786,-34.9129213163358,7.48709078669368));
#5622=CARTESIAN_POINT('',(70.9391409414078,-34.9129213163358,-19.9184866480069));
#5623=CARTESIAN_POINT('',(70.9391409414078,-34.9129213163358,-19.9184866480069));
#5624=CARTESIAN_POINT('Origin',(70.9680665526786,-34.9129213163358,7.48709078669368));
#5625=CARTESIAN_POINT('Origin',(70.9680665526786,-34.9129213163358,7.48709078669368));
#5626=CARTESIAN_POINT('',(70.9391409414078,55.3040786836642,-19.9184866480069));
#5627=CARTESIAN_POINT('Origin',(70.9680665526786,55.3040786836642,7.48709078669368));
#5628=CARTESIAN_POINT('',(70.9391409414078,-34.9129213163358,-19.9184866480069));
#5629=CARTESIAN_POINT('Ctrl Pts',(84.68109478888,43.0000006407499,-24.0000005482594));
#5630=CARTESIAN_POINT('Ctrl Pts',(84.6810907934251,43.0000006407499,-24.0000003576279));
#5631=CARTESIAN_POINT('Ctrl Pts',(84.3229747412325,43.0000006407499,-24.0000003576279));
#5632=CARTESIAN_POINT('Ctrl Pts',(82.3855768254685,43.0000006407499,-24.0000003576279));
#5633=CARTESIAN_POINT('Ctrl Pts',(78.6850810659021,43.0000006407499,-24.0000003576279));
#5634=CARTESIAN_POINT('Ctrl Pts',(73.6333767462269,43.0000006407499,-24.0000003576279));
#5635=CARTESIAN_POINT('Ctrl Pts',(68.3908916446548,43.0000006407499,-24.0000003576279));
#5636=CARTESIAN_POINT('Ctrl Pts',(63.3000626208408,43.0000006407499,-24.0000003576279));
#5637=CARTESIAN_POINT('Ctrl Pts',(59.605745564914,43.0000006407499,-24.0000003576279));
#5638=CARTESIAN_POINT('Ctrl Pts',(57.6724537601402,43.0000006407499,-24.0000003576279));
#5639=CARTESIAN_POINT('Ctrl Pts',(57.312893534489,43.0000006407499,-24.0000003576279));
#5640=CARTESIAN_POINT('Ctrl Pts',(57.3128895390341,43.0000006407499,-24.0000005482594));
#5641=CARTESIAN_POINT('Ctrl Pts',(85.7600237898454,43.0000006407499,-24.0000003576279));
#5642=CARTESIAN_POINT('Ctrl Pts',(85.7600237898454,43.146567874829,-24.0000003576279));
#5643=CARTESIAN_POINT('Ctrl Pts',(85.3777307122174,43.4378955572408,-24.0785160150948));
#5644=CARTESIAN_POINT('Ctrl Pts',(83.3073335683326,43.8674587151164,-24.4693535546329));
#5645=CARTESIAN_POINT('Ctrl Pts',(79.33581059493,44.0548983708746,-25.0397435287837));
#5646=CARTESIAN_POINT('Ctrl Pts',(73.8646434370936,44.0592877925762,-25.4236196865502));
#5647=CARTESIAN_POINT('Ctrl Pts',(68.1623368298643,44.0605139547616,-25.4239155708396));
#5648=CARTESIAN_POINT('Ctrl Pts',(62.6481819853134,44.0546232034274,-25.0417643357933));
#5649=CARTESIAN_POINT('Ctrl Pts',(58.6839406337875,43.8664151029023,-24.4675414828164));
#5650=CARTESIAN_POINT('Ctrl Pts',(56.6177645827468,43.4389501970013,-24.0788572968449));
#5651=CARTESIAN_POINT('Ctrl Pts',(56.2339605380687,43.146694097041,-24.0000003576279));
#5652=CARTESIAN_POINT('Ctrl Pts',(56.2339605380687,43.0000006407499,-24.0000003576279));
#5653=CARTESIAN_POINT('Ctrl Pts',(87.6478023307721,43.0000006407499,-23.6915229781923));
#5654=CARTESIAN_POINT('Ctrl Pts',(87.6478023307721,43.4297854082768,-23.6915229781923));
#5655=CARTESIAN_POINT('Ctrl Pts',(87.223175630777,44.2838694493053,-23.8936772224322));
#5656=CARTESIAN_POINT('Ctrl Pts',(84.919688394582,45.6065590460631,-24.8979538518351));
#5657=CARTESIAN_POINT('Ctrl Pts',(80.4732679742217,46.3639188026762,-26.3814249140686));
#5658=CARTESIAN_POINT('Ctrl Pts',(74.2684402396319,46.5893313440851,-27.405165072368));
#5659=CARTESIAN_POINT('Ctrl Pts',(67.7632418031475,46.5918335170648,-27.406981778456));
#5660=CARTESIAN_POINT('Ctrl Pts',(61.5088613164671,46.3633115722243,-26.3856936293871));
#5661=CARTESIAN_POINT('Ctrl Pts',(57.0714794495751,45.6042253383559,-24.8930351128079));
#5662=CARTESIAN_POINT('Ctrl Pts',(54.7724509599883,44.2870799924112,-23.8947222593608));
#5663=CARTESIAN_POINT('Ctrl Pts',(54.346181997142,43.4301555345494,-23.6915229781923));
#5664=CARTESIAN_POINT('Ctrl Pts',(54.346181997142,43.0000006407499,-23.6915229781923));
#5665=CARTESIAN_POINT('Ctrl Pts',(89.3645876229852,43.0000006407499,-22.8724104968491));
#5666=CARTESIAN_POINT('Ctrl Pts',(89.3645876229852,43.733842469121,-22.8724104968491));
#5667=CARTESIAN_POINT('Ctrl Pts',(88.8898048676277,45.19282657118,-23.1644310558235));
#5668=CARTESIAN_POINT('Ctrl Pts',(86.3178864225058,47.5221637257339,-24.5992438222412));
#5669=CARTESIAN_POINT('Ctrl Pts',(81.3799166319986,49.0532094244491,-26.6590289489568));
#5670=CARTESIAN_POINT('Ctrl Pts',(74.5685700626315,49.6900932126018,-28.0379822142976));
#5671=CARTESIAN_POINT('Ctrl Pts',(67.4664968910832,49.6946172073562,-28.0403283860724));
#5672=CARTESIAN_POINT('Ctrl Pts',(60.6015711843848,49.0516100234476,-26.6657067517698));
#5673=CARTESIAN_POINT('Ctrl Pts',(55.6727661939216,47.5184166855092,-24.5919667049364));
#5674=CARTESIAN_POINT('Ctrl Pts',(53.1060579164205,45.1986128981508,-23.1657729594884));
#5675=CARTESIAN_POINT('Ctrl Pts',(52.6293967049289,43.7344744462434,-22.8724104968491));
#5676=CARTESIAN_POINT('Ctrl Pts',(52.6293967049289,43.0000006407499,-22.8724104968491));
#5677=CARTESIAN_POINT('Ctrl Pts',(90.0474039814518,43.0000006407499,-22.4381685692726));
#5678=CARTESIAN_POINT('Ctrl Pts',(90.0474039814518,43.8641424793868,-22.4381685692726));
#5679=CARTESIAN_POINT('Ctrl Pts',(89.5488502617354,45.5823742819433,-22.7622822028456));
#5680=CARTESIAN_POINT('Ctrl Pts',(86.851688457434,48.3431014326448,-24.3450859763894));
#5681=CARTESIAN_POINT('Ctrl Pts',(81.7000178901949,50.2055813539486,-26.5779677157905));
#5682=CARTESIAN_POINT('Ctrl Pts',(74.6672530529994,51.0185227227479,-28.0410503333814));
#5683=CARTESIAN_POINT('Ctrl Pts',(67.3688914410071,51.0239561932814,-28.0437179955788));
#5684=CARTESIAN_POINT('Ctrl Pts',(60.2816588784421,50.2035410105011,-26.5856707003921));
#5685=CARTESIAN_POINT('Ctrl Pts',(55.1385900358779,48.3387287621234,-24.3367587090931));
#5686=CARTESIAN_POINT('Ctrl Pts',(52.4471445821728,45.5892691880326,-22.7636869091434));
#5687=CARTESIAN_POINT('Ctrl Pts',(51.9465803464623,43.8648866695534,-22.4381685692726));
#5688=CARTESIAN_POINT('Ctrl Pts',(51.9465803464623,43.0000006407499,-22.4381685692726));
#5689=CARTESIAN_POINT('',(54.6596736421349,47.6020621969168,-24.0000003580032));
#5690=CARTESIAN_POINT('',(57.312893534489,43.0000006407499,-24.0000003576279));
#5691=CARTESIAN_POINT('Ctrl Pts',(54.6596736414109,47.6020621963967,-24.0000003576279));
#5692=CARTESIAN_POINT('Ctrl Pts',(54.6596736414109,46.707699969762,-24.0000003576279));
#5693=CARTESIAN_POINT('Ctrl Pts',(54.8261390200028,45.8898079949723,-24.0000003576279));
#5694=CARTESIAN_POINT('Ctrl Pts',(55.3680974384723,44.5824183409825,-24.0000003576279));
#5695=CARTESIAN_POINT('Ctrl Pts',(55.703542461678,44.0879383523253,-24.0000003576279));
#5696=CARTESIAN_POINT('Ctrl Pts',(56.2513045129053,43.5372221517973,-24.0000003576279));
#5697=CARTESIAN_POINT('Ctrl Pts',(56.4539539865015,43.3716433430376,-24.0000003576279));
#5698=CARTESIAN_POINT('Ctrl Pts',(56.7751291557676,43.1791836382382,-24.0000003576279));
#5699=CARTESIAN_POINT('Ctrl Pts',(56.8842840414019,43.1236910853696,-24.0000003576279));
#5700=CARTESIAN_POINT('Ctrl Pts',(57.0494321812194,43.0592684760477,-24.0000003576279));
#5701=CARTESIAN_POINT('Ctrl Pts',(57.1055515244706,43.0404478439358,-24.0000003576279));
#5702=CARTESIAN_POINT('Ctrl Pts',(57.1886684450311,43.0188384783628,-24.0000003576279));
#5703=CARTESIAN_POINT('Ctrl Pts',(57.2168643412272,43.0125295855625,-24.0000003576279));
#5704=CARTESIAN_POINT('Ctrl Pts',(57.257834587923,43.0054967290311,-24.0000003576279));
#5705=CARTESIAN_POINT('Ctrl Pts',(57.2715745164254,43.003481209636,-24.0000003576279));
#5706=CARTESIAN_POINT('Ctrl Pts',(57.2908843609574,43.0013772968528,-24.0000003576279));
#5707=CARTESIAN_POINT('Ctrl Pts',(57.2970966453809,43.0008062753114,-24.0000003576279));
#5708=CARTESIAN_POINT('Ctrl Pts',(57.3058575308553,43.0002418677243,-24.0000003576279));
#5709=CARTESIAN_POINT('Ctrl Pts',(57.3088825521881,43.0000862046547,-24.0000003576279));
#5710=CARTESIAN_POINT('Ctrl Pts',(57.3118134207054,43.0000155452177,-24.0000003576279));
#5711=CARTESIAN_POINT('Ctrl Pts',(57.3121304286704,43.0000091194812,-24.0000003576279));
#5712=CARTESIAN_POINT('Ctrl Pts',(57.3125854830866,43.0000027847986,-24.0000003576279));
#5713=CARTESIAN_POINT('Ctrl Pts',(57.3130475626773,43.0000006407499,-24.0000003576279));
#5714=CARTESIAN_POINT('Ctrl Pts',(57.312893534489,43.0000006407499,-24.0000003576279));
#5715=CARTESIAN_POINT('',(87.3343106768757,47.6020622033123,-24.0000003626184));
#5716=CARTESIAN_POINT('Ctrl Pts',(54.6594994080753,47.6013353004389,-24.0013502888359));
#5717=CARTESIAN_POINT('Ctrl Pts',(56.2320815033877,48.7351426450077,-24.8148422850737));
#5718=CARTESIAN_POINT('Ctrl Pts',(60.3188881718528,50.2078506584898,-26.5933298353336));
#5719=CARTESIAN_POINT('Ctrl Pts',(67.3688914410071,51.0239561932814,-28.0437179955788));
#5720=CARTESIAN_POINT('Ctrl Pts',(74.6672530529994,51.0185227227479,-28.0410503333814));
#5721=CARTESIAN_POINT('Ctrl Pts',(81.6644572694856,50.2096919278614,-26.5853656776498));
#5722=CARTESIAN_POINT('Ctrl Pts',(85.7588040782467,48.7381448391061,-24.8187126119091));
#5723=CARTESIAN_POINT('Ctrl Pts',(87.3347983610382,47.5999117987428,-24.0039478196189));
#5724=CARTESIAN_POINT('',(84.6810907934251,43.0000006407499,-24.0000003576279));
#5725=CARTESIAN_POINT('Ctrl Pts',(84.6810907934251,43.0000006407499,-24.0000003576279));
#5726=CARTESIAN_POINT('Ctrl Pts',(84.6812182426532,43.0000006407499,-24.0000003576279));
#5727=CARTESIAN_POINT('Ctrl Pts',(84.6814248615009,43.0000031480466,-24.0000003576279));
#5728=CARTESIAN_POINT('Ctrl Pts',(84.6818484149287,43.0000090406402,-24.0000003576279));
#5729=CARTESIAN_POINT('Ctrl Pts',(84.6821599556414,43.0000153244055,-24.0000003576279));
#5730=CARTESIAN_POINT('Ctrl Pts',(84.6850842339383,43.0000854148933,-24.0000003576279));
#5731=CARTESIAN_POINT('Ctrl Pts',(84.6881111940806,43.0002409938873,-24.0000003576279));
#5732=CARTESIAN_POINT('Ctrl Pts',(84.6968709861376,43.0008049247027,-24.0000003576279));
#5733=CARTESIAN_POINT('Ctrl Pts',(84.7030809457949,43.0013754776005,-24.0000003576279));
#5734=CARTESIAN_POINT('Ctrl Pts',(84.7223915261022,43.0034786551795,-24.0000003576279));
#5735=CARTESIAN_POINT('Ctrl Pts',(84.7361353293148,43.0054944454429,-24.0000003576279));
#5736=CARTESIAN_POINT('Ctrl Pts',(84.7771121607785,43.0125278475688,-24.0000003576279));
#5737=CARTESIAN_POINT('Ctrl Pts',(84.8053116212877,43.0188373961139,-24.0000003576279));
#5738=CARTESIAN_POINT('Ctrl Pts',(84.8884295109116,43.0404469354246,-24.0000003576279));
#5739=CARTESIAN_POINT('Ctrl Pts',(84.944546560968,43.0592665893948,-24.0000003576279));
#5740=CARTESIAN_POINT('Ctrl Pts',(85.1096889886122,43.123686076663,-24.0000003576279));
#5741=CARTESIAN_POINT('Ctrl Pts',(85.2188404872424,43.1791759760667,-24.0000003576279));
#5742=CARTESIAN_POINT('Ctrl Pts',(85.5400147179679,43.3716315694828,-24.0000003576279));
#5743=CARTESIAN_POINT('Ctrl Pts',(85.7426663219748,43.5372102367982,-24.0000003576279));
#5744=CARTESIAN_POINT('Ctrl Pts',(86.2904177704735,44.087910776201,-24.0000003576279));
#5745=CARTESIAN_POINT('Ctrl Pts',(86.6258539231659,44.5823669067099,-24.0000003576279));
#5746=CARTESIAN_POINT('Ctrl Pts',(87.1678321656176,45.8897439838375,-24.0000003576279));
#5747=CARTESIAN_POINT('Ctrl Pts',(87.3343106865033,46.7076646659469,-24.0000003576279));
#5748=CARTESIAN_POINT('Ctrl Pts',(87.3343106865033,47.6020621963967,-24.0000003576279));
#5749=CARTESIAN_POINT('',(38.5464764860503,43.0000006407499,-24.0000003576279));
#5750=CARTESIAN_POINT('Ctrl Pts',(57.3128895390341,2.87788955836877,-24.0000005482594));
#5751=CARTESIAN_POINT('Ctrl Pts',(57.312893534489,2.87788955836877,-24.0000003576279));
#5752=CARTESIAN_POINT('Ctrl Pts',(57.6709942755307,2.87788955836877,-24.0000003576279));
#5753=CARTESIAN_POINT('Ctrl Pts',(59.6084617226489,2.87788955836877,-24.0000003576279));
#5754=CARTESIAN_POINT('Ctrl Pts',(63.3090244611075,2.87788955836877,-24.0000003576279));
#5755=CARTESIAN_POINT('Ctrl Pts',(68.3608009370782,2.87788955836877,-24.0000003576279));
#5756=CARTESIAN_POINT('Ctrl Pts',(73.6032495762897,2.87788955836877,-24.0000003576279));
#5757=CARTESIAN_POINT('Ctrl Pts',(78.6938680134421,2.87788955836877,-24.0000003576279));
#5758=CARTESIAN_POINT('Ctrl Pts',(82.3879548960685,2.87788955836877,-24.0000003576279));
#5759=CARTESIAN_POINT('Ctrl Pts',(84.3215625360701,2.87788955836877,-24.0000003576279));
#5760=CARTESIAN_POINT('Ctrl Pts',(84.6810907934251,2.87788955836877,-24.0000003576279));
#5761=CARTESIAN_POINT('Ctrl Pts',(84.68109478888,2.87788955836877,-24.0000005482594));
#5762=CARTESIAN_POINT('Ctrl Pts',(56.2339605380687,2.87788955836877,-24.0000003576279));
#5763=CARTESIAN_POINT('Ctrl Pts',(56.2339605380687,2.73132232428975,-24.0000003576279));
#5764=CARTESIAN_POINT('Ctrl Pts',(56.6162409710164,2.43999155864858,-24.0784842732539));
#5765=CARTESIAN_POINT('Ctrl Pts',(58.686714357612,2.01042186249878,-24.4693418818095));
#5766=CARTESIAN_POINT('Ctrl Pts',(62.6583134466654,1.82296706028309,-25.0397213060144));
#5767=CARTESIAN_POINT('Ctrl Pts',(68.1295581407813,1.81846803850814,-25.4234910812892));
#5768=CARTESIAN_POINT('Ctrl Pts',(73.8318064669705,1.81726484883084,-25.4237700847555));
#5769=CARTESIAN_POINT('Ctrl Pts',(79.3457227254589,1.82322041475332,-25.041662610392));
#5770=CARTESIAN_POINT('Ctrl Pts',(83.3097309122024,2.01146839787756,-24.4675907268437));
#5771=CARTESIAN_POINT('Ctrl Pts',(85.3762493977982,2.43896259111966,-24.0788381038711));
#5772=CARTESIAN_POINT('Ctrl Pts',(85.7600237898454,2.73119610207771,-24.0000003576279));
#5773=CARTESIAN_POINT('Ctrl Pts',(85.7600237898454,2.87788955836877,-24.0000003576279));
#5774=CARTESIAN_POINT('Ctrl Pts',(54.3461794686208,2.87788955836877,-23.6915307575292));
#5775=CARTESIAN_POINT('Ctrl Pts',(54.3461794686208,2.44810479084202,-23.6915307575292));
#5776=CARTESIAN_POINT('Ctrl Pts',(54.7707903048382,1.5939846456412,-23.8935918893457));
#5777=CARTESIAN_POINT('Ctrl Pts',(57.0743534237442,0.271328700176307,-24.8979600289597));
#5778=CARTESIAN_POINT('Ctrl Pts',(61.5208311861171,-0.485925927879945,-26.381532984254));
#5779=CARTESIAN_POINT('Ctrl Pts',(67.7257788550454,-0.711410042158611,-27.4051906304235));
#5780=CARTESIAN_POINT('Ctrl Pts',(74.2309399623433,-0.713823000639334,-27.4070231168495));
#5781=CARTESIAN_POINT('Ctrl Pts',(80.4850454961784,-0.485382576656592,-26.3856441871346));
#5782=CARTESIAN_POINT('Ctrl Pts',(84.9221676058463,0.273674487610354,-24.8931884482247));
#5783=CARTESIAN_POINT('Ctrl Pts',(87.2215710282303,1.59088638933292,-23.8946852483805));
#5784=CARTESIAN_POINT('Ctrl Pts',(87.6478048592932,2.44773466456927,-23.6915307575292));
#5785=CARTESIAN_POINT('Ctrl Pts',(87.6478048592932,2.87788955836877,-23.6915307575292));
#5786=CARTESIAN_POINT('Ctrl Pts',(52.6293967049289,2.87788955836877,-22.8724104968491));
#5787=CARTESIAN_POINT('Ctrl Pts',(52.6293967049289,2.14404772999787,-22.8724104968491));
#5788=CARTESIAN_POINT('Ctrl Pts',(53.1041635015754,0.684987709087074,-23.1642838652113));
#5789=CARTESIAN_POINT('Ctrl Pts',(55.6761741197699,-1.64427821772049,-24.5992254743122));
#5790=CARTESIAN_POINT('Ctrl Pts',(60.6142319411622,-3.17513471581456,-26.6591311229105));
#5791=CARTESIAN_POINT('Ctrl Pts',(67.4256803167425,-3.81217365680348,-28.0379047129594));
#5792=CARTESIAN_POINT('Ctrl Pts',(74.5276880900548,-3.81659809803193,-28.0402338574563));
#5793=CARTESIAN_POINT('Ctrl Pts',(81.3923178045143,-3.17369475807554,-26.6655480196312));
#5794=CARTESIAN_POINT('Ctrl Pts',(86.3208326547249,-1.64049412101971,-24.592176926779));
#5795=CARTESIAN_POINT('Ctrl Pts',(88.8879640741202,0.679408405989875,-23.1657012267808));
#5796=CARTESIAN_POINT('Ctrl Pts',(89.3645876229852,2.14341575287526,-22.8724104968491));
#5797=CARTESIAN_POINT('Ctrl Pts',(89.3645876229852,2.87788955836877,-22.8724104968491));
#5798=CARTESIAN_POINT('Ctrl Pts',(51.9465803464623,2.87788955836876,-22.4381685692726));
#5799=CARTESIAN_POINT('Ctrl Pts',(51.9465803464623,2.01374771973207,-22.4381685692726));
#5800=CARTESIAN_POINT('Ctrl Pts',(52.4451127506574,0.295424352570036,-22.7621074632067));
#5801=CARTESIAN_POINT('Ctrl Pts',(55.1423713535083,-2.46521518925767,-24.3450665167589));
#5802=CARTESIAN_POINT('Ctrl Pts',(60.2941351658726,-4.32747128153091,-26.5781059649072));
#5803=CARTESIAN_POINT('Ctrl Pts',(67.3270004559491,-5.14061058570236,-28.0410054692292));
#5804=CARTESIAN_POINT('Ctrl Pts',(74.6253113066162,-5.14594033571786,-28.0436439398095));
#5805=CARTESIAN_POINT('Ctrl Pts',(81.7122506995148,-4.32563290923604,-26.5854981241985));
#5806=CARTESIAN_POINT('Ctrl Pts',(86.8549991047396,-2.46079515769522,-24.3369993642888));
#5807=CARTESIAN_POINT('Ctrl Pts',(89.5468842506245,0.288776481517178,-22.7636052662976));
#5808=CARTESIAN_POINT('Ctrl Pts',(90.0474039814518,2.01300352956521,-22.4381685692726));
#5809=CARTESIAN_POINT('Ctrl Pts',(90.0474039814518,2.87788955836877,-22.4381685692726));
#5810=CARTESIAN_POINT('',(54.6596736510384,-1.7241720041936,-24.0000003626184));
#5811=CARTESIAN_POINT('Ctrl Pts',(58.3565088885898,-3.51760880846744,-25.6516374272551));
#5812=CARTESIAN_POINT('Ctrl Pts',(56.9827380103293,-3.06726280035474,-25.1267556471364));
#5813=CARTESIAN_POINT('Ctrl Pts',(55.7181548646412,-2.48676384686005,-24.5513681020929));
#5814=CARTESIAN_POINT('Ctrl Pts',(54.6592188465137,-1.72202370870893,-24.0038808119298));
#5815=CARTESIAN_POINT('',(57.312893534489,2.87788955836877,-24.0000003576279));
#5816=CARTESIAN_POINT('Ctrl Pts',(57.312893534489,2.87788955836877,-24.0000003576279));
#5817=CARTESIAN_POINT('Ctrl Pts',(57.312766085261,2.87788955836877,-24.0000003576279));
#5818=CARTESIAN_POINT('Ctrl Pts',(57.3125594664131,2.87788705107206,-24.0000003576279));
#5819=CARTESIAN_POINT('Ctrl Pts',(57.3121359129855,2.87788115847847,-24.0000003576279));
#5820=CARTESIAN_POINT('Ctrl Pts',(57.3118243722724,2.87787487471322,-24.0000003576279));
#5821=CARTESIAN_POINT('Ctrl Pts',(57.3089000939769,2.87780478422542,-24.0000003576279));
#5822=CARTESIAN_POINT('Ctrl Pts',(57.305873133834,2.87764920523147,-24.0000003576279));
#5823=CARTESIAN_POINT('Ctrl Pts',(57.2971133417767,2.87708527441605,-24.0000003576279));
#5824=CARTESIAN_POINT('Ctrl Pts',(57.2909033821197,2.87651472151823,-24.0000003576279));
#5825=CARTESIAN_POINT('Ctrl Pts',(57.2715928018114,2.87441154393914,-24.0000003576279));
#5826=CARTESIAN_POINT('Ctrl Pts',(57.2578489985975,2.87239575367546,-24.0000003576279));
#5827=CARTESIAN_POINT('Ctrl Pts',(57.2168721671358,2.86536235154991,-24.0000003576279));
#5828=CARTESIAN_POINT('Ctrl Pts',(57.1886727066266,2.85905280300476,-24.0000003576279));
#5829=CARTESIAN_POINT('Ctrl Pts',(57.1055548170029,2.8374432636942,-24.0000003576279));
#5830=CARTESIAN_POINT('Ctrl Pts',(57.0494377669469,2.81862360972422,-24.0000003576279));
#5831=CARTESIAN_POINT('Ctrl Pts',(56.8842953393018,2.75420412245569,-24.0000003576279));
#5832=CARTESIAN_POINT('Ctrl Pts',(56.7751438406715,2.69871422305189,-24.0000003576279));
#5833=CARTESIAN_POINT('Ctrl Pts',(56.4539696099463,2.50625862963593,-24.0000003576279));
#5834=CARTESIAN_POINT('Ctrl Pts',(56.2513180059394,2.34067996232063,-24.0000003576279));
#5835=CARTESIAN_POINT('Ctrl Pts',(55.7035665574406,1.78997942291767,-24.0000003576279));
#5836=CARTESIAN_POINT('Ctrl Pts',(55.3681304047482,1.2955232924087,-24.0000003576279));
#5837=CARTESIAN_POINT('Ctrl Pts',(54.8261521622972,-0.0118537847172688,
-24.0000003576279));
#5838=CARTESIAN_POINT('Ctrl Pts',(54.6596736414108,-0.829774466826412,-24.0000003576279));
#5839=CARTESIAN_POINT('Ctrl Pts',(54.6596736414108,-1.72417199727803,-24.0000003576279));
#5840=CARTESIAN_POINT('',(84.6810907934251,2.87788955836877,-24.0000003576279));
#5841=CARTESIAN_POINT('',(38.5464764860503,2.87788955836877,-24.0000003576279));
#5842=CARTESIAN_POINT('',(87.3343106857792,-1.72417199779812,-24.0000003580032));
#5843=CARTESIAN_POINT('Ctrl Pts',(87.3343106865033,-1.72417199727803,-24.0000003576279));
#5844=CARTESIAN_POINT('Ctrl Pts',(87.3343106865033,-0.829809770643399,-24.0000003576279));
#5845=CARTESIAN_POINT('Ctrl Pts',(87.1678453079114,-0.0119177958538189,
-24.0000003576279));
#5846=CARTESIAN_POINT('Ctrl Pts',(86.6258868894417,1.29547185813644,-24.0000003576279));
#5847=CARTESIAN_POINT('Ctrl Pts',(86.290441866236,1.78995184679356,-24.0000003576279));
#5848=CARTESIAN_POINT('Ctrl Pts',(85.7426798150091,2.3406680473211,-24.0000003576279));
#5849=CARTESIAN_POINT('Ctrl Pts',(85.5400303414128,2.50624685608105,-24.0000003576279));
#5850=CARTESIAN_POINT('Ctrl Pts',(85.2188551721464,2.69870656088058,-24.0000003576279));
#5851=CARTESIAN_POINT('Ctrl Pts',(85.1097002865122,2.75419911374906,-24.0000003576279));
#5852=CARTESIAN_POINT('Ctrl Pts',(84.9445521466941,2.81862172307121,-24.0000003576279));
#5853=CARTESIAN_POINT('Ctrl Pts',(84.8884328034432,2.83744235518297,-24.0000003576279));
#5854=CARTESIAN_POINT('Ctrl Pts',(84.8053158828852,2.85905172075529,-24.0000003576279));
#5855=CARTESIAN_POINT('Ctrl Pts',(84.7771199866878,2.86536061355611,-24.0000003576279));
#5856=CARTESIAN_POINT('Ctrl Pts',(84.7361497399877,2.87239347008827,-24.0000003576279));
#5857=CARTESIAN_POINT('Ctrl Pts',(84.7224098114874,2.87440898948283,-24.0000003576279));
#5858=CARTESIAN_POINT('Ctrl Pts',(84.7030999669592,2.87651290226557,-24.0000003576279));
#5859=CARTESIAN_POINT('Ctrl Pts',(84.6968876825339,2.87708392380723,-24.0000003576279));
#5860=CARTESIAN_POINT('Ctrl Pts',(84.6881267970579,2.87764833139447,-24.0000003576279));
#5861=CARTESIAN_POINT('Ctrl Pts',(84.6851017757259,2.87780399446394,-24.0000003576279));
#5862=CARTESIAN_POINT('Ctrl Pts',(84.682170907216,2.8778746539008,-24.0000003576279));
#5863=CARTESIAN_POINT('Ctrl Pts',(84.6818538992459,2.87788107963743,-24.0000003576279));
#5864=CARTESIAN_POINT('Ctrl Pts',(84.6813988448275,2.87788741432005,-24.0000003576279));
#5865=CARTESIAN_POINT('Ctrl Pts',(84.6809367652369,2.87788955836877,-24.0000003576279));
#5866=CARTESIAN_POINT('Ctrl Pts',(84.6810907934251,2.87788955836877,-24.0000003576279));
#5867=CARTESIAN_POINT('Ctrl Pts',(87.3343828466972,-1.72327427215203,-24.001391066151));
#5868=CARTESIAN_POINT('Ctrl Pts',(86.2046800031082,-2.53778035065941,-24.5857864269789));
#5869=CARTESIAN_POINT('Ctrl Pts',(84.8405099476963,-3.14415872323865,-25.2055240973317));
#5870=CARTESIAN_POINT('Ctrl Pts',(83.3554984330668,-3.6070808243557,-25.7610048365235));
#5871=CARTESIAN_POINT('Origin',(38.5464764860503,43.0000006407499,-24.0000003576279));
#5872=CARTESIAN_POINT('',(87.3343106865033,-34.9129213163358,-24.0000003576279));
#5873=CARTESIAN_POINT('',(54.6596736414109,-34.9129213163358,-24.0000003576279));
#5874=CARTESIAN_POINT('',(79.9349324507238,7.14009026030813,-24.0000003576279));
#5875=CARTESIAN_POINT('Origin',(81.4974324507238,7.14009026030813,-24.0000003576279));
#5876=CARTESIAN_POINT('',(79.9349324507238,38.1400902603081,-24.0000003576279));
#5877=CARTESIAN_POINT('Origin',(81.4974324507238,38.1400902603081,-24.0000003576279));
#5878=CARTESIAN_POINT('',(59.4349324507238,7.14009026030813,-24.0000003576279));
#5879=CARTESIAN_POINT('Origin',(60.9974324507238,7.14009026030813,-24.0000003576279));
#5880=CARTESIAN_POINT('',(59.4349324507238,38.1400902603081,-24.0000003576279));
#5881=CARTESIAN_POINT('Origin',(60.9974324507238,38.1400902603081,-24.0000003576279));
#5882=CARTESIAN_POINT('Origin',(81.4974324507238,7.14009026030813,-2.5));
#5883=CARTESIAN_POINT('',(79.9349324507238,7.14009026030813,-2.5));
#5884=CARTESIAN_POINT('Origin',(81.4974324507238,38.1400902603081,-2.5));
#5885=CARTESIAN_POINT('',(79.9349324507238,38.1400902603081,-2.5));
#5886=CARTESIAN_POINT('Origin',(60.9974324507238,7.14009026030813,-2.5));
#5887=CARTESIAN_POINT('',(59.4349324507238,7.14009026030813,-19.9184866480069));
#5888=CARTESIAN_POINT('Origin',(60.9974324507238,7.14009026030813,-19.9184866480069));
#5889=CARTESIAN_POINT('',(59.4349324507238,7.14009026030813,-2.5));
#5890=CARTESIAN_POINT('Origin',(60.9974324507238,38.1400902603081,-2.5));
#5891=CARTESIAN_POINT('',(59.4349324507238,38.1400902603081,-19.9184866480069));
#5892=CARTESIAN_POINT('Origin',(60.9974324507238,38.1400902603081,-19.9184866480069));
#5893=CARTESIAN_POINT('',(59.4349324507238,38.1400902603081,-2.5));
#5894=CARTESIAN_POINT('Origin',(48.4686535065839,-34.9129213163358,-19.9184866480069));
#5895=CARTESIAN_POINT('',(48.4686535065839,55.3040786836642,-19.9184866480069));
#5896=CARTESIAN_POINT('',(70.9969921639571,55.3040786836642,-19.9184866480069));
#5897=CARTESIAN_POINT('',(48.4686535065839,-34.9129213163358,-19.9184866480069));
#5898=CARTESIAN_POINT('',(48.4686535065839,-34.9129213163358,-19.9184866480069));
#5899=CARTESIAN_POINT('',(70.9969921639571,-34.9129213163358,-19.9184866480069));
#5900=CARTESIAN_POINT('Origin',(70.9969921639571,-34.9129213163358,7.51732858206617));
#5901=CARTESIAN_POINT('Origin',(70.9969921639571,-34.9129213163358,7.51732858206617));
#5902=CARTESIAN_POINT('Origin',(70.9969921639571,55.3040786836642,7.51732858206617));
#5903=CARTESIAN_POINT('Origin',(70.9969921639571,-34.9129213163358,7.51732858206617));
#5904=CARTESIAN_POINT('Origin',(70.9969921639571,55.3040786836642,-23.9505790329704));
#5905=CARTESIAN_POINT('Origin',(70.9969921639571,-34.9129213163358,-23.9505790329704));
#5906=CARTESIAN_POINT('Origin',(60.7662581246952,95.,20.7961059245687));
#5907=CARTESIAN_POINT('',(52.2979678618327,95.,27.5493420585335));
#5908=CARTESIAN_POINT('',(44.4974157086051,95.,14.5843547039729));
#5909=CARTESIAN_POINT('Origin',(70.9680665526786,95.,7.48709078669368));
#5910=CARTESIAN_POINT('',(45.9148260386716,95.,32.6397277999668));
#5911=CARTESIAN_POINT('',(60.7662581246952,95.,20.7961059245687));
#5912=CARTESIAN_POINT('',(37.7507292253186,95.,19.9646576375265));
#5913=CARTESIAN_POINT('Origin',(70.9969921639571,95.,7.51732858206607));
#5914=CARTESIAN_POINT('',(51.4139110968142,95.,9.06863368754824));
#5915=CARTESIAN_POINT('Origin',(51.4139110968142,95.,9.06863368754824));
#5916=CARTESIAN_POINT('',(47.5581409756903,70.847950314233,21.7363678104669));
#5917=CARTESIAN_POINT('Origin',(70.9680665526786,59.7208869404577,7.48709078669368));
#5918=CARTESIAN_POINT('',(41.1966255648906,70.847950314233,26.809507063545));
#5919=CARTESIAN_POINT('Origin',(70.9969921639571,59.5866798482824,7.51732858206607));
#5920=CARTESIAN_POINT('',(56.0900846107547,70.847950314233,14.9323698060585));
#5921=CARTESIAN_POINT('Origin',(56.0900846107547,70.847950314233,14.9323698060585));
#5922=CARTESIAN_POINT('Origin',(70.9680665526786,81.9750136880083,7.48709078669368));
#5923=CARTESIAN_POINT('Origin',(70.9969921639571,82.1092207801836,7.51732858206607));
#5924=CARTESIAN_POINT('Origin',(54.2364676498966,95.,7.79780087561699));
#5925=CARTESIAN_POINT('',(43.6435926389078,95.,5.3800462793283));
#5926=CARTESIAN_POINT('',(48.9270975674829,95.,-8.79978114790453));
#5927=CARTESIAN_POINT('Origin',(70.9680665526786,95.,7.48709078669368));
#5928=CARTESIAN_POINT('',(35.71703475263,95.,3.57086116740962));
#5929=CARTESIAN_POINT('',(54.2364676498966,95.,7.79780087561699));
#5930=CARTESIAN_POINT('',(40.536572543604,95.,-10.7148637313121));
#5931=CARTESIAN_POINT('Origin',(70.9969921639571,95.,7.51732858206607));
#5932=CARTESIAN_POINT('',(57.5742816592413,95.,-6.82611780711036));
#5933=CARTESIAN_POINT('Origin',(57.5742816592413,95.,-6.82611780711036));
#5934=CARTESIAN_POINT('',(45.2381445072177,70.847950314233,-1.94888413669748));
#5935=CARTESIAN_POINT('Origin',(70.9680665526786,59.6608849814604,7.48709078669368));
#5936=CARTESIAN_POINT('',(37.333534995575,70.847950314233,-3.75305967533225));
#5937=CARTESIAN_POINT('Origin',(70.9969921639571,59.5866798482824,7.51732858206607));
#5938=CARTESIAN_POINT('',(55.9053746545689,70.847950314233,0.48584153425332));
#5939=CARTESIAN_POINT('Origin',(55.9053746545689,70.847950314233,0.48584153425332));
#5940=CARTESIAN_POINT('Origin',(70.9680665526786,82.0350156470055,7.48709078669368));
#5941=CARTESIAN_POINT('Origin',(70.9969921639571,82.1092207801836,7.51732858206607));
#5942=CARTESIAN_POINT('Origin',(60.3276939865789,95.,-5.41170553097069));
#5943=CARTESIAN_POINT('',(55.6090021465349,95.,-15.2101701006533));
#5944=CARTESIAN_POINT('',(69.9985934266042,95.,-19.9013489840961));
#5945=CARTESIAN_POINT('Origin',(70.9680665526786,95.,7.48709078669368));
#5946=CARTESIAN_POINT('',(52.0857709772968,95.,-22.5262350086469));
#5947=CARTESIAN_POINT('',(60.3276939865789,95.,-5.41170553097069));
#5948=CARTESIAN_POINT('',(66.25973311534,95.,-27.6651724192314));
#5949=CARTESIAN_POINT('Origin',(70.9969921639571,95.,7.51732858206607));
#5950=CARTESIAN_POINT('',(73.8422270051152,95.,-11.9199616177341));
#5951=CARTESIAN_POINT('Origin',(73.8422270051152,95.,-11.9199616177341));
#5952=CARTESIAN_POINT('',(62.337491459156,70.847950314233,-18.5240546086061));
#5953=CARTESIAN_POINT('Origin',(70.9680665526786,59.5450050436713,7.48709078669368));
#5954=CARTESIAN_POINT('',(58.8197142834346,70.847950314233,-25.8287941823654));
#5955=CARTESIAN_POINT('Origin',(70.9969921639571,59.5866798482824,7.51732858206607));
#5956=CARTESIAN_POINT('',(67.0849604958471,70.847950314233,-8.66583357435237));
#5957=CARTESIAN_POINT('Origin',(67.0849604958471,70.847950314233,-8.66583357435237));
#5958=CARTESIAN_POINT('Origin',(70.9680665526786,82.1508955847947,7.48709078669368));
#5959=CARTESIAN_POINT('Origin',(70.9969921639571,82.1092207801836,7.51732858206607));
#5960=CARTESIAN_POINT('Origin',(74.4531194648471,95.,-8.88538554620904));
#5961=CARTESIAN_POINT('',(79.1625902965092,95.,-18.6647024946887));
#5962=CARTESIAN_POINT('',(91.7953936542817,95.,-10.3255159013569));
#5963=CARTESIAN_POINT('Origin',(70.9680665526786,95.,7.48709078669368));
#5964=CARTESIAN_POINT('',(82.6950424741292,95.,-25.9999150238852));
#5965=CARTESIAN_POINT('',(74.4531194648471,95.,-8.88538554620904));
#5966=CARTESIAN_POINT('',(95.5501463731586,95.,-18.122340260943));
#5967=CARTESIAN_POINT('Origin',(70.9969921639571,95.,7.51732858206607));
#5968=CARTESIAN_POINT('',(87.9676524833834,95.,-2.37712945944567));
#5969=CARTESIAN_POINT('Origin',(87.9676524833834,95.,-2.37712945944567));
#5970=CARTESIAN_POINT('',(85.9454884302617,70.847950314233,-15.4637990679776));
#5971=CARTESIAN_POINT('Origin',(70.9680665526786,59.4605070837653,7.48709078669368));
#5972=CARTESIAN_POINT('',(89.4756321865278,70.847950314233,-22.7942181108404));
#5973=CARTESIAN_POINT('Origin',(70.9969921639571,59.5866798482823,7.51732858206607));
#5974=CARTESIAN_POINT('',(81.2103859741153,70.847950314233,-5.63125750282735));
#5975=CARTESIAN_POINT('Origin',(81.2103859741153,70.847950314233,-5.63125750282735));
#5976=CARTESIAN_POINT('Origin',(70.9680665526786,82.2353935447007,7.48709078669368));
#5977=CARTESIAN_POINT('Origin',(70.9969921639571,82.1092207801837,7.51732858206607));
#5978=CARTESIAN_POINT('Origin',(85.9760105933962,95.,-0.00748726846457437));
#5979=CARTESIAN_POINT('',(96.5223720023256,95.,-2.41462543861282));
#5980=CARTESIAN_POINT('',(98.3736592523513,95.,7.48709078669368));
#5981=CARTESIAN_POINT('Origin',(70.9680665526786,95.,7.48709078669368));
#5982=CARTESIAN_POINT('',(104.495443490663,95.,-4.23442697667194));
#5983=CARTESIAN_POINT('',(85.9760105933962,95.,-0.00748726846457437));
#5984=CARTESIAN_POINT('',(106.496992163957,95.,7.51732858206606));
#5985=CARTESIAN_POINT('Origin',(70.9969921639571,95.,7.51732858206607));
#5986=CARTESIAN_POINT('',(106.351533718378,95.,10.727685490061));
#5987=CARTESIAN_POINT('Origin',(70.9969921639571,95.,7.51732858206607));
#5988=CARTESIAN_POINT('',(97.8808228329042,95.,12.661069973116));
#5989=CARTESIAN_POINT('',(89.3138246027409,95.,14.6164314142628));
#5990=CARTESIAN_POINT('Origin',(70.9680665526786,95.,7.48709078669368));
#5991=CARTESIAN_POINT('Origin',(89.3138246027409,95.,14.6164314142628));
#5992=CARTESIAN_POINT('',(98.3736592523513,79.1092706348671,7.48709078669368));
#5993=CARTESIAN_POINT('Origin',(70.9680665526786,59.4710197889961,7.48709078669368));
#5994=CARTESIAN_POINT('',(106.496992163957,85.0252066726537,7.51732858206606));
#5995=CARTESIAN_POINT('Origin',(70.9969921639571,59.5866798482824,7.51732858206607));
#5996=CARTESIAN_POINT('',(106.216757257063,70.847950314233,3.06557086331353));
#5997=CARTESIAN_POINT('Origin',(70.9969921639571,59.5866798482824,7.51732858206607));
#5998=CARTESIAN_POINT('',(98.24975209574,70.847950314233,4.88398780181803));
#5999=CARTESIAN_POINT('',(87.6449175980685,70.847950314233,7.3044720728991));
#6000=CARTESIAN_POINT('Origin',(70.9680665526786,59.4710197889961,7.48709078669368));
#6001=CARTESIAN_POINT('Origin',(87.6449175980685,70.847950314233,7.3044720728991));
#6002=CARTESIAN_POINT('Origin',(70.9680665526786,82.2248808394699,7.48709078669368));
#6003=CARTESIAN_POINT('Origin',(70.9969921639571,82.1092207801836,7.51732858206607));
#6004=CARTESIAN_POINT('Origin',(86.2193953282857,95.,14.5367508229996));
#6005=CARTESIAN_POINT('',(94.6578065972793,95.,21.2661592544674));
#6006=CARTESIAN_POINT('',(83.7320187746265,95.,31.7388543286753));
#6007=CARTESIAN_POINT('Origin',(70.9680665526786,95.,7.48709078669368));
#6008=CARTESIAN_POINT('',(101.070827414309,95.,26.3803726983977));
#6009=CARTESIAN_POINT('',(86.2193953282857,95.,14.5367508229996));
#6010=CARTESIAN_POINT('',(90.5302301719003,95.,37.1602470099983));
#6011=CARTESIAN_POINT('Origin',(70.9969921639571,95.,7.51732858206607));
#6012=CARTESIAN_POINT('',(76.8670483004047,95.,26.26422306002));
#6013=CARTESIAN_POINT('Origin',(76.8670483004047,95.,26.26422306002));
#6014=CARTESIAN_POINT('',(90.0350723789128,70.847950314233,27.1725117891185));
#6015=CARTESIAN_POINT('Origin',(70.9680665526786,59.5686268779046,7.48709078669368));
#6016=CARTESIAN_POINT('',(96.4366808602093,70.847950314233,32.2776241989963));
#6017=CARTESIAN_POINT('Origin',(70.9969921639571,59.5866798482824,7.51732858206607));
#6018=CARTESIAN_POINT('',(81.5432218143452,70.847950314233,20.4004869415098));
#6019=CARTESIAN_POINT('Origin',(81.5432218143452,70.847950314233,20.4004869415098));
#6020=CARTESIAN_POINT('Origin',(70.9680665526786,82.1272737505613,7.48709078669368));
#6021=CARTESIAN_POINT('Origin',(70.9969921639571,82.1092207801836,7.51732858206607));
#6022=CARTESIAN_POINT('Origin',(75.,95.,23.7952207969215));
#6023=CARTESIAN_POINT('',(75.,95.,34.5944702966487));
#6024=CARTESIAN_POINT('',(60.,95.,32.6021863930491));
#6025=CARTESIAN_POINT('Origin',(70.9680665526786,95.,7.48709078669368));
#6026=CARTESIAN_POINT('',(75.,95.,42.7909154178924));
#6027=CARTESIAN_POINT('',(75.,95.,23.7952207969215));
#6028=CARTESIAN_POINT('',(60.,95.,41.2710863483632));
#6029=CARTESIAN_POINT('Origin',(70.9969921639571,95.,7.51732858206607));
#6030=CARTESIAN_POINT('',(60.,95.,23.7952207969215));
#6031=CARTESIAN_POINT('Origin',(60.,95.,23.7952207969215));
#6032=CARTESIAN_POINT('',(67.5,70.847950314233,34.6723630054255));
#6033=CARTESIAN_POINT('Origin',(70.9680665526786,59.6798282217211,7.48709078669368));
#6034=CARTESIAN_POINT('',(67.5,70.847950314233,42.8446699171457));
#6035=CARTESIAN_POINT('Origin',(70.9969921639571,59.5866798482824,7.51732858206607));
#6036=CARTESIAN_POINT('',(67.5,70.847950314233,23.7952207969215));
#6037=CARTESIAN_POINT('Origin',(67.5,70.847950314233,23.7952207969215));
#6038=CARTESIAN_POINT('Origin',(70.9680665526786,82.0160724067449,7.48709078669368));
#6039=CARTESIAN_POINT('Origin',(70.9969921639571,82.1092207801836,7.51732858206607));
#6040=CARTESIAN_POINT('Origin',(70.9680665526786,65.3040786836607,7.48709078669368));
#6041=CARTESIAN_POINT('',(98.3736592523513,100.304078683661,7.48709078669368));
#6042=CARTESIAN_POINT('Origin',(70.9680665526786,100.304078683661,7.48709078669368));
#6043=CARTESIAN_POINT('',(98.3736592523513,65.3040786836607,7.48709078669368));
#6044=CARTESIAN_POINT('',(98.3736592523513,65.3040786836607,7.48709078669368));
#6045=CARTESIAN_POINT('',(98.3736592523513,65.3040786836607,7.48709078669368));
#6046=CARTESIAN_POINT('Origin',(70.9680665526786,65.3040786836607,7.48709078669368));
#6047=CARTESIAN_POINT('Origin',(70.9969921639571,65.3040786836607,7.51732858206607));
#6048=CARTESIAN_POINT('',(106.496992163957,100.304078683661,7.51732858206606));
#6049=CARTESIAN_POINT('Origin',(70.9969921639571,100.304078683661,7.51732858206607));
#6050=CARTESIAN_POINT('',(106.496992163957,65.3040786836607,7.51732858206606));
#6051=CARTESIAN_POINT('',(106.496992163957,65.3040786836607,7.51732858206606));
#6052=CARTESIAN_POINT('',(106.496992163957,65.3040786836607,7.51732858206606));
#6053=CARTESIAN_POINT('Origin',(70.9969921639571,65.3040786836607,7.51732858206607));
#6054=CARTESIAN_POINT('Origin',(70.9969921639571,100.304078683661,7.51732858206607));
#6055=CARTESIAN_POINT('Origin',(70.9969921639571,65.3040786836607,7.51732858206607));
#6056=CARTESIAN_POINT('Origin',(70.025954246521,112.804078683661,8.17665457725525));
#6057=CARTESIAN_POINT('',(70.025954246521,97.8040786836607,15.6766545772552));
#6058=CARTESIAN_POINT('Origin',(70.025954246521,97.8040786836607,8.17665457725525));
#6059=CARTESIAN_POINT('',(70.025954246521,100.304078683661,15.6766545772552));
#6060=CARTESIAN_POINT('',(70.025954246521,112.804078683661,15.6766545772552));
#6061=CARTESIAN_POINT('Origin',(70.025954246521,100.304078683661,8.17665457725525));
#6062=CARTESIAN_POINT('Origin',(70.9956823262121,112.804078683661,-14.5976588581246));
#6063=CARTESIAN_POINT('',(70.9956823262121,97.8040786836607,-11.0976588581246));
#6064=CARTESIAN_POINT('Origin',(70.9956823262121,97.8040786836607,-14.5976588581246));
#6065=CARTESIAN_POINT('',(70.9956823262121,100.304078683661,-11.0976588581246));
#6066=CARTESIAN_POINT('',(70.9956823262121,112.804078683661,-11.0976588581246));
#6067=CARTESIAN_POINT('Origin',(70.9956823262121,100.304078683661,-14.5976588581246));
#6068=CARTESIAN_POINT('Origin',(70.6270331397231,112.804078683661,29.0872166517768));
#6069=CARTESIAN_POINT('',(70.6270331397231,97.8040786836607,32.5872166517768));
#6070=CARTESIAN_POINT('Origin',(70.6270331397231,97.8040786836607,29.0872166517768));
#6071=CARTESIAN_POINT('',(70.6270331397231,100.304078683661,32.5872166517768));
#6072=CARTESIAN_POINT('',(70.6270331397231,112.804078683661,32.5872166517768));
#6073=CARTESIAN_POINT('Origin',(70.6270331397231,100.304078683661,29.0872166517768));
#6074=CARTESIAN_POINT('Origin',(70.9969921639571,100.304078683661,7.51732858206607));
#6075=CARTESIAN_POINT('',(57.0560390051579,100.304078683661,-16.1248130064581));
#6076=CARTESIAN_POINT('',(47.9961868459653,100.304078683661,-7.45811760799773));
#6077=CARTESIAN_POINT('Origin',(70.9969921639571,100.304078683661,7.51732858206607));
#6078=CARTESIAN_POINT('',(57.0560390051579,97.8040786836607,-16.1248130064581));
#6079=CARTESIAN_POINT('',(57.0560390051579,100.304078683661,-16.1248130064581));
#6080=CARTESIAN_POINT('',(47.9961868459653,97.8040786836607,-7.45811760799773));
#6081=CARTESIAN_POINT('Origin',(70.9969921639571,97.8040786836607,7.51732858206607));
#6082=CARTESIAN_POINT('',(47.9961868459653,100.304078683661,-7.45811760799773));
#6083=CARTESIAN_POINT('Origin',(70.9680665526786,100.304078683661,7.48709078669368));
#6084=CARTESIAN_POINT('Origin',(70.9680665526786,100.304078683661,7.48709078669368));
#6085=CARTESIAN_POINT('Origin',(70.9680665526786,97.8040786836607,7.48709078669368));
#6086=CARTESIAN_POINT('Origin',(70.9680665526786,100.304078683661,7.48709078669368));
#6087=CARTESIAN_POINT('Origin',(70.9680665526786,97.8040786836607,7.48709078669368));
#6088=CARTESIAN_POINT('Origin',(49.9999817928831,97.8040786836607,-6.7549231244888));
#6089=CARTESIAN_POINT('',(49.9999817928831,97.8040786836607,-6.7549231244888));
#6090=CARTESIAN_POINT('',(49.9999817928831,97.8040786836607,22.2450768755112));
#6091=CARTESIAN_POINT('',(49.9999817928831,97.8040786836607,-6.7549231244888));
#6092=CARTESIAN_POINT('',(49.9999817928831,72.8040786836607,22.2450768755112));
#6093=CARTESIAN_POINT('',(49.9999817928831,97.8040786836607,22.2450768755112));
#6094=CARTESIAN_POINT('',(49.9999817928831,72.8040786836607,-6.7549231244888));
#6095=CARTESIAN_POINT('',(49.9999817928831,72.8040786836607,-6.7549231244888));
#6096=CARTESIAN_POINT('',(49.9999817928831,97.8040786836607,-6.7549231244888));
#6097=CARTESIAN_POINT('Origin',(91.4999817928831,97.8040786836607,-6.7549231244888));
#6098=CARTESIAN_POINT('',(91.4999817928831,97.8040786836607,-6.7549231244888));
#6099=CARTESIAN_POINT('',(91.4999817928831,97.8040786836607,-6.7549231244888));
#6100=CARTESIAN_POINT('',(91.4999817928831,72.8040786836607,-6.7549231244888));
#6101=CARTESIAN_POINT('',(91.4999817928831,72.8040786836607,-6.7549231244888));
#6102=CARTESIAN_POINT('',(91.4999817928831,97.8040786836607,-6.7549231244888));
#6103=CARTESIAN_POINT('Origin',(91.4999817928831,97.8040786836607,22.2450768755112));
#6104=CARTESIAN_POINT('',(91.4999817928831,97.8040786836607,22.2450768755112));
#6105=CARTESIAN_POINT('',(91.4999817928831,97.8040786836607,22.2450768755112));
#6106=CARTESIAN_POINT('',(91.4999817928831,72.8040786836607,22.2450768755112));
#6107=CARTESIAN_POINT('',(91.4999817928831,72.8040786836607,22.2450768755112));
#6108=CARTESIAN_POINT('',(91.4999817928831,97.8040786836607,22.2450768755112));
#6109=CARTESIAN_POINT('Origin',(49.9999817928831,97.8040786836607,22.2450768755112));
#6110=CARTESIAN_POINT('',(49.9999817928831,97.8040786836607,22.2450768755112));
#6111=CARTESIAN_POINT('',(49.9999817928831,72.8040786836607,22.2450768755112));
#6112=CARTESIAN_POINT('Origin',(49.6259138444603,97.8040786836607,-9.704112859622));
#6113=CARTESIAN_POINT('',(49.6259138444603,97.8040786836607,-9.704112859622));
#6114=CARTESIAN_POINT('',(92.3111925751538,97.8040786836607,-9.704112859622));
#6115=CARTESIAN_POINT('',(47.9961868459668,97.8040786836607,-9.704112859622));
#6116=CARTESIAN_POINT('',(92.3111925751538,72.8040786836607,-9.704112859622));
#6117=CARTESIAN_POINT('',(92.3111925751538,97.8040786836607,-9.704112859622));
#6118=CARTESIAN_POINT('',(49.6259138444603,72.8040786836607,-9.704112859622));
#6119=CARTESIAN_POINT('',(47.9961868459668,72.8040786836607,-9.704112859622));
#6120=CARTESIAN_POINT('',(49.6259138444603,97.8040786836607,-9.704112859622));
#6121=CARTESIAN_POINT('Origin',(70.9969921639571,97.8040786836607,7.51732858206607));
#6122=CARTESIAN_POINT('',(47.9961868459668,97.8040786836607,-7.45811760799675));
#6123=CARTESIAN_POINT('Origin',(70.9969921639571,97.8040786836607,7.51732858206607));
#6124=CARTESIAN_POINT('',(47.9961868459668,72.8040786836607,-7.45811760799675));
#6125=CARTESIAN_POINT('Origin',(70.9969921639571,72.8040786836607,7.51732858206607));
#6126=CARTESIAN_POINT('',(47.9961868459668,97.8040786836607,-7.45811760799675));
#6127=CARTESIAN_POINT('Origin',(47.9961868459668,97.8040786836607,22.4322991813841));
#6128=CARTESIAN_POINT('',(47.9961868459668,97.8040786836607,22.4322991813841));
#6129=CARTESIAN_POINT('',(47.9961868459668,97.8040786836607,23.7952207969215));
#6130=CARTESIAN_POINT('',(47.9961868459668,72.8040786836607,22.4322991813841));
#6131=CARTESIAN_POINT('',(47.9961868459668,72.8040786836607,23.7952207969215));
#6132=CARTESIAN_POINT('',(47.9961868459668,97.8040786836607,22.4322991813841));
#6133=CARTESIAN_POINT('Origin',(70.9680665526786,97.8040786836607,7.48709078669368));
#6134=CARTESIAN_POINT('',(48.9428217914991,97.8040786836607,23.7952207969215));
#6135=CARTESIAN_POINT('Origin',(70.9680665526786,97.8040786836607,7.48709078669368));
#6136=CARTESIAN_POINT('',(48.9428217914991,72.8040786836607,23.7952207969215));
#6137=CARTESIAN_POINT('Origin',(70.9680665526786,72.8040786836607,7.48709078669368));
#6138=CARTESIAN_POINT('',(48.9428217914991,97.8040786836607,23.7952207969215));
#6139=CARTESIAN_POINT('Origin',(92.993311313858,97.8040786836607,23.7952207969215));
#6140=CARTESIAN_POINT('',(92.993311313858,97.8040786836607,23.7952207969215));
#6141=CARTESIAN_POINT('',(92.993311313858,97.8040786836607,23.7952207969215));
#6142=CARTESIAN_POINT('',(92.993311313858,72.8040786836607,23.7952207969215));
#6143=CARTESIAN_POINT('',(92.993311313858,72.8040786836607,23.7952207969215));
#6144=CARTESIAN_POINT('',(92.993311313858,97.8040786836607,23.7952207969215));
#6145=CARTESIAN_POINT('Origin',(92.993311313858,97.8040786836607,-8.82103922353418));
#6146=CARTESIAN_POINT('',(92.993311313858,97.8040786836607,-8.82103922353418));
#6147=CARTESIAN_POINT('',(92.993311313858,97.8040786836607,-9.704112859622));
#6148=CARTESIAN_POINT('',(92.993311313858,72.8040786836607,-8.82103922353418));
#6149=CARTESIAN_POINT('',(92.993311313858,72.8040786836607,-9.704112859622));
#6150=CARTESIAN_POINT('',(92.993311313858,97.8040786836607,-8.82103922353418));
#6151=CARTESIAN_POINT('Origin',(70.9680665526786,97.8040786836607,7.48709078669368));
#6152=CARTESIAN_POINT('Origin',(70.9680665526786,97.8040786836607,7.48709078669368));
#6153=CARTESIAN_POINT('Origin',(70.9680665526786,72.8040786836607,7.48709078669368));
#6154=CARTESIAN_POINT('Origin',(70.4947490799124,72.8040786836607,7.04555396864977));
#6155=CARTESIAN_POINT('Origin',(70.4947490799124,97.8040786836607,7.04555396864977));
#6156=CARTESIAN_POINT('',(0.,0.,0.));
#6157=UNCERTAINTY_MEASURE_WITH_UNIT(LENGTH_MEASURE(0.01),#6163,
'DISTANCE_ACCURACY_VALUE',
'Maximum model space distance between geometric entities at asserted c
onnectivities');
#6158=UNCERTAINTY_MEASURE_WITH_UNIT(LENGTH_MEASURE(0.01),#6163,
'DISTANCE_ACCURACY_VALUE',
'Maximum model space distance between geometric entities at asserted c
onnectivities');
#6159=UNCERTAINTY_MEASURE_WITH_UNIT(LENGTH_MEASURE(0.01),#6163,
'DISTANCE_ACCURACY_VALUE',
'Maximum model space distance between geometric entities at asserted c
onnectivities');
#6160=(
GEOMETRIC_REPRESENTATION_CONTEXT(3)
GLOBAL_UNCERTAINTY_ASSIGNED_CONTEXT((#6157))
GLOBAL_UNIT_ASSIGNED_CONTEXT((#6163,#6165,#6166))
REPRESENTATION_CONTEXT('','3D')
);
#6161=(
GEOMETRIC_REPRESENTATION_CONTEXT(3)
GLOBAL_UNCERTAINTY_ASSIGNED_CONTEXT((#6158))
GLOBAL_UNIT_ASSIGNED_CONTEXT((#6163,#6165,#6166))
REPRESENTATION_CONTEXT('','3D')
);
#6162=(
GEOMETRIC_REPRESENTATION_CONTEXT(3)
GLOBAL_UNCERTAINTY_ASSIGNED_CONTEXT((#6159))
GLOBAL_UNIT_ASSIGNED_CONTEXT((#6163,#6165,#6166))
REPRESENTATION_CONTEXT('','3D')
);
#6163=(
LENGTH_UNIT()
NAMED_UNIT(*)
SI_UNIT(.MILLI.,.METRE.)
);
#6164=(
LENGTH_UNIT()
NAMED_UNIT(*)
SI_UNIT($,.METRE.)
);
#6165=(
NAMED_UNIT(*)
PLANE_ANGLE_UNIT()
SI_UNIT($,.RADIAN.)
);
#6166=(
NAMED_UNIT(*)
SI_UNIT($,.STERADIAN.)
SOLID_ANGLE_UNIT()
);
#6167=SHAPE_DEFINITION_REPRESENTATION(#6169,#6172);
#6168=SHAPE_DEFINITION_REPRESENTATION(#6170,#6173);
#6169=PRODUCT_DEFINITION_SHAPE('',$,#6175);
#6170=PRODUCT_DEFINITION_SHAPE('',$,#6176);
#6171=PRODUCT_DEFINITION_SHAPE($,$,#16);
#6172=SHAPE_REPRESENTATION('',(#2901,#3165),#6160);
#6173=SHAPE_REPRESENTATION('',(#2902),#6161);
#6174=PRODUCT_DEFINITION_CONTEXT('part definition',#6182,'design');
#6175=PRODUCT_DEFINITION('proton2','proton2 v10',#6177,#6174);
#6176=PRODUCT_DEFINITION('OBJ_PCB_ProtonV2.1_5 v1',
'OBJ_PCB_ProtonV2.1_5 v1',#6178,#6174);
#6177=PRODUCT_DEFINITION_FORMATION('',$,#6184);
#6178=PRODUCT_DEFINITION_FORMATION('',$,#6185);
#6179=PRODUCT_RELATED_PRODUCT_CATEGORY('proton2 v10','proton2 v10',(#6184));
#6180=PRODUCT_RELATED_PRODUCT_CATEGORY('OBJ_PCB_ProtonV2.1_5 v1',
'OBJ_PCB_ProtonV2.1_5 v1',(#6185));
#6181=APPLICATION_PROTOCOL_DEFINITION('international standard',
'automotive_design',2009,#6182);
#6182=APPLICATION_CONTEXT(
'Core Data for Automotive Mechanical Design Process');
#6183=PRODUCT_CONTEXT('part definition',#6182,'mechanical');
#6184=PRODUCT('proton2','proton2 v10',$,(#6183));
#6185=PRODUCT('OBJ_PCB_ProtonV2.1_5 v1','OBJ_PCB_ProtonV2.1_5 v1',$,(#6183));
#6186=PRESENTATION_STYLE_ASSIGNMENT((#6187));
#6187=SURFACE_STYLE_USAGE(.BOTH.,#6188);
#6188=SURFACE_SIDE_STYLE('',(#6189));
#6189=SURFACE_STYLE_FILL_AREA(#6190);
#6190=FILL_AREA_STYLE('Stahl - satiniert',(#6191));
#6191=FILL_AREA_STYLE_COLOUR('Stahl - satiniert',#6192);
#6192=COLOUR_RGB('Stahl - satiniert',0.627450980392157,0.627450980392157,
0.627450980392157);
ENDSEC;
END-ISO-10303-21;
